Unnamed: 0,turn_index,sent_index,segment,speaker,role,text,dialogue_act,informational motive,coordinative motive,social motive,topic_cluster
42,4,3,0,Bryan Chen,moderator,Yeah. So yeah. But anyway.,All Utility,False,False,True,1
43,5,0,0,CiCi,participant,Know it? Yeah.,,,,,1
44,6,0,0,Bryan Chen,moderator,Yeah. Yeah. Sorry. Carolyn.,All Utility,False,True,False,1
48,7,3,0,CiCi,participant,Not for me. Yeah.,,,,,1
115,21,0,0,Liz,participant,"Yeah, I think. To some extent.",,,,,1
119,21,4,0,Liz,participant,"Yeah, privacy. Yeah, to some extent.",,,,,1
120,21,5,0,Liz,participant,Yeah.,,,,,1
130,25,6,0,Urania,participant,"Yeah, something like that.",,,,,1
141,26,0,0,Bryan Chen,moderator,Yeah. But I'm interested.,Probing,True,False,False,1
156,29,0,0,Urania,participant,Yeah.,,,,,1
157,30,0,0,Bryan Chen,moderator,Yeah.,All Utility,False,False,True,1
169,34,1,0,Bryan Chen,moderator,So yeah.,All Utility,False,False,False,1
170,35,0,0,Urania,participant,Yeah.,,,,,1
180,37,8,0,Jane,participant,Yeah. And I think it's sometimes it.,,,,,1
186,37,14,0,Jane,participant,Yeah. And that's it.,,,,,1
188,38,0,0,Bryan Chen,moderator,"Hmm, I see. Yeah.",All Utility,False,False,True,1
189,39,0,0,Jane,participant,Yeah.,,,,,1
219,42,8,0,Bryan Chen,moderator,"Yeah, continue.",Instruction,False,True,False,1
245,46,9,0,Bryan Chen,moderator,Yeah.,All Utility,False,False,True,1
250,49,0,0,Urania,participant,"Yeah, yeah.",,,,,1
253,51,1,0,Urania,participant,So yeah.,,,,,1
292,56,0,0,Bryan Chen,moderator,"Yeah. Yeah. Okay, cool.",All Utility,False,False,True,1
327,63,0,0,CiCi,participant,"Yeah, that is for this one.",,,,,1
386,72,0,0,Bryan Chen,moderator,"Oh, yeah, you can go.",Instruction,False,True,False,1
387,72,1,0,Bryan Chen,moderator,You can. Yeah.,Instruction,False,True,False,1
394,73,6,0,Urania,participant,Yeah.,,,,,1
416,82,0,0,Bryan Chen,moderator,Yeah.,All Utility,False,False,True,1
425,87,0,0,Marine,participant,Yeah.,,,,,1
436,92,0,0,Bryan Chen,moderator,"Yeah, yeah, which is maybe difficulty.",Supplement,True,False,False,1
490,99,0,0,Liz,participant,"Yeah, cause I I'm use.",,,,,1
506,101,11,0,Liz,participant,"Yeah, 2 of us.",,,,,1
507,101,12,0,Liz,participant,"Yeah, yeah, I I escalate.",,,,,1
517,101,22,0,Liz,participant,"Yeah, you can do it.",,,,,1
524,103,4,0,Liz,participant,"Yeah, that's my answer.",,,,,1
548,105,17,0,Marine,participant,"Yeah, that is.",,,,,1
566,111,3,0,Urania,participant,So yeah.,,,,,1
