Unnamed: 0,turn_index,sent_index,segment,speaker,role,text,topic_cluster
6,3,1,0,leyi,participant,Yeah.,3
38,28,0,0,Andrew,participant,"Yeah, so what is your major?",3
53,38,0,0,Yelin,participant,"Oh, yeah, yeah, yeah, thank you.",3
55,39,0,0,Emma,participant,"Yeah, it's already there.",3
57,41,0,0,Andrew,participant,Yeah.,3
114,54,4,0,leyi,participant,Yeah.,3
119,57,0,0,leyi,participant,"Yeah, I heard it before.",3
122,57,3,0,leyi,participant,Yeah.,3
127,60,0,0,Emma,participant,Yeah.,3
170,66,33,0,Andrew,participant,Yeah.,3
191,76,0,0,Holly,participant,"Yeah, yeah, yeah. And just you, you have to prepare your viewpoint and write it on the paper and just report it.",3
255,83,10,0,leyi,participant,Yeah.,3
264,86,0,0,Holly,participant,"Yeah, yeah, yeah.",3
277,88,0,0,Holly,participant,Yeah.,3
306,102,0,0,Holly,participant,Yeah.,3
313,106,0,0,Emma,participant,"Yeah, because there's no driver.",3
326,112,0,0,Holly,participant,Yeah. I just heard of that.,3
334,116,0,0,Holly,participant,"This, yeah, yeah.",3
354,127,0,0,Emma,participant,Yeah.,3
357,128,2,0,Christine,participant,So yeah.,3
365,134,0,0,Christine,participant,Yeah.,3
372,137,0,0,Andrew,participant,"Yeah, I mean about question.",3
382,139,0,0,leyi,participant,"Yeah, yeah, that's correct.",3
422,156,1,0,Andrew,participant,"So yeah, I don't know.",3
434,160,6,0,Andrew,participant,"So yeah, it would.",3
442,163,0,0,leyi,participant,"Yeah, yeah, I know, it's.",3
446,166,0,0,Christine,participant,"Yeah, I I don't know.",3
452,167,2,0,leyi,participant,Yeah.,3
482,179,4,0,leyi,participant,Yeah.,3
499,185,0,0,Holly,participant,Yeah.,3
510,187,8,0,Andrew,participant,"So yeah, I'd assume that.",3
516,189,1,0,Andrew,participant,"So yeah, I don't know.",3
542,198,0,0,Christine,participant,"Yeah, I agree with that.",3
545,199,0,0,Holly,participant,In some way. Yeah.,3
