Unnamed: 0,turn_index,sent_index,segment,speaker,role,text,dialogue_act,informational motive,coordinative motive,social motive,topic_cluster
138,25,14,0,Urania,participant,"Yeah, I think I think, chat chat video does better than me in.",,,,,0
254,52,0,0,Bryan Chen,moderator,Right? Right? So do you think that AI does it kind of do you feel the threat from AI?,Probing,True,False,True,0
369,68,1,0,Bryan Chen,moderator,So how does AI influence our relationship between humans.,Probing,True,False,False,0
370,68,2,0,Bryan Chen,moderator,And how does the social interactions works when AI become more prevalent?,Probing,True,False,False,0
379,68,11,0,Bryan Chen,moderator,"And if you get used to the comfort level of AI, I'm not sure how human how people can get along with other humans.",Supplement,True,False,False,0
428,88,2,0,Bryan Chen,moderator,"But you kind of like to social with AI, and does it push you further away from people?",Probing,True,False,False,0
470,96,13,0,Bryan Chen,moderator,"But maybe it's the weakness that make us human, and that's the weakness make us to have a relationship with humans.",Supplement,True,False,True,0
484,98,7,0,Bryan Chen,moderator,And how does that affect humans relationship?,Probing,True,False,False,0
