Unnamed: 0,turn_index,sent_index,segment,speaker,role,text,dialogue_act,informational motive,coordinative motive,social motive,topic_cluster
0,0,0,0,Bryan Chen,moderator,But so welcome to today's discussion sessions.,All Utility,False,False,True,4
1,0,1,0,Bryan Chen,moderator,And our topic today is how AI impact our daily life now and the futures.,Supplement,True,True,False,4
2,0,2,0,Bryan Chen,moderator,"So in today's discussion, we will explore and talk about the profound impacts of artificial intelligence on our daily life.",Supplement,True,False,False,4
3,0,3,0,Bryan Chen,moderator,So we're going to look into the current applications.,Instruction,False,True,False,4
4,0,4,0,Bryan Chen,moderator,"How you use AI, and also what are the potential future possibilities and challenges.",Probing,True,False,False,4
5,0,5,0,Bryan Chen,moderator,"So as the AI technology advance, they integrate into our life in many different way in healthcare, in finance, in education or in our daily academia work.",Supplement,True,False,False,4
6,0,6,0,Bryan Chen,moderator,"So sounds, yeah, some benefit it has obviously have brought to us.",Supplement,True,False,False,4
7,0,7,0,Bryan Chen,moderator,"But there are also some challenges and potential potential issues that really depending on on, you know, issue has side effect, or how people using AI in ethically.",Supplement,True,False,False,4
8,0,8,0,Bryan Chen,moderator,"So to start with the 1st questions we want to talk about, what are some of the most significant changes AI has brought to your personal and professional life today.",Probing,True,False,False,4
9,0,9,0,Bryan Chen,moderator,"And also, how do these changes enhance or complicate your daily activity?",Probing,True,False,False,4
10,0,10,0,Bryan Chen,moderator,"So for me, obviously, also, as a Phd student, I use Chatg video a lot.",Supplement,True,False,False,4
11,0,11,0,Bryan Chen,moderator,"So Chatgvt, I mean, I don't write my paper with Chatgpt.",Supplement,True,False,False,4
12,0,12,0,Bryan Chen,moderator,"Obviously, that's kind of cheating, but not the whole paper.",Supplement,True,False,False,4
13,0,13,0,Bryan Chen,moderator,But I do help using Chatgpt to help me to polish my writing.,Supplement,True,False,False,4
14,0,14,0,Bryan Chen,moderator,"So I write some of the key bullet points some of the key idea, and then I just ask Chatgv to help me to kind of like smooth it make.",Supplement,True,False,False,4
15,0,15,0,Bryan Chen,moderator,It sounds more professional while the main idea and the main content is still coming from myself.,Supplement,True,False,False,4
16,0,16,0,Bryan Chen,moderator,So so what about yourself.,Probing,True,False,False,4
17,0,17,0,Bryan Chen,moderator,Maybe we can start from Sissy.,Instruction,False,True,False,4
18,0,18,0,Bryan Chen,moderator,Would you mind be to share like how AI has impact you today?,Probing,True,False,False,4
20,1,1,0,CiCi,participant,I don't have any idea about it.,,,,,4
21,1,2,0,CiCi,participant,"I just ask the Chatgp, could you give me some ideas or some point about this topic, and according to the keywords?",,,,,4
22,1,3,0,CiCi,participant,And then I will Google it in Google Scholar.,,,,,4
23,1,4,0,CiCi,participant,and read this essay.,,,,,4
25,1,6,0,CiCi,participant,"Sometimes I'm not sure there is some, some grammar, wrong or not.",,,,,4
26,1,7,0,CiCi,participant,I just asked. Pt.,,,,,4
27,1,8,0,CiCi,participant,That could you check for me for my grammar and and in my daily life.,,,,,4
29,1,10,0,CiCi,participant,But I don't know.,,,,,4
30,1,11,0,CiCi,participant,I just ask the Chat.,,,,,4
31,1,12,0,CiCi,participant,Gdp. so this is.,,,,,4
32,2,0,0,Bryan Chen,moderator,"I wonder, Chatgpt, have you used other AI as well?",Probing,True,False,False,4
35,3,0,0,CiCi,participant,"But for me, for just focus on Chatgpt.",,,,,4
36,3,1,0,CiCi,participant,So sorry about that.,,,,,4
37,3,2,0,CiCi,participant,I know it. But in my in my life I just use the chat.,,,,,4
38,3,3,0,CiCi,participant,Gdp as A AI tool.,,,,,4
39,4,0,0,Bryan Chen,moderator,"Actually, I think the definition of AI is actually quite broad, like, sometime for example, like your face recognitions function in your phone.",Supplement,True,False,False,4
40,4,1,0,Bryan Chen,moderator,"It's also kind of considered as AI, at least in the research field.",Supplement,True,False,False,4
41,4,2,0,Bryan Chen,moderator,It's kind of facial recognition or image recognitions.,Supplement,True,False,False,4
46,7,1,0,CiCi,participant,"But but for this function, for the for the way I use it.",,,,,4
47,7,2,0,CiCi,participant,"Yeah, I just so focus the polish my polish my essay, and and ask them to provide some some keywords and polish my writing, and I think that is awful.",,,,,4
50,8,1,0,Bryan Chen,moderator,"you know, makes the writing part easier, but for the teacher or for the tutor, it may sometimes it makes the marking part harder.",Supplement,True,False,False,4
51,8,2,0,Bryan Chen,moderator,You don't know if this coming from AI or is it actually written by human?,Supplement,True,False,False,4
52,8,3,0,Bryan Chen,moderator,So you have been a big challenge in the last few years?,Interpretation,True,False,False,4
54,9,0,0,Marine,participant,"Yes, I'm here. My pointer is I just say 1 point the pointer is that?",,,,,4
56,9,2,0,Marine,participant,"I think this is pretty beneficial in situations where, in situations where we may not have access to trusted friends or family members who can provide informed and in testing support.",,,,,4
57,9,3,0,Marine,participant,for example. You know that.,,,,,4
58,9,4,0,Marine,participant,When you seeking feedback on the Phd.,,,,,4
60,9,6,0,Marine,participant,"oh, valid. So in this.",,,,,4
61,9,7,0,Marine,participant,In these situations the not the not language models when he when it is at the conversation conversational partner.,,,,,4
62,9,8,0,Marine,participant,It is really helpful for me.,,,,,4
63,9,9,0,Marine,participant,"Yes, I think it provides a safe and low judgment low judgmental space to express express my emotions and concerns.",,,,,4
65,9,11,0,Marine,participant,"And yeah, emotionless diabetes.",,,,,4
66,10,0,0,Bryan Chen,moderator,I'm curious about how you use it as an emotional kind of conversational partner.,Probing,True,False,False,4
67,10,1,0,Bryan Chen,moderator,Do you use it like as a friend that you talk to?,Probing,True,False,False,4
69,10,3,0,Bryan Chen,moderator,"Because I think this 2 way are kind of different friend is more like you can send it some very casual or random stuff like, Hey, today, I just ate ice cream right?",Supplement,True,False,False,4
70,10,4,0,Bryan Chen,moderator,I just want to share to you.,Supplement,False,False,True,4
71,10,5,0,Bryan Chen,moderator,"But for, like like a problem solving or kind of like a worry sharing, it was more like, Okay, today, I feel bad because my!",Probing,True,False,False,4
72,10,6,0,Bryan Chen,moderator,My application didn't go through.,Supplement,True,False,False,4
73,10,7,0,Bryan Chen,moderator,I don't know what to do about my future.,Probing,True,False,False,4
74,10,8,0,Bryan Chen,moderator,And then and then the the AI can't give you some feedback or solutions.,Supplement,True,False,False,4
75,10,9,0,Bryan Chen,moderator,"So I'm curious, like how you actually use it for emotional support.",Probing,True,False,False,4
76,11,0,0,Marine,participant,"I my, my research topic is, how to do how to do large language model based applications.",,,,,4
77,11,1,0,Marine,participant,So I know how to use match language models.,,,,,4
78,11,2,0,Marine,participant,I will set rulers in the proper.,,,,,4
79,11,3,0,Marine,participant,"And when I was really frustrated, I would ask he ask it.",,,,,4
80,11,4,0,Marine,participant,Ask the natural language models to act as a friend and a doctor.,,,,,4
81,11,5,0,Marine,participant,"Oh, no, dental doctor.",,,,,4
82,12,0,0,Bryan Chen,moderator,"I see. So you give it a role and then depending on the situation, you activate different role to help you.",Interpretation,True,False,False,4
83,13,0,0,Marine,participant,"Yes, and yes.",,,,,4
86,14,2,0,Bryan Chen,moderator,"Lise, do you have anything you would like to say?",Probing,True,False,False,4
87,14,3,0,Bryan Chen,moderator,How you use AI.,Probing,True,False,False,4
88,15,0,0,Liz,participant,"Yes, and I'd love to share my experience about AI assessment.",,,,,4
89,15,1,0,Liz,participant,And 1st because I took Pte before I come here.,,,,,4
90,15,2,0,Liz,participant,"So I. You know, the Pde test is Pd English test is a computer based test, and it the the greeting, the greeting of the Pdu was best was based on the AI technology.",,,,,4
92,15,4,0,Liz,participant,And I specialize in number testing.,,,,,4
93,15,5,0,Liz,participant,And my final paper was focused on.,,,,,4
94,15,6,0,Liz,participant,Now focus on the on the explorer exploration of the Pd test.,,,,,4
95,15,7,0,Liz,participant,And I mentioned it.,,,,,4
96,15,8,0,Liz,participant,"The computer based assessment as an important part in my kind of paper, and I think that's a very important field or area.",,,,,4
97,15,9,0,Liz,participant,"Yeah, it's it is worth very worthwhile to explore it.",,,,,4
98,15,10,0,Liz,participant,whether to promote and profit the AI technology in the area of the application and assessment.,,,,,4
99,15,11,0,Liz,participant,I know another. Another application for AI in my life was about online shopping.,,,,,4
100,15,12,0,Liz,participant,You know the.,,,,,4
102,17,0,0,Liz,participant,"Yeah. online shopping online shopping platform is, are, they are very popular.",,,,,4
103,17,1,0,Liz,participant,"They're super, very super popular in China.",,,,,4
104,17,2,0,Liz,participant,"And once you search one product like, you search iphone.",,,,,4
105,17,3,0,Liz,participant,"And then and the yeah, the app, the mobile app of like, how about You can guess what you like what you like, and then generate a list or shopping list for you.",,,,,4
106,17,4,0,Liz,participant,"Then next time, when you go into that app.",,,,,4
108,17,6,0,Liz,participant,"Oh, yes, home page, like iphone or the iphone, the iphone holder and some other accessories or small products related to iphone.",,,,,4
109,18,0,0,Bryan Chen,moderator,They're still sometimes that's also scary.,Supplement,False,False,True,4
110,18,1,0,Bryan Chen,moderator,"Sometimes, like I had a conversation with my friend about certain things.",Supplement,True,False,False,4
112,20,0,0,Bryan Chen,moderator,"And I sort of thing just pop out in the advertisements, either in Facebook or Intel belt.",Supplement,True,False,False,4
114,20,2,0,Bryan Chen,moderator,Yes.,All Utility,False,False,True,4
116,21,1,0,Liz,participant,"Yeah. Now it's it's it's very convenient for us to know, to shop and find what we need and what we like, we want to want to buy.",,,,,4
117,21,2,0,Liz,participant,But to on the other side.,,,,,4
121,22,0,0,Bryan Chen,moderator,No.,Supplement,True,False,False,4
122,23,0,0,Liz,participant,The 2 important application of AI technology in my life.,,,,,4
125,25,1,0,Urania,participant,AI plays a relatively important pore than that in the past.,,,,,4
126,25,2,0,Urania,participant,Like as just mentioned.,,,,,4
127,25,3,0,Urania,participant,"For example, for the academic writing.",,,,,4
128,25,4,0,Urania,participant,"Many students choose to use Jgbt to do the brainstor or to ask for some suggestions for the like choices of topic to organize the language, and then maybe use some other tools to translate the l 1 writing text.",,,,,4
132,25,8,0,Urania,participant,"And actually, I often use Chatgpt to help me to polish my language.",,,,,4
134,25,10,0,Urania,participant,"and do not. you know, like reduce some of the ideas in these tags.",,,,,4
135,25,11,0,Urania,participant,"otherwise, maybe chatgptial. choose to, you know.",,,,,4
136,25,12,0,Urania,participant,Reduce the tax as much as possible.,,,,,4
137,25,13,0,Urania,participant,But there is another benefit for that is to to meet the world limitation for some assignments.,,,,,4
139,25,15,0,Urania,participant,"you know, to express them ideas in a more relatively shorter passage, shorter text, something like that.",,,,,4
142,27,0,0,Urania,participant,This very helpful for everyone.,,,,,4
144,28,1,0,Bryan Chen,moderator,and writing is kind of a way of thinking like you want to piece.,Supplement,True,False,False,4
145,28,2,0,Bryan Chen,moderator,"You have to put these words together, put these sentences together to make it sound smooth, not just to not just the idea itself, but also the the way how you communicate it.",Supplement,True,False,False,4
146,28,3,0,Bryan Chen,moderator,So using chat beauty is.,Supplement,True,False,False,4
147,28,4,0,Bryan Chen,moderator,"it always gives you some very good example how to write, essay how to write in a more concise manner, so you can express your idea or express your thought more clearly and more concisely.",Supplement,True,False,False,4
148,28,5,0,Bryan Chen,moderator,"But I wonder, as a secondary learner.",Probing,True,False,False,4
149,28,6,0,Bryan Chen,moderator,To what extent have you learned the writing style from Chatgpt?,Probing,True,False,False,4
150,28,7,0,Bryan Chen,moderator,Because you have been using it for a while right?,Probing,True,False,False,4
151,28,8,0,Bryan Chen,moderator,And then you know how to really write.,Interpretation,True,False,False,4
154,28,11,0,Bryan Chen,moderator,Have you get any improvement in in your own writing after using it.,Probing,True,False,False,4
155,28,12,0,Bryan Chen,moderator,It's a shortcut.,Supplement,False,False,False,4
158,31,0,0,Urania,participant,"Yeah, if I, if I sign some typical examples or some certain words in a context like the linking words or some sentence patterns, especially, for, for example, the literature review part.",,,,,4
160,31,2,0,Urania,participant,"Mentioned them, seeing in the 1st part of the article.",,,,,4
161,31,3,0,Urania,participant,But I cannot change this change.,,,,,4
162,31,4,0,Urania,participant,"The I use another expression for this in order to avoid the repetition of the expression, I will choose to ask in Chatgpt, what do you think about express blah blah to use, and then and it will give me a lot of choices.",,,,,4
163,31,5,0,Urania,participant,"Then I can choose some of that, and but maybe not time of remembering.",,,,,4
165,32,1,0,Bryan Chen,moderator,I know some people.,Supplement,True,False,False,4
166,32,2,0,Bryan Chen,moderator,"They just use chat duty, and just, you know, let it do whatever, and then, and then never.",Supplement,True,False,False,4
167,33,0,0,Urania,participant,Really.,,,,,4
168,34,0,0,Bryan Chen,moderator,If they're on writing or reading.,Probing,True,False,False,4
171,36,0,0,Bryan Chen,moderator,"So now we, Jen, would you like to share how you use AI, or how AI has impact your life so far.",Probing,True,False,False,4
172,37,0,0,Jane,participant,"Yeah, I'm sure. So what took?",,,,,4
173,37,1,0,Jane,participant,"Why, took the 1st semester in the of my master program in the Unl.",,,,,4
174,37,2,0,Jane,participant,I took a course called presenting academic discourse.,,,,,4
175,37,3,0,Jane,participant,"and in that course our tutor will taught us how to use AI to brainstorm ideas, for, like literature, review things like that.",,,,,4
176,37,4,0,Jane,participant,and we just use chat.,,,,,4
177,37,5,0,Jane,participant,Gpt to do that.,,,,,4
178,37,6,0,Jane,participant,But I find sometimes it can be very challenging to ask AI tools like Chat gpt to do to process something that you really want it to do.,,,,,4
179,37,7,0,Jane,participant,And sometimes it might change my ideas.,,,,,4
181,37,9,0,Jane,participant,"It's it's not very convenient for me to use it as a tool when I when I'm writing, when I'm writing and and I also use AI as a dictionary tool, because when I use the dictionary online, like Oxford, dictionary, English?",,,,,4
182,37,10,0,Jane,participant,There's so many different meanings.,,,,,4
183,37,11,0,Jane,participant,And I need to take quite a lot of time to to gather information that I want to.,,,,,4
184,37,12,0,Jane,participant,"But when I use AI as a dictionary I find it's quite convenient, because I have a context and chat.",,,,,4
185,37,13,0,Jane,participant,Gpt can just give me the meaning of a word very quickly.,,,,,4
191,40,1,0,Bryan Chen,moderator,"I haven't heard, like one student insist not to use not to using it.",Supplement,True,False,False,4
193,40,3,0,Bryan Chen,moderator,"So the AI is, you know, like?",Interpretation,True,False,False,4
194,40,4,0,Bryan Chen,moderator,"Probably not just AI, but, like all the human technology, is, one way or another, try to automate some of the work or job that human do.",Supplement,True,False,False,4
195,40,5,0,Bryan Chen,moderator,"So you can start from a simple as basic as traffic light, which is just like switching different color automatically from red to green to something that's probably more complicated like.",Supplement,True,False,False,4
196,40,6,0,Bryan Chen,moderator,"I don't know, like like some automatic features, some of the automatic like automatic door that open the door for you, and you can climb the label to some automated function of your email auto reply.",Supplement,True,False,False,4
197,40,7,0,Bryan Chen,moderator,"And nowadays we have, like, you know, Chat Gpt, which can do far more complicated thing.",Supplement,True,False,False,4
198,40,8,0,Bryan Chen,moderator,So automating also means that a lot of our tasks can be replaced by the technology.,Supplement,True,False,False,4
199,40,9,0,Bryan Chen,moderator,"So I wonder, do you guys feel like your future?",Probing,True,False,False,4
200,40,10,0,Bryan Chen,moderator,"Or maybe your current opportunity are straightened by AI, because I know, because they are always new, saying, AI can do a lot of things now, and they can do even more saying in the future they can do programming.",Probing,True,False,False,4
201,40,11,0,Bryan Chen,moderator,They can teach you English.,Supplement,True,False,False,4
202,40,12,0,Bryan Chen,moderator,"They can write paper, they can do whatever.",Supplement,True,False,False,4
203,40,13,0,Bryan Chen,moderator,And then so are you guys worried?,Probing,True,False,False,4
205,40,15,0,Bryan Chen,moderator,"How are you going to adapt with the new generation of AI, or to keep continuously improving future.",Probing,True,False,False,4
206,40,16,0,Bryan Chen,moderator,Maybe we can start from marine marine.,Probing,False,True,False,4
207,40,17,0,Bryan Chen,moderator,Now you worry.,Probing,True,False,False,4
208,41,0,0,Marine,participant,"Oh, honestly, to be honest, honest, I feel theoretically I I used to use the chat gpt to program, because because I have a because I have a some functions that I think it is complicated, and I don't know how to achieve with these functions, how to.",,,,,4
209,41,1,0,Marine,participant,"Yeah. And I noticed that when I just write a comment, the plug, the AI AI based the AI driven plug can help me it.",,,,,4
210,41,2,0,Marine,participant,It'll read the context code and the and it will write code.,,,,,4
211,42,0,0,Bryan Chen,moderator,"Okay, I'll I'll explain a little bit to people who don't write code here.",Interpretation,True,False,False,4
212,42,1,0,Bryan Chen,moderator,So what she just described is that so usually there's a unique.,Interpretation,True,False,False,4
213,42,2,0,Bryan Chen,moderator,"She need to write like a algorithm, which is sometimes can be very complicated and marine just shared that.",Interpretation,True,False,False,4
214,42,3,0,Bryan Chen,moderator,Now she can just write her purpose what she want to do.,Interpretation,True,False,False,4
215,42,4,0,Bryan Chen,moderator,"And the AI can write the rest of the algorithm for her, like even some complicated one.",Interpretation,True,False,False,4
217,42,6,0,Bryan Chen,moderator,And just some people here are not from the computer science background.,Supplement,True,False,False,4
218,42,7,0,Bryan Chen,moderator,I just explained a bit.,Interpretation,True,False,False,4
220,43,0,0,Marine,participant,"Exactly exactly. And another example is that it not only generating code, but it also can debug.",,,,,4
221,43,1,0,Marine,participant,"And sometimes you spend a lot of times to debug, and you will find it just you.",,,,,4
222,43,2,0,Marine,participant,"Oh, you just type, type, error.",,,,,4
223,43,3,0,Marine,participant,You just have a type error.,,,,,4
224,43,4,0,Marine,participant,"But when you give this code to large language models, it will be response.",,,,,4
225,43,5,0,Marine,participant,Give the right response in a very short time.,,,,,4
227,44,0,0,Bryan Chen,moderator,"Yeah, I think it's going to be difficult for Junior Junior engineer, Junior developer.",Supplement,True,False,False,4
228,44,1,0,Bryan Chen,moderator,It's going to be super hard.,Supplement,True,False,False,4
229,44,2,0,Bryan Chen,moderator,"Yes, I agree.",Supplement,True,False,False,4
230,45,0,0,Marine,participant,"Yes, yeah. But but actually, I'm a lot overly concerned because I also read some current current papers, and it indicates that large language, large language models lack true logical reasoning abilities.",,,,,4
231,45,1,0,Marine,participant,"So although the Gpt, oh, o 1 preview have a complex reasoning ability ability.",,,,,4
234,45,4,0,Marine,participant,"For example, the AI generated data, maybe may be used in the pre-trended data.",,,,,4
235,45,5,0,Marine,participant,And this may cause some problems.,,,,,4
236,46,0,0,Bryan Chen,moderator,Some potential biases. And yeah.,Supplement,True,False,False,4
238,46,2,0,Bryan Chen,moderator,"Is it all Openai or cloud a, so they essentially develop like a what they call the computer agent.",Supplement,True,False,False,4
239,46,3,0,Bryan Chen,moderator,So computer agent means is that they can.,Supplement,True,False,False,4
240,46,4,0,Bryan Chen,moderator,"You can have an AI that's not just chatting with you like chat duty, the AI can actually control your computer.",Supplement,True,False,False,4
241,46,5,0,Bryan Chen,moderator,So which means that you can control all the function of your computer.,Supplement,True,False,False,4
242,46,6,0,Bryan Chen,moderator,"You can, you know, do the emailing, you can, you know, open the word of office where you can open different.",Supplement,True,False,False,4
243,46,7,0,Bryan Chen,moderator,All the other program you have in your computer and do whatever tasks you give it to them.,Supplement,True,False,False,4
247,48,0,0,Bryan Chen,moderator,Cool thanks for the perspective from the it field.,All Utility,False,False,True,4
248,48,1,0,Bryan Chen,moderator,Maybe you can hear from urania.,Instruction,False,True,False,4
249,48,2,0,Bryan Chen,moderator,"so urania are, you from the the linguistic field",Probing,True,False,False,4
251,50,0,0,Bryan Chen,moderator,So.,Confronting,True,True,False,4
252,51,0,0,Urania,participant,Now it's deploy linguistics.,,,,,4
256,52,2,0,Bryan Chen,moderator,"You know, or teaching or some other associated jobs.",Supplement,True,False,False,4
257,52,3,0,Bryan Chen,moderator,So do you feel like anxious.,Probing,True,False,True,4
258,53,0,0,Urania,participant,"Yeah, especially for the language testing language assessment, something like that.",,,,,4
259,53,1,0,Urania,participant,because we all know that there are some.,,,,,4
260,53,2,0,Urania,participant,"You know, the authority of standard language, testing like or tofu, but actually with the increasing the AI use.",,,,,4
261,53,3,0,Urania,participant,Maybe in the future.,,,,,4
262,53,4,0,Urania,participant,"There are some language assessment, which are scored or written by AI as long as we set up certain rating criteria, some items or sense.",,,,,4
263,53,5,0,Urania,participant,seeing that we can tell the student or the participant.,,,,,4
264,53,6,0,Urania,participant,Ultimately. And we can get the score very quickly.,,,,,4
265,53,7,0,Urania,participant,But there are also some difficulties for that now.,,,,,4
266,53,8,0,Urania,participant,"actually, when I mentioned that and the replacement of AI and the 1st field.",,,,,4
268,53,10,0,Urania,participant,During my undergraduate period.,,,,,4
269,53,11,0,Urania,participant,I I would choose.,,,,,4
270,53,12,0,Urania,participant,"I always face a direction of different directions, and should to choose one of them.",,,,,4
272,53,14,0,Urania,participant,"And you know, nowadays the machine translation is very popular and very feasible and practical, and many students use.",,,,,4
273,53,15,0,Urania,participant,"Translate especially for writing this aspect, and it's a very common phenomena.",,,,,4
274,53,16,0,Urania,participant,"But I think the replacement is not completely happen because of there are still, because there are still a lot of needs that a lot of parents that need face-to-face translation.",,,,,4
275,53,17,0,Urania,participant,And this is also pro.,,,,,4
276,53,18,0,Urania,participant,Yeah. And I guess maybe with the development.,,,,,4
277,53,19,0,Urania,participant,"AI, there are maybe, like robot translation, just like face to face in a meeting, or something like that robot can do the translation like human beings.",,,,,4
279,54,1,0,Bryan Chen,moderator,You also need to have that cultural sensitivity.,Supplement,True,False,False,4
280,54,2,0,Bryan Chen,moderator,because I remember there's a very famous translation story.,Supplement,True,False,False,4
281,54,3,0,Bryan Chen,moderator,There was a Japanese writer.,Supplement,True,False,False,4
282,54,4,0,Bryan Chen,moderator,I can't remember his name.,Supplement,True,False,False,4
283,54,5,0,Bryan Chen,moderator,"So one day his student trans translate the English sentence like, I love you directly to Japanese, which is just directly I love you.",Supplement,True,False,False,4
284,54,6,0,Bryan Chen,moderator,"And then the teacher say, No, no, you don't translate it directly.",Supplement,True,False,False,4
285,54,7,0,Bryan Chen,moderator,Japanese people don't say thing in this way.,Supplement,True,False,False,4
286,54,8,0,Bryan Chen,moderator,You should translate it to tonight.,Supplement,True,False,False,4
287,54,9,0,Bryan Chen,moderator,The moon is so pretty.,Supplement,True,False,False,4
288,54,10,0,Bryan Chen,moderator,That's oh. Chinese people say I love you.,Supplement,True,False,False,4
289,54,11,0,Bryan Chen,moderator,We don't say I love you directly.,Supplement,True,False,False,4
290,54,12,0,Bryan Chen,moderator,"So there are some cultural considerations that probably appear illogical or irrational to AI, yeah.",Supplement,True,False,False,4
291,55,0,0,Urania,participant,Totally agree. This is very typical and important factors that related to culture.,,,,,4
293,56,1,0,Bryan Chen,moderator,Thanks for sharing from the linguistic side.,All Utility,False,False,True,4
294,56,2,0,Bryan Chen,moderator,"Now, Jen, do you have anything you would like to share?",Probing,True,False,False,4
295,56,3,0,Bryan Chen,moderator,Do you feel threatened or anxious because you can potentially be automatic or replaced by AI.,Probing,True,False,False,4
297,57,1,0,Jane,participant,"And also I I did an internship before my master program, and I met some students at the time, and after chatting with them, I found that some of them have had already used AI tools like Chat Gpt to prepare for language tests like arts.",,,,,4
298,57,2,0,Jane,participant,"And according to what they said, I found learning to use.",,,,,4
299,57,3,0,Jane,participant,AI is not an easy work.,,,,,4
300,57,4,0,Jane,participant,"And yeah. And they found and they used they use AI in a wrong way, and that might be an obstacle when they are preparing for arts.",,,,,4
301,57,5,0,Jane,participant,Test.,,,,,4
303,59,0,0,Jane,participant,"Yeah. And sometimes when students felt frustrated about the process, when they when they are preparing for the language test, the teacher can can encourage them.",,,,,4
307,60,2,0,Bryan Chen,moderator,I can provide emotional support and sounds like you can't.,Confronting,True,False,False,4
308,60,3,0,Bryan Chen,moderator,But that's we can probably discuss that in the next questions.,Instruction,False,True,False,4
309,60,4,0,Bryan Chen,moderator,"Let's see if, Stacey, do you have anything you want to share.",Probing,True,True,False,4
310,61,0,0,CiCi,participant,"Oh, yeah, I for me, my major is marketing.",,,,,4
312,61,2,0,CiCi,participant,One is content marketing.,,,,,4
313,61,3,0,CiCi,participant,"digital marketing and events for content marketing, or where marketers always need to write the script.",,,,,4
315,61,5,0,CiCi,participant,And then you have to write a script to tell the story about your products.,,,,,4
319,61,9,0,CiCi,participant,"But during the event we should to communicate with the customers, and in in in this way we should have I and contacting body.",,,,,4
320,61,10,0,CiCi,participant,We should have body language.,,,,,4
321,61,11,0,CiCi,participant,"AI don't have this, don't have a eye content and body language.",,,,,4
322,61,12,0,CiCi,participant,"So in this way, human is very important in the marketing events.",,,,,4
323,61,13,0,CiCi,participant,But for digital marketing.,,,,,4
324,61,14,0,CiCi,participant,We also do the SEO that is so.,,,,,4
325,61,15,0,CiCi,participant,"That is, such such.",,,,,4
326,62,0,0,Bryan Chen,moderator,Doing optimization.,Supplement,True,False,False,4
328,63,1,0,CiCi,participant,We also need to grab the data.,,,,,4
329,63,2,0,CiCi,participant,The AI is a good good way to grab the data.,,,,,4
330,63,3,0,CiCi,participant,"But during this way we need to analyze the data, the traffic.",,,,,4
331,63,4,0,CiCi,participant,"Why, it is important where we could make some improvement.",,,,,4
332,63,5,0,CiCi,participant,"Ai just a tool for marketers, but for the reason why it is good or not, that is our opinion.",,,,,4
333,63,6,0,CiCi,participant,Our insights.,,,,,4
334,64,0,0,Bryan Chen,moderator,"Hmm! Interesting actually, my friend, he just joined a company based in Melbourne, called Brand ninja.",Supplement,True,False,True,4
335,64,1,0,Bryan Chen,moderator,So they are like a new company started company.,Supplement,True,False,False,4
336,64,2,0,Bryan Chen,moderator,They do brand marketing.,Supplement,True,False,False,4
337,64,3,0,Bryan Chen,moderator,"And they just like trial and using generative model or AI, or something like Chatgpt to do the content marketing.",Supplement,True,False,False,4
339,64,5,0,Bryan Chen,moderator,"You might, if you are interested, might be you could search out the Comp the company.",Instruction,False,False,True,4
341,64,7,0,Bryan Chen,moderator,Do you have any thought or idea?,Probing,True,False,False,4
342,64,8,0,Bryan Chen,moderator,Or do you feel anxious about AI replacing your potential job in the future?,Probing,True,False,False,4
343,65,0,0,Liz,participant,"And actually, I have not.",,,,,4
344,65,1,0,Liz,participant,I have noted development of AI technology.,,,,,4
347,65,4,0,Liz,participant,Or I will work as a a developer or designer of English language assessment.,,,,,4
351,65,8,0,Liz,participant,"Yeah, as the development of the AI technology.",,,,,4
353,65,10,0,Liz,participant,Maybe we might vanish or disappear.,,,,,4
354,65,11,0,Liz,participant,But at the same time there will be be more and more positions will become available for human beings for people.,,,,,4
356,65,13,0,Liz,participant,Most of our careers are positions will be threatened by by it.,,,,,4
358,66,1,0,Bryan Chen,moderator,"As a researcher, you are always trying to bring in new innovations and new idea.",Interpretation,True,False,False,4
359,66,2,0,Bryan Chen,moderator,"So which is that aspect cannot be replaced by AI, because AI especially Beta, build upon the older data that we have, which is our past.",Probing,True,False,False,4
360,66,3,0,Bryan Chen,moderator,And so the past sometime doesn't include the novelty that you are going to build in the futures.,Supplement,True,False,False,4
362,66,5,0,Bryan Chen,moderator,"They compare AI researchers, the the new idea from AI, new research idea from AI researcher versus new research idea from Chatgpt.",Supplement,True,False,False,4
363,66,6,0,Bryan Chen,moderator,And then it asks human to make a judgment about which idea are more innovative or more creative.,Supplement,True,False,False,4
365,66,8,0,Bryan Chen,moderator,So it's just one of the recent paper.,Supplement,True,False,False,4
366,66,9,0,Bryan Chen,moderator,So interesting. Paper. Yeah.,All Utility,False,False,True,4
367,67,0,0,Liz,participant,No.,,,,,4
368,68,0,0,Bryan Chen,moderator,Another thing that you mentioned is about the human relations with AI which is leading to our questions.,Confronting,True,False,False,4
374,68,6,0,Bryan Chen,moderator,"You're always trying to be considerate, trying to be mindful trying to make you feel comfortable.",Supplement,False,False,True,4
375,68,7,0,Bryan Chen,moderator,"But the concern is, once people get used to this way of communications.",Supplement,True,False,False,4
376,68,8,0,Bryan Chen,moderator,I'm not sure if people.,Probing,True,False,False,4
377,68,9,0,Bryan Chen,moderator,Is going to be.,Supplement,True,False,True,4
378,68,10,0,Bryan Chen,moderator,"is it? And I'm not sure if it's going to be harder for normal interaction between human to humans to happen, because human are impolite, arrogant, selfish.",Supplement,True,False,True,4
380,68,12,0,Bryan Chen,moderator,"So, marine, do you have any thought?",Probing,True,False,False,4
383,69,0,0,Urania,participant,And.,,,,,4
384,70,0,0,Bryan Chen,moderator,Oh!,All Utility,False,False,True,4
385,71,0,0,Urania,participant,Main sorry.,,,,,4
389,73,1,0,Urania,participant,For people cause if the as as the development.,,,,,4
390,73,2,0,Urania,participant,"AI, if it is developed as a like a listener, or just like a friend, and she can provide the emotional values mental values for for some people who are, maybe they they need some help.",,,,,4
391,73,3,0,Urania,participant,"Yeah, especially for some difficult time, like in troubles.",,,,,4
392,73,4,0,Urania,participant,"So if these people choose to rely on AI to express their maybe something unhappy, or like what we said at the sense of shame, something like that.",,,,,4
393,73,5,0,Urania,participant,And so it is possible to impact the relationship between differently.,,,,,4
395,74,0,0,Bryan Chen,moderator,interested to know marine's view.,Probing,True,False,False,4
396,74,1,0,Bryan Chen,moderator,"Marine, are you there?",Probing,True,False,False,4
397,75,0,0,Marine,participant,"Yes, Anna, here.",,,,,4
398,76,0,0,Bryan Chen,moderator,"Interesting to know your view about, because because you say you work on this subject so interesting to view your view on the relationship between AI and a human.",Probing,True,False,False,4
402,77,1,0,Marine,participant,"He he can give you some very a comfortable response, but somehow you can feel it didn't get your point.",,,,,4
406,80,0,0,Bryan Chen,moderator,You can be a partner.,Interpretation,True,False,False,4
409,81,1,0,Marine,participant,And I also believe the advancement of the of the complex reasoning of not language models.,,,,,4
410,81,2,0,Marine,participant,"I believe in this and in actually, actually, I really, I really.",,,,,4
411,81,3,0,Marine,participant,"I really appreciate. It's the appearance of AI, for example.",,,,,4
413,81,5,0,Marine,participant,"For example, in yesterday's experiment.",,,,,4
414,81,6,0,Marine,participant,It was a group discussions without a meditor.,,,,,4
415,81,7,0,Marine,participant,It's also a matter like you.,,,,,4
417,83,0,0,Marine,participant,"Yeah, yes. In in this case.",,,,,4
418,83,1,0,Marine,participant,"People like me, who are relatively introverted, tend to believe rather than speak up most of the time.",,,,,4
421,84,0,0,Bryan Chen,moderator,Moderator.,Probing,True,False,False,4
422,85,0,0,Marine,participant,"Yes, moderator, yes, without a moderator to notice me, or help to help me.",,,,,4
423,85,1,0,Marine,participant,Help me to polish polish my point of people like me will be overlooked.,,,,,4
427,88,1,0,Bryan Chen,moderator,Would that be an issue if they say you don't want to social with people?,Probing,True,False,False,4
429,88,3,0,Bryan Chen,moderator,Because AI make you comfortable.,Interpretation,True,False,False,4
432,90,0,0,Bryan Chen,moderator,"It is impossible, right?",Probing,True,False,False,4
433,90,1,0,Bryan Chen,moderator,So.,All Utility,False,False,False,4
434,91,0,0,Marine,participant,"I used that shoe communicated with my friends, and tell tell them a lot of things.",,,,,4
435,91,1,0,Marine,participant,"But now I think now I have a not language based conversational partner, so I can say all things safe safe, and I can tell tell him everything.",,,,,4
438,92,2,0,Bryan Chen,moderator,A trustable human to do that.,Supplement,True,False,False,4
440,92,4,0,Bryan Chen,moderator,"CC, do you have any thought?",Probing,True,False,False,4
442,92,6,0,Bryan Chen,moderator,"Can it be like, actually like, become like a romantic partner.",Probing,True,False,False,4
445,93,2,0,CiCi,participant,"We have to stay together, to do, to do some things, to choose some goods together.",,,,,4
446,93,3,0,CiCi,participant,"If I just share my life, or just share some ideas with chat or with AI, that is, the AI just can give me some emotional support.",,,,,4
447,93,4,0,CiCi,participant,Maybe they can understand my situation.,,,,,4
448,93,5,0,CiCi,participant,And you could provide some suggestions about about a certain situation that is very useful.,,,,,4
450,94,0,0,Bryan Chen,moderator,"Physical, physical presence to have the physical touch it.",Supplement,True,False,False,4
451,94,1,0,Bryan Chen,moderator,"You can feel that you can feel the body, the warm, the temperature.",Interpretation,False,False,True,4
452,95,0,0,CiCi,participant,"Yeah, that is a really important of important for me, for me how to partner.",,,,,4
454,95,2,0,CiCi,participant,"Yeah, maybe maybe I hope one day.",,,,,4
455,95,3,0,CiCi,participant,"But I really like real person, not just just just a robot.",,,,,4
458,96,1,0,Bryan Chen,moderator,I feel it's really largely depending on how do you define what is a relationship?,Supplement,True,False,False,4
459,96,2,0,Bryan Chen,moderator,"So for me, relationship is not single way.",Supplement,True,False,False,4
460,96,3,0,Bryan Chen,moderator,"Because when we talk about AI like uranium, talk about it and also marine talk about it's like AI offer us comfort.",Interpretation,True,False,False,4
461,96,4,0,Bryan Chen,moderator,So we are playing the receiving or the supportive role we've been looked after by AI.,Interpretation,True,False,False,4
462,96,5,0,Bryan Chen,moderator,"But in relationship. We are, you know, trying to our our role is kind of double way, right?",Supplement,True,False,False,4
463,96,6,0,Bryan Chen,moderator,We receive someone's comfort and support.,Interpretation,True,False,False,4
464,96,7,0,Bryan Chen,moderator,"But we also have the moment that we give out, we supporting or helping someone.",Supplement,True,False,False,4
465,96,8,0,Bryan Chen,moderator,"So only when it's kind of two-way cycle foreign, you might have a stronger and deeper relationship.",Supplement,True,False,False,4
466,96,9,0,Bryan Chen,moderator,But but if AI is only single way helping you.,Supplement,True,False,False,4
468,96,11,0,Bryan Chen,moderator,Born as a relationship.,Interpretation,True,False,False,4
472,96,15,0,Bryan Chen,moderator,"But let's see what Jen, do you have any thought on this topic?",Probing,True,False,False,4
474,97,1,0,Jane,participant,"from my perspective, AI tools are just like like they're just the tools just like the computer or smartphone.",,,,,4
475,97,2,0,Jane,participant,"So it's hard for me to imagine that I have like, emotional connection with AI tools.",,,,,4
476,97,3,0,Jane,participant,See.,,,,,4
478,98,1,0,Bryan Chen,moderator,"and then somehow, he committed suicide because the AI just like fully supported, or whatever he said.",Supplement,True,False,False,4
479,98,2,0,Bryan Chen,moderator,"So he was saying something like, I can't remember exactly the detail.",Supplement,True,False,False,4
480,98,3,0,Bryan Chen,moderator,Maybe I can find the news later.,Supplement,True,False,False,4
482,98,5,0,Bryan Chen,moderator,Right? So what's your thought on?,Probing,True,False,False,4
485,98,8,0,Bryan Chen,moderator,"Lise, are you still there.",Probing,True,True,False,4
491,99,1,0,Liz,participant,I'm using my mobile phone that zoom on my mobile phone.,,,,,4
492,99,2,0,Liz,participant,And what? When? Cause?,,,,,4
493,99,3,0,Liz,participant,"Yeah, it's some difference from their their laptop.",,,,,4
494,100,0,0,Bryan Chen,moderator,I can't hear you.,Instruction,False,True,False,4
496,101,1,0,Liz,participant,"but it could not be a very deep relationship or a romantic relationship, because, according to my experience, this semester.",,,,,4
497,101,2,0,Liz,participant,"Because I took speaking language programmatics, this subject, this semester and some of my friends made their design.",,,,,4
498,101,3,0,Liz,participant,Their final projects is the Internet interaction between human being.,,,,,4
499,101,4,0,Liz,participant,"And in AI and Chat Gpt, yeah.",,,,,4
500,101,5,0,Liz,participant,"they found that, yes, are very friendly, is very friendly, and they and it can make very good organization of the like secret organization, like greeting, and give you a positive and a very nice, very kind responses when you are talking with it.",,,,,4
501,101,6,0,Liz,participant,"But but in to some extent, according to my experience, I came across some difficulties in my like, in my study planning and in my in interpersonal relationship.",,,,,4
502,101,7,0,Liz,participant,This method. I felt like I felt anxious.,,,,,4
503,101,8,0,Liz,participant,"I felt upset or frustrated, and I asked just gestures from Chatgpt.",,,,,4
504,101,9,0,Liz,participant,"Hmm, yeah, it's it was very comforting, comforting, and warm, very, very nice and very kind.",,,,,4
505,101,10,0,Liz,participant,But it's it is too positive.,,,,,4
508,101,13,0,Liz,participant,"Like, Oh, I I had a problem like that.",,,,,4
509,101,14,0,Liz,participant,That. What can I do next?,,,,,4
510,101,15,0,Liz,participant,What if I do this?,,,,,4
511,101,16,0,Liz,participant,"Actually, just I choose this option.",,,,,4
512,101,17,0,Liz,participant,"What will my interrupters, or what?",,,,,4
514,101,19,0,Liz,participant,It always support. It always supported me.,,,,,4
515,101,20,0,Liz,participant,It's it's too positive.,,,,,4
516,101,21,0,Liz,participant,"And it always said that, yeah, you're correct.",,,,,4
518,102,0,0,Bryan Chen,moderator,"It's too artificial. It's like a plastic right, too cheap, too, too.",Interpretation,True,False,False,4
519,102,1,0,Bryan Chen,moderator,"Possibly, like Pasta.",All Utility,False,False,True,4
520,103,0,0,Liz,participant,Too positive. It's not so.,,,,,4
521,103,1,0,Liz,participant,"Realistic. Yeah, yeah, sometimes to some extent, it will prevent you prevent you from from realizing or recognizing some potential challenges or risks.",,,,,4
522,103,2,0,Liz,participant,From the decision or the choices you made?,,,,,4
523,103,3,0,Liz,participant,"Yeah, because, yes, 2 perfect.",,,,,4
526,104,1,0,Bryan Chen,moderator,"But we have one more last question, so this probably can do it very fast.",Instruction,False,True,False,4
528,104,3,0,Bryan Chen,moderator,"Can you say that in one sentence, let's see.",Instruction,False,True,False,4
529,104,4,0,Bryan Chen,moderator,"this stuff from marine, do you?",Confronting,True,True,False,4
534,105,3,0,Marine,participant,"However, as you know, sometimes we will set us 7.",,,,,4
535,105,4,0,Marine,participant,"Our text, our languages cannot convert, cannot convert all informations.",,,,,4
536,105,5,0,Marine,participant,"You know, some emotions are not only expressed by the language by the text, sometimes the the tale of voice, the body languages, and the some a sound herding informations are also crucial.",,,,,4
537,105,6,0,Marine,participant,I am not sure.,,,,,4
538,105,7,0,Marine,participant,Check that language. Models can handle this detailed information.,,,,,4
539,105,8,0,Marine,participant,"Yes, and I and the second point is that you mentioned that the brain store and the natural language models can.",,,,,4
542,105,11,0,Marine,participant,I also read that paper.,,,,,4
544,105,13,0,Marine,participant,It was really shocked.,,,,,4
545,105,14,0,Marine,participant,"That that the insight, the ideas, multilingual models higher.",,,,,4
547,105,16,0,Marine,participant,Could we create creative ideas?,,,,,4
550,106,1,0,Bryan Chen,moderator,Creativity is another problem.,Supplement,True,False,False,4
551,106,2,0,Bryan Chen,moderator,"Right? So I feel that measurements probably not precise and also, maybe not fair.",Supplement,True,False,False,4
552,106,3,0,Bryan Chen,moderator,So I haven't looked into detail of that paper.,Supplement,True,False,False,4
553,106,4,0,Bryan Chen,moderator,"To be honest, though, we'll see.",Supplement,True,False,False,4
558,108,0,0,Bryan Chen,moderator,"Hmm, hmm! I see.",All Utility,False,False,True,4
559,108,1,0,Bryan Chen,moderator,Urania do. Can you say?,Probing,True,False,False,4
560,108,2,0,Bryan Chen,moderator,One or 2 sentence.,Instruction,False,True,False,4
562,110,0,0,Bryan Chen,moderator,And.,Probing,True,False,False,4
564,111,1,0,Urania,participant,Although there was something similar to something creative.,,,,,4
565,111,2,0,Urania,participant,"But actually, it is worked based on the database.",,,,,4
567,112,0,0,Bryan Chen,moderator,Cool. That's very nice.,All Utility,False,False,True,4
568,112,1,0,Bryan Chen,moderator,Summary. How about you?,Probing,True,False,False,4
569,112,2,0,Bryan Chen,moderator,Jen? Can you say one or 2 sentence?,Probing,True,True,False,4
570,112,3,0,Bryan Chen,moderator,How? What are the scene?,Probing,True,False,False,4
573,113,1,0,Jane,participant,"Because, for example, for Scarism.",,,,,4
576,115,0,0,Jane,participant,Let's see.,,,,,4
577,116,0,0,Bryan Chen,moderator,"Interesting. You mentioned the language part, and finally, Lise, can you share one or 2 sentence, and we can probably wrap it up.",Probing,True,True,False,4
578,117,0,0,Liz,participant,"Yes, and I I feel that I feel that the the original innovation for innovation of human beings and not will not be replaced by AI technology, because although apparently there are some with their AI technology, AI can do something better like in designing and the arts, or in create in creating something but creative ideas.",,,,,4
580,117,2,0,Liz,participant,So those ideas much faster than people they can.,,,,,4
581,117,3,0,Liz,participant,"What you can do is is organizing, collecting, organizing, synthesizing thousands of ideas on the Internet from the Internet, and then.",,,,,4
582,117,4,0,Liz,participant,"and then generator of produce, one State.",,,,,4
583,117,5,0,Liz,participant,"But compared with the creativity or innovation for human, of the of the ideas in the in people's brain in people's mind.",,,,,4
586,118,1,0,Bryan Chen,moderator,And also language skill.,Supplement,True,False,False,4
589,118,4,0,Bryan Chen,moderator,"If you ask me to summarize in one sentence, is the power, the superpower, or the capability to create meaning, because human is an animal of meaning.",Supplement,True,False,False,4
590,118,5,0,Bryan Chen,moderator,So you go to.,Supplement,True,False,False,4
591,118,6,0,Bryan Chen,moderator,"So you spend money to buy expensive clothes like it's expensive shoes or expensive scene, not because they about not just because of their quality.",Supplement,True,False,False,4
592,118,7,0,Bryan Chen,moderator,"It's also because of brand the meaning behind it, the story behind it.",Supplement,True,False,False,4
593,118,8,0,Bryan Chen,moderator,"And also that's the reason why people fight for country people fight for religions, people fight for different causes.",Supplement,True,False,False,4
594,118,9,0,Bryan Chen,moderator,"It's because of the scene that generate meaning and usually generating meaning doesn't mean that you have to provide the best or the biggest or the fast human, are very complicated about where the meaning is coming from.",Supplement,True,False,False,4
595,118,10,0,Bryan Chen,moderator,And it's also our unique superpower of creating meaning.,Supplement,True,False,False,4
597,118,12,0,Bryan Chen,moderator,That's probably my conclusions.,Interpretation,True,False,False,4
599,118,14,0,Bryan Chen,moderator,Thanks everyone for your participation and thanks for your time.,All Utility,False,True,True,4
600,118,15,0,Bryan Chen,moderator,"And again, just, you know, supporting us for our research.",All Utility,False,False,True,4
601,118,16,0,Bryan Chen,moderator,"Yeah, we'll just close it now.",Instruction,False,True,False,4
