Unnamed: 0,turn_index,sent_index,segment,speaker,role,text,topic_cluster
11,5,3,0,Holawyq,participant,Yeah.,0
18,7,4,0,Urania Shan,participant,"Yeah, like this. yeah.",0
32,11,4,0,Urania Shan,participant,Yeah.,0
62,21,0,0,Urania Shan,participant,"Yeah, yeah. It's a very comprehensive standard.",0
63,22,0,0,Lizhao Chen,participant,"Yeah, so,",0
77,25,8,0,Yaxin Huang,participant,"yeah, do you? Yeah, you have any ideas about this.",0
80,27,0,0,Yaxin Huang,participant,Yeah.,0
122,34,9,0,Urania Shan,participant,Yeah.,0
137,44,0,0,Holawyq,participant,Yeah.,0
152,47,0,0,Urania Shan,participant,"Yeah, yeah, sure agree.",0
154,47,2,0,Urania Shan,participant,Yeah.,0
162,49,4,0,Holawyq,participant,Yeah.,0
163,50,0,0,Yaxin Huang,participant,Yeah.,0
177,52,9,0,Urania Shan,participant,Yeah.,0
201,57,0,0,Jing JIANG,participant,"Yeah, yeah.",0
237,77,2,0,Lizhao Chen,participant,"So I, yeah.",0
273,92,1,0,Urania Shan,participant,Yeah.,0
277,94,2,0,Urania Shan,participant,Yeah.,0
284,98,0,0,Urania Shan,participant,"Oh, yeah.",0
308,104,4,0,Lizhao Chen,participant,Yeah.,0
315,108,0,0,Lizhao Chen,participant,"So, yeah.",0
333,120,0,0,Holawyq,participant,Yeah.,0
334,121,0,0,Yaxin Huang,participant,"Yeah, it can be.",0
344,121,10,0,Yaxin Huang,participant,Yeah.,0
354,125,0,0,Holawyq,participant,Yeah.,0
355,126,0,0,Yaxin Huang,participant,"Yeah, yeah.",0
360,130,1,0,Holawyq,participant,"Oh, yeah.",0
369,133,0,0,Urania Shan,participant,"Yeah, I think, yeah, it is.",0
372,135,1,0,Urania Shan,participant,Yeah.,0
377,140,0,0,Holawyq,participant,Yeah.,0
383,144,0,0,Urania Shan,participant,Yeah. yeah.,0
388,148,0,0,Urania Shan,participant,"Yeah, yeah.",0
389,149,0,0,Yaxin Huang,participant,yeah.,0
394,153,0,0,Urania Shan,participant,"Yeah, just to. yeah, yeah, I.",0
398,155,0,0,Urania Shan,participant,Yeah. Yeah.,0
405,160,0,0,Lizhao Chen,participant,Yeah. Same. One.,0
424,166,0,0,Urania Shan,participant,Yeah.,0
432,172,1,0,Lizhao Chen,participant,Yeah.,0
446,177,0,0,Holawyq,participant,Yeah.,0
455,181,0,0,Jing JIANG,participant,Yeah.,0
464,186,0,0,Yaxin Huang,participant,"Yeah, and do some.",0
470,186,6,0,Yaxin Huang,participant,Yeah.,0
472,187,1,0,Urania Shan,participant,"Yeah, yeah.",0
475,189,0,0,Jing JIANG,participant,Yeah.,0
476,190,0,0,Yaxin Huang,participant,Yeah.,0
