Unnamed: 0,turn_index,sent_index,segment,speaker,role,text,topic_cluster
24,9,2,0,Jing JIANG,participant,"in my opinion, I think leadership is an ability to manage the team, including the management of things and people.",3
27,10,1,0,Holawyq,participant,"And I think leadership is like, you can influence a group of people, and you can achieve a goal.",3
28,11,0,0,Urania Shan,participant,"Yeah, I think a good leader plays an important role in connection.",3
55,17,1,0,Holawyq,participant,"I think it's important for leaders to have integrity, and he can't.",3
75,25,6,0,Yaxin Huang,participant,Just share their ideas and talk about the problems that they think exist that exist between them.,3
94,32,0,0,Jing JIANG,participant,I also think that a leader sometimes may need to solve some emotional problems such as anxiety or pressure of their teammates.,3
100,33,3,0,Yaxin Huang,participant,"Yeah, I think to balance the the communication is very.",3
121,34,8,0,Urania Shan,participant,"How do you think the leadership would do when they launch, maybe to establish a good relationship between themselves and the team members.",3
123,35,0,0,Holawyq,participant,I think the leader should not pay too much attention to the members.,3
139,46,0,0,Yaxin Huang,participant,"Yeah, maybe. I think there will be a difference between the Western culture and Eastern culture.",3
161,49,3,0,Holawyq,participant,"Then she kept asking me what kind of illness, but I don't think I need to tell her about that.",3
167,51,3,0,Holawyq,participant,I think.,3
174,52,6,0,Urania Shan,participant,It's I think it's more than the work reasons.,3
178,53,0,0,Holawyq,participant,"Yes, and I think sometimes our reasons are very right and understandable.",3
181,55,0,0,Holawyq,participant,"Yes, I think Maybe I just say, maybe Western leaders are more understandable for asking for a leave.",3
183,56,0,0,Lizhao Chen,participant,"So, yeah. so I think is a is a little bit contradiction.",3
198,56,15,0,Lizhao Chen,participant,we'll we will direct to impress what you think.,3
210,63,0,0,Holawyq,participant,"Yes, sometimes I I think the boss is really far away from me.",3
231,76,4,0,Yaxin Huang,participant,"to manage the boss, I think.",3
233,76,6,0,Yaxin Huang,participant,What do you think?,3
235,77,0,0,Lizhao Chen,participant,I think it should be divided into different culture.,3
243,80,0,0,Lizhao Chen,participant,So I think.,3
254,84,0,0,Holawyq,participant,"Yes. and I think we should be modest, especially I think lots of bosses in China.",3
267,88,0,0,Holawyq,participant,I think it's a very special situation.,3
271,91,0,0,Holawyq,participant,Background. I think they need to respect each other's culture first.st,3
272,92,0,0,Urania Shan,participant,Yes. I think it's also very often we're facing unimill.,3
281,96,1,0,Holawyq,participant,"I think maybe show more respect first, st then you can do some adaption according to your communication.",3
292,99,7,0,Lizhao Chen,participant,"I think so, in my opinion.",3
309,105,0,0,Holawyq,participant,Do you think it is difficult.,3
319,111,0,0,Jing JIANG,participant,I think male leader may be more risky in decision making.,3
327,115,0,0,Holawyq,participant,Yeah. So I think the style between male and female leaders are also maybe influenced by the culture.,3
329,116,1,0,Jing JIANG,participant,I think.,3
347,123,0,0,Holawyq,participant,"Oh, I think those is okay.",3
349,123,2,0,Holawyq,participant,"The female boss at a middle age are very scary, but I don't think it's true.",3
351,123,4,0,Holawyq,participant,So I think. both is okay.,3
352,124,0,0,Urania Shan,participant,"Yeah, I think it's more depend on different individual, but not the gender.",3
361,131,0,0,Urania Shan,participant,And I think the different features of both genders.,3
367,132,0,0,Holawyq,participant,"Yes, but I think there are much more male bosses in law industry than female bosses.",3
378,141,0,0,Urania Shan,participant,And I think maybe expect for the genders.,3
395,154,0,0,Yaxin Huang,participant,I think it's it can be scientific because we should do a lot of tests like around hundreds in that website.,3
397,154,2,0,Yaxin Huang,participant,I think.,3
400,156,1,0,Lizhao Chen,participant,"I think I tested the Mbti about stuff tested about 3 times, and I never remember the 4 full character which I'm at which I am.",3
402,158,0,0,Lizhao Chen,participant,"I'm the E, or I am the what I'm the I I think I forgot.",3
416,164,0,0,Holawyq,participant,"Yeah, but I don't think people can be defined by 60 types of Mbti.",3
433,173,0,0,Urania Shan,participant,Yeah. And I think it's relatively private for someone to show their mpti.,3
444,176,0,0,Yaxin Huang,participant,"So in general, I think Mpti is just a criteria of the or the reflection of personal of personal personality.",3
449,178,2,0,Yaxin Huang,participant,"And for me, I think, apart from the individual personality, maybe age can also be a factor?",3
451,178,4,0,Yaxin Huang,participant,I think.,3
454,180,1,0,Yaxin Huang,participant,"And I think, there's will also be a gap.",3
465,186,1,0,Yaxin Huang,participant,Yeah. And I think they are sometimes more open.,3
