Unnamed: 0,turn_index,sent_index,segment,speaker,role,text,dialogue_act,informational motive,coordinative motive,social motive,topic_cluster
5,0,5,0,jessica,participant,That's not the the thing he want.,,,,,2
13,5,0,0,Bryan Chen,moderator,Right.,All Utility,False,False,True,2
19,10,1,0,jessica,participant,"So it's if in Asia culture, so we even every morning we will have a meeting, and you need to go the right direct extension to do the right thing like that.",,,,,2
34,12,11,0,Peggy,participant,Are you okay right now?,,,,,2
36,12,13,0,Peggy,participant,"And while we want to retrieving like, if we are in the middle of promotion, what else I should do to me to next level.",,,,,2
41,13,0,0,Elda,participant,Right.,,,,,2
44,14,2,0,Bryan Chen,moderator,Right? Everyone has everything.,All Utility,False,False,True,2
48,14,6,0,Bryan Chen,moderator,You want to. So have you done anything like that?,Probing,True,False,False,2
49,14,7,0,Bryan Chen,moderator,How you influence your manager to achieve this thing you want to achieve.,Probing,True,False,False,2
50,14,8,0,Bryan Chen,moderator,It can be either like some project that you want to put forward or some solution you want to propose.,Supplement,True,False,False,2
51,14,9,0,Bryan Chen,moderator,"Or maybe you just want to ask for, like, Cere, rice.",Probing,True,False,False,2
53,14,11,0,Bryan Chen,moderator,"Hatty, do you have anything you want to share.",Probing,True,False,True,2
61,16,0,0,Bryan Chen,moderator,Right.,All Utility,False,False,True,2
83,23,9,0,Bryan Chen,moderator,"Thank you, Hayley. Who else want to?",Probing,False,False,True,2
87,25,1,0,Bryan Chen,moderator,So do you have any advice how to influence your manager to achieve what you want.,Probing,True,False,False,2
91,26,3,0,ピン 王,participant,"my manager, or even my client, to do something I want to do.",,,,,2
97,26,9,0,ピン 王,participant,"Maybe we can try that, but let everything is what I want to do.",,,,,2
122,27,11,0,Bryan Chen,moderator,You're trying to prove it over them right?,Probing,True,False,False,2
138,27,27,0,Bryan Chen,moderator,"Yeah. Jessica. Oh, Shondo, do you have any one thing you want to share?",Probing,True,False,True,2
179,36,8,0,ピン 王,participant,Right? So.,,,,,2
203,46,1,0,Bryan Chen,moderator,And then just he or she actually intentionally want to pull you to her side or his side.,Supplement,True,False,False,2
216,54,0,0,Bryan Chen,moderator,Party right? And then it's called.,Probing,True,False,False,2
290,78,3,0,Bryan Chen,moderator,"So which is like a review being how you how good you are, and deciding whether they're going to raise your salary right?",Supplement,True,False,False,2
308,78,21,0,Bryan Chen,moderator,"Yeah, I guess I to try to use some way to communicate your need or what you want to get clearly to your career manager.",Supplement,True,False,False,2
312,78,25,0,Bryan Chen,moderator,I want this area.,Supplement,True,False,False,2
313,78,26,0,Bryan Chen,moderator,I want that package.,Supplement,True,False,False,2
315,78,28,0,Bryan Chen,moderator,"So is it the same Japan like, if you want to have a promotion or you want to have a salary rise, adjustment.",Probing,True,False,False,2
318,80,1,0,Bryan Chen,moderator,I want to give you 10% right?,Probing,True,False,False,2
343,89,0,0,Elda,participant,"I guess in Western culture it's it's quite common, right.",,,,,2
362,97,2,0,Bryan Chen,moderator,But so you kind of want to have the best of both.,Interpretation,True,False,False,2
365,97,5,0,Bryan Chen,moderator,But I really really want to stay with you guys.,Supplement,True,False,True,2
381,101,2,0,Bryan Chen,moderator,But now we kind of want to talk about gender differences in leader style.,Supplement,True,True,False,2
402,101,23,0,Bryan Chen,moderator,Yeah. anyone want to share like how they feel difference when they between male and female leaders or manager?,Probing,True,False,False,2
418,104,3,0,Bryan Chen,moderator,"Peggy, do you have anything you want to say about female and male leadership?",Probing,True,False,True,2
425,109,1,0,Peggy,participant,"But I see right now it works fine, and it's wireless.",,,,,2
552,152,3,0,Bryan Chen,moderator,"Right? Is that because that our upbringing, our childhood, and all that.",Probing,True,False,False,2
559,152,10,0,Bryan Chen,moderator,"Okay, yeah. So anyone have anything you want to say?",Probing,True,False,True,2
562,152,13,0,Bryan Chen,moderator,Do you want to share your thought on female and male manager.,Probing,True,False,True,2
567,153,4,0,ピン 王,participant,"So we share lots of thing, right?",,,,,2
572,153,9,0,ピン 王,participant,"So eventually I felt like, Oh, can you just stop giving me so many share because I want to work longer like, I want to work as much as possible, but because I've heard lots of story.",,,,,2
581,153,18,0,ピン 王,participant,I don't want to do that.,,,,,2
586,154,3,0,Bryan Chen,moderator,"He or she can use that kind of relationship to urge you, or to ask you to do something that you don't want to do.",Supplement,True,False,False,2
601,154,18,0,Bryan Chen,moderator,"I mean, anyone want to bring out anything else before we refer to sessions.",Probing,True,True,False,2
