Unnamed: 0,turn_index,sent_index,segment,speaker,role,text,topic_cluster
13,6,1,0,Jing JIANG,participant,"Yes, thank you.",2
54,17,0,0,Holawyq,participant,"Yes, I agree with you.",2
58,18,1,0,Jing JIANG,participant,Yes. So what's your opinion about?,2
61,20,0,0,Jing JIANG,participant,"Yes, yes.",2
66,24,0,0,Lizhao Chen,participant,"Yes, the we are also talking about the yeah.",2
96,32,2,0,Jing JIANG,participant,Yes.,2
126,37,0,0,Holawyq,participant,Not about work. Yes.,2
127,38,0,0,Jing JIANG,participant,Yes.,2
151,46,12,0,Yaxin Huang,participant,"Yes, on it. It's up to this team members.",2
218,69,0,0,Jing JIANG,participant,"Yes, but how do you define the mini of up.",2
220,71,0,0,Jing JIANG,participant,Yes.,2
247,82,2,0,Lizhao Chen,participant,"Yes, different differences to the authority.",2
269,89,0,0,Jing JIANG,participant,Yes.,2
278,95,0,0,Jing JIANG,participant,"Yes. But besides the culture differences, what common issue can we do?",2
328,116,0,0,Jing JIANG,participant,"Yes, they usually are slight.",2
373,136,0,0,Holawyq,participant,Yes.,2
376,139,0,0,Jing JIANG,participant,"Yes, but we can discuss other things.",2
415,163,0,0,Urania Shan,participant,Yes.,2
429,170,0,0,Holawyq,participant,"Yes, but I think it's not there.",2
430,171,0,0,Jing JIANG,participant,"Yes, yes.",2
440,174,0,0,Holawyq,participant,"Yes, so I'm a bit afraid about.",2
443,175,0,0,Jing JIANG,participant,Yes.,2
452,179,0,0,Holawyq,participant,Yes.,2
460,183,0,0,Jing JIANG,participant,Topics. Yes.,2
