Unnamed: 0,turn_index,sent_index,segment,speaker,role,text,dialogue_act,informational motive,coordinative motive,social motive,topic_cluster
2,0,2,0,jessica,participant,But sometime. sometimes we feel like after one.,,,,,3
7,2,0,0,jessica,participant,"So like I was like, Oh, my God!",,,,,3
10,2,3,0,jessica,participant,"I will feel like every state I take really long process to meeting, to follow on and to update.",,,,,3
30,12,7,0,Peggy,participant,"So we have a lot of time to communication, so I feel like it's a little bit different with Jessica.",,,,,3
45,14,3,0,Bryan Chen,moderator,"Yeah. so I guess I they can all lead to our next questions like so sometime we, our our boss, might have, like different or manager, have a different cultural background.",Supplement,True,False,False,3
46,14,4,0,Bryan Chen,moderator,"But then? You know, like, but because you're also coming from different cultural background, you have potentially have some misalignment or different needs.",Interpretation,True,False,False,3
55,15,1,0,Hailey,participant,"So I know this is not everyone's cup of tea, but something that's really important in Japan is kind of going out for dinners and things like that with your team.",,,,,3
59,15,5,0,Hailey,participant,"But I think that's really helpful, for when you wanna, you know, make a suggestion or something like that.",,,,,3
68,21,0,0,Bryan Chen,moderator,"Okay. So do you think it's always kind of beneficial to have like personal relationship with your manager, or do things really depending on person, because that your private, your former manager, you you guys kind of have like a quite matching personality.",Probing,True,False,False,3
70,21,2,0,Bryan Chen,moderator,"you know, like, build out some bounding, but like in some other cases, probably like like people just like keep a little bit of professional distance.",Supplement,True,False,False,3
73,22,1,0,Hailey,participant,"Or managers. yeah, if they don't like spending, if they like to sort of keep a strict divide between private life and work life that might be kind of difficult.",,,,,3
76,23,2,0,Bryan Chen,moderator,"I also quite kind of like, like, the way, how Haley is described that, you know, making a job or work, not simply just as something you do for money or but it's something sounds like a project that a group of people that you like or yeah.",Supplement,True,False,True,3
78,23,4,0,Bryan Chen,moderator,"We are quite close, alive to kind of like achieve something together, like how feeling like how you know achieving thing together.",Supplement,False,False,True,3
89,26,1,0,ピン 王,participant,"Well, I call it like a technique.",,,,,3
94,26,6,0,ピン 王,participant,"She's quite like like to do new things, innovate, be innovative.",,,,,3
100,26,12,0,ピン 王,participant,and then she will jump into the direction that I'd like to go.,,,,,3
101,26,13,0,ピン 王,participant,But my previous clients he's more like insecure.,,,,,3
109,26,21,0,ピン 王,participant,"you know, secure and or insecure if they are more an adventure type of person, or they are more like conservative.",,,,,3
112,27,1,0,Bryan Chen,moderator,"Yeah. I think I have a similar experience, like when how to persuade people.",Interpretation,True,False,False,3
113,27,2,0,Bryan Chen,moderator,"So the way, how I do it is like, sometime I have some idea, but I know this idea is a little bit how would you say?",Supplement,True,False,False,3
116,27,5,0,Bryan Chen,moderator,"So if I just like sometime I feel if I just straight away tell my manager or my boss say, Oh, I wanna try this.",Supplement,True,False,False,3
118,27,7,0,Bryan Chen,moderator,"They will say something like, probably not so positive.",Supplement,True,False,False,3
119,27,8,0,Bryan Chen,moderator,"So. And then people, if you cannot, if I insist to do it like, you know, just like do my away, and then sometime have a good result.",Supplement,True,False,False,3
120,27,9,0,Bryan Chen,moderator,"I think it's kind of like, doesn't also, this still doesn't give them a good feeling, because, like you are late denied it.",Supplement,True,False,True,3
121,27,10,0,Bryan Chen,moderator,And then you it's like it's it's become like kind of like a competition.,Supplement,True,False,False,3
127,27,16,0,Bryan Chen,moderator,"I will probably just like run something secretly without a notice, and then just do some experiment by myself or some trial by myself, and then, if I have some good results, like like a sample or example, then I will present to them say, Hey, I have done something this, and then this is some of the good.",Supplement,True,False,False,3
132,27,21,0,Bryan Chen,moderator,"It's not because I it's better than like denying your proposal, and it's still keep going.",Interpretation,True,False,False,3
133,27,22,0,Bryan Chen,moderator,"And then and it kind of like slap land on their face and say, Hey, I proved myself, yeah.",Supplement,True,False,False,3
134,27,23,0,Bryan Chen,moderator,"So so I think, just like the older.",Supplement,True,False,False,3
140,28,0,0,Shunto,participant,I think I like the key is trust relationship with with our boss.,,,,,3
144,28,4,0,Shunto,participant,"Maybe, like, it's easy.",,,,,3
151,32,0,0,Shunto,participant,Even Western boss. I guess it's very key because we are like human.,,,,,3
152,32,1,0,Shunto,participant,"And we, we have emotion, we, we, we like some people.",,,,,3
154,32,3,0,Shunto,participant,"So the key, the key, is like, how you can be your bosses like people liking people.",,,,,3
157,32,6,0,Shunto,participant,Like it's a like.,,,,,3
158,32,7,0,Shunto,participant,"It's a little bit different or different to do like how to how to communicate and like, maybe maybe you don't.",,,,,3
162,33,0,0,Elda,participant,And do you invite them by like from you or you.,,,,,3
174,36,3,0,ピン 王,participant,"Well, like cause. There's lots of say, we say, like, Okay, your caller is not your friend, so don't be friend with your anyone at your workplace.",,,,,3
175,36,4,0,ピン 王,participant,"Then how about your your manager, or who's leader above you like?",,,,,3
208,48,3,0,Bryan Chen,moderator,There's like a few.,Supplement,True,False,False,3
220,57,1,0,Shunto,participant,"But I I just like it's just a general point, like a in simple situation.",,,,,3
231,64,0,0,Bryan Chen,moderator,Have like experience with politics.,Probing,True,False,False,3
234,66,0,0,Bryan Chen,moderator,Have you experienced anything like that?,Probing,True,False,False,3
238,69,0,0,Elda,participant,"So I I'm like, not into politics.",,,,,3
244,69,6,0,Elda,participant,They must be like aiming for the next President's position.,,,,,3
245,69,7,0,Elda,participant,They must be like thinking this and that.,,,,,3
247,69,9,0,Elda,participant,And I was like.,,,,,3
249,69,11,0,Elda,participant,"Like, how can you?",,,,,3
251,69,13,0,Elda,participant,That's what they are like aiming for.,,,,,3
253,69,15,0,Elda,participant,"She's like, Yeah, of course, like you have to choose side.",,,,,3
254,69,16,0,Elda,participant,Wisely. She told me that you have to like.,,,,,3
279,76,1,0,Bryan Chen,moderator,It's not like exclusive to Asian company.,Supplement,True,False,False,3
292,78,5,0,Bryan Chen,moderator,My I think like if like 6 months mark.,Supplement,True,False,False,3
294,78,7,0,Bryan Chen,moderator,"So after 6 months he didn't mention anything about performance review, and then everything just like normal.",Supplement,True,False,False,3
298,78,11,0,Bryan Chen,moderator,I feel like it was.,Supplement,True,False,False,3
300,78,13,0,Bryan Chen,moderator,"So I was quiet, and then only after maybe 3 or 4 months, and and the manager of the process suddenly realized, hey, Brian, I haven't done sounds like we haven't done your performance review, and then and then like, and then and then so why?",Supplement,True,False,False,3
303,78,16,0,Bryan Chen,moderator,And I get like 30% salary rise.,Supplement,True,False,False,3
306,78,19,0,Bryan Chen,moderator,But he was just too busy and didn't prioritize performance review for a junior like me.,Supplement,True,False,False,3
311,78,24,0,Bryan Chen,moderator,"But like, I guess, like in Western culture, you have to clearly kind of steady that, hey?",Supplement,True,False,False,3
317,80,0,0,Bryan Chen,moderator,"Okay. so it's always like from the top down, like the manager have to say, Hey, Elda, you have been working very, very hard, and I want to give you this.",Supplement,True,False,False,3
319,80,2,0,Bryan Chen,moderator,It's always like up to date.,Probing,True,False,False,3
321,81,1,0,Elda,participant,"There is like a ranking in the in your, in your position, like everyone, has a rank in the company.",,,,,3
327,83,2,0,Elda,participant,"So it's like, overall evaluation of like everything.",,,,,3
328,84,0,0,Bryan Chen,moderator,So it's like an automatic annual thing.,Interpretation,True,False,False,3
329,84,1,0,Bryan Chen,moderator,"It's not like, okay.",Interpretation,True,False,False,3
334,87,1,0,Shunto,participant,"So basically, we we tend not to get the rates too often, because and the one of the reason is like.",,,,,3
348,92,0,0,Bryan Chen,moderator,"I think it's more frequent, like people jump in between company.",Supplement,True,False,False,3
355,93,0,0,Elda,participant,"I'm curious to know if Peggy or Jessica has such experience, like negotiating with your company about your pay condition, or like working condition.",,,,,3
360,97,0,0,Bryan Chen,moderator,Experience that you really like the current company.,Probing,True,False,False,3
373,100,0,0,Elda,participant,"Yeah, I I guess, even even with like, non.",,,,,3
374,100,1,0,Elda,participant,"Asian background people, even though it's more common, like I feel in in general cases that that that would not be like.",,,,,3
382,101,3,0,Bryan Chen,moderator,"So I personally, I I had different bosses, like different supervisors, female and male, but I prefer female because I feel I feel female leaders or female manager like Haley mentioned earlier.",Supplement,True,False,False,3
383,101,4,0,Bryan Chen,moderator,"It's like they are more empathetic, empathetic.",Supplement,True,False,True,3
388,101,9,0,Bryan Chen,moderator,and then they are not just like thinking about at least the 2 or 3 female leader I had in my career.,Supplement,True,False,True,3
389,101,10,0,Bryan Chen,moderator,"They are not just like thinking about how to get a work done, but they also think about like, how how you can advance your career.",Supplement,True,False,False,3
393,101,14,0,Bryan Chen,moderator,"So so I guess, like, there's a theory about why female leader?",Supplement,True,False,False,3
398,101,19,0,Bryan Chen,moderator,"Something special about like it's like, so they're probably not the normal female.",Supplement,True,False,False,3
409,102,4,0,Hailey,participant,"Because, like you said, I also find them to be really empathetic.",,,,,3
415,104,0,0,Bryan Chen,moderator,"Yeah, people manager. I I just learned so much from them like, especially how they handle people, how they talk to people and communicate, and how to when to be tough, when to be critical, they can like down dance between the 2 spectrum to end on the spectrum.",Supplement,True,False,False,3
433,111,2,0,jessica,participant,For for me mail manager is like from the up to down.,,,,,3
434,111,3,0,jessica,participant,So you will feel like a really really.,,,,,3
437,111,6,0,jessica,participant,"You will feel like we work as a team, so they will more care about.",,,,,3
441,112,1,0,Bryan Chen,moderator,"Do you have, like different manager with different gender.",Probing,True,False,False,3
449,116,1,0,Bryan Chen,moderator,Do you guys like talk about seeing outside work?,Probing,True,False,False,3
457,118,1,0,Bryan Chen,moderator,I feel like cause.,Interpretation,False,False,True,3
458,118,2,0,Bryan Chen,moderator,"So so like, when you guys go out for drinking, hanging out.",Probing,True,False,False,3
464,119,4,0,Shunto,participant,So that's that's why I guess I I am uncomfortable to talk about like my personal stuff like.,,,,,3
465,119,5,0,Shunto,participant,"it's very difficult. But like how I feel about like my friendship, or something like that.",,,,,3
475,124,0,0,Bryan Chen,moderator,It's like outside people.,All Utility,False,False,True,3
476,124,1,0,Bryan Chen,moderator,"Yeah. And so I wonder, like, because, you know, like, between guys, guys don't talk too much about personal stuff, even like friends.",Probing,True,False,False,3
487,129,0,0,Shunto,participant,"But but I guess, like like many people, talk about their their child or their wife about like in that drinking party, right during training parties.",,,,,3
493,133,1,0,Elda,participant,"Oh, that's a good question, because I I just realized all my like manager, like direct managers have been.",,,,,3
501,135,2,0,Elda,participant,"But if I can choose, I would choose like a strong.",,,,,3
503,135,4,0,Elda,participant,"The reason why was because in in Japan, specifically like it's it will be like, even if I want to go drinking or like, you know, building personal relationship, it can be awkward because of gender difference, like I can't just like, invite my manager and be like, Hey, do you wanna go drinking after work?",,,,,3
504,135,5,0,Elda,participant,"And so it's it's kind of like, because before he was single.",,,,,3
505,135,6,0,Elda,participant,"and I was also single, and it can like potentially create like strange rumors in the in the company, even though you know there's no whatsoever like intention there that could be kind of awkward.",,,,,3
510,139,0,0,Elda,participant,He used to be like managing these these guys before me.,,,,,3
511,139,1,0,Elda,participant,"So he he was like really fierce and like when when he I guess trained these people, or like Mentor.",,,,,3
512,139,2,0,Elda,participant,These people like the way the way he like talked to them were like men's talk.,,,,,3
515,141,0,0,Elda,participant,"Yeah, yeah, like, really, like, really strong words.",,,,,3
516,141,1,0,Elda,participant,"and even can be like, really strong to the point that if if that person is a girl like she's gonna like cry, and that kind of strong strong.",,,,,3
519,141,4,0,Elda,participant,"but but later on, like.",,,,,3
520,141,5,0,Elda,participant,"you know, he started having female subordinates so like he, he told me, like sometimes that oh!",,,,,3
521,141,6,0,Elda,participant,"With like female subordinates, were like team players like you have to really be careful of like what you say, because sometimes people can can see like a really simple thing that you say can be considered as like harassment, like.",,,,,3
522,141,7,0,Elda,participant,"yeah, can be considered like, even even when you just praise s0me1.",,,,,3
527,143,2,0,Elda,participant,"And or yeah, when when when she feels like intimidation from the manager, she can always say, Oh, I'm being.",,,,,3
528,143,3,0,Elda,participant,I'm being harassed by by my boss like power harassment.,,,,,3
541,147,1,0,Elda,participant,"Yeah, like, what you guys said about like being flexible, strong and soft at the same time.",,,,,3
546,149,3,0,Elda,participant,Being a woman like I can talk to her a little bit more about like personal stuff.,,,,,3
549,152,0,0,Bryan Chen,moderator,Hmm! I just had a hypolysis like.,Supplement,True,False,False,3
551,152,2,0,Bryan Chen,moderator,"Yeah, I mean. So my cause, like currently it sounds like we all prefer, somehow, our manager to be female.",Interpretation,True,False,False,3
556,152,7,0,Bryan Chen,moderator,"So and that that's so, it feels no more natural, like someone who gives instructions female.",Supplement,True,False,False,3
566,153,3,0,ピン 王,participant,But cause we we work as like a friend.,,,,,3
569,153,6,0,ピン 王,participant,I had to listen to she like a talk back to other colleagues or company.,,,,,3
580,153,17,0,ピン 王,participant,"I don't need to do like girly thing like we share secrets, so we become friends.",,,,,3
