Unnamed: 0,turn_index,sent_index,segment,speaker,role,text,dialogue_act,informational motive,coordinative motive,social motive,topic_cluster
18,0,18,0,Bryan(host),moderator,"Yeah, so yeah, I'm not sure anyone here have something interesting just to share.",Probing,True,False,False,2
52,9,0,0,Andrew,participant,"Yeah, yeah. Sorry. I don't have.",,,,,2
65,11,0,0,Andrew,participant,"Right, yeah, yeah.",,,,,2
80,14,3,0,Bryan(host),moderator,"Yeah, what about you?",Probing,True,False,False,2
91,19,0,0,Jodie,participant,Yeah.,,,,,2
96,21,2,0,Jodie,participant,Yeah.,,,,,2
102,23,0,0,Jodie,participant,"Yeah, definitely.",,,,,2
107,25,0,0,Leo,participant,Yeah.,,,,,2
159,32,0,0,Bryan(host),moderator,"Yeah, yeah, I think sometimes those kind of moment happen.",Supplement,False,False,True,2
166,32,7,0,Bryan(host),moderator,Yeah.,All Utility,False,False,True,2
167,33,0,0,YY,participant,"Yeah, I agree.",,,,,2
183,37,0,0,Yelin,participant,"Yeah, I know it's it's.",,,,,2
190,40,0,0,Bryan(host),moderator,"Yeah, yeah. I mean, like, as long as they say something good.",Supplement,False,False,True,2
191,40,1,0,Bryan(host),moderator,"Yeah, happy with it.",All Utility,False,False,True,2
194,41,0,0,Yelin,participant,"Yeah, yeah, yeah, yeah, true.",,,,,2
208,42,13,0,Bryan(host),moderator,And yeah.,All Utility,False,False,True,2
224,48,5,0,Bryan(host),moderator,So yeah.,All Utility,True,False,False,2
225,49,0,0,Leo,participant,"Yeah, yeah. But I.",,,,,2
228,49,3,0,Leo,participant,"But you've been, yeah.",,,,,2
266,55,0,0,Emma,participant,Yeah.,,,,,2
272,57,2,0,Jodie,participant,"yeah, by now there are.",,,,,2
301,59,11,0,YY,participant,Yeah.,,,,,2
315,60,13,0,Bryan(host),moderator,Yeah.,All Utility,False,False,True,2
316,61,0,0,YY,participant,"Yeah, yeah, I agree.",,,,,2
341,65,0,0,Christine,participant,"Yeah, yeah.",,,,,2
342,66,0,0,Bryan(host),moderator,"Yeah, yeah, yeah, I think that's a very interesting perspective as well.",Supplement,False,False,True,2
371,75,0,0,Andrew,participant,"Yeah, because it's not how we.",,,,,2
372,75,1,0,Andrew,participant,Yeah.,,,,,2
377,79,0,0,Andrew,participant,Yep. Yeah.,,,,,2
389,83,0,0,Yelin,participant,"Yeah, yeah, yeah.",,,,,2
394,87,0,0,Yelin,participant,"Yeah, I have tried.",,,,,2
403,89,0,0,Leo,participant,Yeah. Yeah. Sure.,,,,,2
410,93,0,0,Leo,participant,"Yeah, yeah.",,,,,2
411,94,0,0,Bryan(host),moderator,Yeah.,All Utility,False,False,True,2
420,98,0,0,Bryan(host),moderator,"Yeah, yeah, I I totally agree.",Supplement,False,False,True,2
436,99,0,0,Leo,participant,"Yeah, yeah.",,,,,2
463,106,0,0,Bryan(host),moderator,Yeah.,All Utility,False,False,True,2
505,111,4,0,YY,participant,"Yeah, yeah.",,,,,2
540,118,3,0,Bryan(host),moderator,Yeah.,All Utility,False,False,True,2
541,119,0,0,Leo,participant,"Yeah, exactly.",,,,,2
597,133,0,0,Jodie,participant,"Yeah, more for me.",,,,,2
633,138,0,0,Bryan(host),moderator,"Yeah, yeah. so yeah, as as we discussed earlier sometimes be used as the tool to create the hierarchy or to manipulate people.",Interpretation,True,False,False,2
642,138,9,0,Bryan(host),moderator,"So yeah, again, thanks.",All Utility,False,False,True,2
