Unnamed: 0,turn_index,sent_index,segment,speaker,role,text,dialogue_act,informational motive,coordinative motive,social motive,topic_cluster
0,0,0,0,Bryan(host),moderator,"So today, we're going to talk about a topic.",Instruction,False,True,False,1
3,0,3,0,Bryan(host),moderator,"There are a lot of things that's, you know, beyond our rational or logical understanding.",Supplement,True,False,False,1
6,0,6,0,Bryan(host),moderator,You shouldn't do whistling to the moon.,Supplement,True,False,False,1
8,0,8,0,Bryan(host),moderator,"So there are, you know all kind of like weird or interesting superstitions.",Supplement,True,False,False,1
9,0,9,0,Bryan(host),moderator,"So today, we're just going to talk about like, what are some of the scene that you have experienced?",Probing,True,False,False,1
10,0,10,0,Bryan(host),moderator,Do you have any your own belief?,Probing,True,False,False,1
11,0,11,0,Bryan(host),moderator,"And also, what is the kind of scientific foundation like?",Probing,True,False,False,1
13,0,13,0,Bryan(host),moderator,"Okay? So we were just going to start our 1st questions, which is pretty straightforward.",Supplement,False,True,False,1
16,0,16,0,Bryan(host),moderator,"So, for for example, myself, I I'm a very scientific person, I believe, but sometimes I still watch those kind of star sign forecasting like telling me how good my weeks is going to be.",Supplement,True,False,False,1
17,0,17,0,Bryan(host),moderator,"I don't think IA strong believer in that, but I still kind of spend some time reading those kind of a post or article online.",Supplement,True,False,False,1
19,0,19,0,Bryan(host),moderator,Maybe we can start from Emma.,Instruction,False,True,False,1
20,0,20,0,Bryan(host),moderator,"Emma, do you have anything you like to share?",Probing,True,False,False,1
21,0,21,0,Bryan(host),moderator,"Some tell me that you believe some certifications, or any interesting thing that you believe in.",Probing,True,False,False,1
22,1,0,0,Emma,participant,"Basically, I'm a really, really superstitious person.",,,,,1
23,1,1,0,Emma,participant,"I believe in every can every kind of gods like Chinese God, Western gods.",,,,,1
24,1,2,0,Emma,participant,I visit like temples Chinese temples during the New Year to pray for some better life.,,,,,1
25,1,3,0,Emma,participant,Happiness like. I hope my life could go smoothly as as much as possible.,,,,,1
28,1,6,0,Emma,participant,I'm uncertain when I'm uncertain about my future I would go to a fortune tailor.,,,,,1
29,1,7,0,Emma,participant,"Yeah, I went to all kinds of Fountain, Taylor, whether they're doing like like traditional Chinese one or Western one.",,,,,1
30,1,8,0,Emma,participant,"There's tarot cards yeah, all sorts of things, and also in my like, in my daily life.",,,,,1
31,1,9,0,Emma,participant,I just play some music which there's some the sound of the water flowing.,,,,,1
33,2,0,0,Bryan(host),moderator,"Hmm! I see. So you're not picky about what you believe in, just like whatever like potentially can help me.",Interpretation,True,False,False,1
34,2,1,0,Bryan(host),moderator,"I'll just and see if this, God help me, or that God can help me.",Probing,True,False,False,1
35,2,2,0,Bryan(host),moderator,Is that how you approach it?,Probing,True,False,False,1
36,3,0,0,Emma,participant,"No, it's not. It's not self-centered.",,,,,1
37,3,1,0,Emma,participant,It's it's about God-centered.,,,,,1
38,3,2,0,Emma,participant,"You know what God-centered is, not because you want a God to help you.",,,,,1
39,3,3,0,Emma,participant,It's about you. Respect every God.,,,,,1
41,4,1,0,Bryan(host),moderator,"God, you know, don't want you to follow different God, or you kind of contract, and what do you do with it?",Probing,True,False,False,1
42,5,0,0,Emma,participant,"Well, I don't know this sort of thing, for now.",,,,,1
44,7,0,0,Emma,participant,But I don't need every God.,,,,,1
45,7,1,0,Emma,participant,"I when I went to went to a church like last week, I don't need them, and whichever Temple.",,,,,1
49,8,1,0,Bryan(host),moderator,That's very interesting inside.,Supplement,False,False,True,1
51,8,3,0,Bryan(host),moderator,"are you there, man?",Probing,False,True,False,1
53,9,1,0,Andrew,participant,I don't follow much of a belief system to be honest.,,,,,1
54,9,2,0,Andrew,participant,"Because based on my life experience, all of the difficult times in my life I kind of survived or because of my own efforts to be honest, so I have never put my faith into any deity, so to speak.",,,,,1
55,9,3,0,Andrew,participant,"I respect these deities, but being a native Chinese.",,,,,1
56,9,4,0,Andrew,participant,We the way I interpret deities and causes like well.,,,,,1
57,9,5,0,Andrew,participant,they're gonna do something for us to to win our trust to win our faith.,,,,,1
58,9,6,0,Andrew,participant,"Otherwise it's just like, why the hell should I put all my faith in you?",,,,,1
59,9,7,0,Andrew,participant,"And why should I contribute a huge amount of effort in my life to these gods, to me they don't exist, or maybe they do.",,,,,1
60,9,8,0,Andrew,participant,It's just that they gotta find a way to manifest themselves at least.,,,,,1
61,9,9,0,Andrew,participant,"But I do believe in luck in and also, I believe in all the coincidences in life, like, Yeah.",,,,,1
64,10,2,0,Bryan(host),moderator,This kind of thing doesn't have to be like religion or Yeah.,Supplement,True,False,False,1
66,12,0,0,Bryan(host),moderator,"I totally understand your perspective, like you feel yourself is probably the only one you can look after or control the scene that's surrounding you.",Interpretation,False,False,True,1
67,12,1,0,Bryan(host),moderator,"And then maybe there's God, or maybe there's something superpower.",Supplement,True,False,False,1
68,12,2,0,Bryan(host),moderator,But it's out of your control and out of your understanding.,Interpretation,True,False,True,1
70,12,4,0,Bryan(host),moderator,"In perspective. Let's say, Christine, do you have anything to say about belief or superstitutions?",Probing,True,False,False,1
72,13,1,0,Christine,participant,"So basically, we'll put this food be beside the machine, and we believe that, put it beside the machine can make them behave well.",,,,,1
75,13,4,0,Christine,participant,I don't know why.,,,,,1
76,13,5,0,Christine,participant,"But yeah, it's pretty interesting.",,,,,1
81,14,4,0,Bryan(host),moderator,"Jodi, do you have anything you want to share.",Probing,True,False,False,1
83,15,1,0,Jodie,participant,Yeah. When I was in high school each time we had had an exam.,,,,,1
84,15,2,0,Jodie,participant,"We will received a candidate number, and I believe that certain number will bring me good luck and some numbers just bring me bad luck.",,,,,1
85,16,0,0,Bryan(host),moderator,Sorry you mean certain number for for what is it for.,Probing,True,False,False,1
86,17,0,0,Jodie,participant,Canada's number you will receive like a candidates.,,,,,1
88,18,0,0,Bryan(host),moderator,"I see, cause I have a similar experience, but it's more in like choosing the number in multiple choice, like you got 1, 2, 3, 4, or a, BCD, you will be like, Okay, see?",Supplement,False,False,True,1
89,18,1,0,Bryan(host),moderator,It's my lucky character.,Supplement,False,False,True,1
90,18,2,0,Bryan(host),moderator,Today I'll choose all the answer to be C.,All Utility,False,False,True,1
93,20,1,0,Bryan(host),moderator,I was in interrupting you.,All Utility,False,False,True,1
94,21,0,0,Jodie,participant,"So so and like when I received my the candidates number such as if it if it was like 14 or 13 or 4, 8, 4.",,,,,1
95,21,1,0,Jodie,participant,"That would definitely bring me some bad luck, because there has a 4.",,,,,1
98,22,1,0,Bryan(host),moderator,"They don't have the label for, because it's just pronounced the sound just very similar to deaf.",Supplement,True,False,False,1
99,22,2,0,Bryan(host),moderator,"Yeah, it's probably similar logic.",Interpretation,True,False,False,1
101,22,4,0,Bryan(host),moderator,"Do you have experience that you actually receive bad number, and then that lead you to bad result.",Probing,True,False,False,1
105,24,2,0,Bryan(host),moderator,Do you have any experience?,Probing,True,False,False,1
106,24,3,0,Bryan(host),moderator,Or what's your view on superstitutions?,Probing,True,False,False,1
108,26,0,0,Bryan(host),moderator,Shows.,Probing,True,False,False,1
109,27,0,0,Leo,participant,"Basically, I'm a atheist.",,,,,1
110,27,1,0,Leo,participant,I don't believe in any God in in that regard.,,,,,1
112,27,3,0,Leo,participant,It is per logical and scientific.,,,,,1
113,27,4,0,Leo,participant,So actually like I remember my my grandma used to told me so.,,,,,1
114,27,5,0,Leo,participant,"Basically back in the day, like in China when we don't have this but the ones the medical.",,,,,1
115,27,6,0,Leo,participant,What do we do?,,,,,1
116,27,7,0,Leo,participant,"It's a way, pray.",,,,,1
117,27,8,0,Leo,participant,And we have this kind of a traditional it and stuff to hope the delays goes away.,,,,,1
118,27,9,0,Leo,participant,"But as the technology progresses as the economy, I mean booming up, and we have a more sophisticated approach to cure the disarm.",,,,,1
120,27,11,0,Leo,participant,So that's kind of my thoughts on that.,,,,,1
122,27,13,0,Leo,participant,Because we don't. We don't have a explanation to certain things.,,,,,1
123,27,14,0,Leo,participant,And we wanted explanation to certain things.,,,,,1
125,27,16,0,Leo,participant,This canoa approach.,,,,,1
126,28,0,0,Bryan(host),moderator,"That's interesting. I'm interested to know, like, how do when you recall your childhood or your background?",Probing,True,False,True,1
128,28,2,0,Bryan(host),moderator,Is it like? From the very early stage of your life you always has been atheist?,Probing,True,False,False,1
129,28,3,0,Bryan(host),moderator,Or is it like something happened?,Probing,True,False,False,1
130,28,4,0,Bryan(host),moderator,"And then gradually you learn more knowledge, and you eventually.",Probing,True,False,False,1
131,28,5,0,Bryan(host),moderator,but I gradually become acous.,Probing,True,False,False,1
133,29,1,0,Leo,participant,"See? So basically, when I was child.",,,,,1
134,29,2,0,Leo,participant,"I kind of believe in, there might be a a Buddha, or like a traditional Chinese god or something.",,,,,1
135,29,3,0,Leo,participant,"But as I learn more about science, about knowledge.",,,,,1
136,29,4,0,Leo,participant,and how it got generated.,,,,,1
137,29,5,0,Leo,participant,I like stopped believing like All this up superstitious stuff.,,,,,1
139,30,1,0,Bryan(host),moderator,"There's also a lot of things can be explained, but life is too long.",Supplement,True,False,False,1
140,30,2,0,Bryan(host),moderator,"Well, it's too big.",All Utility,False,False,True,1
141,30,3,0,Bryan(host),moderator,And what can be very explained by science is still very little.,Supplement,True,False,False,1
142,30,4,0,Bryan(host),moderator,"So yeah, but I totally understand your view.",Supplement,False,False,True,1
144,30,6,0,Bryan(host),moderator,Do you have any thought or any insight you would like to share.,Probing,True,False,False,1
146,31,1,0,YY,participant,But sometimes when I had some difficult issue in my life.,,,,,1
147,31,2,0,YY,participant,"For example, when I have a important exam, like interview or big decision.",,,,,1
149,31,4,0,YY,participant,Just ask them for some wisdom and calm to guide me through a difficulty or depression.,,,,,1
151,31,6,0,YY,participant,Even though I do like to pray to God.,,,,,1
153,31,8,0,YY,participant,"But there was a story about about that I can tell about I remember around 1012 years ago I went to a super famous temple in Taiwan, called with my friend.",,,,,1
154,31,9,0,YY,participant,and he wanted his is there any chance to get back with his ex-girlfriend?,,,,,1
155,31,10,0,YY,participant,So as for a fortune sticks.,,,,,1
156,31,11,0,YY,participant,"and it shows that that the broken mirror mirror couldn't go back to be wrong again, and I think it really answered his question.",,,,,1
157,31,12,0,YY,participant,So it showed me the like.,,,,,1
158,31,13,0,YY,participant,The superpower of the god.,,,,,1
160,32,1,0,Bryan(host),moderator,So I also have seen my experience.,Supplement,False,False,True,1
162,32,3,0,Bryan(host),moderator,And then that really shocked me.,Supplement,False,False,True,1
163,32,4,0,Bryan(host),moderator,"Because that's very, very precise, very, very accurate.",Supplement,True,False,False,1
164,32,5,0,Bryan(host),moderator,"And then that also gave me a very, very strong relief.",Supplement,False,False,True,1
170,34,2,0,Bryan(host),moderator,You haven't sure do you have anything you want to share regarding to superstitions?,Probing,True,False,False,1
171,35,0,0,Yelin,participant,"Yeah, yeah, actually, I'm not a typical, very typical kind of superstitious person.",,,,,1
173,35,2,0,Yelin,participant,"I I could say, sometimes I'm I'm just quite superstitious like.",,,,,1
174,35,3,0,Yelin,participant,I'm not sure. Whether has everybody heard heard of astrology?,,,,,1
175,35,4,0,Yelin,participant,Because that is something related to like?,,,,,1
176,35,5,0,Yelin,participant,"Sometimes it could be related to tarot cards, and sometimes it could be related to like constellation, like, my constellation is cancer.",,,,,1
177,35,6,0,Yelin,participant,I know it's it may sounds not very auspicious.,,,,,1
178,35,7,0,Yelin,participant,"But yeah, it's the English English version of the constellation type.",,,,,1
179,35,8,0,Yelin,participant,"And sometimes I'm I'm just to be honest, I I won't like Do Europe pray like some religious praying, but sometimes I I will go to the fortune teller, especially when I when I'm gone, when I'm going to have a test.",,,,,1
180,35,9,0,Yelin,participant,"or there's an extreme, extremely important time period in my life that is going to happen.",,,,,1
181,35,10,0,Yelin,participant,"For example, maybe next year I will apply for a Phd study, and this is the time I will go to the fortune teller and to say, what is my fortune for next year, and I will just believe you know what the person said, but but most of the time I just just believe the the good things he, he or she said, and not the best thing.",,,,,1
184,38,0,0,Bryan(host),moderator,How many.,Probing,True,False,False,1
185,39,0,0,Yelin,participant,"Yeah, it's super subjective.",,,,,1
186,39,1,0,Yelin,participant,But sometimes it just brings me a kind of like confidence.,,,,,1
187,39,2,0,Yelin,participant,"I can say confidence, because sometimes you know the things are not physical.",,,,,1
188,39,3,0,Yelin,participant,"But if you if you believe it, then it's gonna be happen.",,,,,1
192,40,2,0,Bryan(host),moderator,It doesn't doesn't matter.,All Utility,False,False,True,1
193,40,3,0,Bryan(host),moderator,"It's true or bad, I mean true of those as something that sounds good, that can potentially, I mean at least it kill you, cheer you up right at least.",Interpretation,False,False,True,1
195,42,0,0,Bryan(host),moderator,Yeah. cool thanks for everyone sharing.,All Utility,False,False,True,1
197,42,2,0,Bryan(host),moderator,And now we move on to the next question.,Instruction,False,True,False,1
199,42,4,0,Bryan(host),moderator,"But you know this kind of belief, and also citizens, still exist in our society, and not exist as a minority.",Supplement,True,False,False,1
205,42,10,0,Bryan(host),moderator,"God religions. So, Leo, do you wanna give a go?",Probing,True,True,False,1
206,42,11,0,Bryan(host),moderator,What's your view on?,Probing,True,False,False,1
210,43,1,0,Leo,participant,So we're looking for this currency.,,,,,1
212,44,0,0,Bryan(host),moderator,So you said simple answers.,Interpretation,True,False,False,1
213,44,1,0,Bryan(host),moderator,So if.,Probing,True,False,False,1
214,45,0,0,Leo,participant,"Yeah. Yeah. And if we actually like a dive deep into the problem, it it gets up complicated very quickly.",,,,,1
215,46,0,0,Bryan(host),moderator,Hmm.,All Utility,True,False,False,1
216,47,0,0,Leo,participant,I don't have a concrete example for for this.,,,,,1
217,47,1,0,Leo,participant,But does that sound?,,,,,1
218,47,2,0,Leo,participant,What kind of my thoughts on that.,,,,,1
221,48,2,0,Bryan(host),moderator,"So maybe in some other perspective, it doesn't necessarily make thing looks easy.",Supplement,True,False,False,1
222,48,3,0,Bryan(host),moderator,It actually bring a lot of detail and discussion in under the under.,Supplement,True,False,False,1
223,48,4,0,Bryan(host),moderator,You know the topic.,Instruction,False,True,False,1
233,50,4,0,Bryan(host),moderator,They just want to have the peace they want to just have the blessed from the God.,Supplement,True,False,False,1
234,50,5,0,Bryan(host),moderator,"Very straightforward. Yeah, totally agree.",Supplement,True,False,True,1
236,51,0,0,Emma,participant,"I mean, 1st of all, sense cannot explain everything.",,,,,1
237,51,1,0,Emma,participant,That's why we need universities and Phd students to explore the unknown.,,,,,1
239,51,3,0,Emma,participant,"it's there. Indeed! The world, indeed has some something, some phenomena you cannot explain.",,,,,1
241,51,5,0,Emma,participant,It encourages you when you face some difficulties also it.,,,,,1
243,51,7,0,Emma,participant,"Sometimes it gives you a clear, clear direction how this, how the thing will go and what might be the reason behind this current situation.",,,,,1
245,51,9,0,Emma,participant,In most cases I get what I want in the end.,,,,,1
246,51,10,0,Emma,participant,"I don't know, because I don't know if it is because it's sort of a mental help to encourage me to get get to these results, or there, indeed, has some superpower helped me to get the updates.",,,,,1
247,51,11,0,Emma,participant,"Positive results. I I, yeah, that's what I want to say.",,,,,1
249,52,1,0,Bryan(host),moderator,"Basically, you are saying that having that will give you a sense of directions and sense of guidance.",Interpretation,True,False,False,1
250,52,2,0,Bryan(host),moderator,"And maybe with that, maybe it's true or not.",Supplement,True,False,False,1
251,52,3,0,Bryan(host),moderator,But at least you have that psychology buffer or psychology support that can move you forward so that you can.,Interpretation,True,False,False,1
253,52,5,0,Bryan(host),moderator,That's how I understand what you just said.,Interpretation,True,False,False,1
254,53,0,0,Emma,participant,"It doesn't. When you pray for something, it doesn't mean that you you pray that you can get that without any effort.",,,,,1
255,53,1,0,Emma,participant,It it does. It does not mean that you you are after something.,,,,,1
256,53,2,0,Emma,participant,You wish to get this effortlessly.,,,,,1
257,53,3,0,Emma,participant,It. It means you want that.,,,,,1
258,53,4,0,Emma,participant,"And you tell the god and the God hear you, and it helped you in in some.",,,,,1
259,53,5,0,Emma,participant,"In some way you cannot explicitly tell, say it, and in the and it worked.",,,,,1
260,53,6,0,Emma,participant,"but sometimes sometimes, indeed, it didn't work, and my friend, my friend told me that it was just some sort of psychologist psychology, psychological therapy you are getting, but I to some extent it it was it, indeed was because I went to some like some fortune teller in and they told.",,,,,1
261,53,7,0,Emma,participant,They told me a lot of wrong things.,,,,,1
262,53,8,0,Emma,participant,They explained my situation in a very wrong way some.,,,,,1
265,54,0,0,Bryan(host),moderator,In life.,All Utility,False,False,False,1
268,56,1,0,Bryan(host),moderator,Do you have anything to say?,Probing,True,False,False,1
273,57,3,0,Jodie,participant,There is still something that cannot be explained by technology and science.,,,,,1
275,57,5,0,Jodie,participant,use this kind of things to like to empower themselves.,,,,,1
279,58,2,0,Bryan(host),moderator,But the life's pretty short and also our resources.,Supplement,True,False,False,1
280,58,3,0,Bryan(host),moderator,Our technology is also quite limited.,Supplement,True,False,False,1
281,58,4,0,Bryan(host),moderator,"So eventually we, we come back, like all our life decisions supported by scientific evidence, because gathering, collecting scientific evidence and doing analysis that also costs money and time, like, now, I'm hosting the conversation because I am trying to collect scientific evidence, right?",Supplement,True,False,False,1
282,58,5,0,Bryan(host),moderator,So it's also taking a lot of time.,Supplement,True,False,False,1
283,58,6,0,Bryan(host),moderator,But life is short.,Supplement,True,False,False,1
284,58,7,0,Bryan(host),moderator,You don't. You can't make that all the times.,Supplement,True,False,False,1
286,58,9,0,Bryan(host),moderator,"Yeah, maybe. Just listen.",All Utility,False,False,True,1
287,58,10,0,Bryan(host),moderator,A few more. Regarding to these questions.,Probing,True,False,False,1
288,58,11,0,Bryan(host),moderator,"Yan, you do you have anything you want to talk understood about?",Probing,True,False,False,1
292,59,2,0,YY,participant,So the my parents or my relatives always explain it with bad luck.,,,,,1
293,59,3,0,YY,participant,or let there's something wrong.,,,,,1
294,59,4,0,YY,participant,So let's look punishment right?,,,,,1
295,59,5,0,YY,participant,Because medicine couldn't explain why they got the disease.,,,,,1
297,59,7,0,YY,participant,"The follow followers of the code are very young like, even though some of them are very highly educated.",,,,,1
300,59,10,0,YY,participant,They need the mental support from somewhere.,,,,,1
303,60,1,0,Bryan(host),moderator,There are less and less.,Supplement,True,False,False,1
305,60,3,0,Bryan(host),moderator,"But as you mentioned that also the rise of population, believing in different other kind of new code or new religions or and then you can see in Melbourne today there are also a lot of shops that's selling something about mentor support counseling, or something like something therapy.",Supplement,True,False,False,1
306,60,4,0,Bryan(host),moderator,"You know the word therapy can appear very, very often, and then I magic stone or carol.",Supplement,True,False,False,1
307,60,5,0,Bryan(host),moderator,So so my conclusion.,Interpretation,True,False,False,1
310,60,8,0,Bryan(host),moderator,So they are shifting their superstitions demand or need to other different things.,Supplement,True,False,False,1
312,60,10,0,Bryan(host),moderator,No one's believing Christianity.,Supplement,True,False,False,1
313,60,11,0,Bryan(host),moderator,But I kind of take a different view.,Supplement,True,False,False,1
318,62,1,0,Bryan(host),moderator,"Because I remember, there was a research about the gene of believing or gene of religions, so so human, tend to have human, have this kind of power of abstract thinking.",Supplement,True,False,False,1
319,62,2,0,Bryan(host),moderator,So you are thinking beyond what you see and feel.,Interpretation,False,False,True,1
320,62,3,0,Bryan(host),moderator,"And then I feel this abstract thinking has a cost, because it might make you over.",Supplement,True,False,False,1
322,62,5,0,Bryan(host),moderator,"and my explanation why my personal explanation, wise religion, or solicitation still exists is because that this thing kind of give you a relief and explanation so that can help you to temporary stop thinking.",Supplement,True,False,False,1
323,62,6,0,Bryan(host),moderator,Stop overthinking. So you can just stay more focused on what's in front of you.,Supplement,True,False,False,1
325,62,8,0,Bryan(host),moderator,"Oh, we can move on to the next.",Instruction,False,True,False,1
326,62,9,0,Bryan(host),moderator,"Oh, Christine, you want to say something.",Probing,True,False,False,1
331,63,3,0,Christine,participant,You don't go swimming in July of the lunar calendar is like a ghost ghost month.,,,,,1
333,63,5,0,Christine,participant,So the superstition is actually some kind of warning like experience warning.,,,,,1
334,63,6,0,Christine,participant,So that's how it still exists.,,,,,1
335,63,7,0,Christine,participant,"And sometimes like. basically, it's like 2 side of the coin, like science and theology.",,,,,1
337,64,1,0,Bryan(host),moderator,"So you're trying to say, like, sometimes the natural phenomenon has kind of become translated into into some superstitution.",Interpretation,True,False,False,1
338,64,2,0,Bryan(host),moderator,"So, for example, in July, maybe in Asia is typical, the typhoon season.",Supplement,True,False,False,1
339,64,3,0,Bryan(host),moderator,"So there's a higher risk, if of that of death or exit accident, if you go swimming and using any kind of co-relay with the superstition that don't go swimming in July.",Interpretation,True,False,False,1
345,66,3,0,Bryan(host),moderator,Probably some of them are still very supportive and also very beneficial.,Supplement,True,False,False,1
349,66,7,0,Bryan(host),moderator,So just want to share.,Instruction,True,True,False,1
351,66,9,0,Bryan(host),moderator,What kind of benefit do you get from the sophistications that you have experienced?,Probing,True,False,False,1
352,66,10,0,Bryan(host),moderator,"Let's see, Andrew, do you have anything you want to share?",Probing,True,False,True,1
357,69,1,0,Andrew,participant,"But I would say, you know this kind of belief system like, if you tend to believe in something.",,,,,1
358,69,2,0,Andrew,participant,Probably this kind of belief will help you get through some really difficult times in life.,,,,,1
359,70,0,0,Bryan(host),moderator,Hmm.,All Utility,False,False,False,1
361,71,1,0,Andrew,participant,"And also it's it's it's also the way to you know, it's it's a way to get by in life.",,,,,1
362,71,2,0,Andrew,participant,you know. There are a lot of things.,,,,,1
363,71,3,0,Andrew,participant,"You know, we we we humans, we are still 3 dimensional existence.",,,,,1
364,71,4,0,Andrew,participant,You see what I mean just that you can't travel back in time.,,,,,1
365,71,5,0,Andrew,participant,You can't. You can't see more than what you can see in front of you.,,,,,1
366,72,0,0,Bryan(host),moderator,So,All Utility,False,False,False,1
367,73,0,0,Andrew,participant,I really believe that you know.,,,,,1
368,73,1,0,Andrew,participant,"Whether it's it's a strong belief in the Deity, or it's just this kind of supertitious perspective of this world.",,,,,1
369,73,2,0,Andrew,participant,It really helps you just live a certain life.,,,,,1
370,74,0,0,Bryan(host),moderator,Do you understand?,Probing,True,False,False,1
374,76,1,0,Bryan(host),moderator,I guess.,Supplement,True,False,False,1
375,77,0,0,Andrew,participant,"Oh, 100%.",,,,,1
376,78,0,0,Bryan(host),moderator,"Yeah, because you have a sense, something much larger than the human power in your own being, and they kind of humble your mind to say I'm.",Supplement,True,False,False,1
380,80,2,0,Bryan(host),moderator,What's the benefit that we get from our belief or sophistications.,Probing,True,False,False,1
382,81,1,0,Yelin,participant,I know. Maybe some of you maybe have used it used this app so like for manifestation.,,,,,1
383,81,2,0,Yelin,participant,"It means like putting strong, positive beliefs will definitely make things that you wish like come true in the future.",,,,,1
384,81,3,0,Yelin,participant,"So, for example, if I strongly believe that I will get good grades for the current semester in university or like, I will become a millionaire, or even a billionaire in the near future.",,,,,1
386,81,5,0,Yelin,participant,"I know it sounds a little bit ridiculous, but who knows?",,,,,1
387,81,6,0,Yelin,participant,"Like what if it indeed happens in the near future, right?",,,,,1
390,84,0,0,Bryan(host),moderator,Very many years ago.,Supplement,True,False,False,1
392,85,1,0,Yelin,participant,"And yeah, it's just related to personal beliefs.",,,,,1
393,86,0,0,Bryan(host),moderator,So have you tried that and you feel it's beneficial for you so far.,Probing,True,False,False,1
395,87,1,0,Yelin,participant,But but currently just nothing come true.,,,,,1
396,87,2,0,Yelin,participant,I'm still waiting. Still waiting.,,,,,1
398,88,0,0,Bryan(host),moderator,Yeah deal. What's your view on that?,Probing,True,False,False,1
400,88,2,0,Bryan(host),moderator,Don't have a scientific evidence.,Supplement,True,False,False,1
404,90,0,0,Bryan(host),moderator,"I mean, you can say no, there's no assumption.",Probing,True,False,False,1
405,91,0,0,Leo,participant,"No, no, I'm trying to like thinking about whole answer.",,,,,1
408,92,0,0,Bryan(host),moderator,"Oh, yeah, that's a very nice.",Supplement,False,False,True,1
409,92,1,0,Bryan(host),moderator,That's very nice.,Supplement,False,False,True,1
412,95,0,0,Leo,participant,"Because I, I know, like a in.",,,,,1
414,95,2,0,Leo,participant,"like a come together, have a kind of group.",,,,,1
415,96,0,0,Bryan(host),moderator,Activities.,Supplement,True,False,False,1
418,97,2,0,Leo,participant,We observe the canva increase the loneliness in in modern world.,,,,,1
419,97,3,0,Leo,participant,And then that's kind of what social structures in that religion can help us.,,,,,1
421,98,1,0,Bryan(host),moderator,There was a moment.,Supplement,False,False,True,1
423,98,3,0,Bryan(host),moderator,"So so I I asked her to, because in Japan you have this kind of I don't know this kind of thing you can get from the temple that can bring you good luck, and you have to go to the.",Supplement,True,False,False,1
424,98,4,0,Bryan(host),moderator,"You have to physically go to the Temple to get and to do the prayer, and then you will receive that pendant, or whatever that they called it.",Supplement,True,False,False,1
425,98,5,0,Bryan(host),moderator,"So I usually don't do that by myself, because I don't believe in their God.",Supplement,True,False,True,1
426,98,6,0,Bryan(host),moderator,"But but I asked my friend to do that for me this year, and my friend was like wondering like, Oh, you don't believe in those God, and why you want me to, you know.",Supplement,True,False,True,1
427,98,7,0,Bryan(host),moderator,"Do the prayer, and want me to have that those pendant for you, and then my answer for that is like.",Supplement,True,False,True,1
429,98,9,0,Bryan(host),moderator,It's probably not so important.,Supplement,True,False,True,1
430,98,10,0,Bryan(host),moderator,And what I really want is that when you're praying for me and in your heart.,Interpretation,False,False,True,1
437,100,0,0,Bryan(host),moderator,How about Jodi? Do you have anything to say?,Probing,True,False,False,1
440,101,1,0,Jodie,participant,And at the same time I just special as an individual and also normal as an individual.,,,,,1
441,101,2,0,Jodie,participant,Because this happens to everybody.,,,,,1
442,102,0,0,Bryan(host),moderator,that's also a very interesting perspective making you feel specials.,Supplement,True,False,True,1
443,102,1,0,Bryan(host),moderator,is it this? Where?,Probing,True,False,False,1
444,102,2,0,Bryan(host),moderator,Where's that special feeling coming from?,Probing,True,False,False,1
446,102,4,0,Bryan(host),moderator,"Once you become a Christian, you are, you are also the Son of God.",Supplement,True,False,False,1
447,102,5,0,Bryan(host),moderator,"So you have that kind of relations with the God, and you feel special.",Interpretation,True,False,False,1
448,102,6,0,Bryan(host),moderator,You feel like you receive a grace from the the Almighty God.,Supplement,True,False,False,1
449,102,7,0,Bryan(host),moderator,So there's a so where's that special feeling coming from?,Probing,True,False,False,1
450,102,8,0,Bryan(host),moderator,Can you explain more.,Probing,True,False,False,1
452,103,1,0,Jodie,participant,I have most. I have the closest relationship to God.,,,,,1
453,104,0,0,Bryan(host),moderator,I see. I see.,All Utility,False,False,True,1
454,104,1,0,Bryan(host),moderator,Yeah. So it's kind of like a imagine or feeling of relation with something that's defined.,Interpretation,True,False,False,1
455,104,2,0,Bryan(host),moderator,"Yeah, I totally understand that.",All Utility,False,False,True,1
458,104,5,0,Bryan(host),moderator,"But you can say again, in short.",Instruction,True,False,False,1
460,105,1,0,Emma,participant,"And also, yeah it can make you bring you some mental support.",,,,,1
461,105,2,0,Emma,participant,I don't know how to say that.,,,,,1
462,105,3,0,Emma,participant,Oh.,,,,,1
464,107,0,0,Emma,participant,"I don't know how to summarize my my point, because.",,,,,1
465,108,0,0,Bryan(host),moderator,"Too many benefit, too many God, too many benefits cool.",All Utility,False,False,True,1
467,108,2,0,Bryan(host),moderator,"I think no one have have mentioned for me, because I, when I was young, I was growing up in a Christian environment, so I grew up as a Christian, but my mind become more critical in my later life stage, so I cannot become less dedicated, no longer no longer a faithful Christians.",Supplement,True,False,False,1
468,108,3,0,Bryan(host),moderator,But there was some point I was feel.,Supplement,False,False,True,1
469,108,4,0,Bryan(host),moderator,"I feel a little bit kind of like, angry or sad, that a lot of time of my life has been spent in religions.",Supplement,False,False,True,1
470,108,5,0,Bryan(host),moderator,"In my early child in my early teenagehood, and also in my early life.",Supplement,True,False,False,1
473,108,8,0,Bryan(host),moderator,"Because if you don't have a religion, you don't believe in God, you don't.",Supplement,True,False,False,1
475,108,10,0,Bryan(host),moderator,"But because I was in that religion environment, I had that opportunity and also a lot of moment to ponder deeper into my life.",Supplement,True,False,False,1
478,108,13,0,Bryan(host),moderator,"Everyone's contributions. Now, we kind of going to have our final questions.",Instruction,False,True,False,1
479,108,14,0,Bryan(host),moderator,So now we're going to talk about.,Instruction,False,True,False,1
480,108,15,0,Bryan(host),moderator,Let me talk about a bit.,Supplement,True,False,False,1
481,108,16,0,Bryan(host),moderator,The kind of obviously there are some harmful religions and harmful superstitions and belief.,Supplement,True,False,False,1
482,108,17,0,Bryan(host),moderator,"Right? So so how can we distinguish, then how do we find that least religions or list believe can potentially be harmful or discriminatory?",Probing,True,False,False,1
484,108,19,0,Bryan(host),moderator,How do you distinguish between code and religions?,Probing,True,False,False,1
485,108,20,0,Bryan(host),moderator,Then you do want to give a start.,Instruction,False,True,False,1
486,108,21,0,Bryan(host),moderator,How do you find the bad believe or bear these superstitions?,Probing,True,False,False,1
487,109,0,0,YY,participant,"This is really hard question, because I'm I'm not I I don't.",,,,,1
489,109,2,0,YY,participant,I don't have many experience to stay.,,,,,1
490,109,3,0,YY,participant,"But recently, one of my friends, she decide to join a religious group.",,,,,1
491,109,4,0,YY,participant,But me and other friends.,,,,,1
492,109,5,0,YY,participant,We are very concerned because that group are have I could.,,,,,1
493,109,6,0,YY,participant,I don't. I don't know how to say like.,,,,,1
494,109,7,0,YY,participant,it's a we. We have concern because the group has like against Lgbtq.,,,,,1
495,109,8,0,YY,participant,The right of Lgbtq.,,,,,1
496,109,9,0,YY,participant,So we have a difficult conversation with my friend to tell her.,,,,,1
497,109,10,0,YY,participant,"If you want to join, you need to make sure you can agree with the the behavior, or the thing they did before.",,,,,1
498,109,11,0,YY,participant,"So for for me, like when I want to.",,,,,1
502,111,1,0,YY,participant,it depends on. Can we argue or clarify or have a discuss with their core value or the principles of behaviors.,,,,,1
504,111,3,0,YY,participant,Let's that's not good.,,,,,1
508,113,0,0,YY,participant,Yes.,,,,,1
509,114,0,0,Bryan(host),moderator,"Cool. How about you, Leo?",Probing,False,False,True,1
510,114,1,0,Bryan(host),moderator,Have you recent? Have you encountered any kind of religious group?,Probing,True,False,False,1
511,114,2,0,Bryan(host),moderator,"And then you found it dodgy or not, you know, kind of like suspicious, or what's how do you?",Probing,True,False,False,1
512,114,3,0,Bryan(host),moderator,"How do you distinguish, or do you have any experience to share.",Probing,True,False,False,1
513,115,0,0,Leo,participant,So I guess I don't.,,,,,1
514,115,1,0,Leo,participant,I don't have anything come to my mind about the like super like radical believers.,,,,,1
518,115,5,0,Leo,participant,Try to eliminate others like this happened in history.,,,,,1
519,115,6,0,Leo,participant,"A lot, for example, Christian Christian has that, and I believe Buddhism also has that the like.",,,,,1
520,115,7,0,Leo,participant,We are also experience that right now in Muslim as well.,,,,,1
521,115,8,0,Leo,participant,So that kind of danger.,,,,,1
522,115,9,0,Leo,participant,"It's a I guess not from religion itself, but from how, how we practice it.",,,,,1
524,116,1,0,Bryan(host),moderator,"because what happened in history is that very often the human leader want to blend his ambitions with the religion, so he or she is using the religion as a tool to achieve he or her goal.",Supplement,True,False,False,1
525,116,2,0,Bryan(host),moderator,"And then, you know, and then trying to using another tool to manipulate or to initiate conflicts.",Supplement,True,False,False,1
526,116,3,0,Bryan(host),moderator,"So so when we're looking back to humanist history is always very complicated, and also there are other parts that you know the religions are doing well, because I well, I remember when I was traveling in Spanish in Spain.",Supplement,True,False,False,1
528,116,5,0,Bryan(host),moderator,So they have. So in that region.,Supplement,True,False,False,1
529,116,6,0,Bryan(host),moderator,"There's like an interchange between Muslim and Christian, and there were also sometime, these 2 groups that kind of coexist or co-leve together.",Supplement,True,False,False,1
530,116,7,0,Bryan(host),moderator,So they were some historical building.,Supplement,True,False,False,1
531,116,8,0,Bryan(host),moderator,They were like some sign that there were good kings that tried to do treat the 2 different population fair and try to live peacefully.,Supplement,True,False,False,1
532,116,9,0,Bryan(host),moderator,They are. They were also back in.,Supplement,True,False,False,1
533,116,10,0,Bryan(host),moderator,They try to kill one another.,Supplement,True,False,False,1
535,116,12,0,Bryan(host),moderator,But exactly.,All Utility,False,False,True,1
536,117,0,0,Leo,participant,I mean.,,,,,1
538,118,1,0,Bryan(host),moderator,When belief and human ambitions blend together.,Supplement,True,False,False,1
539,118,2,0,Bryan(host),moderator,It always turned out to be a little bit nasty.,Supplement,True,False,False,1
543,120,1,0,Bryan(host),moderator,Some potential. Because you have said a lot of good things about bully and superstitions.,Probing,True,False,False,1
544,120,2,0,Bryan(host),moderator,I want to see your view on what are some of the potential bad thing?,Probing,True,False,False,1
545,120,3,0,Bryan(host),moderator,Or how do you find this kind of belief might be harmful.,Probing,True,False,False,1
546,121,0,0,Emma,participant,"Yeah, there are definitely some bad effects, some bad aspects about like being superstitious like.",,,,,1
547,121,1,0,Emma,participant,sometimes I approve like 1.,,,,,1
549,121,3,0,Emma,participant,I rely too much on this 14 Taylors how to say that story.,,,,,1
550,121,4,0,Emma,participant,"Their comments, their predictions for my life.",,,,,1
551,121,5,0,Emma,participant,I rely too much on it.,,,,,1
553,121,7,0,Emma,participant,He she gave her.,,,,,1
554,121,8,0,Emma,participant,"She gave me exactly right prediction of my current situation, of my current situation at that time, so I I believed in her so much.",,,,,1
555,121,9,0,Emma,participant,But I relied too too heavily.,,,,,1
556,121,10,0,Emma,participant,I relied heavily on her her things.,,,,,1
557,121,11,0,Emma,participant,How the thing will go!,,,,,1
558,121,12,0,Emma,participant,What would be the current situation.,,,,,1
559,121,13,0,Emma,participant,But in the end it was What he says was was wrong or mean.,,,,,1
560,121,14,0,Emma,participant,I mean most of her predictions in instead of the 1st very right prediction.,,,,,1
562,121,16,0,Emma,participant,"You don't want to rely too much on this, and you have some judgment by yourself.",,,,,1
563,122,0,0,Bryan(host),moderator,"So you feel like, if it's so, you seem like, if it makes you become overly addictive or obsessive.",Interpretation,True,False,True,1
564,122,1,0,Bryan(host),moderator,This is a sign of like it potentially can be humble to you.,Interpretation,True,False,False,1
565,123,0,0,Emma,participant,"Humble, humble. It depends on what questions you ask.",,,,,1
567,125,0,0,Emma,participant,Actually.,,,,,1
568,126,0,0,Bryan(host),moderator,"Yeah, cool. That's a interesting story to hear.",Supplement,False,False,True,1
569,127,0,0,Emma,participant,"And this also I wanted to add something like, if you want to.",,,,,1
570,127,1,0,Emma,participant,and sort of professional phone tailor.,,,,,1
571,127,2,0,Emma,participant,it's very likely that she will give you some wrong answers.,,,,,1
572,128,0,0,Bryan(host),moderator,So how can you tell what is professional?,Probing,True,False,False,1
573,128,1,0,Bryan(host),moderator,What is unprofessional? Because I never tried fortune teller.,Probing,True,False,False,1
574,128,2,0,Bryan(host),moderator,"So I what if so, you're you sounds very experienced in this.",Probing,True,False,False,1
575,128,3,0,Bryan(host),moderator,How can you tell what is a good one?,Probing,True,False,False,1
576,128,4,0,Bryan(host),moderator,What is a bad one?,Probing,True,False,False,1
577,129,0,0,Emma,participant,"Well, well, one bad formula.",,,,,1
578,129,1,0,Emma,participant,I guess I meant it was.,,,,,1
579,129,2,0,Emma,participant,she's a she's a master's student.,,,,,1
580,129,3,0,Emma,participant,"she just in in your email, she just do it for for some pocket money.",,,,,1
581,130,0,0,Bryan(host),moderator,Oh!,All Utility,False,False,True,1
582,131,0,0,Emma,participant,And she what what she she!,,,,,1
583,131,1,0,Emma,participant,She only know she only know how to use the Tarot card.,,,,,1
584,131,2,0,Emma,participant,"She only know that, and she doesn't have much experience.",,,,,1
585,131,3,0,Emma,participant,"And I think for a lot of a lot of like, there's tarot cards and you can grab a stick from the bottle that tell your fate, and a lot of techniques can foretell your fate, and but she only know she only know 1 1 of them, and don't have much experience on that.",,,,,1
586,131,4,0,Emma,participant,So it's very easy to tell.,,,,,1
587,131,5,0,Emma,participant,It's very easy whatever.,,,,,1
588,131,6,0,Emma,participant,"Oh, sorry when when you get your Tarot card results it there.",,,,,1
589,131,7,0,Emma,participant,There are a lot of ways to explain it.,,,,,1
591,131,9,0,Emma,participant,"They would guess from what what you said, and try to explain the situation in the same way in your mind.",,,,,1
594,132,1,0,Bryan(host),moderator,You can tell they are professional or not.,Interpretation,True,False,False,1
596,132,3,0,Bryan(host),moderator,How do you identify like a bad belief or bad sophistications?,Probing,True,False,False,1
599,133,2,0,Jodie,participant,"Is, depend on it's more like, if you regard yourself, you regard that superstitious beliefs as part part of yourself, or you devoted you all of yourself to that superstitious beliefs, and you just ignore other perspectives.",,,,,1
601,134,1,0,Bryan(host),moderator,"In my opinion, if if it's obviously that belief or that thing trying to get a benefit out of you like money, your attention, or your body.",Supplement,True,False,False,1
602,134,2,0,Bryan(host),moderator,then it's probably can.,Supplement,True,False,False,1
603,134,3,0,Bryan(host),moderator,"It is probably likely to be something that's suspicious, because my personal experience is that the best fortune teller I have ever seen in my life?",Supplement,True,False,False,1
604,134,4,0,Bryan(host),moderator,"There was only one, and she was just my friend, so she doesn't do it for money.",Supplement,True,False,True,1
605,134,5,0,Bryan(host),moderator,She only do it once in a while.,Supplement,True,False,False,1
606,134,6,0,Bryan(host),moderator,She doesn't break about it.,Supplement,True,False,False,1
607,134,7,0,Bryan(host),moderator,She doesn't just like she doesn't try to.,Supplement,True,False,False,1
609,134,9,0,Bryan(host),moderator,"She's just like she only can name when you have a very low mood, and try to kind of give you some support and confidence.",Supplement,False,False,True,1
610,134,10,0,Bryan(host),moderator,"And she was but her fortune telling it's very, very precise.",Supplement,True,False,False,1
611,134,11,0,Bryan(host),moderator,So I was very shocked when she did that to me.,Supplement,True,False,False,1
614,134,14,0,Bryan(host),moderator,"Yeah, Christine, do you have anything you want to say?",Probing,True,False,False,1
616,135,1,0,Christine,participant,And I've seen the documentary on athletes about Korean code.,,,,,1
617,135,2,0,Christine,participant,So that was really terrible.,,,,,1
618,135,3,0,Christine,participant,"So I feel like, just don't go too much, and don't let you believe home order, and don't harm yourself, and.",,,,,1
619,136,0,0,Bryan(host),moderator,It can be that.,Supplement,False,False,True,1
620,136,1,0,Bryan(host),moderator,"Yeah, I feel sometimes like relationship as well, like romantic relationship.",Supplement,True,False,True,1
621,136,2,0,Bryan(host),moderator,Some of the religions religious.,Supplement,True,False,False,1
622,136,3,0,Bryan(host),moderator,How do you call that sanguine is like some of the religious liar they know.,Probing,True,False,False,1
623,136,4,0,Bryan(host),moderator,"Use those kind of pick out artist skills, try to make you worried and try to get your attention and try to eventually try to get you to pay the money.",Supplement,True,False,False,1
624,136,5,0,Bryan(host),moderator,"And yeah, so this I see some of those signed kind of or be as an apparent.",Supplement,True,False,False,1
628,137,2,0,Andrew,participant,"I'm kind of with Leo on this like something you mentioned as well like any kind of superstition or belief system, or any form of religion.",,,,,1
630,137,4,0,Andrew,participant,so I don't. I don't generally believe that there should be a hierarchy system built upon this.,,,,,1
631,137,5,0,Andrew,participant,"So for those non-believers like you're not favored by the Deity celebrated in this very specific religion, and therefore we have every single reason to do anything cruel to you.",,,,,1
635,138,2,0,Bryan(host),moderator,We are supposed to cover today.,Supplement,False,True,False,1
636,138,3,0,Bryan(host),moderator,Anyone else have something that you would like to say about superstitions or regarding our last questions.,Probing,True,False,False,1
637,138,4,0,Bryan(host),moderator,"If no, we probably can.",Instruction,False,True,False,1
638,138,5,0,Bryan(host),moderator,Can red part here.,Instruction,False,True,False,1
639,138,6,0,Bryan(host),moderator,"So today, we kind of talk about a lot of things about sophistication and belief.",Interpretation,True,False,True,1
640,138,7,0,Bryan(host),moderator,"We talk about a good thing about it, different kind of belief.",Interpretation,True,False,False,1
641,138,8,0,Bryan(host),moderator,"And eventually we talk about like, what kind of bully can be harmful and also how to identify the harmful bully or superstitions.",Interpretation,True,False,False,1
644,138,11,0,Bryan(host),moderator,For tonight's discussions. We will finish here.,Instruction,False,True,False,1
645,138,12,0,Bryan(host),moderator,Thank you.,All Utility,False,False,True,1
