Unnamed: 0,turn_index,sent_index,segment,speaker,role,text,dialogue_act,informational motive,coordinative motive,social motive,topic_cluster
40,4,0,0,Bryan(host),moderator,"Oh, okay. But what if the God conflict like this?",Probing,True,False,False,3
43,6,0,0,Bryan(host),moderator,"Okay, that's very interesting.",All Utility,False,False,True,3
48,8,0,0,Bryan(host),moderator,"Okay, cool for your sharing.",All Utility,False,False,True,3
69,12,3,0,Bryan(host),moderator,"Yeah, okay, that's fair enough.",All Utility,False,False,True,3
87,17,1,0,Jodie,participant,"Number. Okay, okay.",,,,,3
92,20,0,0,Bryan(host),moderator,"Okay, yeah, sorry. Carry on.",Instruction,False,True,False,3
103,24,0,0,Bryan(host),moderator,"Okay, okay, so it's actually true for you.",Interpretation,True,False,False,3
104,24,1,0,Bryan(host),moderator,"Okay, yeah. cool. How about you, Leo?",Probing,True,False,False,3
143,30,5,0,Bryan(host),moderator,"okay, let's see. Yan yu?",Probing,True,True,False,3
168,34,0,0,Bryan(host),moderator,"Okay, I think we also have yelling.",Supplement,False,True,False,3
182,36,0,0,Bryan(host),moderator,Okay.,All Utility,False,False,False,3
207,42,12,0,Bryan(host),moderator,Okay? Hopefully in institutions.,Probing,True,False,False,3
248,52,0,0,Bryan(host),moderator,"Okay, yeah, I think that's very interesting.",All Utility,False,False,True,3
267,56,0,0,Bryan(host),moderator,"Okay, yeah. How about Jodi?",Probing,True,False,True,3
327,62,10,0,Bryan(host),moderator,Okay.,Instruction,False,True,False,3
336,64,0,0,Bryan(host),moderator,"Okay, okay, I get what I mean.",Interpretation,True,False,False,3
354,67,0,0,Andrew,participant,Okay.,,,,,3
397,87,3,0,Yelin,participant,Okay? Okay.,,,,,3
456,104,3,0,Bryan(host),moderator,"Okay, cool. How about you, Emma?",Probing,True,False,True,3
477,108,12,0,Bryan(host),moderator,"Okay, that sounds thanks.",All Utility,False,False,True,3
500,110,0,0,Bryan(host),moderator,"9, okay.",All Utility,False,False,True,3
507,112,1,0,Bryan(host),moderator,Okay.,All Utility,False,False,True,3
542,120,0,0,Bryan(host),moderator,"Okay. Emma, interesting to your view.",Probing,True,False,False,3
566,124,0,0,Bryan(host),moderator,Okay.,All Utility,False,False,True,3
593,132,0,0,Bryan(host),moderator,"Hmm, okay. So it's just based on their behavior and their knowledge.",Interpretation,True,False,False,3
595,132,2,0,Bryan(host),moderator,"Okay. Cool. Jodi, do you have anything you want to share, do?",Probing,True,False,True,3
625,136,6,0,Bryan(host),moderator,"Okay, Andrew, do you have anything you want to share.",Probing,True,False,False,3
