Unnamed: 0,turn_index,sent_index,segment,speaker,role,text,topic_cluster
0,0,0,0,evan,participant,Hi! Hello! Hello! Everyone!,1
1,1,0,0,CiCi,participant,Hello!,1
2,2,0,0,evan,participant,"Hi, yeah. This is an interesting topic about the so presentations.",1
3,2,1,0,evan,participant,And I want to show my idea.,1
4,2,2,0,evan,participant,"First, st is it okay?",1
5,3,0,0,CiCi,participant,Yep.,1
7,4,1,0,evan,participant,Thank you. Everyone. This.,1
8,4,2,0,evan,participant,The so-called superstations is the belief in the existence of a super nature.,1
9,4,3,0,evan,participant,"Things such as God and the ghost in our lives, and combine these things with power, and it can emerge some bland worship to some parties or someone.",1
10,4,4,0,evan,participant,"So, therefore, superstation can be researched from 2 perspectives.",1
11,4,5,0,evan,participant,"One is supernatural events in nature, and the other is man-made words related to maybe politics.",1
12,4,6,0,evan,participant,"So of course, we are definitely talking about the former.",1
13,4,7,0,evan,participant,"So, in my opinion, superstitations can be divided into the following sorts, and the 1st is Mistalk superstitations, including some religion, 2 terms sacrifice, and others it refers to someone's obsessive belief in story writing and ancient books or pasta.",1
14,4,8,0,evan,participant,"For example, some people blandly believe in the teaching and retors of religion, and some people will firmly believe that tribal 2 terms can give their trade guidance, and so on, and the second is the field of expectations.",1
15,4,9,0,evan,participant,"It refers to the worship and belief in supernatural forces, including some astrology divination which Doctors and Feng Shui, destiny and other, and so on.",1
16,4,10,0,evan,participant,"So such solicitations are rarely associated with ideas and customers of food or society, and although they are sometimes used to cheat people out of money, but actually, I think these things are objectively present in some things, and the 3rd is the scientific superstitions.",1
17,4,11,0,evan,participant,"It refers to the belief that science is the golden rule, and that all the mysteries of the universe is alive will eventually be confirmed by suns, the superstation, absolute side suns, and ignores its uncertainty and limitations.",1
18,4,12,0,evan,participant,So it's my ideas about the solicitations.,1
19,4,13,0,evan,participant,"And to be honest, I trust the super station is in our lives and works, because it is.",1
20,4,14,0,evan,participant,Maybe the existence means the reasonable.,1
21,4,15,0,evan,participant,"Yes, that's all.",1
22,5,0,0,CiCi,participant,"Okay, thank you. Even you give a lot of information about the superstations.",1
23,5,1,0,CiCi,participant,And I also believe the superstations.,1
24,5,2,0,CiCi,participant,Sometimes when I feel some a little confused about my future or some work or study.,1
25,5,3,0,CiCi,participant,"Some people always look for the tallow tarot cards on social media, and some some some people always test Tarot cards to credit what?",1
26,5,4,0,CiCi,participant,What will happen in the future.,1
27,5,5,0,CiCi,participant,"And I think a lot of people watch these videos to in order to have a certain future, and I don't know.",1
28,5,6,0,CiCi,participant,"Everyone have tried this before, but some people some my friends, and including me, sometimes, always watch this video to see.",1
30,5,8,0,CiCi,participant,But I don't know.,1
31,5,9,0,CiCi,participant,Do you believe the current cards.,1
32,6,0,0,evan,participant,Yeah. The tower card is a common phenomena in recent years.,1
35,6,3,0,evan,participant,maybe I trust it but it.,1
36,6,4,0,evan,participant,Many people will seek some psychological comfort and the temptation when facing some difficulties and uncertainties in life.,1
38,6,6,0,evan,participant,"The 2 coins, and in partly, I trust, the Tarot card.",1
39,6,7,0,evan,participant,Yes.,1
41,8,0,0,evan,participant,"Yeah, because it shows some the good, the good phenomena, and it can give me some comfort and give me a a good future in some event or in some career.",1
43,9,0,0,CiCi,participant,What about others? Opinion?,1
44,10,0,0,Maolin,participant,I believe.,1
45,11,0,0,Urania,participant,Girlfriend.,1
46,12,0,0,Maolin,participant,You say first.st,1
48,13,1,0,Urania,participant,"And for myself. Actually, I did not have the same experience.",1
49,13,2,0,Urania,participant,"But Carol car, but I have a good friend that she is familiar with this, and she told me that when she made some especially some challenges she will try to find one of her friends that who is very who is good at you know, to predicting the Carol card, and but she told me that it is not always that.",1
50,13,3,0,Urania,participant,The prediction is accurate or correct.,1
51,13,4,0,Urania,participant,So to what degree?,1
53,13,6,0,Urania,participant,"Very, very accurately to predict our future.",1
54,14,0,0,evan,participant,And others. People idea.,1
55,15,0,0,Urania,participant,"Yeah, I just wondering whether there are some examples like in our real life to show the accuracy of Carol Card, because I'm not sure that.",1
59,17,0,0,Urania,participant,"Oh, yeah, I I see that some people use the curse to create an like new story with the same rules, maybe in real life or not.",1
63,20,0,0,evan,participant,Green and and how about Joseph.,1
64,21,0,0,Johnson,participant,Sorry I just joined so sorry.,1
65,21,1,0,Johnson,participant,What is the question?,1
67,22,1,0,evan,participant,We discussed about the Tarot card.,1
69,23,0,0,Johnson,participant,So what? What? Card?,1
70,23,1,0,Johnson,participant,Correct?,1
72,25,0,0,Johnson,participant,Okay.,1
78,27,4,0,Johnson,participant,"well, there are some reference, I would say.",1
80,27,6,0,Johnson,participant,"Top cards, but because.",1
89,28,1,0,evan,participant,"Maybe. Sorry. Yeah, it's not strongly believe it.",1
91,28,3,0,evan,participant,And and others ideas about the the so presentation.,1
92,28,4,0,evan,participant,Oh.,1
94,29,1,0,Urania,participant,There is another important phenomenon that called constellation.,1
96,29,3,0,Urania,participant,I don't know the English translation.,1
99,29,6,0,Urania,participant,"And it is more accurate for us to predict the future compared to the tarot cards, because it is related to the different personality.",1
100,29,7,0,Urania,participant,Sometimes.,1
101,30,0,0,evan,participant,Hmm.,1
103,31,1,0,CiCi,participant,The people depend on their birth.,1
104,31,2,0,CiCi,participant,"birth, date, and for the tarot cards that is always changed according to the different time.",1
105,31,3,0,CiCi,participant,You make a different decisions to the cards and the constellation.,1
107,31,5,0,CiCi,participant,"They have the same characteristics, I think that is the common common things, but the character cards that is more specific.",1
108,31,6,0,CiCi,participant,They always changed.,1
110,32,1,0,Urania,participant,And the point is that I also noticed the phenomenon that many people predict.,1
114,33,1,0,evan,participant,"I have, say, the taller guy, too, and but I can only saw her saw his prediction about the physical condition.",1
115,33,2,0,evan,participant,"And yeah, maybe physical condition.",1
117,33,4,0,evan,participant,Maybe it's only a comfort so.,1
118,33,5,0,evan,participant,But the the but the physical condition can remain to us to pay attention some something something such as the throat or the stomach back days.,1
119,33,6,0,evan,participant,"and the constellations, I think, is service service to a group and the Tarot card, like a Tarot card is service only store yes.",1
121,33,8,0,evan,participant,"Yes, and but the but the substitution are existing in the scientific and technology world.",1
122,33,9,0,evan,participant,"It must be, it must be have.",1
123,33,10,0,evan,participant,It must be. Have some reasons.,1
125,33,12,0,evan,participant,"Why is the psychological comfort just just, I said, about many people will seek some comfort, the mental comfort and certification, and they face some difficulties and problems and some superstitious activities, such as damnation and prayer.",1
127,33,14,0,evan,participant,And the second is the cultural inheritance.,1
128,33,15,0,evan,participant,So presentation as a cultural phenomena has a profound cultural background and historical inheritance.,1
129,33,16,0,evan,participant,"Even in modern society this cultural phenomena still exist in various forms, and to some extent are considered valid like in our history in hand.",1
130,33,17,0,evan,participant,Dynasty. There are some ghost and God use.,1
131,33,18,0,evan,participant,There are some gold standard phenomenas in the in their dynasties to combine their power to govern their people.,1
135,34,1,0,Johnson,participant,a much more minor group people.,1
136,34,2,0,Johnson,participant,"They they reference, or they believe I'm not sure about.",1
138,34,4,0,Johnson,participant,"I only know a little bit few friends that they're interested in tarot cards, but a lot more friends that well, it's not believe, but reference from constellations or star signs.",1
147,34,13,0,Johnson,participant,It's not the exact way of trying to define in person.,1
152,36,0,0,Johnson,participant,"Know, trying to know some new friends.",1
156,39,1,0,evan,participant,"And the things, maybe the reasonable.",1
157,39,2,0,evan,participant,And many people to suit it to to solve their pressures of problems and and also to know some personality and characteristics characteristics.,1
158,39,3,0,evan,participant,With the within the within meet.,1
159,39,4,0,evan,participant,Some new friends process.,1
160,39,5,0,evan,participant,"Yeah, it's maybe it's a good tool, maybe for some people.",1
161,39,6,0,evan,participant,So it it. So it are existing in our modern society.,1
163,40,1,0,CiCi,participant,"And if some people, they they are very of struggle in the in the nowadays, and they, according to the Tarot cards, they know.",1
164,40,2,0,CiCi,participant,"Oh, that is not my fault.",1
166,40,4,0,CiCi,participant,Some some psychological suggestions to to deal with the problems.,1
170,42,1,0,Jane,participant,"I'm not quite interested in Tarot card, but I know Another example for this, and in China we in my city.",1
172,42,3,0,Jane,participant,"Meet the the master here, there in the mountain, and to make a wish with them.",1
173,42,4,0,Jane,participant,"For example, if they're if the a person's child will take college entry exam.",1
177,43,0,0,evan,participant,"Yeah, yeah, it's a phenomena that to go to some mountains, famous mountains to burn incense and worship to the god.",1
178,43,1,0,evan,participant,"To reach some things, and and after achieve some goals and fulfill their words to the, to the god.",1
179,43,2,0,evan,participant,And so the phenomena.,1
181,43,4,0,evan,participant,"original, I believe, or a region, I believe, for you.",1
184,44,2,0,Jane,participant,"Oh, you can make a wish to gods, and the God might help you, and people just go.",1
187,45,1,0,evan,participant,But your families your families to burn some incense and worship the god and you.,1
188,45,2,0,evan,participant,"And after after the activities, you get the treatment.",1
194,45,8,0,evan,participant,"Yeah, here and and and other peoples to share the example of experienced.",1
195,46,0,0,Urania,participant,"Yeah, I have a related experience that maybe theoretically many people thought for different generations.",1
196,46,1,0,Urania,participant,Maybe the younger generation is more less likely to believe this.,1
197,46,2,0,Urania,participant,Different aspects. Different different kinds of beliefs.,1
198,46,3,0,Urania,participant,"But, interestingly, I found that for example, in a famous attraction that is yongho palace in Beijing before I went to went there.",1
203,46,8,0,Urania,participant,"Why, more and more people choose to believe.",1
204,47,0,0,evan,participant,"Yeah. Beijing, Beijing's the other name is Did you hear the city?",1
205,47,1,0,evan,participant,"Because, yeah, because Beijing has 9 doors and 4 lines, and it lacks squares.",1
206,47,2,0,evan,participant,And you said the Yonghe Palace.,1
207,47,3,0,evan,participant,It's related to the fate.,1
208,47,4,0,evan,participant,"Maybe the country's fate, or maybe the government's fate.",1
209,47,5,0,evan,participant,and it's it's a good example.,1
210,47,6,0,evan,participant,And and what do you think about the substations has the the positive impact or the negative impact?,1
211,47,7,0,evan,participant,"Oh, for us! So I need people to share the idea.",1
212,48,0,0,Johnson,participant,The word superstitious is a much more negative way of trying to express someone's beliefs.,1
220,48,8,0,Johnson,participant,"They cherish their ancestors, and or cherish the god, or be thankful about something else.",1
221,48,9,0,Johnson,participant,"and they give them positive moods or positive ways of thinking on, and hoping that tomorrow will be better.",1
222,48,10,0,Johnson,participant,"Right now we are better, something else, etc.",1
228,48,16,0,Johnson,participant,There's another thing. It's called phone tray.,1
231,48,19,0,Johnson,participant,"Right? Yeah, you have different phone tray.",1
234,48,22,0,Johnson,participant,You want to put something else.,1
237,48,25,0,Johnson,participant,These are superstitious. You could say that or beliefs right?,1
242,49,1,0,evan,participant,Maybe we have the similar ideas about about the about about it.,1
243,49,2,0,evan,participant,"We respect it, but maybe we cannot support it to exist in our lives.",1
244,49,3,0,evan,participant,"and they are positive and negative effects about earth you, said the peoples to take the exams.",1
246,49,5,0,evan,participant,And and others. People's idea about about 8.,1
247,49,6,0,evan,participant,Only positive. I'll make tape and.,1
249,50,0,0,Johnson,participant,"Yes, there's no one.",1
250,51,0,0,evan,participant,There's no one.,1
253,52,2,0,Johnson,participant,you cannot directly see the kitchen.,1
255,52,4,0,Johnson,participant,There's no actual evidence on this example.,1
256,52,5,0,Johnson,participant,There's no wine. But this is how we well respected.,1
266,54,1,0,CiCi,participant,"Always, according to the Feng Shui, they they prefer to locate the store or university near the river or near the mountain.",1
267,54,2,0,CiCi,participant,"you especially in my city, in my, in my primaries, in my high school, the high school location.",1
268,54,3,0,CiCi,participant,"I I heard I heard this information from my teacher that the leaders always always invite some, some specialist in Feng Shui, and they just give some suggestions.",1
269,54,4,0,CiCi,participant,"So why we should choose our schools location here, and why we don't choose that location.",1
270,54,5,0,CiCi,participant,"That is because, according to the function, if the function is very good and the students in this school will have more opportunity to to go to a better university.",1
272,54,7,0,CiCi,participant,"That is because whether you go to the a good university or worst university, that is, according to your study heart.",1
273,54,8,0,CiCi,participant,"Not, that is not, depend on the schools, location, selection, but the leaders in our schools.",1
274,54,9,0,CiCi,participant,They they believe that if the Schools location selection that is good and our students have have more opportunity to go to a better university in the future.,1
275,54,10,0,CiCi,participant,That is just. An example from my experience about function.,1
278,55,2,0,Urania,participant,"But I will totally show my respect for my example, like I just Several several months ago I and a new apartment in Melbourne and in the final period we have 2 options.",1
279,55,3,0,Urania,participant,But one of the option of the apartment is it's a little bit weird.,1
281,55,5,0,Urania,participant,So my roommates think that maybe it will affect our study in the aspect of concern when considering the phone straight.,1
282,55,6,0,Urania,participant,So although at the beginning I do not believe it.,1
283,55,7,0,Urania,participant,But when I know that it is possible to influence us.,1
284,55,8,0,Urania,participant,So I decided to believe.,1
286,56,0,0,evan,participant,"Yeah, yes, the yes, the layout, the layout, and the part of the Feng Shui to the to the house is good examples about the super stations.",1
287,56,1,0,evan,participant,Maybe. Maybe some people.,1
289,56,3,0,evan,participant,And it demands that.,1
290,56,4,0,evan,participant,And it demands that the layout of the functions of halls can make some positive effect positive effects to their maybe to their relatives or to their study career or to their work career.,1
293,56,7,0,evan,participant,And so maybe we have to continue the final step.,1
294,56,8,0,evan,participant,If the the final questions about how can we distinguish between family solicitations and beliefs that can be harmful or discriminatory?,1
297,56,11,0,evan,participant,Maybe anyone to share his or her idea.,1
301,57,3,0,Maolin,participant,"They say they said, if you are, if you are, go, and if you are in the period, and you shouldn't go to the mountain and make the wish because it will be disturbed the ancestor or ghost.",1
302,58,0,0,evan,participant,"Yes, and any other, maybe.",1
306,59,2,0,Jodie,participant,"The harm harmful, superstitious, and until it's does harms.",1
308,60,0,0,evan,participant,"Yeah. For example, I I gave I gave you 2, maybe 2 phenomenas for you one is the worship, maybe a worship to thank God to wish some things, and the other is to say the Feng Shui about the house.",1
312,60,4,0,evan,participant,It's it's worse.,1
314,62,0,0,evan,participant,Okay.,1
316,64,0,0,evan,participant,"Hmm, yes. So maybe you have the similar idea with ours to respect it, but not not carried.",1
317,64,1,0,evan,participant,It's the ad.,1
320,66,1,0,evan,participant,And others idea. Region.,1
322,67,1,0,Jane,participant,It's okay. Because once when I was in Melbourne.,1
323,67,2,0,Jane,participant,I saw a woman.,1
324,67,3,0,Jane,participant,"She carried a doll in her in a in in her arm, and then she just carried a very big, huge speaker to play some weird music, and she dressed up very, very weird.",1
328,69,0,0,Urania,participant,"Yeah, I totally agree with that, because I think as long as this place could sometimes bring some sense of security or sense of control, that is.",1
329,69,1,0,Urania,participant,for the people who please leave it themselves.,1
330,69,2,0,Urania,participant,"It's okay. As long as they do not use make use of these leaves to do something which is for for others, because, like I know phenomenon called or driving in Chinese, and that that is, they make.",1
331,69,3,0,Urania,participant,They make use of this some concept of beliefs to in order to their own benefits to harm others.,1
333,69,5,0,Urania,participant,It's okay.,1
334,70,0,0,evan,participant,"Hmm! Great! And Stacey, what's your idea about about the question?",1
335,71,0,0,CiCi,participant,About chime in.,1
336,72,0,0,evan,participant,"Distinguish the harmful or discriminatories, the superstations and the beliefs.",1
337,73,0,0,CiCi,participant,"Oh, sorry! Could you repeat your question?",1
340,74,2,0,evan,participant,How? How the solicitations of beliefs is discriminatory or harmful.,1
342,75,1,0,CiCi,participant,"And that is the positive for for most people that is just to give you, give you some some some suggestions that the future will be better, or the future or the few, even though there are some, some things happened that is just a fate.",1
344,75,3,0,CiCi,participant,And these things that is also a part of super superstation.,1
346,75,5,0,CiCi,participant,"There are some, some harmful thing.",1
347,75,6,0,CiCi,participant,"harmful things that is just to give the some maybe maybe that is a little, some traditional traditional things that is not positive to our society development.",1
348,75,7,0,CiCi,participant,"And I also think, even though all the development of technology that is a lot of research researchers do some research.",1
349,75,8,0,CiCi,participant,"especially in the physics, but there are some, some knowledge that could derail the.",1
350,75,9,0,CiCi,participant,"the, the, the facts.",1
351,75,10,0,CiCi,participant,They couldn't explain why it happens at that time.,1
352,75,11,0,CiCi,participant,Some people always always say that is a super superstations.,1
354,76,1,0,evan,participant,Maybe the emperors or some kings are died some.,1
355,76,2,0,evan,participant,"you know, some slaves or some Concubans need to sacrifice with their with their host.",1
357,76,4,0,evan,participant,"And there is a harmful Yeah, I suddenly remembered the phenomenon and the soupsations actually is a very good topic for the Chinese people, because Chinese peoples to maybe from the burn, from the burn to fear the solicitations, and because they worship the god, or worship the ghost.",1
358,76,5,0,evan,participant,"and it for the mysteries, and horrifying and in our lives.",1
359,76,6,0,evan,participant,Maybe we cannot to pay attention to the the presentations.,1
360,76,7,0,evan,participant,"And the topic is, it's very interesting.",1
362,76,9,0,evan,participant,And what other peoples to add some idea about the sophistications.,1
368,77,5,0,Johnson,participant,and then drove around the city area and then light up some firecrackers.,1
372,77,9,0,Johnson,participant,"And if the family believes in certain behaviors, or or or activities or events.",1
375,77,12,0,Johnson,participant,"But for that, usually people will try to ignore these.",1
380,78,1,0,evan,participant,And and I want to add some comment and nobody.,1
382,78,3,0,evan,participant,And we have a constructive discussion about it.,1
384,78,5,0,evan,participant,So it's the end of the topic.,1
385,78,6,0,evan,participant,How about do a sink off.,1
386,79,0,0,Johnson,participant,I I guess this is a bit.,1
394,79,8,0,Johnson,participant,There are some dates better for moving houses.,1
395,79,9,0,Johnson,participant,"There are dates better for moving, or probably cleaning the houses.",1
396,79,10,0,Johnson,participant,"There are dates better for open business, etc.",1
403,80,0,0,CiCi,participant,"People always. Some people don't believe superstitions, but they respect it.",1
404,80,1,0,CiCi,participant,"Everyone respected our thinking, especially in China.",1
415,82,0,0,evan,participant,"Yeah, and in East Asia, because the the the china is a host host countries for their boundaries, countries like the Korea, Japan and in some the South East Asia.",1
416,82,1,0,evan,participant,it relates to the transitional culture.,1
418,82,3,0,evan,participant,"When they when they make the process of the moving, the mowing the house or clean the house they can.",1
419,82,4,0,evan,participant,They can to say some things based on the superstations to make the make.,1
420,82,5,0,evan,participant,Make them have a good fortune to their future.,1
422,82,7,0,evan,participant,So they respect it.,1
423,82,8,0,evan,participant,And as as a next generations maybe they can inherit some solicitations to our slaves.,1
424,82,9,0,evan,participant,"Yeah, so respect age.",1
425,82,10,0,evan,participant,"And yeah, and if we and if you want and they want, and if you are interested in the superstations, maybe you can research further, to throw some ancient books, also some more social medias.",1
426,82,11,0,evan,participant,"Yes. But this is the professional areas for others, people's or other professional expertise.",1
428,82,13,0,evan,participant,And other people's trial to have their to have its idea.,1
429,82,14,0,evan,participant,No.,1
430,83,0,0,Urania,participant,"No, okay, thank you for sharing.",1
432,84,1,0,evan,participant,And maybe we can to end our topic and the discussion.,1
