Unnamed: 0,turn_index,sent_index,segment,speaker,role,text,dialogue_act,informational motive,coordinative motive,social motive,topic_cluster
3,0,3,0,Bryan Chen,moderator,"So I think laughter is a very kind of like interesting phenomenon of human behavior that more or less we, you know, love sometimes, or laugh more and but like, I guess, like laughing has become more and more complicated when you grow it up.",Supplement,True,False,False,0
13,0,13,0,Bryan Chen,moderator,So are you a person who laugh often do you have people around you who laugh a lot?,Probing,True,False,False,0
15,0,15,0,Bryan Chen,moderator,People who laugh frequently tend to have.,Probing,True,False,False,0
16,0,16,0,Bryan Chen,moderator,"So maybe starting for myself, I don't think I'm a person who laugh often.",Supplement,True,False,False,0
17,0,17,0,Bryan Chen,moderator,I only laugh when I really feel funny.,Supplement,True,False,False,0
21,0,21,0,Bryan Chen,moderator,"Oh, don't be sad, laugh more.",Supplement,False,False,True,0
24,0,24,0,Bryan Chen,moderator,They they laugh a lot.,Supplement,True,False,True,0
25,0,25,0,Bryan Chen,moderator,I think they are.,Supplement,True,False,False,0
31,0,31,0,Bryan Chen,moderator,"But for people who are who, you know, laugh a lot laugh very often, I think, for introvert people.",Supplement,True,False,True,0
36,0,36,0,Bryan Chen,moderator,And are you guys also a person who laugh a lot?,Probing,True,False,False,0
39,1,0,0,Felicity Feng,participant,I think I'm a person who laughs a lot because cause I but I have to do that because almost everyone around me loves a lot.,,,,,0
50,2,0,0,Bryan Chen,moderator,But do you think laughter are?,Probing,True,False,False,0
53,3,1,0,Felicity Feng,participant,I think I tended to be that kind of person when I was much younger.,,,,,0
57,5,0,0,Felicity Feng,participant,And even a very small thing can make make me could make me laugh a lot.,,,,,0
60,6,0,0,Bryan Chen,moderator,Okay. So you think people don't want you to laugh.,Probing,True,False,False,0
73,14,0,0,Bryan Chen,moderator,So you feel there's a need to laugh.,Probing,True,False,False,0
76,15,0,0,Holly,participant,"Personally, I think there is a need to love in our everyday and actually.",,,,,0
80,16,2,0,Bryan Chen,moderator,Are you a person who laughs a lot.,Probing,True,False,False,0
83,17,2,0,Jodie,participant,So I don't think there is some specific trace that's for people who laugh quite frequently.,,,,,0
84,17,3,0,Jodie,participant,"I think that some people they, I think, is to it depends on the circumstances.",,,,,0
87,18,0,0,Bryan Chen,moderator,Okay. But but do you find that people who laugh more are more approachable?,Probing,True,False,False,0
89,18,2,0,Bryan Chen,moderator,"When do you tend to find people who laugh more as a friend, or you don't have such preference.",Probing,True,False,False,0
92,20,1,0,Bryan Chen,moderator,do you? Are you a person who also laugh a lot?,Probing,True,False,False,0
94,21,0,0,Maolin HE,participant,I think I'm not a a person who laugh often.,,,,,0
95,21,1,0,Maolin HE,participant,"I always laugh when I feel I am safety or comfortable, or I think something is funny.",,,,,0
97,21,3,0,Maolin HE,participant,I think I have many friends who laugh a lot.,,,,,0
99,22,0,0,Bryan Chen,moderator,So like. So do you think is that the reason that they laugh a lot that attract you to make friends with them?,Probing,True,False,False,0
100,22,1,0,Bryan Chen,moderator,"Or well, they just happen to laugh a lot.",Probing,True,False,False,0
101,23,0,0,Maolin HE,participant,I think that is a very interesting questions sometimes I think enough is to express friendliness to show to to show candidate candles.,,,,,0
111,26,1,0,Bryan Chen,moderator,And some people tend to laugh more.,Supplement,True,False,False,0
116,26,6,0,Bryan Chen,moderator,If some for someone who laugh a lot?,Probing,True,False,False,0
117,26,7,0,Bryan Chen,moderator,"Because I know here we have Felicity and Holly, who, you know, tend to laugh more often, and we have Marlene and Jody tend to be probably normal and when laugh only when necessary.",Supplement,True,False,True,0
119,26,9,0,Bryan Chen,moderator,Do you think. does it like?,Probing,True,False,False,0
121,27,0,0,Felicity Feng,participant,I think they do.,,,,,0
130,29,4,0,Felicity Feng,participant,I think I have nothing but to smell.,,,,,0
143,30,2,0,Bryan Chen,moderator,"so I think they tend to smile, but they don't laugh out loud so.",Supplement,True,False,False,0
144,30,3,0,Bryan Chen,moderator,But you say your personality will tend to laugh out right?,Confronting,True,False,False,0
145,30,4,0,Bryan Chen,moderator,"So do you think sometime, maybe your love is not welcome under that culture, because people might think that you probably might be noisy, or maybe too much, too too much for them.",Probing,True,False,False,0
148,31,1,0,Felicity Feng,participant,You mentioned this kind of very interesting stereotype that foreigners have towards Japanese Japanese laugh a lot very aloud in a very loud voice.,,,,,0
154,31,7,0,Felicity Feng,participant,"Yeah, not exactly. They laugh a lot.",,,,,0
162,36,1,0,Bryan Chen,moderator,I think you also say you laugh aloud.,Interpretation,True,False,False,0
175,42,1,0,Bryan Chen,moderator,"But I also wonder what what was your perception for people who laugh a lot, you know, like cause for me.",Probing,True,False,False,0
176,42,2,0,Bryan Chen,moderator,"Sometimes I have a few friends who laugh a lot like they have a very, very easy to get triggered, just like I say something that I don't think is funny, or I say something that's very dry joke, and it's just like, you know, laugh, laugh about like for maybe 2 min long, or something like that.",Supplement,True,False,False,0
189,43,7,0,Holly,participant,"But I yeah, I think laughing is kind of it's like a tool.",,,,,0
190,43,8,0,Holly,participant,That you may need to.,,,,,0
199,45,4,0,Maolin HE,participant,So I think he is a very supportive.,,,,,0
204,46,1,0,Bryan Chen,moderator,I think your so.,Supplement,True,False,True,0
212,48,1,0,Bryan Chen,moderator,How do you find people who laugh a lot?,Probing,True,False,False,0
228,50,4,0,Bryan Chen,moderator,I think it's a kind of stereotype.,Interpretation,True,False,False,0
229,50,5,0,Bryan Chen,moderator,"And because I in in males, interaction, people tend to kind of joke between each other, tend to kind of laugh each other.",Supplement,True,False,False,0
241,50,17,0,Bryan Chen,moderator,You want to laugh?,Probing,True,False,False,0
243,50,19,0,Bryan Chen,moderator,"You don't want to laugh, but you have to laugh.",Supplement,True,False,False,0
264,53,0,0,Holly,participant,I I I think so.,,,,,0
265,53,1,0,Holly,participant,"I think. Sometimes. If you are a student you're allowed to speak at a stage like in a classroom, and at the very beginning, you you might you you need to just smile a little like that.",,,,,0
267,53,3,0,Holly,participant,You can't. You can't laugh or smile at all.,,,,,0
268,53,4,0,Holly,participant,but I think that is a situation.,,,,,0
269,53,5,0,Holly,participant,You need to do that.,,,,,0
273,55,1,0,Holly,participant,"I think that the speaker need to just smile or laugh a little, but sometimes I can't do that.",,,,,0
275,56,1,0,Bryan Chen,moderator,Would you also laugh?,Probing,True,False,False,0
282,57,5,0,Holly,participant,I can't laugh at all.,,,,,0
289,59,0,0,Holly,participant,So that I can smile or laugh a little.,,,,,0
311,71,0,0,Maolin HE,participant,"Oh. sometimes when people are saying something that they know, but you don't know and they think they they can think together, and you cannot.",,,,,0
321,72,6,0,Bryan Chen,moderator,"I think you probably have a lot of experience, because Japan has a lot cultural cue that you have to follow, and then sometimes probably appropriate, or us appropriate, or maybe inappropriate to laugh or smile.",Supplement,True,False,True,0
354,81,0,0,Felicity Feng,participant,No need for me like now.,,,,,0
355,81,1,0,Felicity Feng,participant,There's no need for me to pretend laughing.,,,,,0
356,81,2,0,Felicity Feng,participant,so I don't. I don't think I have to do this.,,,,,0
362,84,0,0,Bryan Chen,moderator,"Right? Okay. and also, so do you think that?",Probing,True,False,False,0
369,86,0,0,Bryan Chen,moderator,"I think I normally have a very, very.",Supplement,True,False,False,0
376,90,1,0,Bryan Chen,moderator,So is laughing something we need to learn.,Probing,True,False,False,0
379,90,4,0,Bryan Chen,moderator,"I personally do believe a lot need to be learned, and I think, of course, it occurred naturally, like, as I mentioned in the very in the beginning of the conversation, that my my younger brother's daughter she just could at the stage.",Supplement,True,False,False,0
384,90,9,0,Bryan Chen,moderator,They they laugh a lot.,Supplement,False,False,True,0
404,93,0,0,Maolin HE,participant,"Oh, I think this is a very interesting and important point.",,,,,0
410,94,2,0,Bryan Chen,moderator,"Do you think laughing is something that we need to learn, or it's a natural thing.",Probing,True,False,False,0
414,95,1,0,Holly,participant,"Oh, I don't think laughing is something we need to learn, because I think it's a kind of natural thing.",,,,,0
417,95,4,0,Holly,participant,"So I think that's not a thing we need to learn But sometimes, when we grow older in some social situations, we need to like.",,,,,0
419,95,6,0,Holly,participant,"That's kind of things to learn, I think.",,,,,0
430,102,0,0,Bryan Chen,moderator,"Okay, I think your point is interesting.",Supplement,False,False,True,0
431,102,1,0,Bryan Chen,moderator,You think we don't need to learn how to love we.,Probing,True,False,False,0
440,106,3,0,Bryan Chen,moderator,"Do you think laugh laughing is something you we need to learn, or for use, a natural thing, or is it?",Probing,True,False,False,0
452,110,0,0,Bryan Chen,moderator,"Hmm! I say. I also have heard some saying suggesting that maybe someone, whether someone laugh a lot or not.",Supplement,True,False,False,0
471,110,19,0,Bryan Chen,moderator,"Do you think laughing is something we need to learn, or is it like a natural reactions.",Probing,True,False,False,0
513,124,1,0,Bryan Chen,moderator,So you learn. But still take a while like you need to.,Supplement,True,False,False,0
519,128,1,0,Bryan Chen,moderator,So I think we have the concrete.,Interpretation,True,False,False,0
520,128,2,0,Bryan Chen,moderator,I think people share their different.,Interpretation,True,False,False,0
522,128,4,0,Bryan Chen,moderator,"We probably have, like 2 people that tend to laugh more.",Supplement,True,False,True,0
524,128,6,0,Bryan Chen,moderator,"And also we discussed many different circumstance and context where people should laugh or shouldn't laugh, and different kind of benefit pros and cons of laughter or smile.",Supplement,True,False,False,0
