Unnamed: 0,turn_index,sent_index,segment,speaker,role,text,topic_cluster
15,5,7,0,Olivia,participant,"Maybe. They love to speak always to some strangers or their classmates, they always keep talking, and they always be confident.",2
76,31,2,0,Clarisse Jingfang Chen,participant,"I think different kinds of love, laughter, maybe.",2
80,31,6,0,Clarisse Jingfang Chen,participant,"Besides, some very formal situation like maybe some stat sad situation like Hmm.",2
81,31,7,0,Clarisse Jingfang Chen,participant,"Well, well, I think maybe in some sad situation, maybe smile can work as well.",2
83,32,1,0,Olivia,participant,Because maybe you give us the category based on the formal or informal situation.,2
85,32,3,0,Olivia,participant,But maybe I my category is the it's based on the position or status cause.,2
93,32,11,0,Olivia,participant,Maybe we should keep the oh.,2
99,33,2,0,Clarisse Jingfang Chen,participant,But we maybe would.,2
129,42,2,0,谢泽,participant,"Love, maybe. They are not.",2
130,42,3,0,谢泽,participant,Maybe they are not doing a better job.,2
133,42,6,0,谢泽,participant,Maybe it shows his shows his.,2
154,49,5,0,Olivia,participant,"But when someone always love, maybe will lose their authority.",2
164,52,0,0,谢泽,participant,Maybe maybe I I don't understand your questions.,2
165,53,0,0,Olivia,participant,"Oh. I mean if someone always love, maybe will.",2
166,53,1,0,Olivia,participant,maybe we'll. you know.,2
173,55,0,0,Olivia,participant,"Oh, not influence. Maybe I think, for the work, maybe will impact sometime will impact their works.",2
175,55,2,0,Olivia,participant,"And during during the time, maybe we'll shows another colleague much more higher position or much more ability than the person who always love.",2
185,60,4,0,Olivia,participant,"parents. They see their teacher always love, maybe couldn't show the teacher's professional skills.",2
194,61,6,0,Clarisse Jingfang Chen,participant,that kind of maybe oh.,2
226,69,0,0,Clarisse Jingfang Chen,participant,Yeah. Maybe the children can't interpret the laughter in the correct way.,2
268,82,4,0,Clarisse Jingfang Chen,participant,Maybe no.,2
270,84,0,0,Clarisse Jingfang Chen,participant,"Yeah, so maybe that's my unique experience.",2
335,105,3,0,谢泽,participant,It's a is a social tool to maybe to ensure our individuals interest or to protect our security.,2
347,107,1,0,谢泽,participant,"I'll your agreement and your college, maybe your college, and it is her her mirrors to deal with the annoyed persons to show her smile.",2
351,107,5,0,谢泽,participant,Maybe your college experience.,2
362,109,8,0,谢泽,participant,because maybe they they can.,2
374,116,1,0,Clarisse Jingfang Chen,participant,I I can't think an example but maybe because I didn't notice of such things.,2
376,116,3,0,Clarisse Jingfang Chen,participant,and maybe I will do some fix smart as well.,2
385,122,0,0,Olivia,participant,I think maybe they understand not.,2
412,134,2,0,谢泽,participant,"Maybe like the I. Yeah, they they they some some words.",2
418,135,1,0,Clarisse Jingfang Chen,participant,"So do you mean, maybe love can serve as something like we wait others.",2
