Unnamed: 0,turn_index,sent_index,segment,speaker,role,text,dialogue_act,informational motive,coordinative motive,social motive,topic_cluster
48,1,9,0,Felicity Feng,participant,"Yeah, we. We may get along very well in this class.",,,,,1
49,1,10,0,Felicity Feng,participant,Yeah.,,,,,1
81,17,0,0,Jodie,participant,"Yeah, I would. Yeah, I would say, I'm like, average, because I'm like, quiet and pinky about what's Something that will get me love the people around me.",,,,,1
90,19,0,0,Jodie,participant,"Yeah, I don't have such a case.",,,,,1
93,20,2,0,Bryan Chen,moderator,Or you just yeah.,Probing,True,False,False,1
126,29,0,0,Felicity Feng,participant,"Yeah, so love for me.",,,,,1
159,34,0,0,Bryan Chen,moderator,Yeah.,All Utility,False,False,True,1
160,35,0,0,Felicity Feng,participant,"And yeah, so I I don't know why it's like that.",,,,,1
172,40,0,0,Bryan Chen,moderator,"I see? I see, yeah.",All Utility,False,False,True,1
173,41,0,0,Holly,participant,Yeah.,,,,,1
203,46,0,0,Bryan Chen,moderator,"Yeah, thank you for sharing.",All Utility,False,False,True,1
209,46,6,0,Bryan Chen,moderator,Yeah.,All Utility,False,False,True,1
211,48,0,0,Bryan Chen,moderator,"Yeah. how about you, Jodi?",Probing,True,False,True,1
222,49,7,0,Jodie,participant,"Yeah, so it really depends on that.",,,,,1
223,49,8,0,Jodie,participant,Yeah.,,,,,1
225,50,1,0,Bryan Chen,moderator,"Yeah, I think that that's true.",Supplement,False,False,True,1
259,52,0,0,Bryan Chen,moderator,"Yeah, or or maybe the opposite side.",Probing,True,False,False,1
277,57,0,0,Holly,participant,Yeah. that that that often happens.,,,,,1
278,57,1,0,Holly,participant,"Okay, I just yeah.",,,,,1
287,57,10,0,Holly,participant,Yeah.,,,,,1
288,58,0,0,Bryan Chen,moderator,Yeah.,All Utility,False,False,True,1
292,61,0,0,Holly,participant,Yeah.,,,,,1
296,62,3,0,Bryan Chen,moderator,Yeah.,All Utility,False,False,True,1
298,63,1,0,Holly,participant,If normal. Yeah.,,,,,1
306,69,0,0,Jodie,participant,"Yeah, I think both are true.",,,,,1
315,72,0,0,Bryan Chen,moderator,"Yeah, yeah, I can feel that like sometimes.",All Utility,False,False,True,1
319,72,4,0,Bryan Chen,moderator,Yeah. So I totally understand.,Supplement,False,False,True,1
343,78,3,0,Bryan Chen,moderator,Yeah.,All Utility,False,False,True,1
353,80,0,0,Bryan Chen,moderator,Yeah. there's no.,All Utility,False,False,True,1
361,83,0,0,Felicity Feng,participant,"Yeah, that's because Japanese people are very annoying.",,,,,1
372,87,0,0,Felicity Feng,participant,Yeah.,,,,,1
373,88,0,0,Bryan Chen,moderator,Yeah.,All Utility,False,False,True,1
391,90,16,0,Bryan Chen,moderator,Yeah. So what's your guys view on this?,Probing,True,False,False,1
408,94,0,0,Bryan Chen,moderator,"Yeah, true. Okay. how about how about you, Holly?",Probing,True,False,False,1
415,95,2,0,Holly,participant,"Yeah. because I, we're all human beings.",,,,,1
420,95,7,0,Holly,participant,Yeah.,,,,,1
421,96,0,0,Bryan Chen,moderator,Yeah. but can you.,Probing,True,False,False,1
423,98,0,0,Bryan Chen,moderator,Yeah. Sorry.,All Utility,False,False,True,1
429,101,0,0,Holly,participant,Yeah.,,,,,1
433,103,0,0,Holly,participant,"Yeah, sure.",,,,,1
435,104,1,0,Bryan Chen,moderator,Right? Yeah.,All Utility,False,False,True,1
436,105,0,0,Holly,participant,Yeah.,,,,,1
438,106,1,0,Bryan Chen,moderator,"Yeah, that's a that's a very nice point.",Supplement,False,False,True,1
443,107,0,0,Jodie,participant,"Yeah, yeah, I think the things I mean the April thing.",,,,,1
457,110,5,0,Bryan Chen,moderator,"But yeah, also some people.",Supplement,True,False,False,1
466,110,14,0,Bryan Chen,moderator,"So, yeah, I think, can be this kind of conception.",Supplement,True,False,False,1
484,114,0,0,Bryan Chen,moderator,"Yeah, yeah, but.",All Utility,False,False,False,1
498,118,0,0,Bryan Chen,moderator,"Yeah, I totally agree.",Supplement,True,False,True,1
514,125,0,0,Felicity Feng,participant,"Yeah, because it's a different culture.",,,,,1
