Unnamed: 0,turn_index,sent_index,segment,speaker,role,text,dialogue_act,informational motive,coordinative motive,social motive,topic_cluster
56,4,0,0,Bryan Chen,moderator,Hmm.,All Utility,False,False,True,2
61,7,0,0,Felicity Feng,participant,Hmm.,,,,,2
75,14,2,0,Bryan Chen,moderator,"Okay. Hmm, interesting.",All Utility,False,False,True,2
78,16,0,0,Bryan Chen,moderator,"Hmm, hmm, interesting. Okay.",All Utility,False,False,True,2
98,21,4,0,Maolin HE,participant,"Hmm, yeah.",,,,,2
110,26,0,0,Bryan Chen,moderator,"Hmm. okay, I think, yeah, I guess like, this is like, everyone is different.",Supplement,True,False,False,2
224,50,0,0,Bryan Chen,moderator,"Hmm, hmm, yeah, true.",All Utility,False,False,True,2
299,64,0,0,Bryan Chen,moderator,"Hmm, hmm. jodi! So do you have any experience that you have to either holding your love, or you have to pretend to love.",Probing,True,False,False,2
329,76,0,0,Bryan Chen,moderator,Hmm.,All Utility,False,False,True,2
340,78,0,0,Bryan Chen,moderator,"Hmm, that's actually yeah.",All Utility,False,False,True,2
479,112,0,0,Bryan Chen,moderator,Hmm.,All Utility,False,False,True,2
493,116,0,0,Bryan Chen,moderator,Hmm. hmm.,All Utility,False,False,True,2
