Unnamed: 0,turn_index,sent_index,segment,speaker,role,text,dialogue_act,informational motive,coordinative motive,social motive,topic_cluster
0,0,0,0,Elda (Host),moderator,But it.,All Utility,True,False,False,0
1,1,0,0,Rui Xing,participant,"Oh, this meeting's being recorded.",,,,,0
2,2,0,0,Elda (Host),moderator,"Okay, thanks for the announcement.",All Utility,False,False,True,0
3,2,1,0,Elda (Host),moderator,So today's topic is a romance in modern society.,Supplement,True,False,False,0
4,2,2,0,Elda (Host),moderator,"And yeah, just basically talk about how relationships.",Supplement,True,False,False,0
5,2,3,0,Elda (Host),moderator,"And you know, expectations.",Supplement,True,False,False,0
6,2,4,0,Elda (Host),moderator,Within the relationship. Romance.,Supplement,True,False,False,0
9,2,7,0,Elda (Host),moderator,Why they are now.,Probing,True,False,False,0
10,2,8,0,Elda (Host),moderator,"Yeah, there are just so many things to talk about.",Supplement,True,False,False,0
15,2,13,0,Elda (Host),moderator,"And also we can talk about yeah, just values we have towards when we're in the relationship or before we get into a relationship.",Supplement,True,False,False,0
17,2,15,0,Elda (Host),moderator,"And and also, yeah, but what our values are within the relationship.",Supplement,True,False,False,0
19,2,17,0,Elda (Host),moderator,"say, for from a woman's point of view or a man's point of view, it's it's going to be quite different.",Supplement,True,False,False,0
23,4,1,0,Elda (Host),moderator,"Personally. Okay, let let me let me share something.",Supplement,True,False,False,0
24,4,2,0,Elda (Host),moderator,I I guess. In my.,Supplement,True,False,False,0
26,4,4,0,Elda (Host),moderator,"and they don't really, you know, have those the same platforms that we have like social media or you know those platforms where you can get together to meet totally random strangers.",Supplement,True,False,False,0
27,4,5,0,Elda (Host),moderator,"And whereas now we, we get that opportunity?",Supplement,True,False,False,0
29,4,7,0,Elda (Host),moderator,And then current society.,Supplement,True,False,False,0
30,4,8,0,Elda (Host),moderator,"Yeah, and even speed dating, I don't know.",Supplement,True,False,False,0
32,4,10,0,Elda (Host),moderator,If you just I want to have a 1 night stand whatever.,Supplement,True,False,False,0
35,5,1,0,Bryan Chen,participant,Change your attitude to a relationship or your parents attitude to a relationship?,,,,,0
39,6,2,0,Elda (Host),moderator,Think the next rock you're going to pick up is going to be larger and better than you know the previous one.,Supplement,True,False,False,0
40,6,3,0,Elda (Host),moderator,You know it's it's what is how I feel.,Supplement,False,False,True,0
41,6,4,0,Elda (Host),moderator,I don't know about you guys.,Probing,False,False,True,0
43,8,0,0,Elda (Host),moderator,"Hmm! How about you, Brian?",Probing,True,False,False,0
47,8,4,0,Elda (Host),moderator,What do you kind of look for?,Probing,True,False,False,0
48,8,5,0,Elda (Host),moderator,What do you look for in in the?,Probing,True,False,False,0
49,8,6,0,Elda (Host),moderator,And then the relationship.,Probing,True,False,False,0
51,10,0,0,Elda (Host),moderator,I was.,Supplement,True,False,False,0
52,11,0,0,Bryan Chen,participant,"Because you know, like, how in modern society, I mean, back in a traditional society, you have some certain needs.",,,,,0
53,11,1,0,Bryan Chen,participant,That's because of the you know the eco economies is economy right?,,,,,0
54,11,2,0,Bryan Chen,participant,"So like female, want to have more economy support from looking for more economy, support from the male, but the more male is probably looking for someone who can help them to have a second generation.",,,,,0
55,11,3,0,Bryan Chen,participant,So they are so because of those reason.,,,,,0
56,11,4,0,Bryan Chen,participant,"People are, have a very clear purpose while they're going to find a partner.",,,,,0
59,11,7,0,Bryan Chen,participant,Why they want to have a relationship.,,,,,0
61,11,9,0,Bryan Chen,participant,"I mean, on the very traditional expectation.",,,,,0
63,11,11,0,Bryan Chen,participant,But definitely I don't.,,,,,0
65,11,13,0,Bryan Chen,participant,"If there's a good opportunity, I will take it.",,,,,0
66,11,14,0,Bryan Chen,participant,I mean I mean I will.,,,,,0
67,11,15,0,Bryan Chen,participant,I will commit to it.,,,,,0
71,11,19,0,Bryan Chen,participant,"So yes, that's my view.",,,,,0
73,13,0,0,Elda (Host),moderator,"Yeah, absolutely. I think it also affects the the overall trend of lower marriage rates and and people getting married, and at much later.",Supplement,True,False,False,0
76,13,3,0,Elda (Host),moderator,Do you know how how old when they were when they got married?,Probing,True,False,False,0
77,14,0,0,Bryan Chen,participant,They actually married quite old because they.,,,,,0
79,16,0,0,Bryan Chen,participant,"They goes, went through something called Shanqing.",,,,,0
80,16,1,0,Bryan Chen,participant,I don't know how to say that in English.,,,,,0
81,17,0,0,Amy,participant,Oh!,,,,,0
87,20,2,0,Bryan Chen,participant,and then cause my dad was a salesman.,,,,,0
88,20,3,0,Bryan Chen,participant,He was a you know.,,,,,0
89,20,4,0,Bryan Chen,participant,He have to work overseas.,,,,,0
91,20,6,0,Bryan Chen,participant,Maybe I I can't remember where maybe Africa or U.S.A. to work.,,,,,0
92,20,7,0,Bryan Chen,participant,"and then and then they came back and marry, and then and then my mom was pregnant, and my dad went out again, and then, even when I was born, he wasn't there.",,,,,0
94,21,0,0,Elda (Host),moderator,No.,All Utility,False,False,False,0
95,22,0,0,Bryan Chen,participant,"There was some very, very strong like relationship, foundation, or romantic foundation between between them.",,,,,0
97,23,0,0,Amy,participant,Wow!,,,,,0
98,24,0,0,Bryan Chen,participant,So they only met a few times.,,,,,0
99,24,1,0,Bryan Chen,participant,"Mary, you know right then.",,,,,0
100,25,0,0,Amy,participant,Wow!,,,,,0
101,26,0,0,Bryan Chen,participant,Birds.,,,,,0
102,27,0,0,Amy,participant,"Is true love, or you probably have to ask your mom why she married.",,,,,0
104,29,0,0,Amy,participant,Is there a true love there?,,,,,0
105,29,1,0,Amy,participant,Because they didn't have much time to compenium?,,,,,0
106,29,2,0,Amy,participant,We're not question your parents relationship.,,,,,0
107,29,3,0,Amy,participant,Just curious.,,,,,0
108,30,0,0,Bryan Chen,participant,"I mean personally, what what does true love mean?",,,,,0
109,30,1,0,Bryan Chen,participant,"Right? So. And I mean, yes, this.",,,,,0
113,30,5,0,Bryan Chen,participant,They are easier to compromise.,,,,,0
115,31,0,0,Amy,participant,Hmm.,,,,,0
116,32,0,0,Bryan Chen,participant,"Yes, our generation. We are harder to compromise.",,,,,0
118,33,1,0,Amy,participant,"If this one is not a match, then yeah, go next one like you don't want to waste your time to to, you know.",,,,,0
119,33,2,0,Amy,participant,Maybe can compromise. Or I just focus on this person more and then see what happened.,,,,,0
122,33,5,0,Amy,participant,But if we are.,,,,,0
129,34,6,0,Shunto,participant,That's that's how I feel.,,,,,0
130,35,0,0,Elda (Host),moderator,So Shinto. You mean that people they they know they can find something better.,Probing,True,False,False,0
133,37,0,0,Elda (Host),moderator,"But Amy said, you know people become less patient, and they keep searching for what's you know?",Confronting,True,False,False,0
134,37,1,0,Elda (Host),moderator,Better for for yourself.,Interpretation,True,False,False,0
136,39,0,0,Elda (Host),moderator,Go down.,Instruction,False,True,False,0
138,40,1,0,Shunto,participant,And she her parents are very good.,,,,,0
139,40,2,0,Shunto,participant,"Oh, and blah blah blah.",,,,,0
145,41,0,0,Amy,participant,Is that too many too much information.,,,,,0
146,42,0,0,Bryan Chen,participant,As a whole decade.,,,,,0
149,43,2,0,Shunto,participant,Okay. Okay.,,,,,0
151,45,0,0,Shunto,participant,Sorry! I cannot hear you.,,,,,0
152,45,1,0,Shunto,participant,"Oh, no! Wait! Wait!",,,,,0
153,46,0,0,Elda (Host),moderator,Can you hear me now?,All Utility,False,False,False,0
154,47,0,0,Shunto,participant,"Oh, yeah, I can hear you now.",,,,,0
155,48,0,0,Elda (Host),moderator,"Okay. So I mean, do do you find it's easier for you?",Probing,True,False,False,0
156,48,1,0,Elda (Host),moderator,Partners with more ideal qualities nowadays.,Probing,True,False,False,0
157,48,2,0,Elda (Host),moderator,What do you do you find.,Probing,True,False,False,0
163,49,5,0,Shunto,participant,You are true happiness.,,,,,0
164,49,6,0,Shunto,participant,"I I'm not sure i i i know I'm still seeking what what the happiness is, or but",,,,,0
166,50,1,0,Elda (Host),moderator,Sorry I kind of did I disappear for a second?,Supplement,False,False,True,0
168,51,0,0,Amy,participant,Right now is good.,,,,,0
169,52,0,0,Elda (Host),moderator,"Okay, that's good. Yeah.",All Utility,False,False,True,0
173,52,4,0,Elda (Host),moderator,You know what what you want until you find the right one.,Supplement,True,False,False,0
175,52,6,0,Elda (Host),moderator,"It's in your parents, generation, and our generation.",Supplement,False,False,False,0
176,52,7,0,Elda (Host),moderator,"But the what, what is different I I feel, is mainly whether you you acted out in in your behavior.",Interpretation,True,False,False,0
178,52,9,0,Elda (Host),moderator,"I feel there's a stronger trend in in self actualization of like your values and your belief, and actually put into practice, whereas back in the days sometimes you get more constrained by the social expectation.",Supplement,True,False,False,0
180,52,11,0,Elda (Host),moderator,"But the the core concept of you know, finding what's ideal for yourself is probably yeah.",Interpretation,True,False,False,0
181,52,12,0,Elda (Host),moderator,Still still the same.,Supplement,True,False,False,0
182,52,13,0,Elda (Host),moderator,I don't know. How about ray from Abu Dhabi.,Probing,True,False,True,0
184,53,0,0,Rui Xing,participant,"It's generally very hard to find a good partnership, because.",,,,,0
185,54,0,0,Elda (Host),moderator,What?,Probing,True,False,False,0
186,55,0,0,Rui Xing,participant,1. 1 reason is that because of capital reasons that I mean for local people.,,,,,0
188,55,2,0,Rui Xing,participant,"And but and yeah, it's it's it's kind of a specific time.",,,,,0
189,55,3,0,Rui Xing,participant,So let's talk about more more than society or.,,,,,0
190,56,0,0,Elda (Host),moderator,Right.,All Utility,False,True,False,0
191,57,0,0,Rui Xing,participant,Rest of the phone.,,,,,0
193,57,2,0,Rui Xing,participant,So people have more chances or more probability to get richer information.,,,,,0
194,57,3,0,Rui Xing,participant,"So it's the the ways of getting resources becomes diverse, and the difficulties drop.",,,,,0
195,57,4,0,Rui Xing,participant,So it's easier to know a lot of things than our last generation.,,,,,0
198,57,7,0,Rui Xing,participant,"Yeah, that that's in response to to the the same argument that we're talking about.",,,,,0
200,57,9,0,Rui Xing,participant,Your your your your thoughts keep changing.,,,,,0
202,57,11,0,Rui Xing,participant,Maybe at an earlier age you thought an ideal person would be some he or she might have some qualities that is more abstract.,,,,,0
203,57,12,0,Rui Xing,participant,And when you met someone it kind of becomes a realization.,,,,,0
204,57,13,0,Rui Xing,participant,"Or yeah, it becomes a realization of some of those qualities.",,,,,0
205,57,14,0,Rui Xing,participant,But I don't know if those qualities are still something you are looking after.,,,,,0
206,57,15,0,Rui Xing,participant,"Yeah, it's it. I mean the the the general thing I want to say is that your thoughts might keep changing.",,,,,0
207,57,16,0,Rui Xing,participant,"So yeah, you might want to see more people.",,,,,0
208,57,17,0,Rui Xing,participant,I I don't know if that's a reason.,,,,,0
210,58,1,0,Elda (Host),moderator,how's the Asian population there in Abu Dhai?,Probing,True,False,False,0
211,58,2,0,Elda (Host),moderator,I'm just curious.,Probing,True,False,False,0
212,59,0,0,Rui Xing,participant,"Asian population. Not quite much, not quite large.",,,,,0
213,59,1,0,Rui Xing,participant,"Yeah. Most of people are still Middle Eastern people, like from Pakistan, Egyptian people.",,,,,0
214,59,2,0,Rui Xing,participant,"Local people. Local people are still, and also account for a very small population, because probably because I, the Union I stayed in not be.",,,,,0
216,59,4,0,Rui Xing,participant,"Degrees. And yeah, for the home country, like, 80 or 90 80% around 80% of people are not born in this country.",,,,,0
217,59,5,0,Rui Xing,participant,"They're from. Outside, country, so.",,,,,0
219,60,1,0,Elda (Host),moderator,And are they quite accepting?,Probing,True,False,False,0
222,60,4,0,Elda (Host),moderator,So how? How are?,Probing,True,False,False,0
223,60,5,0,Elda (Host),moderator,How is that? being?,Probing,True,False,False,0
224,60,6,0,Elda (Host),moderator,We are.,Probing,True,False,False,0
225,61,0,0,Rui Xing,participant,"Yeah, yeah, I would say, because the country name is United Arabic Emirates.",,,,,0
226,61,1,0,Rui Xing,participant,It contains 7 Emirates.,,,,,0
227,61,2,0,Rui Xing,participant,"But I mean, I feel like Abu Dhabi and Dubai are the most are the top 2 most inclusive emirates for other emirates.",,,,,0
228,62,0,0,Elda (Host),moderator,"Oh, wow!",All Utility,False,False,True,0
230,63,1,0,Rui Xing,participant,"So it's less, I mean, open than Dubai.",,,,,0
231,63,2,0,Rui Xing,participant,"But I yeah. but but I mean, I still feel a bit restricted here.",,,,,0
234,65,0,0,Rui Xing,participant,Not very.,,,,,0
237,67,0,0,Rui Xing,participant,"But I mean, compared to Western countries, that it's less often to happen.",,,,,0
239,68,0,0,Elda (Host),moderator,"In that IM immigrants country like Australia or Canada, United States.",Supplement,True,False,False,0
241,68,2,0,Elda (Host),moderator,Which is.,Supplement,True,False,False,0
243,70,0,0,Elda (Host),moderator,"okay, let's let's move on to next question.",Instruction,False,True,False,0
247,70,4,0,Elda (Host),moderator,Sorry for the stereotype towards men.,All Utility,False,False,True,0
248,70,5,0,Elda (Host),moderator,"But, Rena, have you ever?",Probing,True,False,False,0
249,70,6,0,Elda (Host),moderator,"No, or your your.",Probing,True,False,False,0
250,71,0,0,Bryan Chen,participant,So you're muted.,,,,,0
251,72,0,0,Elda (Host),moderator,I don't know.,All Utility,False,False,True,0
253,74,0,0,Elda (Host),moderator,"Your aunts,",Probing,True,False,False,0
254,75,0,0,renaaaa,participant,Can everybody hear me?,,,,,0
256,76,0,0,Elda (Host),moderator,Yes.,All Utility,False,False,True,0
257,77,0,0,renaaaa,participant,"Now, okay, cool. Great.",,,,,0
259,77,2,0,renaaaa,participant,"But very luckily, even family my father.",,,,,0
260,77,3,0,renaaaa,participant,"Actually, he talks a lot with me related to this kind of stuff because A little bit different with everyone.",,,,,0
261,77,4,0,renaaaa,participant,"When you were introducing and explaining how you actually think on the differences between your opinion regarding to relationship with the last generation, because my parents they are kind of quite ideal because they are student.",,,,,0
263,77,6,0,renaaaa,participant,"They met each other in their very young age around 1918, and they've been dating for so many years before they finally get married, and they've been separate for several for several times, and they argued, and finally, but they still stick to each other.",,,,,0
265,77,8,0,renaaaa,participant,"So which means that people don't want to spend a lot of time in actually hang out with one person or getting to know one person's personality really well, but it would lead to some problems when these 2 work together, and they will definitely lead into a lot of argument and a lot of not happy moments.",,,,,0
266,77,9,0,renaaaa,participant,"So one advice I received from my dad that worries when you were decide to finally settle in on someone, no matter for just become a boyfriend or girlfriend relationship, or deciding to do some engage this kind of more serious decisions.",,,,,0
268,77,11,0,renaaaa,participant,"Maybe you can start from friends and to know how this person actually reacts to different situations, and how they actually and what's their true personality, not of this kind of pretending personality and the best scenario of their lives.",,,,,0
269,77,12,0,renaaaa,participant,"How a person can actually presenting to this kind of intimate relationship, and not how they actually presenting to be to the rest of the people.",,,,,0
274,78,1,0,Bryan Chen,participant,"and you will find that that person is different when you just 1st met, when it's different, when you just made in the 1st 3 months, and different when you made the 1st 4th month something like that.",,,,,0
276,78,3,0,Bryan Chen,participant,"But that also means that in a modern society it's very difficult to to kind of, you know, actually spending time, because people are, I think, tend to have busier life nowadays compared to the older generations.",,,,,0
277,78,4,0,Bryan Chen,participant,"We are pretty occupied by a lot of work, a lot of other same social media, and and, like our time, become very, very scarce, and then, or very, very easily distracted.",,,,,0
278,78,5,0,Bryan Chen,participant,"And it's hard to concentrate on single, I think not just relationship, but a lot of things like on one single thing.",,,,,0
279,78,6,0,Bryan Chen,participant,It's become harder to harder to knowing people in modernist inside society.,,,,,0
280,78,7,0,Bryan Chen,participant,"I mean, it's easier to know people as no, but it's harder to know people in death.",,,,,0
281,78,8,0,Bryan Chen,participant,in as in modern society.,,,,,0
286,79,4,0,Elda (Host),moderator,She only said it once.,Supplement,False,False,True,0
288,79,6,0,Elda (Host),moderator,"that's not the only thing right, you know.",Interpretation,True,False,False,0
292,79,10,0,Elda (Host),moderator,and it could be the the husband being the house husband.,Supplement,True,False,False,0
296,80,0,0,Amy,participant,No. not at all.,,,,,0
300,81,0,0,Elda (Host),moderator,I'm going to.,Instruction,False,True,False,0
301,82,0,0,Amy,participant,"Heard of my parents, but they barely gave me some sort of thing.",,,,,0
302,82,1,0,Amy,participant,So yeah. but I I can definitely get from what ring is a Rene Renee Renee.,,,,,0
305,82,4,0,Amy,participant,"But they stick with each other and overcome all of the you know problems, and also go through lots of, you know, share lots of happy, happy time.",,,,,0
311,83,2,0,Elda (Host),moderator,"I mean, it's it's not.",All Utility,False,False,True,0
312,83,3,0,Elda (Host),moderator,There's no right or wrong.,Supplement,False,False,True,0
314,83,5,0,Elda (Host),moderator,"You know, we have all these resources and knowledge about how family you should be a thing.",Supplement,True,False,False,0
316,84,1,0,Amy,participant,"Well. when my perspective, when I see my parents lay lay, of course they love each other, but they have like a little single argument every single day.",,,,,0
319,85,0,0,Elda (Host),moderator,Hmm.,All Utility,False,False,False,0
320,86,0,0,Amy,participant,"Yeah, but there's a call for from Chinese, like I don't know how to translate it in in in English.",,,,,0
321,87,0,0,Bryan Chen,participant,So at the beginning of the bed you fight at the end of the.,,,,,0
322,88,0,0,Rui Xing,participant,Wow! What was that?,,,,,0
324,89,1,0,Amy,participant,"Maybe it makes sense when everything come to talk about the real marriage is that no matter what happened, no matter how green the grass outside of your your garden, you still want.",,,,,0
325,89,2,0,Amy,participant,Stick to the one you have.,,,,,0
326,90,0,0,Bryan Chen,participant,And.,,,,,0
327,91,0,0,Amy,participant,"Yes, that's how I feel.",,,,,0
330,92,2,0,Elda (Host),moderator,"You thought it would be, Amy.",Interpretation,True,False,False,0
331,92,3,0,Elda (Host),moderator,"Yes, I do. You wanna say something.",Probing,True,False,True,0
333,94,0,0,Elda (Host),moderator,Oh!,All Utility,False,False,True,0
334,95,0,0,Amy,participant,The the only one.,,,,,0
335,96,0,0,Elda (Host),moderator,Great question.,Supplement,True,False,False,0
336,97,0,0,Amy,participant,"Raise your hand. Oh, I can hear the situation.",,,,,0
338,98,0,0,Bryan Chen,participant,"I used to believe that I used to believe that, but.",,,,,0
339,99,0,0,Amy,participant,Pack.,,,,,0
340,100,0,0,Bryan Chen,participant,I have to be more taxable.,,,,,0
345,102,1,0,Elda (Host),moderator,"How about you, Ray?",Probing,True,False,False,0
346,102,2,0,Elda (Host),moderator,Gento?,Probing,True,False,False,0
347,103,0,0,Rui Xing,participant,"Yeah, I I can relate to that.",,,,,0
348,103,1,0,Rui Xing,participant,"Yeah, I totally agree with that.",,,,,0
350,103,3,0,Rui Xing,participant,But but later on you'll find you'll see that you can find the sub to optimal.,,,,,0
351,103,4,0,Rui Xing,participant,But it's already very good enough for you.,,,,,0
353,103,6,0,Rui Xing,participant,"You won't find the optimal all the time, because your thoughts keep changing and everything keeps changing.",,,,,0
354,103,7,0,Rui Xing,participant,So at this time something which you thought to be the optimal for you might not be the optimal for your whole life.,,,,,0
359,104,1,0,Elda (Host),moderator,"Do you believe in soul, mate?",Probing,True,False,False,0
362,105,2,0,Shunto,participant,"So by soulmate, I mean like, let's say it means someone who share some values in in deep of in deep of our heart.",,,,,0
368,105,8,0,Shunto,participant,"Yeah, how many opportunities you have.",,,,,0
371,105,11,0,Shunto,participant,"So yeah, if I find if I find any of the one, and I feel the person is right.",,,,,0
373,106,0,0,Elda (Host),moderator,"If you don't mind me asking, have you found what.",Probing,True,False,False,0
374,107,0,0,Shunto,participant,No.,,,,,0
376,109,0,0,Shunto,participant,No no sorry.,,,,,0
377,110,0,0,Elda (Host),moderator,"Oh, no, don't! Don't have to.",Supplement,False,False,True,0
378,110,1,0,Elda (Host),moderator,I'm.,All Utility,False,False,True,0
379,111,0,0,Shunto,participant,I.,,,,,0
380,112,0,0,Elda (Host),moderator,"Because you sound sound like you, you probably have met someone that's yeah.",Probing,False,False,True,0
381,113,0,0,Shunto,participant,Maybe that's what made you.,,,,,0
391,114,1,0,Elda (Host),moderator,"It's no longer just boyfriend, girlfriend single and getting married.",Supplement,True,False,False,0
397,115,0,0,Bryan Chen,participant,Openly.,,,,,0
399,116,1,0,Elda (Host),moderator,And.,All Utility,False,False,False,0
400,117,0,0,Amy,participant,And.,,,,,0
401,118,0,0,Elda (Host),moderator,"You're living together, but you're not married, and you're like sharing everything except you know you're not having children, and you know this all all sorts of possibilities.",Supplement,True,False,False,0
407,118,6,0,Elda (Host),moderator,Any anyone has that kind of anti-traditional mindset.,Probing,True,False,False,0
408,119,0,0,renaaaa,participant,"Actually, I don't have.",,,,,0
409,120,0,0,Elda (Host),moderator,These.,Probing,True,False,False,0
410,121,0,0,renaaaa,participant,Of experience or intention.,,,,,0
411,121,1,0,renaaaa,participant,But I have a friend during I was doing my master degree study she was one of my classmates and she and her partner.,,,,,0
412,121,2,0,renaaaa,participant,"They are all Asian people, but they have a quite open mindset, and they both agree, in the 1st place to have an open relationship.",,,,,0
413,121,3,0,renaaaa,participant,"For example, one of the partners a lot to seek for sexual relationship with the others.",,,,,0
414,121,4,0,renaaaa,participant,"Beyond these 2 and it works for both, but in the end it turned out to be a very ugly and very a severe fight between these 2 couples, because they cannot reach agreement.",,,,,0
415,121,5,0,renaaaa,participant,On what kind of degree should we open to?,,,,,0
416,121,6,0,renaaaa,participant,"For example, the girl?",,,,,0
417,121,7,0,renaaaa,participant,"She basically agreed to having sex to the other male, and she will also date with them.",,,,,0
418,121,8,0,renaaaa,participant,"But to the boy he only agrees to having sexual relationship, but don't have any kind of special spiritual attachment or spiritual relations to the others.",,,,,0
419,121,9,0,renaaaa,participant,"Besides, the girl is herself.",,,,,0
421,121,11,0,renaaaa,participant,based on my observation from my friends experience.,,,,,0
422,121,12,0,renaaaa,participant,"I think it's quite hard and quite unrealistic to achieve, because people when they really love each other, they do want to have such an intention to want to become want, the others to be the possession of the other one, which means that there is no such a definite, open thing in their mindset, and if the degree of open cannot be mutually reached between the 2 things can be very ugly in the end.",,,,,0
424,122,1,0,Elda (Host),moderator,"Right? You're gonna say, the contract right before you start the business, yeah, that's that's really interesting I I've also heard a case of this celebrity.",Interpretation,True,False,False,0
427,122,4,0,Elda (Host),moderator,I forgot her name.,All Utility,True,False,False,0
429,122,6,0,Elda (Host),moderator,"They openly stated that they don't live together because they both have their work like super busy schedule, and they live separately.",Supplement,True,False,False,0
432,122,9,0,Elda (Host),moderator,"and they, they say, happily married.",Supplement,True,False,False,0
433,122,10,0,Elda (Host),moderator,That's the only time they have time for each other.,Supplement,True,False,False,0
434,122,11,0,Elda (Host),moderator,"And they they are, you know, content with that kind of way of marriage.",Supplement,True,False,False,0
435,122,12,0,Elda (Host),moderator,"And they say. and actually it, it makes things smoother where you don't see each other that often, because the the more you you have to stay in the same under the under the same roof, the more you're gonna see their, you know, negative sides and things like that.",Supplement,True,False,False,0
437,122,14,0,Elda (Host),moderator,so how about you amy.,Probing,True,False,False,0
441,122,18,0,Elda (Host),moderator,"Your future partner that you know you have to do this, otherwise, you know I I won't.",Probing,True,False,False,0
442,122,19,0,Elda (Host),moderator,I won't be together with you.,Probing,True,False,False,0
443,122,20,0,Elda (Host),moderator,Ink. and this is moving on to number 4.,Instruction,False,True,False,0
444,122,21,0,Elda (Host),moderator,"The 4th question, how have gender roles and expectations within relationships evolve over time?",Probing,True,True,False,0
446,124,0,0,Elda (Host),moderator,Hmm.,All Utility,False,False,False,0
447,125,0,0,Bryan Chen,participant,The undervalue in the number.,,,,,0
448,126,0,0,Elda (Host),moderator,yes.,All Utility,False,False,True,0
450,127,1,0,Bryan Chen,participant,"Yeah, cause I maybe it's because I always take away fear are too easy nowadays.",,,,,0
451,127,2,0,Bryan Chen,participant,So people would rather spend time to something they seen as more valuable.,,,,,0
452,128,0,0,Elda (Host),moderator,And.,Instruction,False,True,False,0
453,129,0,0,Bryan Chen,participant,"Economic, then.",,,,,0
454,130,0,0,Elda (Host),moderator,And.,Probing,True,False,False,0
456,132,0,0,Elda (Host),moderator,can I ask a a personal question?,Probing,True,False,True,0
459,133,0,0,Bryan Chen,participant,Hmm singly.,,,,,0
461,134,1,0,Elda (Host),moderator,Have that made.,Probing,True,False,False,0
464,137,0,0,Bryan Chen,participant,Not related.,,,,,0
465,138,0,0,Elda (Host),moderator,Not a relationship.,Interpretation,True,False,False,0
466,139,0,0,Bryan Chen,participant,Oh. don't remember!,,,,,0
467,140,0,0,Shunto,participant,It's.,,,,,0
469,141,1,0,Elda (Host),moderator,"Quite, you know, strictly to the the the rule, like you split the responsibilities, and if you imagine if that person, your flatmate, is your partner, would you do the same to her.",Probing,True,False,False,0
474,142,4,0,Bryan Chen,participant,I I would agree with the view that the 2 people in a relationship should play like a fair role or fair amount.,,,,,0
475,142,5,0,Bryan Chen,participant,But but fair doesn't mean that everyone have to do the same.,,,,,0
476,142,6,0,Bryan Chen,participant,People can do the fair amount of what a good while they are good.,,,,,0
477,142,7,0,Bryan Chen,participant,"As so. So maybe someone who's like, you know, cooking, someone's doing cleaning, or someone who's doing some other stuff.",,,,,0
478,142,8,0,Bryan Chen,participant,"That's that probably better out in there, you know, personally.",,,,,0
480,142,10,0,Bryan Chen,participant,So it's and relatively flexible.,,,,,0
485,144,0,0,Bryan Chen,participant,"Friends, because my.",,,,,0
486,145,0,0,Amy,participant,So I will. Right?,,,,,0
487,145,1,0,Amy,participant,Right should be match.,,,,,0
488,145,2,0,Amy,participant,Okay and left will be.,,,,,0
489,145,3,0,Amy,participant,Now you're out. So cause I I see my parents lay.,,,,,0
494,145,8,0,Amy,participant,And then my mom will sort out what he did after the cooking.,,,,,0
497,147,0,0,Amy,participant,"Long-term relationship. Yeah, rather than just.",,,,,0
498,147,1,0,Amy,participant,"You know a prince, a prince, or something.",,,,,0
499,147,2,0,Amy,participant,Just wait for you to contribute everything.,,,,,0
501,148,1,0,Elda (Host),moderator,"What about you, Ray?",Probing,True,False,False,0
504,148,4,0,Elda (Host),moderator,I expect you to be able to cook?,Probing,True,False,False,0
505,148,5,0,Elda (Host),moderator,What would be your response to that.,Probing,True,False,False,0
506,149,0,0,Rui Xing,participant,"I mean, if if that's a good partner I'd love to stay with, I'm willing to learn.",,,,,0
509,149,3,0,Rui Xing,participant,"I'm definitely gonna help, and if I'm not doing it efficiently I'll ask her if if she's good at it.",,,,,0
510,149,4,0,Rui Xing,participant,I'll ask her how to do it in more efficiently.,,,,,0
511,149,5,0,Rui Xing,participant,So you can save the time for both of us.,,,,,0
512,149,6,0,Rui Xing,participant,"I think the core is to enhance the efficiency of the family of the 2 people, so we both have more time to do things we love to do so.",,,,,0
518,150,3,0,Elda (Host),moderator,"The wife with the the woman tends to be somehow just a little bit better at those things than men, but it's it's kind of hard to say.",Supplement,True,False,False,0
519,150,4,0,Elda (Host),moderator,"Oh, I I expect you to cook when you know everyone knows that, you know she she is better at cooking, but it's it's kind of hard to to share the responsibilities when when yeah, when you know it's not efficient to to do it that way.",Interpretation,False,False,True,0
520,150,5,0,Elda (Host),moderator,So that that's what makes it difficult.,Interpretation,True,False,False,0
522,150,7,0,Elda (Host),moderator,"I, I think the wife, your future partner will appreciate you saying, Oh, I want to help, and you you're willing to learn so.",Supplement,False,False,True,0
523,151,0,0,Rui Xing,participant,"Yeah, hopefully, she won't say.",,,,,0
524,151,1,0,Rui Xing,participant,"After after a few rounds she will say, Okay, don't.",,,,,0
525,151,2,0,Rui Xing,participant,Don't have. You're just wasting me.,,,,,0
526,152,0,0,Elda (Host),moderator,I.,All Utility,True,False,False,0
527,153,0,0,Rui Xing,participant,I don't. I don't want to just this this thing happen.,,,,,0
529,154,0,0,Elda (Host),moderator,"Yeah, it's it's the attitude that counts.",Supplement,False,False,True,0
530,154,1,0,Elda (Host),moderator,"Yes, Amy.",Instruction,False,True,False,0
531,155,0,0,Amy,participant,So how about you?,,,,,0
532,156,0,0,Elda (Host),moderator,Me!,All Utility,False,False,True,0
533,157,0,0,Amy,participant,Yes. you're paying.,,,,,0
534,158,0,0,Elda (Host),moderator,I.,All Utility,False,False,True,0
535,159,0,0,Amy,participant,Towards this question. or how how are you dealing with this cause?,,,,,0
539,160,2,0,Elda (Host),moderator,"because we're both working I'm I'm living with my partner, and for those who don't know we're both working, and we're both the kind who like We don't mind the house being a little bit messy.",Supplement,True,False,False,0
540,161,0,0,Bryan Chen,participant,I didn't know. That's.,,,,,0
541,162,0,0,Elda (Host),moderator,"Put it yeah, that way.",Interpretation,True,False,False,0
544,162,3,0,Elda (Host),moderator,"If you have agreement, locally, mutual agreement on like the level that you are able to accept.",Supplement,True,False,False,0
545,162,4,0,Elda (Host),moderator,Then then that's that's good.,Supplement,True,False,False,0
546,162,5,0,Elda (Host),moderator,"If if it goes over that level, then you know someone should do something about it.",Supplement,True,True,False,0
547,162,6,0,Elda (Host),moderator,I'm talking about housework so.,Supplement,True,False,False,0
549,162,8,0,Elda (Host),moderator,"Say. it's time to do the dishes, or it's the time to, you know.",Supplement,False,False,True,0
551,162,10,0,Elda (Host),moderator,"But I feel that's you know what relationship is about, because he's good, as he's not obviously not good at housework, and I'm not gonna like force it on him, even though I know he's willing to help.",Supplement,True,False,False,0
553,162,12,0,Elda (Host),moderator,But I'm gonna tell him to do it.,Instruction,False,True,False,0
555,163,0,0,Amy,participant,And that's the secret of how you maintain your memory.,,,,,0
557,165,0,0,Amy,participant,Drop your expectation down.,,,,,0
558,166,0,0,Elda (Host),moderator,Exactly. Yeah.,All Utility,False,False,True,0
559,167,0,0,Amy,participant,Okay.,,,,,0
560,168,0,0,Elda (Host),moderator,Don't keep your expectation high.,Interpretation,False,False,True,0
561,168,1,0,Elda (Host),moderator,"Yeah. How about you, Chantelle?",Probing,True,False,True,0
562,168,2,0,Elda (Host),moderator,What do you expect within a relationship?,Probing,True,False,False,0
564,169,0,0,Shunto,participant,Yes.,,,,,0
565,170,0,0,Elda (Host),moderator,Changed over time.,Probing,True,False,False,0
566,171,0,0,Shunto,participant,"Actually, I wanted to avoid avoid this question, because I am very, very bad at the housework.",,,,,0
567,171,1,0,Shunto,participant,too.,,,,,0
568,172,0,0,Elda (Host),moderator,"No, doesn't have to be hard work.",Supplement,False,False,True,0
571,173,2,0,Shunto,participant,"So I mean, I'm I'm bad.",,,,,0
578,173,9,0,Shunto,participant,Does this answer the question.,,,,,0
580,174,1,0,Elda (Host),moderator,Gently answered my question.,All Utility,False,False,True,0
584,176,2,0,Elda (Host),moderator,"In fact, in in Taiwan, eating out is so common like, if you're able to cook, you're a woman you're able to cook.",Supplement,True,False,False,0
587,176,5,0,Elda (Host),moderator,"But if you're you're not able to cook, then that's fine, then just take out.",Supplement,False,False,True,0
592,176,10,0,Elda (Host),moderator,Everyone needs to learn how to make rice.,Supplement,True,False,True,0
593,176,11,0,Elda (Host),moderator,Everyone needs to learn how to sew a button.,Supplement,True,False,False,0
594,177,0,0,Shunto,participant,Take them on.,,,,,0
595,178,0,0,Elda (Host),moderator,Basic yeah.,All Utility,True,False,False,0
598,179,2,0,Shunto,participant,I forgot what that was.,,,,,0
599,179,3,0,Shunto,participant,"But anyway, yeah, we we done some cooking things.",,,,,0
601,179,5,0,Shunto,participant,"I mean, it's somewhat helpful, but it doesn't work to me.",,,,,0
602,179,6,0,Shunto,participant,It didn't work to me.,,,,,0
613,186,3,0,Elda (Host),moderator,Subject. Y'all.,Instruction,False,True,False,0
615,187,1,0,Amy,participant,He's from Denmark. He's Danish.,,,,,0
616,187,2,0,Amy,participant,and we only text.,,,,,0
618,187,4,0,Amy,participant,"So I never seen her seeing him in person, but he he will send me the the photo of the braid he made.",,,,,0
619,187,5,0,Amy,participant,so I found.,,,,,0
620,188,0,0,Elda (Host),moderator,Bread.,Probing,True,False,False,0
622,190,0,0,Elda (Host),moderator,Baked bread.,Supplement,True,False,False,0
624,192,0,0,Elda (Host),moderator,Is love.,All Utility,False,False,True,0
630,193,5,0,Amy,participant,Interesting side of if dating somebody who's obviously very different from your country.,,,,,0
634,194,2,0,Elda (Host),moderator,and they they can't stand.,Supplement,True,False,False,0
635,194,3,0,Elda (Host),moderator,I'm seeing Pasta cooked in a non-italian way.,Supplement,False,False,True,0
641,196,3,0,Elda (Host),moderator,But I kind of want to go quickly on.,Instruction,False,True,False,0
642,196,4,0,Elda (Host),moderator,"The last question. If if you guys want to stay please bear with me if you have to go, because I know it's been an hour you can leave as well.",Instruction,False,True,True,0
643,196,5,0,Elda (Host),moderator,"So the last question is, what's a positive or challenging experience you've had with LGBT relationships, either personally or observed in recent years.",Probing,True,False,False,0
644,196,6,0,Elda (Host),moderator,So the reason why I put this question it's kind of out of the place.,Interpretation,True,False,False,0
645,196,7,0,Elda (Host),moderator,"Maybe off the sudden for some of you is, you know we.",Interpretation,True,False,False,0
646,196,8,0,Elda (Host),moderator,"We talk about gender roles and expectations so like, you know men and women, they are no longer, you know.",Supplement,True,False,False,0
647,196,9,0,Elda (Host),moderator,doing the things that they they should be doing as men and women anymore.,Supplement,True,False,False,0
648,196,10,0,Elda (Host),moderator,So even a man can do a woman's job.,Supplement,True,False,False,0
649,196,11,0,Elda (Host),moderator,A woman can do a man's job.,Supplement,True,False,False,0
651,196,13,0,Elda (Host),moderator,That's why I wanted to extend that into Lgbtq plus.,Interpretation,False,False,True,0
653,196,15,0,Elda (Host),moderator,And later it became Lgbtq.,Supplement,True,False,False,0
654,196,16,0,Elda (Host),moderator,"And then it's now Lgbtq, plus.",Supplement,True,False,False,0
655,196,17,0,Elda (Host),moderator,It's getting more and more complicated.,Supplement,False,False,True,0
657,196,19,0,Elda (Host),moderator,regarding this kind of situation?,Probing,True,False,False,0
658,196,20,0,Elda (Host),moderator,Because I I know there is a growing population and awareness in this kind of gender.,Supplement,True,False,False,0
659,196,21,0,Elda (Host),moderator,what do you call it?,Probing,True,False,False,0
661,196,23,0,Elda (Host),moderator,"More more and more people are willing to step out and say, you know I am this, and that, or even non binary is another, is another one like they are not defined by any of the conventional sexuality.",Supplement,True,False,False,0
662,196,24,0,Elda (Host),moderator,do you find? Do you still find it challenging?,Probing,True,False,False,0
663,196,25,0,Elda (Host),moderator,"Because I know, in particular, in in Arab?",Probing,True,False,False,0
665,197,0,0,Rui Xing,participant,"I mean, it's it's not only challenging, it's it's kind of kind of forbidden because the law doesn't doesn't allow Lgbtq relationships.",,,,,0
666,197,1,0,Rui Xing,participant,It's not permitted by law.,,,,,0
668,198,0,0,Elda (Host),moderator,"Yeah, it's illegal. Even.",Supplement,True,False,False,0
670,199,0,0,Rui Xing,participant,"Yeah, it's illegal. So I have very few experience for this.",,,,,0
671,200,0,0,Elda (Host),moderator,Yeah. No worries is it legal in Australia to get married?,Probing,True,False,False,0
672,200,1,0,Elda (Host),moderator,Lgbtq plus.,Probing,True,False,False,0
678,201,5,0,Bryan Chen,participant,"it's pretty normal, so I don't.",,,,,0
680,201,7,0,Bryan Chen,participant,"So who people who are, who can deal with both female and males and people are actually open with it.",,,,,0
683,202,0,0,Elda (Host),moderator,"yeah, I had. I had this classmate back in Oakland.",Supplement,False,False,True,0
690,202,7,0,Elda (Host),moderator,And from that conversation only.,Supplement,True,False,False,0
693,202,10,0,Elda (Host),moderator,"No, it wasn't even intentionally hidden.",Interpretation,True,False,False,0
696,202,13,0,Elda (Host),moderator,He's 1 of the classmates.,Supplement,True,False,False,0
697,202,14,0,Elda (Host),moderator,"And I I thought, Wow, it's it can happen to any of us.",Supplement,False,False,True,0
698,202,15,0,Elda (Host),moderator,"Just be, you know, randomly behind you and working on the street.",Supplement,False,False,True,0
699,202,16,0,Elda (Host),moderator,It can be just in any of them.,Supplement,False,False,True,0
700,202,17,0,Elda (Host),moderator,"Can be Lgbtq, but you know they look the same.",Supplement,True,False,False,0
701,202,18,0,Elda (Host),moderator,it's kind of scary to to to hear you know news about especially more conservative societies saying.,Supplement,False,False,True,0
703,202,20,0,Elda (Host),moderator,So it's it's kind of sad.,Supplement,False,False,True,0
704,202,21,0,Elda (Host),moderator,"How about in in the Uk, Amy?",Probing,True,False,False,0
706,203,0,0,Amy,participant,"Uk. I don't know other countries, but.",,,,,0
707,203,1,0,Amy,participant,What I have seen so far.,,,,,0
708,203,2,0,Amy,participant,You know lots of company.,,,,,0
709,203,3,0,Amy,participant,They will speak out loud.,,,,,0
710,203,4,0,Amy,participant,Speak loud about the welcome to any gender Lgbtq.,,,,,0
713,203,7,0,Amy,participant,So people are more willing to accept people.,,,,,0
715,203,9,0,Amy,participant,And there's lots of I don't know.,,,,,0
719,204,1,0,Elda (Host),moderator,"Yeah, it's Brighton.",Supplement,True,False,False,0
720,205,0,0,Amy,participant,"Brighton, so you can see lots of couples.",,,,,0
722,206,0,0,Elda (Host),moderator,More people.,Probing,True,False,False,0
724,208,0,0,Elda (Host),moderator,And no straights allowed.,All Utility,False,False,True,0
725,209,0,0,Amy,participant,"Yes, there's strong community here.",,,,,0
726,209,1,0,Amy,participant,"So, and we have parade for pride, this as well every single year.",,,,,0
728,209,3,0,Amy,participant,"You know. lots of people there freely to stay here to show up their real color, their real gender here.",,,,,0
730,209,5,0,Amy,participant,Eye opening experience to live here.,,,,,0
733,210,2,0,Elda (Host),moderator,Brighton. is that strong lgbtq.,Probing,True,False,False,0
736,210,5,0,Elda (Host),moderator,If.,Probing,True,False,False,0
737,211,0,0,Amy,participant,"I don't know. Yeah, I don't know.",,,,,0
738,211,1,0,Amy,participant,"The real reason, but I found here is just I don't know.",,,,,0
739,211,2,0,Amy,participant,Here is started to become cause.,,,,,0
742,211,5,0,Amy,participant,"Appeal or gather, or you know you will attract other people, they probably same as you.",,,,,0
743,211,6,0,Amy,participant,"So the community just get stronger, stronger, and lots of people, because of this, probably if they stay in their countryside.",,,,,0
744,211,7,0,Amy,participant,Maybe there they won't get accept.,,,,,0
745,211,8,0,Amy,participant,"But if they move to Brighton, then there's another issue, not a problem anymore.",,,,,0
746,211,9,0,Amy,participant,So.,,,,,0
747,212,0,0,Elda (Host),moderator,Wow!,All Utility,False,False,True,0
748,213,0,0,Amy,participant,Just. Yeah. And oh.,,,,,0
749,213,1,0,Amy,participant,I want maybe higher education.,,,,,0
750,213,2,0,Amy,participant,"People are more higher education, educated as well, because here.",,,,,0
751,214,0,0,Bryan Chen,participant,"Isn't. Yeah. I think it's a common phenomenon, because I remember in Chicago there's also a boys town, and also in Montreal.",,,,,0
752,214,1,0,Bryan Chen,participant,There's also a gay town.,,,,,0
754,214,3,0,Bryan Chen,participant,And then in celebrating.,,,,,0
755,214,4,0,Bryan Chen,participant,"So yeah, I think in many Western countries they do have such kind of pound or places that cannot have a aggregation of the Lgbtb members, yeah.",,,,,0
759,218,0,0,Elda (Host),moderator,Oh!,All Utility,False,False,True,0
761,219,1,0,Amy,participant,So I remember when I.,,,,,0
762,219,2,0,Amy,participant,"1st day I went to my school, and I found there's a genderless toilet.",,,,,0
763,219,3,0,Amy,participant,So when I jump into a toilet there's a guy in the you know he's washing his hand as well.,,,,,0
765,219,5,0,Amy,participant,I don't know. In Taiwan or Asia.,,,,,0
768,220,1,0,Elda (Host),moderator,So my my partner is architect designer.,Supplement,True,False,True,0
769,220,2,0,Elda (Host),moderator,"So he he talked about kind of toilet design sometimes, like, you know, in general, female toilets need to be larger, almost double the size of a male's toilet.",Supplement,True,False,False,0
770,220,3,0,Elda (Host),moderator,because you need.,Supplement,True,False,False,0
771,221,0,0,Shunto,participant,And.,,,,,0
772,222,0,0,Elda (Host),moderator,More space for the closets.,Supplement,True,False,False,0
774,223,0,0,Amy,participant,Okay.,,,,,0
775,224,0,0,Elda (Host),moderator,"But because. you know, so mostly he's getting these cases in within Japan.",Supplement,True,False,False,0
778,224,3,0,Elda (Host),moderator,"If when we designed this, you know, Lgbtq, it's kind of hard to categorizing all the.",Supplement,True,False,False,0
780,226,0,0,Elda (Host),moderator,Have to use the mail toilet would.,Supplement,True,False,False,0
782,228,0,0,Elda (Host),moderator,Our toilet.,All Utility,False,False,False,0
786,230,2,0,Elda (Host),moderator,"And what if they don't want to show that they they are, you know, non binary by using the genderless toilet.",Probing,True,False,False,0
787,230,3,0,Elda (Host),moderator,you know. So it became kind of.,All Utility,False,False,False,0
788,231,0,0,Shunto,participant,Hates it.,,,,,0
789,232,0,0,Elda (Host),moderator,"And yeah, basically, there's no big Lgbtq communication to start with.",Supplement,True,False,False,0
790,232,1,0,Elda (Host),moderator,So and eventually the the design idea was dropped.,Supplement,True,False,False,0
792,232,3,0,Elda (Host),moderator,yeah. would you ever use the jandella's toilet.,Probing,True,False,False,0
793,232,4,0,Elda (Host),moderator,would any of you ever use it?,Probing,True,False,False,0
794,232,5,0,Elda (Host),moderator,Or.,Probing,True,False,False,0
795,233,0,0,Bryan Chen,participant,"I mean, if this is only toilet layer, I have to use it right.",,,,,0
798,235,1,0,Bryan Chen,participant,Even know I know disability don't know.,,,,,0
800,237,0,0,Bryan Chen,participant,"More spacious, more comfortable.",,,,,0
801,237,1,0,Bryan Chen,participant,"And then, yeah, and sometimes you can even take shower layer.",,,,,0
802,237,2,0,Bryan Chen,participant,So.,,,,,0
806,239,1,0,Bryan Chen,participant,Pretend you have a broken leg.,,,,,0
808,240,1,0,Elda (Host),moderator,"okay, Rena, do you have something to share around this topic, or, just in in general before we wrap up.",Probing,True,True,False,0
810,241,1,0,renaaaa,participant,But one of my close friends she's she's a Lesbian.,,,,,0
811,241,2,0,renaaaa,participant,"not yeah, she's a lesbian, but I don't know about this previously, but one day she exposed her heart to me, and I felt Verisa.",,,,,0
812,241,3,0,renaaaa,participant,"very shocked, in the 1st place, but I tried to maintain our relationship.",,,,,0
814,241,5,0,renaaaa,participant,"Well, but she feels very.",,,,,0
818,241,9,0,renaaaa,participant,Yeah. But but in the end we do find a way to resolve these.,,,,,0
820,242,0,0,Elda (Host),moderator,"Yeah. And then I think that that points out again that people are more like willing to to to say to say it, even though your friends, you know, back in the days I I'd imagine there'll be even, you know there's no way that you would say anything.",Interpretation,True,False,False,0
822,242,2,0,Elda (Host),moderator,"Because you don't want to lose that friendship, I think, but I'm I'm sure it's still a difficult decision, even.",Interpretation,False,False,True,0
823,242,3,0,Elda (Host),moderator,you know. Now for her.,Interpretation,False,False,True,0
824,242,4,0,Elda (Host),moderator,"Yeah, yeah. So you guys, still, friends, you girls are still friends.",Probing,True,False,True,0
825,243,0,0,renaaaa,participant,Not black.,,,,,0
826,244,0,0,Elda (Host),moderator,"Okay, that's cool. just before we we wrap up shunto, do you want to add anything just in general.",Probing,True,True,False,0
830,245,3,0,Shunto,participant,"But anyway, so from my perspective.",,,,,0
834,245,7,0,Shunto,participant,I want to share my experience with my partner.,,,,,0
835,245,8,0,Shunto,participant,In that case I may say so.,,,,,0
838,245,11,0,Shunto,participant,"I don't recommend the distance to like others, because I know I know it can call it can lead.",,,,,0
839,245,12,0,Shunto,participant,It can lead severe consequences sometimes.,,,,,0
841,245,14,0,Shunto,participant,So in some in some cases.,,,,,0
844,245,17,0,Shunto,participant,"So I although although if you feel it's the right thing to do it, may you, he may need to do it, but otherwise I I don't recommend to do it.",,,,,0
846,245,19,0,Shunto,participant,So then.,,,,,0
847,246,0,0,Elda (Host),moderator,If.,Probing,True,False,False,0
848,247,0,0,Shunto,participant,"It's relatively liberal. So, but.",,,,,0
851,247,3,0,Shunto,participant,So are in so in a nutshell right between people.,,,,,0
852,247,4,0,Shunto,participant,But. Some people is up.,,,,,0
853,247,5,0,Shunto,participant,"Some people are open, but some people are close, and I don't recommend I don't.",,,,,0
854,247,6,0,Shunto,participant,I don't recommend any everybody to being open because it can lead to like catastrophic damage to your relationship with your people are people around you.,,,,,0
855,247,7,0,Shunto,participant,"So yeah, that's my opinion.",,,,,0
856,248,0,0,Elda (Host),moderator,So that's let me let me guess.,Interpretation,True,False,False,0
858,249,0,0,Shunto,participant,"Yeah, I guess it can operate outside of Japan.",,,,,0
860,249,2,0,Shunto,participant,But and it's it's I know it's sometimes it's sometimes the right choice.,,,,,0
863,249,5,0,Shunto,participant,"So, in my opinion, you you should be very cautious about it, and you should you, you should acknowledge the potential hard outcome.",,,,,0
864,249,6,0,Shunto,participant,"If you, if you decide to be, to be, to be open.",,,,,0
866,250,0,0,Elda (Host),moderator,These are my son.,All Utility,False,False,False,0
867,251,0,0,Shunto,participant,"Country, so.",,,,,0
868,252,0,0,Elda (Host),moderator,"For example, you shouldn't be open if you're in the arab country as, you might be taken to jail.",Supplement,True,False,False,0
869,253,0,0,Shunto,participant,"Yeah. Oh, yeah. In that case, I definitely do not say I mean it does not bring me any penny any benefit to me.",,,,,0
870,253,1,0,Shunto,participant,"So in that case, in that case I don't say.",,,,,0
873,256,0,0,Elda (Host),moderator,"Yeah. So so for you, you are happy to be open and ready, you know, need to be cautious and selective of like who you speak to?",Probing,True,False,False,0
875,256,2,0,Elda (Host),moderator,Thank you for sharing.,All Utility,False,False,True,0
876,256,3,0,Elda (Host),moderator,"Okay. Now, it's been yeah an hour and quarter past.",Supplement,False,True,False,0
877,256,4,0,Elda (Host),moderator,"So I think it's it's about time to wrap up Brian, do you want to add any final words before we close up.",Probing,True,True,False,0
878,257,0,0,Bryan Chen,participant,I'm good. And good.,,,,,0
879,258,0,0,Elda (Host),moderator,"You're good. Okay? Oh, well, little rockets.",All Utility,False,False,True,0
880,258,1,0,Elda (Host),moderator,"Okay. Well, thank you.",All Utility,False,False,True,0
881,258,2,0,Elda (Host),moderator,Guys for sharing today.,All Utility,False,False,True,0
883,258,4,0,Elda (Host),moderator,"Oh, thank you for the balloons.",All Utility,False,False,True,0
885,258,6,0,Elda (Host),moderator,I can feel that in general we we have.,Interpretation,False,False,True,0
888,258,9,0,Elda (Host),moderator,"So overall, we're quite liberal towards gender roles and also relationship expectations.",Interpretation,True,False,False,0
889,258,10,0,Elda (Host),moderator,And it's it's great.,All Utility,False,False,True,0
890,258,11,0,Elda (Host),moderator,"That we have. you know, also share different.",Interpretation,True,False,True,0
891,258,12,0,Elda (Host),moderator,yeah. Thoughts on a relationship and things.,Supplement,True,False,False,0
892,258,13,0,Elda (Host),moderator,And Shinto thanks for coming in last minute.,All Utility,False,False,True,0
893,259,0,0,Shunto,participant,You're gonna serve.,,,,,0
895,261,0,0,Shunto,participant,No later.,,,,,0
896,262,0,0,Elda (Host),moderator,And.,All Utility,False,False,False,0
897,263,0,0,Shunto,participant,It was pretty I enjoyed it.,,,,,0
898,263,1,0,Shunto,participant,Thank you for inviting.,,,,,0
899,264,0,0,Elda (Host),moderator,Yeah. And because I know it's long weekend in Japan.,Supplement,False,False,True,0
900,264,1,0,Elda (Host),moderator,So thank you for coming.,Supplement,False,False,True,0
901,264,2,0,Elda (Host),moderator,And thank you also for coming out a little bit.,Supplement,False,False,True,0
902,264,3,0,Elda (Host),moderator,I didn't know before.,Supplement,True,False,False,0
903,265,0,0,Shunto,participant,"Oh, it's it's okay.",,,,,0
904,265,1,0,Shunto,participant,"It's okay. As I said, I I don't care about like saying it, so you don't need to worry about it.",,,,,0
905,266,0,0,Elda (Host),moderator,"yeah, so it it means, you know, differently for for different people.",Interpretation,True,False,True,0
906,266,1,0,Elda (Host),moderator,"So i still, appreciate that and and yeah and thank you for you guys to to join.",Supplement,False,False,True,0
907,266,2,0,Elda (Host),moderator,And I hope you had a great time.,Supplement,False,False,True,0
908,266,3,0,Elda (Host),moderator,And I'm gonna cause.,Instruction,False,True,False,0
909,266,4,0,Elda (Host),moderator,"Normally, we we have this little survey, but we we only have a survey in Chinese.",Supplement,False,True,False,0
911,266,6,0,Elda (Host),moderator,So I'm not gonna post the survey this time.,Instruction,False,True,False,0
912,266,7,0,Elda (Host),moderator,"It's okay, Brian. Okay.",All Utility,False,False,True,0
915,269,0,0,Elda (Host),moderator,Yeah. Bored.,All Utility,False,False,True,0
916,270,0,0,Rui Xing,participant,"Feel free to send, send to us.",,,,,0
917,270,1,0,Rui Xing,participant,"We are very interested, can contribute.",,,,,0
919,271,0,0,Bryan Chen,participant,Raised very lonely in Abu Dhabi.,,,,,0
920,271,1,0,Bryan Chen,participant,No one to talk to.,,,,,0
922,272,0,0,Rui Xing,participant,"I'm very lonely. No, I'm very.",,,,,0
923,272,1,0,Rui Xing,participant,Yeah. I learned a lot today.,,,,,0
924,272,2,0,Rui Xing,participant,"Yeah, thanks for telling me all about this romance.",,,,,0
925,273,0,0,Bryan Chen,participant,Thanks for that.,,,,,0
926,274,0,0,Elda (Host),moderator,"Okay, well, thank you guys, you have a good one, and next time will be next week.",Supplement,False,True,True,0
927,274,1,0,Elda (Host),moderator,"Hopefully, Brian.",All Utility,False,False,True,0
929,276,0,0,Elda (Host),moderator,"Next weekend or, yeah, we we try to have one to 2 times a month.",Supplement,False,True,False,0
930,276,1,0,Elda (Host),moderator,Of this online English chat.,Supplement,True,True,False,0
931,276,2,0,Elda (Host),moderator,So hope to see you again.,Supplement,False,False,True,0
932,277,0,0,Bryan Chen,participant,Thank you. Thank you.,,,,,0
933,278,0,0,Elda (Host),moderator,Goodbye!,All Utility,False,False,True,0
934,279,0,0,Shunto,participant,"Thank you. Bye, bye.",,,,,0
935,280,0,0,Rui Xing,participant,Thank you.,,,,,0
936,281,0,0,Amy,participant,Bye.,,,,,0
937,282,0,0,Elda (Host),moderator,Hi.,All Utility,False,False,True,0
