Unnamed: 0,turn_index,sent_index,segment,speaker,role,text,dialogue_act,informational motive,coordinative motive,social motive,topic_cluster
5,0,5,0,Bryan Chen,moderator,So I think it's a very interesting topic.,Supplement,False,False,True,4
11,0,11,0,Bryan Chen,moderator,But but nowadays I think it's kind of different.,Supplement,True,False,False,4
57,6,6,0,Bryan Chen,moderator,What what do you think is the purpose of dating or having relationship in.,Probing,True,False,False,4
82,11,13,0,Evan,participant,"And so, yes, and the 5, th I think, the 2 people.",,,,,4
84,11,15,0,Evan,participant,"Yes, and I. Yes, I think this is the normal normal values and beliefs for the the the normal relationship in romantic and others, I think the and the Johnson side.",,,,,4
96,14,0,0,Bryan Chen,moderator,"Good point. But I think one thing that's interesting, and then people always talking about is about being independent.",Supplement,True,False,False,4
108,19,0,0,Jane,participant,Okay. So I think for me.,,,,,4
117,20,4,0,Bryan Chen,moderator,"Yeah. Oh, I think people have a lot of good answers.",All Utility,False,False,True,4
122,21,2,0,Felicia,participant,and I think it's and it's a good thing to say.,,,,,4
139,29,2,0,Felicia,participant,"And you may think, Oh.",,,,,4
146,31,2,0,CiCi,participant,"When you some someone to express our feeling, I think the partner is the best one to share our feelings and for the financial supports, I think sometimes a lot of people think they could get some financial support from their partner.",,,,,4
162,32,9,0,Bryan Chen,moderator,"I think the next question is, safety is also very interesting.",Instruction,False,True,False,4
170,32,17,0,Bryan Chen,moderator,"They just let you do whatever you want to do, what you think is the best for you.",Supplement,True,False,False,4
178,33,0,0,Jane,participant,"Yeah, I think for me, it's both because I think it's better to hear to listen to my parents advice, because sometimes they are right but I will also have my own opinion about a romantic relationship, because I think my parents they just want me to find find a person who who is really supportive financially.",,,,,4
179,33,1,0,Jane,participant,But I think for me.,,,,,4
181,33,3,0,Jane,participant,So I think it's more important to find someone who has who can help.,,,,,4
250,47,2,0,Urania,participant,"So I often think, oh, what happened or what's the problem?",,,,,4
261,47,13,0,Urania,participant,"I think it's very interesting, but you know I never heard these things.",,,,,4
264,47,16,0,Urania,participant,I think it's a payday in.,,,,,4
269,48,2,0,Bryan Chen,moderator,But but Linsa also didn't have a lot of dating experience as well.,Supplement,False,False,True,4
272,48,5,0,Bryan Chen,moderator,And so I think uranium has been a very interesting and also very important points.,Supplement,True,False,True,4
277,48,10,0,Bryan Chen,moderator,"So I think now, we have some.",Instruction,False,True,False,4
278,48,11,0,Bryan Chen,moderator,Some people have been start using dating app or some other online platform to.,Interpretation,True,False,True,4
280,48,13,0,Bryan Chen,moderator,So and but what are the positive and the negative side of using those online platform or dating app.,Probing,True,False,False,4
283,49,0,0,CiCi,participant,"Okay, I I use dating.",,,,,4
285,49,2,0,CiCi,participant,"I think that is a good way to know some new people, especially for local people, because, you know.",,,,,4
286,49,3,0,CiCi,participant,But I think there are a lot of Chinese.,,,,,4
288,49,5,0,CiCi,participant,So this is the main reason for me to use dating app.,,,,,4
289,49,6,0,CiCi,participant,But I think some people use dating app just for have one nice stand that is really common in dating app.,,,,,4
293,49,10,0,CiCi,participant,"I think when you meet a lot of people that is a little boring, because you just talk about the same topics, just like, Are you dog, person or cat person.",,,,,4
296,49,13,0,CiCi,participant,I think you just like to practice your else topics when you're dating with some people that is so boring.,,,,,4
298,49,15,0,CiCi,participant,I should say that is a dating app.,,,,,4
306,50,6,0,Bryan Chen,moderator,"I I don't use them, that the dating app, often, maybe throughout the year, maybe have meet people one or 2 times but didn't go very far, so probably need some people sharing?",Probing,True,False,False,4
307,50,7,0,Bryan Chen,moderator,"Regarding to these questions, Evan, do you have any thought or experience on dating app?",Probing,True,False,False,4
308,51,0,0,Evan,participant,"Yes, the dating app.",,,,,4
309,51,1,0,Evan,participant,"To be honest, I seldom use the dating app to meet or know the new people.",,,,,4
310,51,2,0,Evan,participant,"Because I think that dating app they we meet in the dating app, and it adds some a fantasy, the feeling of fancy and I think in reality to meet some people.",,,,,4
312,51,4,0,Evan,participant,"And yeah, but but now but the current situations that the dating app is like the globalization.",,,,,4
313,51,5,0,Evan,participant,And it has some advantages for the dating.,,,,,4
322,53,1,0,Evan,participant,I. I don't like it because this the dating app speeds up the speedization of emotion.,,,,,4
326,53,5,0,Evan,participant,So I think the 2 reasons let me to sell them to use the dating app.,,,,,4
329,54,0,0,Bryan Chen,moderator,"Yeah, I guess I it's also because of the the living style of the modern society forcing people to use dating app, because I feel like in my normal life.",Interpretation,True,False,False,4
333,54,4,0,Bryan Chen,moderator,The dating app is like the people you meet there.,Interpretation,True,False,False,4
341,54,12,0,Bryan Chen,moderator,"Yeah. anyone else have experience with dating app, and would like to share.",Probing,True,False,True,4
353,57,9,0,Urania,participant,"In, I think, for this aspect.",,,,,4
359,58,0,0,Bryan Chen,moderator,I think that's a good point.,Supplement,False,False,True,4
360,58,1,0,Bryan Chen,moderator,"And also talking about like online platform, I think it's not just about dating app.",Supplement,True,False,False,4
368,58,9,0,Bryan Chen,moderator,"So far, I think people has been contributing really well.",Interpretation,False,True,True,4
369,58,10,0,Bryan Chen,moderator,and I think now we can move on to the next questions.,Instruction,False,True,False,4
406,65,8,0,Johnson,participant,But I think that the core idea of this is just trying to have empathy on others on your significant other.,,,,,4
418,66,8,0,Bryan Chen,moderator,"But I, personally don't think that's a fully negative.",Supplement,True,False,False,4
431,67,0,0,Jane,participant,"Well, I think it's the same.",,,,,4
432,67,1,0,Jane,participant,"So for me, I think because I think because of my my family, and I think my father doesn't give my mother enough respect, and in the emotional aspect, or say he doesn't give my mother enough mental support, things like that.",,,,,4
433,67,2,0,Jane,participant,"So I so I think just for me, I want to.",,,,,4
434,67,3,0,Jane,participant,I think it's it means to be equal for me just ask for more.,,,,,4
448,71,0,0,CiCi,participant,"I think. the male and female, they should take the same responsibilities.",,,,,4
451,71,3,0,CiCi,participant,"I also provide the emotional to males, and I think I I think there are not much difference between them.",,,,,4
458,73,0,0,CiCi,participant,"Okay for this question, I think now, should should take a little more than females, because the in our society of Female females, and I think they are not in a good good position.",,,,,4
460,73,2,0,CiCi,participant,"But I think, mother mom also take the a lot of responsibilities from these perspectives.",,,,,4
519,80,15,0,Bryan Chen,moderator,I think anyone else have any story or thought want to share on these questions.,Probing,True,False,True,4
535,85,4,0,Urania,participant,And so I just think we should respect for them.,,,,,4
537,86,0,0,Bryan Chen,moderator,Cool. I think that's probably all of our questions for today.,Supplement,False,True,False,4
543,86,6,0,Bryan Chen,moderator,M. I think we'll down here cool.,Instruction,False,True,False,4
