Unnamed: 0,turn_index,sent_index,segment,speaker,role,text,dialogue_act,informational motive,coordinative motive,social motive,topic_cluster
8,2,6,0,Elda (Host),moderator,"Yeah, how things are.",Supplement,True,False,False,3
37,6,0,0,Elda (Host),moderator,"Yeah, absolutely. Yeah. I do think so.",Supplement,True,False,False,3
42,7,0,0,Bryan Chen,participant,Yeah.,,,,,3
72,12,0,0,Rui Xing,participant,Yeah.,,,,,3
75,13,2,0,Elda (Host),moderator,Yeah. how about your parents?,Probing,True,False,False,3
78,15,0,0,Elda (Host),moderator,Yeah.,All Utility,False,False,False,3
84,19,1,0,Elda (Host),moderator,Yeah.,All Utility,False,False,False,3
96,22,1,0,Bryan Chen,participant,Yeah.,,,,,3
132,36,0,0,Shunto,participant,"Yeah, yeah.",,,,,3
209,58,0,0,Elda (Host),moderator,"Yeah. yeah. just just curious, are there?",Probing,True,False,False,3
232,63,3,0,Rui Xing,participant,Yeah.,,,,,3
235,66,0,0,Elda (Host),moderator,Compared to. Yeah. Yeah.,Probing,True,False,False,3
242,69,0,0,Rui Xing,participant,Yeah.,,,,,3
252,73,0,0,renaaaa,participant,"Yeah, actually,",,,,,3
272,77,15,0,renaaaa,participant,Yeah.,,,,,3
297,80,1,0,Amy,participant,So yeah. And I don't know.,,,,,3
308,82,7,0,Amy,participant,"So, yeah.",,,,,3
398,116,0,0,Elda (Host),moderator,I know you. yeah.,Supplement,False,False,True,3
455,131,0,0,Bryan Chen,participant,Yeah.,,,,,3
462,135,0,0,Bryan Chen,participant,Yeah.,,,,,3
496,146,0,0,Elda (Host),moderator,On there. Yeah.,All Utility,False,False,True,3
514,149,8,0,Rui Xing,participant,"So yeah. Yeah, but I can, when we're happy to work on it.",,,,,3
528,153,1,0,Rui Xing,participant,So yeah.,,,,,3
536,159,1,0,Amy,participant,Yeah.,,,,,3
556,164,0,0,Elda (Host),moderator,"Yeah, yeah.",All Utility,False,False,True,3
574,173,5,0,Shunto,participant,"But yeah, I think, yeah.",,,,,3
579,174,0,0,Elda (Host),moderator,"Yeah, yeah, I I think you have.",Supplement,False,False,True,3
581,175,0,0,Shunto,participant,Yeah.,,,,,3
605,181,0,0,Shunto,participant,"Yeah, yeah, yeah.",,,,,3
606,182,0,0,Elda (Host),moderator,"Yeah, like, 0.",All Utility,False,False,True,3
608,184,0,0,Elda (Host),moderator,"You're not like. yeah, yeah.",All Utility,False,False,True,3
609,185,0,0,Shunto,participant,Yeah.,,,,,3
629,193,4,0,Amy,participant,"So yeah, it's just a, you know.",,,,,3
636,194,4,0,Elda (Host),moderator,"Yeah, something like that.",All Utility,True,False,True,3
637,195,0,0,Amy,participant,Yeah.,,,,,3
667,197,2,0,Rui Xing,participant,Yeah.,,,,,3
669,198,1,0,Elda (Host),moderator,Yeah.,All Utility,False,False,True,3
682,201,9,0,Bryan Chen,participant,Yeah.,,,,,3
723,207,0,0,Amy,participant,"Yeah, so.",,,,,3
729,209,4,0,Amy,participant,So yeah. It's yeah.,,,,,3
756,215,0,0,Amy,participant,Yeah.,,,,,3
758,217,0,0,Amy,participant,Yeah.,,,,,3
766,219,6,0,Amy,participant,I don't know. Yeah.,,,,,3
779,225,0,0,Amy,participant,Yeah.,,,,,3
781,227,0,0,Amy,participant,Yeah.,,,,,3
783,229,0,0,Amy,participant,Yeah.,,,,,3
799,236,0,0,Elda (Host),moderator,"Yeah, yeah.",All Utility,False,False,True,3
804,238,1,0,Elda (Host),moderator,Yeah.,All Utility,False,False,True,3
807,240,0,0,Elda (Host),moderator,"Yeah, yeah, limping and yeah.",All Utility,False,False,True,3
819,241,10,0,renaaaa,participant,Yeah.,,,,,3
827,245,0,0,Shunto,participant,"okay, yeah. As I.",,,,,3
861,249,3,0,Shunto,participant,"But yeah, I know it.",,,,,3
871,254,0,0,Elda (Host),moderator,Yeah.,All Utility,False,False,True,3
872,255,0,0,Shunto,participant,Yeah.,,,,,3
874,256,1,0,Elda (Host),moderator,"Yeah, exactly. Yeah. Okay.",All Utility,False,False,True,3
914,268,0,0,Rui Xing,participant,"Yeah, yeah.",,,,,3
918,270,2,0,Rui Xing,participant,Yeah.,,,,,3
921,271,2,0,Bryan Chen,participant,Yeah.,,,,,3
928,275,0,0,Bryan Chen,participant,"Yeah, maybe.",,,,,3
