Unnamed: 0,turn_index,sent_index,segment,speaker,role,text,topic_cluster
41,16,7,0,Tiffany Qian,participant,"Yeah, just as you said, think about my future career stuff like that.",0
61,31,2,0,Nome,participant,Just find some find some paper on Google Scholar.,0
116,64,0,0,Irene,participant,"Yeah. So it's just like an example of particular stress situation, like the.",0
121,67,1,0,Nome,participant,"It's not me, just one of my friend.",0
126,72,0,0,Irene,participant,"Yeah, so because just before.",0
139,78,2,0,wenqi,participant,"She did nothing. It's just just the the parts of her, and the and and the the other, and works like the check, the reference, or something else.",0
143,79,2,0,Nome,participant,Or they just keep silence.,0
165,95,0,0,Nome,participant,"Yeah, just just try to find some great data on Little Red Book.",0
166,95,1,0,Nome,participant,And just.,0
168,97,0,0,Nome,participant,And just take a tram and just go over there and line out just for for the paste.,0
196,114,2,0,Nome,participant,"The the performance of my asset is not not, as my expected, just just finish it, just finish it down is better than perfect.",0
204,121,1,0,Irene,participant,So it just makes yeah.,0
206,121,3,0,Irene,participant,Just finish it on.,0
246,132,3,0,Nome,participant,You can ask for refund just before that day.,0
252,136,1,0,Nome,participant,"That's true. You have to have trouble with others, not not yours, just yourself.",0
263,141,1,0,Irene,participant,And P person just like sometimes just follow my heart.,0
264,142,0,0,Nome,participant,But just.,0
267,144,1,0,Nome,participant,"Person. But I want to change a little bit just to the aspect of P. Person, just enjoy the moment.",0
268,144,2,0,Nome,participant,"Sometimes you can change in some situation, but just accept it.",0
270,144,4,0,Nome,participant,"Enjoy the moment. For example, if you, yeah, yeah, just go.",0
277,146,0,0,Nome,participant,"Yeah, just have those few.",0
285,152,0,0,Nome,participant,"Just like I have to finish my plan, no matter what.",0
289,156,0,0,Nome,participant,"But key person. Okay, just change my plan.",0
300,163,0,0,Irene,participant,Yeah. So sometimes we just like.,0
311,169,0,0,Nome,participant,"Yeah, that's quite, quite great, because my ex is every time I have with him, just just like, just like she can accept every moment, even every accident happened.",0
312,169,1,0,Nome,participant,Just.,0
315,171,1,0,Nome,participant,Just be often off.,0
353,185,1,0,Irene,participant,Just like that. I think.,0
375,197,0,0,Nome,participant,"So. But maybe just before the 1st day I enter this Major, I I just think if you, if you.",0
381,199,1,0,Nome,participant,Still want to be a teacher or just work in the company.,0
388,201,3,0,Nome,participant,But but I just wanna what can.,0
391,201,6,0,Nome,participant,If you just graduated.,0
453,231,0,0,Nome,participant,"But just imagine, if you want to be a teacher, you have to have morning class.",0
506,263,0,0,Jinchi LIU,participant,"Hmm. Oh, as I said just now, 1st of all.",0
520,273,0,0,Nome,participant,"So when you get when you guys face some stress you want to get, you want to get advice or just just company from others.",0
522,274,1,0,Irene,participant,"And yeah, maybe just talk to someone else.",0
523,274,2,0,Irene,participant,Make the just talking is will release your pressure.,0
527,275,3,0,Nome,participant,"But to just just give me just get just just want to share their emotion, you know.",0
535,283,0,0,Tiffany Qian,participant,"Well, I think whenever we face the stress, just do it.",0
537,283,2,0,Tiffany Qian,participant,"Just focus as Irene just said, just focus on one thing and and be prepared and get yourself busy.",0
