Unnamed: 0,turn_index,sent_index,segment,speaker,role,text,topic_cluster
1,0,1,0,Leyi CAO,participant,especially when I was in my physics classes.,4
2,0,2,0,Leyi CAO,participant,"You know, I really hate physics.",4
5,0,5,0,Leyi CAO,participant,It's just one year.,4
6,0,6,0,Leyi CAO,participant,"Yeah. And you know, at that time we have a big clock handing over our classroom, and then I feel like every second I just kept glancing, kept watching the clock, wondering why the class wasn't over yet.",4
8,0,8,0,Leyi CAO,participant,"I think. in this class, when I feel very bored.",4
22,1,11,0,Yelin Ma,participant,but it's already baby lava.,4
24,2,0,0,Karin,participant,"In my opinion, I think time is a measure of human work and rest.",4
26,2,2,0,Karin,participant,we need. We need it.,4
27,2,3,0,Karin,participant,"Yeah, in my life, whenever I feel nervous or unjust, such as when I take a difficult exam, and I am not sure about most of the questions.",4
37,3,4,0,Emma E,participant,I have to finish my project quickly.,4
38,3,5,0,Emma E,participant,"I have to derive results quickly and I feel that I'm sped up I think, time is sort of a very fair results for everyone, and you can use it to with, improve yourself, or make yourself 4 sign before.",4
45,5,0,0,Emma E,participant,"Exactly, but it but it would be easier for you if you listen to some music while working out.",4
50,6,4,0,Yelin Ma,participant,You can also read some papers.,4
54,7,0,0,Leyi CAO,participant,Shall we move on to question 2.,4
56,9,0,0,Leyi CAO,participant,"So for me. I you, because I'm really a master procrastinator.",4
58,9,2,0,Leyi CAO,participant,I usually just started until the last minute.,4
59,9,3,0,Leyi CAO,participant,"So I also, I want to know, how can I?",4
63,10,1,0,Yelin Ma,participant,It really shows what kind of prison you are.,4
65,10,3,0,Yelin Ma,participant,But you're if you're the P. Prison it's more likely you'll delay the everything to the last minute.,4
66,10,4,0,Yelin Ma,participant,But I don't. I don't.,4
68,10,6,0,Yelin Ma,participant,"But I'm just. Personally speaking, I I am that kind of G prison.",4
71,10,9,0,Yelin Ma,participant,If I don't make it.,4
72,10,10,0,Yelin Ma,participant,I would feel very strained right.,4
73,10,11,0,Yelin Ma,participant,"I don't know what to do for the day and and I think this situation even got I could say, even get worse, because I started to make a long term.",4
75,10,13,0,Yelin Ma,participant,"I basically make the plans every day or every week, but it is also hard to follow on every step, at least on my at least on the schedule.",4
77,10,15,0,Yelin Ma,participant,But also you have to.,4
80,10,18,0,Yelin Ma,participant,"But I still have to work on this, because I I'm I'm really not good at this.",4
88,11,6,0,Emma E,participant,If there's always something you miss out and you have to quickly finish it within the original timeline.,4
91,12,1,0,Karin,participant,But during my undergraduate studies My tutor introduced the sah power metric to me.,4
92,12,2,0,Karin,participant,and it really helps me to figure out what to focus on fast.,4
93,12,3,0,Karin,participant,It breaks things. it breaks the things in my life into urgent and important.,4
95,12,5,0,Karin,participant,I begin to focus on everything what I need to be done right now.,4
96,12,6,0,Karin,participant,And what I can wait that way.,4
97,12,7,0,Karin,participant,I don't get buried under an important stuff.,4
98,12,8,0,Karin,participant,but I don't. The so it helps me make decision quicker.,4
99,12,9,0,Karin,participant,And and now how?,4
106,13,3,0,Leyi CAO,participant,"If you work 25 min and you can have a 5 min break, and after that you can.",4
107,13,4,0,Leyi CAO,participant,You can then work in another 25 min.,4
109,13,6,0,Leyi CAO,participant,"It won't make me to burn out it, but it also can make me concentrated on my current work.",4
112,14,0,0,Yelin Ma,participant,"Yeah, I did. Obviously sorry, Emma, you can go first.st Sorry.",4
113,15,0,0,Emma E,participant,"Oh, yeah, I've heard that app before, and my colleague they use that in front of me, and I think it's very crucial that you are aware that you are tired and need to take a rest to make you work more efficiently.",4
115,15,2,0,Emma E,participant,"I don't know exactly the risk, the source of this strategy, but I think it's validating somewhere.",4
116,16,0,0,Yelin Ma,participant,And I just want to share that.,4
117,16,1,0,Yelin Ma,participant,I also. I have also used the application that really mentioned.,4
121,16,5,0,Yelin Ma,participant,Hmm! You can touch it.,4
122,17,0,0,Leyi CAO,participant,Maybe also a sense of achievements.,4
123,18,0,0,Yelin Ma,participant,"Yeah, yes, no sense of retainment.",4
125,19,0,0,Leyi CAO,participant,Shall we move on to 3rd question.,4
130,19,5,0,Leyi CAO,participant,"Yeah, you will remember them very well, it will give you a very impressive memory, and at I don't know whether you have such kind of feelings, but when I experience something miserable.",4
137,20,3,0,Yelin Ma,participant,"This kind of feeling will like vanish, and even no longer feel, is the the kind of embarrassment.",4
143,20,9,0,Yelin Ma,participant,"I'm playing some roles in society, too.",4
144,20,10,0,Yelin Ma,participant,but I I don't know whether I'm making any changes.,4
145,20,11,0,Yelin Ma,participant,But I'm I'm actually influencing some kind of environment around me.,4
149,20,15,0,Yelin Ma,participant,The identity just become more complex.,4
151,21,1,0,Emma E,participant,The experience experience with friends experience in our work.,4
152,21,2,0,Emma E,participant,It's it builds our ability to come.,4
153,21,3,0,Emma E,participant,"finish things to build our abilities in all aspects and and it strengthens the relationships between ours, myself and this world, and to earn through this experience.",4
154,21,4,0,Emma E,participant,"This i i 1 could know who I am what I'm capable of, and what I'm after in my life.",4
157,21,7,0,Emma E,participant,"You can experience nothing in this world, and you have no connections to others.",4
159,22,0,0,Karin,participant,And in my opinion.,4
163,22,4,0,Karin,participant,And and this example could not be.,4
164,22,5,0,Karin,participant,and exactly. But that's hmm.,4
165,22,6,0,Karin,participant,"My current homestay hostess, hostess, used to be Chinese.",4
166,22,7,0,Karin,participant,"although she has become an Australian citizen, she still identifies as Chinese, because she grew up in China for more than a a decade after she was born.",4
168,22,9,0,Karin,participant,But I'm not sure.,4
170,23,1,0,Leyi CAO,participant,"But it's because, as time goes by our perspective, past experience become more mature, we become more mature, mature, and we will, we can, we will reflect on our past experiences and our decisions.",4
171,23,2,0,Leyi CAO,participant,"and then we learn from it, and we learn from oh.",4
172,23,3,0,Leyi CAO,participant,you know. So that's learn from new circumstances and new ideas.,4
174,23,5,0,Leyi CAO,participant,I feel.,4
175,24,0,0,Yelin Ma,participant,And shall we move on to the worst basket.,4
178,26,1,0,Yelin Ma,participant,that is an interesting topic.,4
180,26,3,0,Yelin Ma,participant,Because just as I I came to attend this meeting.,4
182,26,5,0,Yelin Ma,participant,Maybe later. Finish this.,4
183,26,6,0,Yelin Ma,participant,When I finish this Zoom Meetings.,4
185,26,8,0,Yelin Ma,participant,"You don't have to write up everything, and you don't have to bring the paper calendar everywhere with you.",4
186,26,9,0,Yelin Ma,participant,and also sometimes the sometimes the meeting could be happen online just as our current meeting.,4
187,26,10,0,Yelin Ma,participant,So it's hard to make a physical note on it.,4
191,27,1,0,Emma E,participant,It's a very important.,4
193,27,3,0,Emma E,participant,"But I sometimes I feel overwhelmed using this, because, it's all it, it's it clears it.",4
196,27,6,0,Emma E,participant,"and yeah, I feel overwhelmed using this.",4
203,28,1,0,Karin,participant,And there are 2 sides to this question.,4
205,28,3,0,Karin,participant,"For example. our calendars and reminder I've seen our for will make us more efficient, and we don't forget to important stuff.",4
206,28,4,0,Karin,participant,Alright. this way. We can get more.,4
208,28,6,0,Karin,participant,But there is another set to it.,4
210,28,8,0,Karin,participant,which can be really stressful.,4
211,28,9,0,Karin,participant,I mean. that's all.,4
212,28,10,0,Karin,participant,That's my opinion.,4
214,29,1,0,Leyi CAO,participant,"So you know, every time when I scrolling through, when I scroll through the Tiktok, I usually end up wasting several hours, and then the rest of my day will be really hectic.",4
217,29,4,0,Leyi CAO,participant,So I think it's kind of double edged sword it can make us rushed and overwhelmed.,4
220,30,0,0,Yelin Ma,participant,"And Lee, I have a question for you.",4
223,31,0,0,Leyi CAO,participant,Maybe 2 h or more.,4
228,33,1,0,Leyi CAO,participant,Tiktok helped me unwind and help me learn much about the world.,4
230,34,0,0,Yelin Ma,participant,"Hmm, yeah. like, double s. and I think maybe we shall move on to the 5th question on the last one.",4
232,34,2,0,Yelin Ma,participant,I think for me it's becoming more urgent because I've got more things to do compared with the past.,4
234,34,4,0,Yelin Ma,participant,"So I've got a lot of things to do because you have to face finding your work or finding a job, the job hunting things, and you have to balance your this kind of thing with your study.",4
239,34,9,0,Yelin Ma,participant,"Because I heard, she said, in Japan you have to.",4
242,34,12,0,Yelin Ma,participant,"You have to search more information about what companies are hiring and what the qualities of the company, and what sections they have, and what departments there.",4
243,34,13,0,Yelin Ma,participant,What? What departments are hiring?,4
245,34,15,0,Yelin Ma,participant,So so but I feel like for most of the people they do feel time is more urgent because you've got quite a lot of quite a lot of things to do compared with when you're young.,4
246,34,16,0,Yelin Ma,participant,"I mean, when you're young kindergarten or junior, high or senior high.",4
250,35,0,0,Emma E,participant,"I I feel more and more I I feel more urgency than before, I think, because I have.",4
251,35,1,0,Emma E,participant,I have more tasks that than before than the past cost.,4
253,35,3,0,Emma E,participant,But I I wish I could have a break break after this overwhelmed period to relieve myself.,4
255,35,5,0,Emma E,participant,thinking about the Hi.,4
256,36,0,0,Karin,participant,Before I studied abroad in Australia.,4
257,36,1,0,Karin,participant,but everything feels past most.,4
259,36,3,0,Karin,participant,and whether their rank will be surpassed by others.,4
263,36,7,0,Karin,participant,"But now that I'm in Australia, life just feels slower and more relaxed.",4
265,36,9,0,Karin,participant,because I know it's not going to mess up my plans or hold me back.,4
266,36,10,0,Karin,participant,So in Australia Australia really changed me changed.,4
268,36,12,0,Karin,participant,I've learned it. It's okay to slow down and taking breaks isn't a bad thing.,4
272,37,2,0,Leyi CAO,participant,"Because when I was young, when I was a little girl.",4
273,37,3,0,Leyi CAO,participant,The only thing I can do is to play.,4
276,37,6,0,Leyi CAO,participant,"Yeah. And, by the way, because we have a lot of assignments is due soon.",4
277,37,7,0,Leyi CAO,participant,Oh. what kind of strategies are you going to do to manage the this?,4
278,37,8,0,Leyi CAO,participant,Commend your work to mend your homework.,4
284,38,5,0,Yelin Ma,participant,I within a week or 2 weeks.,4
285,38,6,0,Yelin Ma,participant,So I have to.,4
287,38,8,0,Yelin Ma,participant,I have to for for me.,4
288,38,9,0,Yelin Ma,participant,"I have to find a good topic for each of the assignment, and that is the most important thing for me.",4
289,38,10,0,Yelin Ma,participant,So I started making the plans of what I have to finish for each week like for this week.,4
290,38,11,0,Yelin Ma,participant,This is the week 11 I have to finish.,4
291,38,12,0,Yelin Ma,participant,"I have to find out what topics I'm I'm gonna write for each of the assignments, and for next week I have to maybe finish one of the literature review.",4
292,38,13,0,Yelin Ma,participant,"and maybe I have to finish the data collection for one of the other assignments and for the other 2 assignments I have to finish like find some relevant literature, and maybe just listed the outline, because the last last assignment is quite is still quite far compared with the other 3.",4
294,38,15,0,Yelin Ma,participant,That's 4th way. It's quite close to the 1st to do so I have to finish.,4
296,38,17,0,Yelin Ma,participant,"I have to at least to the the most urgent things, that is, that 2 assignments and I have to finish all of them within wake 13, and maybe complete, all of them in wake 14 like I have to list what I have to do for every week.",4
298,38,19,0,Yelin Ma,participant,And you're you're snozing right?,4
299,38,20,0,Yelin Ma,participant,"Progressing smoothly because you, because by following this kind of schedule you will know how many things you have done and how many things you haven't and how many efforts you still have to pay.",4
302,39,1,0,Leyi CAO,participant,Because I'm a total procrastinator.,4
303,39,2,0,Leyi CAO,participant,So I usually started until the last minute.,4
306,39,5,0,Leyi CAO,participant,I don't have such kind of impetus to force me to do something earlier.,4
308,39,7,0,Leyi CAO,participant,"Yeah. So I know I have to do it very quickly, because the assignments is due quickly.",4
310,40,0,0,Yelin Ma,participant,"But actually, I think sometimes maybe you don't have to push yourself too hard, because every person has different time for finishing one thing just just like lee.",4
312,40,2,0,Yelin Ma,participant,But it doesn't mean you will get a bad result.,4
315,40,5,0,Yelin Ma,participant,Everything to the last minute will lead to a bad result.,4
316,40,6,0,Yelin Ma,participant,And so you don't have to push yourself too hard every minute.,4
