Unnamed: 0,turn_index,sent_index,segment,speaker,role,text,dialogue_act,informational motive,coordinative motive,social motive,topic_cluster
11,6,1,0,Shunto,participant,"So I'd like the time, like, the flow of time differs from the each one's perception.",,,,,2
19,8,1,0,Shunto,participant,"But the way that the 1 1 of the basic thing is like, basically the our time perception depends on the experience.",,,,,2
35,14,3,0,Shunto,participant,What is time for like?,,,,,2
48,16,5,0,Shunto,participant,We can alter our perception over time.,,,,,2
70,32,1,0,Annie,participant,"They only have 24 h to do the thing they want to do, and time is especially fast.",,,,,2
71,32,2,0,Annie,participant,When I spend time with people I love.,,,,,2
75,32,6,0,Annie,participant,It feels like the time.,,,,,2
77,32,8,0,Annie,participant,And so another time that I feel the time goes faster is when I growing up.,,,,,2
78,32,9,0,Annie,participant,"So before I get into college, I feel like I always have a lot of time to do things.",,,,,2
83,33,1,0,Bryan Chen,moderator,Do do you feel like time flies when you?,Probing,True,False,False,2
84,33,2,0,Bryan Chen,moderator,It sounds like time flies when you are experiencing something positive.,Interpretation,True,False,False,2
106,42,5,0,jessica,participant,"So I don't really realize the time passed, and after I changed to the office job.",,,,,2
110,42,9,0,jessica,participant,Time times really slow down.,,,,,2
128,44,6,0,Elda,participant,"And it's like, Wow, time already flew by.",,,,,2
131,44,9,0,Elda,participant,"when when you and enjoy like, when you're spending time with people doing fun things and time flies by quickly.",,,,,2
136,44,14,0,Elda,participant,The time didn't fly by when I'm enjoying doing something.,,,,,2
138,44,16,0,Elda,participant,I wish I could have much more time.,,,,,2
142,46,0,0,Elda,participant,"And that kind of emotion of Oh, I wish I had longer time.",,,,,2
143,46,1,0,Elda,participant,"Is how I would describe closer to the the feeling of yeah, the the the time flew by.",,,,,2
144,46,2,0,Elda,participant,"But of course, the time yeah, the time is, it feels faster, I I guess.",,,,,2
154,47,7,0,Bryan Chen,moderator,"And our second questions, in this discussion is about time management.",Instruction,False,True,False,2
157,49,0,0,Bryan Chen,moderator,"But I guess, like traditionally, people typically think about time management, internal efficiency.",Supplement,True,False,False,2
158,49,1,0,Bryan Chen,moderator,So how do you manage your time?,Probing,True,False,False,2
162,49,5,0,Bryan Chen,moderator,What is time management?,Probing,True,False,False,2
176,49,19,0,Bryan Chen,moderator,But another way I was thinking about approaching time.,Supplement,True,False,False,2
177,49,20,0,Bryan Chen,moderator,Management is like how to make your everyday how to leave your time.,Supplement,True,False,False,2
190,55,1,0,Bryan Chen,moderator,You can create a lot of plan or whatever to improve your time.,Supplement,True,False,False,2
195,55,6,0,Bryan Chen,moderator,What? How you use your time?,Probing,True,False,False,2
203,56,6,0,Peggy Lin,participant,"And actually, I'm very suck at time management.",,,,,2
219,59,0,0,Bryan Chen,moderator,"But internal time, like making your checklist.",Supplement,True,False,False,2
230,62,3,0,Peggy Lin,participant,"So I only list of less things, but other things I just put it aside and we have time.",,,,,2
241,65,0,0,Bryan Chen,moderator,"Cool. Amy, do you have any tips to time management?",Probing,True,False,False,2
252,70,0,0,Amy,participant,Okay. So I think I am really bad at time management and as well.,,,,,2
257,70,5,0,Amy,participant,"So then I switch to, I think what right now works best for me is I try to not manage time.",,,,,2
299,77,14,0,Bryan Chen,moderator,I feel I have a lot of time.,Supplement,True,False,False,2
300,77,15,0,Bryan Chen,moderator,"So I become very lazy and unconcentrated, and just like, you know, waste a lot of time, because I my my brain is thinking that I have a lot of time.",Supplement,True,False,False,2
301,77,16,0,Bryan Chen,moderator,"I have to have a 3 or 4 more hours, so I I feel like the best length of the size of the time.",Supplement,True,False,False,2
302,77,17,0,Bryan Chen,moderator,Time block is probably 90 min.,Supplement,True,False,False,2
303,77,18,0,Bryan Chen,moderator,"That's it also. You don't want it to be too short, like 20 min, because you also need some time for the transition between different tasks.",Supplement,True,False,False,2
324,87,1,0,Peggy Lin,participant,I don't remember the time I was one to try the I haven't like.,,,,,2
328,89,1,0,Peggy Lin,participant,It's a circle. You have very focused time and relax time and focus time.,,,,,2
329,89,2,0,Peggy Lin,participant,Relax time.,,,,,2
343,95,1,0,Bryan Chen,moderator,"Yeah. any. Do you have any tips for your how do you manage your time for your study, or even like now you're working for Job, I mean looking for a job right?",Probing,True,False,False,2
345,95,3,0,Bryan Chen,moderator,How do you manage your time?,Probing,True,False,False,2
355,98,1,0,Annie,participant,Time management solution. So that's nothing special on my case.,,,,,2
358,99,2,0,Bryan Chen,moderator,But how do you make the best of time?,Probing,True,False,False,2
370,101,3,0,Bryan Chen,moderator,"Are you a very do you manage your time, or do you just like let it go.",Probing,True,False,False,2
371,102,0,0,Shunto,participant,I'm worth optimizing time.,,,,,2
376,103,0,0,Bryan Chen,moderator,What about Japanese perception of time?,Probing,True,False,False,2
377,103,1,0,Bryan Chen,moderator,Is there like a culture scene that Japanese tend to manage their time plans in their head?,Probing,True,False,False,2
384,107,0,0,Bryan Chen,moderator,"Okay, anyone else have some tips to share about time management.",Probing,True,False,False,2
389,108,1,0,jessica,participant,So maybe it's a similar like the the the previous negative time manager.,,,,,2
390,108,2,0,jessica,participant,So you can every time 2024 min to 25 min.,,,,,2
399,114,0,0,jessica,participant,In time. Part. yes.,,,,,2
403,115,3,0,Bryan Chen,moderator,"I think next question is kind of describing a different perspective of time is, the next question is about, what does a what, what role does time play in shaping our memory and our sense of identity?",Supplement,True,False,False,2
416,115,16,0,Bryan Chen,moderator,Does time play? And do you have those moments that sometime you feel time?,Probing,True,False,False,2
417,115,17,0,Bryan Chen,moderator,Maybe time doesn't really matter.,Supplement,True,False,False,2
418,115,18,0,Bryan Chen,moderator,"So what what do you guys think, what's a what's a row of time?",Probing,True,False,False,2
433,116,10,0,Elda,participant,I I would love to spend the time with you.,,,,,2
439,116,16,0,Elda,participant,or like specifically for the happy time of the day.,,,,,2
441,116,18,0,Elda,participant,"Yeah, of course, we are making this memory together, like, by spending time with someone.",,,,,2
455,117,1,0,Bryan Chen,moderator,So some someone who invests or contribute their time along with you.,Interpretation,True,False,False,2
458,118,0,0,Elda,participant,"Yeah, exactly. They could have used that time to do something else.",,,,,2
459,118,1,0,Elda,participant,"But instead, they chose to spend that time with you.",,,,,2
468,119,5,0,Bryan Chen,moderator,What do you think the roll up time to shape our personal feeling?,Probing,True,False,False,2
471,120,1,0,Peggy Lin,participant,But I'm thinking maybe time is not that important in our in the relationship.,,,,,2
481,124,0,0,Peggy Lin,participant,"But I think usually people will, knowing better when time flies.",,,,,2
487,127,2,0,Bryan Chen,moderator,"Time flies slower, or time goes by.",Supplement,True,False,False,2
498,127,13,0,Bryan Chen,moderator,"So yeah, maybe I think maybe sometime it's not just a time time, I think, the length of time it just the soil on to make something that's part.",Interpretation,True,False,False,2
519,130,10,0,Annie,participant,"but I mean it's always nice that when you show your appreciation for, like people spending time with you.",,,,,2
524,131,4,0,Bryan Chen,moderator,"Thanks for today, and we have a very good time together.",All Utility,False,False,True,2
528,133,1,0,Bryan Chen,moderator,"Actually, they don't actually enjoy the time.",Supplement,True,False,False,2
541,138,0,0,jessica,participant,"I think the time had time flashing our memories like maybe at the moment you got a strong feeling, and like, for example.",,,,,2
546,138,5,0,jessica,participant,Maybe one week or one month after the the feeling will different strong than the time you feel.,,,,,2
551,139,3,0,Bryan Chen,moderator,So but what? Why do you think time works that way?,Probing,True,False,False,2
552,139,4,0,Bryan Chen,moderator,"Why, your why, given more time?",Probing,True,False,False,2
555,140,1,0,jessica,participant,But I I think our brain will choose like by time you only we're trying to remember the good thing.,,,,,2
560,142,0,0,jessica,participant,The the time pass the the.,,,,,2
562,142,2,0,jessica,participant,Every time I come back to think and rethink just so definitely you will get re like legs drunk.,,,,,2
565,143,2,0,Bryan Chen,moderator,"Throughout time. I guess it's also partly, I think it's because, like during your life.",Supplement,True,False,False,2
570,143,7,0,Bryan Chen,moderator,Time does help as to alleviate ourselves.,Supplement,True,False,False,2
573,143,10,0,Bryan Chen,moderator,So we want to also talk about how does technology play a part in kind of shaping our perception of time.,Probing,True,True,False,2
574,143,11,0,Bryan Chen,moderator,"Do you think, does technology help us to manage time better, or do you think.",Probing,True,False,False,2
582,143,19,0,Bryan Chen,moderator,"Well, what do you guys think like, do you think our perception, our experience with time?",Probing,True,False,False,2
588,144,3,0,Shunto,participant,"So like if you if you wanna manage time just only by paper and their pen, or just by brave your brain it.",,,,,2
590,144,5,0,Shunto,participant,"But like we might, we have like a computer or any kind of software which can help our time management a lot for our schedule, our schedule management, or whatever things the this, this is definitely the bright side of technology for like time, perception, or time management.",,,,,2
602,144,17,0,Shunto,participant,"So like, if you want to check every journal, maybe you don't have enough time for it.",,,,,2
633,149,20,0,Bryan Chen,moderator,Do you think technology help us to experience time better or worse?,Probing,True,False,False,2
653,151,3,0,Bryan Chen,moderator,"Maybe we have. We have less time in physical, social interaction.",Supplement,True,False,False,2
654,151,4,0,Bryan Chen,moderator,But we probably have more time in online social interactions.,Supplement,True,False,False,2
667,153,2,0,Bryan Chen,moderator,"I found like a it's a general interesting trend is that, yes, technology do help us to save time.",Supplement,True,False,False,2
672,153,7,0,Bryan Chen,moderator,I personally have a stronger feeling that I don't have enough time.,Supplement,True,False,False,2
673,153,8,0,Bryan Chen,moderator,"For some reason our timing should be more efficient, which means that we should have more time for ourselves.",Supplement,True,False,False,2
679,154,3,0,jessica,participant,"And we want traveling, or in the same time.",,,,,2
684,155,4,0,Bryan Chen,moderator,"Yeah, imagine, back in the time when you have a farm, you are a farmer.",Supplement,True,False,False,2
686,155,6,0,Bryan Chen,moderator,"slower and simpler, and then you have much more time, although if you don't have that much technology.",Supplement,True,False,False,2
690,157,1,0,Bryan Chen,moderator,"I guess my last question is also about position of like time, or slower or faster.",Probing,True,False,False,2
692,157,3,0,Bryan Chen,moderator,So like. do you feel more or less urgency about how you use your time now compared to the past.,Probing,True,False,False,2
693,157,4,0,Bryan Chen,moderator,"So I guess I in different time a different, a different life stage.",Supplement,True,False,False,2
704,157,15,0,Bryan Chen,moderator,"But then, after 30, 9, 31 after 30, I feel there's still a lot of time before 40.",Supplement,True,False,False,2
717,158,4,0,Elda,participant,"people feel more lonely because they they spend more time, I mean as a general perception.",,,,,2
719,158,6,0,Elda,participant,"And it's kind of it's kind of strange, because you don't want to spend too much time on your digital devices.",,,,,2
731,159,9,0,Amy,participant,There is kind of like a big pressure is before people have lots of time.,,,,,2
733,159,11,0,Amy,participant,So they might like spend lots of time on on social media.,,,,,2
747,166,0,0,Elda,participant,"Oh, me, Do I feel more or less urgency about how I use my time?",,,,,2
751,166,4,0,Elda,participant,"Yeah, be more conscious of how I spend my time?",,,,,2
753,166,6,0,Elda,participant,"you know the the sense of time and its connection with money was much weaker, even though, like everyone knows, time is money.",,,,,2
757,166,10,0,Elda,participant,"That's when when we are kind of forced, I mean, at least for me of am forced to to become more conscious about how we spend our time.",,,,,2
763,167,0,0,Bryan Chen,moderator,"Thank you so yes, different perception of like your scarcity of time.",Interpretation,True,False,False,2
771,168,3,0,Peggy Lin,participant,"But right now I feel I kind of stable, and I can have more time to just relax.",,,,,2
772,168,4,0,Peggy Lin,participant,And still finding this goal to achieve or less goal is not very time sensitive like it's not.,,,,,2
776,169,0,0,Bryan Chen,moderator,"I think doing nothing is, though I cannot use our time as well.",Supplement,True,False,False,2
805,174,7,0,Peggy Lin,participant,So I feel I had more empathy time here when I was in Asia.,,,,,2
809,174,11,0,Peggy Lin,participant,"But here, because you don't have that pressure outside, so you feel kind of you can control your time and just do something.",,,,,2
821,177,1,0,Bryan Chen,moderator,Right? I heard. German people are very strict about time.,Probing,True,False,False,2
824,178,1,0,Amy,participant,They are more like precise about the time.,,,,,2
829,180,0,0,Annie,participant,"Yeah, I also feel like European are more relaxed about time and about German.",,,,,2
835,180,6,0,Annie,participant,That's how we treasure like Asian treasure time.,,,,,2
837,181,0,0,Bryan Chen,moderator,"Yeah, but but like so any after you move to euro, do you think your council time also get influenced or change by then?",Probing,True,False,False,2
842,182,3,0,Annie,participant,I have to find a full time job as soon as possible.,,,,,2
846,183,2,0,Bryan Chen,moderator,"Sometime you you. When you do your hobby, people will consider that as a waste of time, because anything that doesn't directly contribute to earning more money will be considered a waste of time, but which is not true.",Supplement,True,False,False,2
847,183,3,0,Bryan Chen,moderator,"A lot of time can be, can be, not directly linking to money, but still be considered much meaningful.",Supplement,True,False,False,2
849,183,5,0,Bryan Chen,moderator,Do you have anything you would like to say on different factors that influence people's different urgency up time.,Probing,True,False,False,2
888,193,5,0,Bryan Chen,moderator,"We have discussed a lot of different perspective, how people feel about time, how we achieve our time.",Interpretation,True,False,False,2
889,193,6,0,Bryan Chen,moderator,"And also, how do we manage our time?",Supplement,True,False,False,2
891,193,8,0,Bryan Chen,moderator,maybe consider not. although we mentioned that time as something that as a money.,Supplement,True,False,False,2
894,193,11,0,Bryan Chen,moderator,"so so like, even sometime, we can try to manage our time more efficiently.",Supplement,True,False,False,2
903,196,1,0,Elda,participant,"And definitely, time. Is perceived differently depending on.",,,,,2
907,196,5,0,Elda,participant,"so I don't think there is a right or wrong answer on like, how you must perceive time.",,,,,2
918,201,0,0,Bryan Chen,moderator,I was trying to buy in time from you.,All Utility,False,False,True,2
923,201,5,0,Bryan Chen,moderator,You feel satisfied with the time you spend with either with your friend or doing anything you want to do.,Supplement,True,False,False,2
924,201,6,0,Bryan Chen,moderator,"Yeah, I guess it's think about a question more as like, How do you better live with your time?",Supplement,True,False,False,2
925,201,7,0,Bryan Chen,moderator,Then how do you manage or schedule time?,Probing,True,False,False,2
