Unnamed: 0,turn_index,sent_index,segment,speaker,role,text,topic_cluster
0,0,0,0,Leyi CAO,participant,So I would like to share my example about how I perceive time moves fast.,1
3,0,3,0,Leyi CAO,participant,"When I was in physics classes, time always seems like drag on forever.",1
9,0,9,0,Leyi CAO,participant,"Time is moving very, very slow.",1
11,1,0,0,Yelin Ma,participant,"Yeah, I think that happens like from time to time.",1
21,1,10,0,Yelin Ma,participant,We all start this time.,1
25,2,1,0,Karin,participant,"people say time, because.",1
28,2,4,0,Karin,participant,I will feel that time passes very slowly to expand a little every time I enter a semester of study.,1
29,2,5,0,Karin,participant,I also feel that the time in the semester is slower than during the holidays.,1
30,2,6,0,Karin,participant,"The reason for this feeling, I think, is that when people are nervous they tend to focus on the thing that makes them nervous rather than feeling the flow of time.",1
31,2,7,0,Karin,participant,The time spent thinking about solving a problem in the brain is not very long.,1
32,2,8,0,Karin,participant,"but a lot of brainpower is consumed in a short period of time, which will give the illusion that a long time has passed.",1
33,3,0,0,Emma E,participant,If me I think time is very precious.,1
34,3,1,0,Emma E,participant,"We can use time to exchange a lot of things, and I think life is a period is a long period of time when I feel time to slow down, when when I have nothing to do, I have no work no plans I just stay.",1
36,3,3,0,Emma E,participant,When I feel time sped up when is the deadline is coming?,1
43,4,3,0,Leyi CAO,participant,"Time is very long, and when you enjoy something, time would be really moves fast, I think.",1
48,6,2,0,Yelin Ma,participant,"Yeah, for exercise, you have to find some way to to kill time to make time flies faster.",1
52,6,6,0,Yelin Ma,participant,and it feels like you can finish the 2 things within the same time.,1
57,9,1,0,Leyi CAO,participant,So I really I barely have some many effective time management strategies.,1
60,9,4,0,Leyi CAO,participant,How? I want to learn some effective time management methods.,1
83,11,1,0,Emma E,participant,"I've learned from others it be the estimate time how much time it will take for a task, and try to try your best to finish within the timeline or finish it within the timeline.",1
86,11,4,0,Emma E,participant,And I think the key to the time management is to manage the emergencies.,1
89,11,7,0,Emma E,participant,"So I think, the most important things would be give you enough time to finish it, and also be prepared for the emergent unexpected emergencies.",1
90,12,0,0,Karin,participant,"for me. It's difficult for me to manage my time, because because I feel that many things happened suddenly and plans couldn't keep up with the changes.",1
94,12,4,0,Karin,participant,So from that time I I start.,1
100,12,10,0,Karin,participant,No worried about time management.,1
101,12,11,0,Karin,participant,So I think this is a good way to manage our time.,1
103,13,0,0,Leyi CAO,participant,And also it dawned on me about one app I used to manage time.,1
127,19,2,0,Leyi CAO,participant,Time in shaping our memory and our sense of identity.,1
131,19,6,0,Leyi CAO,participant,I will feel the time.,1
132,19,7,0,Leyi CAO,participant,"Yeah, you know, just like the exercise time is very lot.",1
133,19,8,0,Leyi CAO,participant,"More time moves very slowly and something like this, yeah.",1
136,20,2,0,Yelin Ma,participant,But just just like what you said as time flies.,1
148,20,14,0,Yelin Ma,participant,"So it's, I think, with with time flies by.",1
150,21,0,0,Emma E,participant,I think time gives us.,1
156,21,6,0,Emma E,participant,because without time you you can.,1
160,22,1,0,Karin,participant,a time really plays a big role to build up our memories from other themes we go through.,1
162,22,3,0,Karin,participant,"For example, time can shape our identity.",1
169,23,0,0,Leyi CAO,participant,I think time can in time can shape our sense of identity.,1
173,23,4,0,Leyi CAO,participant,"That's why time can change our or shape, our sense of identity.",1
192,27,2,0,Emma E,participant,It's a very useful tool for helping us manage the time.,1
194,27,4,0,Emma E,participant,"It clearly shows how how much plan how, how, how you can fit in the time block in your in your day.",1
195,27,5,0,Emma E,participant,And it's it always reminds you that there are some blank time.,1
197,27,7,0,Emma E,participant,but I haven't found haven't found an alternative tool to help me to manage the manage time more effectively.,1
198,27,8,0,Emma E,participant,"Currently, I just use the to do list to manage my time with flexible flexibility.",1
199,27,9,0,Emma E,participant,"And I think it this sort of a chill way to manage my time gives me release my stress, and makes makes my time management more flexible in the day.",1
201,27,11,0,Emma E,participant,But now it's a effective tool for manage management.,1
207,28,5,0,Karin,participant,"Get more things to do in lifetime and still have I still have more time to do things such like entertainment, which makes life more fulfilling.",1
209,28,7,0,Karin,participant,"and for in my, in in my opinion, I think the notifications and reminders just a few like a constant which make us create pre pressure, especially when the Vc tasks peeling up and time running out, it's easy to get pressure and feel like time is changing you.",1
216,29,3,0,Leyi CAO,participant,It will make you waste a lot of time on it.,1
218,29,5,0,Leyi CAO,participant,It can also manage us to help us manage time better.,1
224,31,1,0,Leyi CAO,participant,"Yeah, because you know, when I scroll in tiktok time always move fast.",1
226,32,0,0,Yelin Ma,participant,"But do you do you think this is a waste of time, or it occupies some a big part of your day?",1
231,34,1,0,Yelin Ma,participant,The 5th question. do you feel more or less urgency about how we use your time?,1
236,34,6,0,Yelin Ma,participant,Maybe you'll have to spend more time on our research.,1
247,34,17,0,Yelin Ma,participant,because in that time you only have to study.,1
249,34,19,0,Yelin Ma,participant,"So I think that is quite hard, and also requires requires more like time management strategies.",1
252,35,2,0,Emma E,participant,"I have to finish, and I don't think I have much time to given me to wrap up this tasks, and that's all my feeling about the time for now.",1
258,36,2,0,Karin,participant,"All students vary about their time, their grades.",1
261,36,5,0,Karin,participant,"So if I took time to relax, I'd feel like I was wasting time or feeling behind on something important.",1
264,36,8,0,Karin,participant,I don't feel guilty if I take some time to chill.,1
267,36,11,0,Karin,participant,How I see time!,1
271,37,1,0,Leyi CAO,participant,I I become more sensitive about time.,1
275,37,5,0,Leyi CAO,participant,"Yeah. So time now, time is really urgent.",1
307,39,6,0,Leyi CAO,participant,"Yeah. But when the time when the assignments is going in due, I have such kind of urgency.",1
