Start,End,Text
9,9.7,"Lizhao Chen: No."
14.21,15.24,"Lizhao Chen: okay."
17.17,17.86,"Lizhao Chen: that."
19.998,25.97,"Holawyq: We just don't know how to start it, so could you give us some hint."
28.232,29.879,"Lizhao Chen: No, it's no moderator."
30.432,32.09,"Jing JIANG: So we can"
32.7,34.269,"Jing JIANG: introduce ourselves."
36.38,40.899,"Lizhao Chen: Okay introduce myself. My name is John Chen."
41.07,47.8,"Lizhao Chen: and I'm already graduated from the University of Melbourne, and a master of the applied linguistic."
47.97,52.28,"Lizhao Chen: So I'm honored to participate in this project. So"
52.51,53.53,"Lizhao Chen: chew."
53.64,55.749,"Lizhao Chen: so happy to discuss with"
56.21,58.74,"Lizhao Chen: with with your guys today."
60.13,60.91,"Holawyq: That's why."
63.228,68.491,"Holawyq: My name is Yuchi, and I'm a master student in applied linguistics."
68.95,72.13,"Holawyq: I entered this event because I'm"
72.621,76.32,"Holawyq: feel some. I have some interest in this topic."
77.17,78.03,"Holawyq: Yeah."
80.4,85.68,"Jing JIANG: Yes, I'm Qinjiang. I'm also doing the master of applied linguistics."
86.305,88.06,"Jing JIANG: Yes, thank you."
89.48,95.16,"Urania Shan: Yeah, I'm also in master of linguistics and familiar with yeah."
95.62,108.2,"Urania Shan: And I'm interested in this topic, because before I enter the University of Melbourne. I have a work experience that I contact with my"
108.26,112.12,"Urania Shan: false, but actually I do not have some."
112.49,115.156,"Urania Shan: and while some work experience"
116.873,120.899,"Urania Shan: in Australia, but I can share something about"
121.366,125.95,"Urania Shan: me and my like, my tutor, my instructor. Yeah, like this."
129.44,130.19,"Urania Shan: yeah."
130.199,146.039,"Yaxin Huang: And I'm also sorry I I'm studying also studying the master of applied linguistics in the University of Melbourne. And I would love to talk more with you."
146.399,147.339,"Yaxin Huang: Thank you."
149.445,153.12,"Jing JIANG: So maybe we can start our discussion."
153.13,156.29,"Jing JIANG: Well, so let's move on to our 1st question."
159.449,169.83,"Jing JIANG: in my opinion, I think leadership is an ability to manage the team, including the management of things and people."
170.04,171.96,"Jing JIANG: What's your opinion."
172.603,180.309,"Holawyq: Yeah, I totally agree with you. And I think leadership is like, you can influence"
180.32,184.39,"Holawyq: a group of people, and you can achieve a goal."
188.33,189.38,"Urania Shan: Yeah, I think"
190.246,195.73,"Urania Shan: a good leader plays an important role in connection. That is main."
196.484,201.13,"Urania Shan: It means the connection of every member in this team."
201.41,214.99,"Urania Shan: No matter. It is for the team work or their relationship to create an good atmosphere in their work. Environment which is very important to"
215.03,218.699,"Urania Shan: they're like work efficiency"
218.84,220.31,"Urania Shan: like this. Yeah."
221.83,222.66,"Lizhao Chen: Yeah."
222.8,229.36,"Lizhao Chen: And in my opinion, the leadership is the is ability to in, to inspire"
229.56,233.869,"Lizhao Chen: or guide, or something like influence on others."
234.15,238.46,"Lizhao Chen: influence the members in this group or in these companies"
238.57,239.76,"Lizhao Chen: to"
239.77,241.95,"Lizhao Chen: to achieve a common goal."
242.18,243.27,"Lizhao Chen: So"
243.44,251.519,"Lizhao Chen: so not just just about the the leadership, the leader holding a a position of the authority."
251.67,257.819,"Lizhao Chen: But it's more important. It's about the empowering each others within this group"
257.92,259.64,"Lizhao Chen: and try to"
259.7,263.48,"Lizhao Chen: try to establish the trust of each other"
263.56,269.149,"Lizhao Chen: to share the different opinions. This different up perspective in this"
269.28,271.26,"Lizhao Chen: a group. So"
271.37,273.839,"Lizhao Chen: yeah, that a leader is motivated."
273.95,276.429,"Lizhao Chen: their team or their group."
276.6,278.11,"Lizhao Chen: So that's the"
278.59,280.689,"Lizhao Chen: leadership. In my opinion."
280.98,292.42,"Jing JIANG: Yes, I believe that a good leader can meet the mental and physical needs of the internal teammates and external"
292.57,294.01,"Jing JIANG: customers."
295.881,298.139,"Jing JIANG: Do you agree with that?"
300.53,301.869,"Urania Shan: For sure. Yeah."
305.59,306.29,"Jing JIANG: Hmm."
307.5,310.96,"Urania Shan: And landing is very important for later to"
311.05,318.89,"Urania Shan: and gets the balance of the benefits of the team and the benefits of every individuals."
319.31,323.141,"Urania Shan: Yeah. And the leader should know. What?"
323.64,331.73,"Urania Shan: everyone in this team are thinking their mind how to optimize their members."
332.19,333.143,"Urania Shan: Yeah, to"
334.308,339.24,"Urania Shan: work together for their common goals. Yeah, like, just"
339.52,345.95,"Urania Shan: just chin. Or am I right? Yeah, just slightly."
347.505,349.179,"Holawyq: Yes, I agree with you."
349.765,362.59,"Holawyq: I think it's important for leaders to have integrity, and he can't. He or she cannot press his team members, and everyone's voice should be heard."
364.36,366.41,"Jing JIANG: Yes, I also"
366.56,376.62,"Jing JIANG: think that a good leader can take into account long term and short term by using a comprehensive insight."
377.19,378.24,"Jing JIANG: Yes."
382.98,385.713,"Jing JIANG: So what's your opinion about?"
386.7,388,"Jing JIANG: good Leader."
391.51,392.31,"Lizhao Chen: Yeah."
394.43,398.41,"Lizhao Chen: yeah. The good leaders should have the all the feature we are talking about."
398.99,399.75,"Jing JIANG: Yes, yes."
399.75,401.47,"Urania Shan: Yeah, yeah."
402,404.44,"Urania Shan: It's a very comprehensive standard."
405.22,406.299,"Lizhao Chen: Yeah, so,"
406.84,410.51,"Jing JIANG: So could you give a more structured idea?"
412.07,415.779,"Jing JIANG: And you can talk about many factors"
416.88,418.199,"Jing JIANG: or features."
418.83,420.46,"Lizhao Chen: Yes, the"
423.59,425.869,"Lizhao Chen: we are also talking about the"
426.02,427.18,"Lizhao Chen: yeah. Yeah."
427.93,429.54,"Lizhao Chen: you'll go ahead. That's fine."
430.65,440.801,"Yaxin Huang: Oh, thank you. Yeah, maybe as a group, because we talk about the definition of a a good leadership. So we should organize the group and"
441.26,446.178,"Yaxin Huang: listen to others. Opinions like this. So the communication"
447.07,453.019,"Yaxin Huang: between the the group members are very important, including the leader as leaders, and the"
453.61,458.719,"Yaxin Huang: the group members so a good leader should"
459.57,460.965,"Yaxin Huang: be good at"
461.48,476.097,"Yaxin Huang: communicating with others the good communication, I mean, and also they should. You know, be they should treat other people as equal instead of you know, holding the hierarchy"
477.564,482.669,"Yaxin Huang: and talking, or, or, you know, be in being implied"
483.246,486.463,"Yaxin Huang: to their to their group members."
487.92,488.9,"Yaxin Huang: yeah. So"
489.999,505.939,"Yaxin Huang: there should be the channel for the leaders to talk with the the group members in their company. For example, they can talk on the Internet or or maybe they have a face to face regular meeting"
506.463,527.649,"Yaxin Huang: to, you know. Just share their ideas and talk about the problems that they think exist that exist between them. So yeah, in general, in my opinion, the good communication is very important, and the leaders should be good at communicating with others, addressing their problems in a patient way."
529.67,531.55,"Yaxin Huang: yeah, do you?"
531.65,534.649,"Yaxin Huang: Yeah, you have any ideas about this. So how do you."
534.65,535.12,"Lizhao Chen: Cheers."
536.72,537.38,"Yaxin Huang: Yeah."
538.58,539.65,"Lizhao Chen: Yes."
540.04,545.369,"Lizhao Chen: so the communication skill, in my opinion, is like the leader should should"
546.11,552.06,"Lizhao Chen: the balance the the relationship between their between the members the 1st delay."
552.3,553.13,"Lizhao Chen: the"
553.33,559.339,"Lizhao Chen: he is a leader, and he holds authority, and if we want to improve"
559.71,560.92,"Lizhao Chen: communications"
561.24,574.509,"Lizhao Chen: to the members, she he should be the friend as the friend with the members. So it's hard to balance the Ben, the relationship between the friends and the leaders."
574.61,580.57,"Lizhao Chen: So sometimes, if the leader was, was so serious when so tough."
580.89,583.289,"Lizhao Chen: so the members will freed off"
583.65,589.949,"Lizhao Chen: talking with leaders or facing with the leader facing to the leader."
590.2,593.729,"Lizhao Chen: But but in other opinions in other side."
594.76,601.939,"Lizhao Chen: the leader should have the should have the authority to decide. The should have the insight and the authority to to decide the"
601.95,603.569,"Lizhao Chen: to make the decision."
603.83,609.359,"Lizhao Chen: so that is very hard to banish. So so the 2 leaders is good."
609.36,609.84,"Urania Shan: Troupe."
609.84,611.34,"Lizhao Chen: If it's this relationship."
611.69,612.39,"Urania Shan: Sure."
612.39,623.45,"Jing JIANG: I also think that a leader sometimes may need to solve some emotional problems such as anxiety or pressure"
623.67,626.16,"Jing JIANG: of their teammates."
626.22,627.73,"Jing JIANG: So"
628.14,630.199,"Jing JIANG: it's very important to"
630.21,635.44,"Jing JIANG: for them to have a have an excellent communication skills"
635.47,636.76,"Jing JIANG: and some"
637.28,641.72,"Jing JIANG: knowledge about humans, mental?"
642.41,643.38,"Jing JIANG: Yes."
645.38,663.219,"Yaxin Huang: Yeah, I totally agree with you. The good communication skills are very important, and to expand. If if I spell correctly Li Jos, ideas. Yeah, I think to balance the"
663.22,675.993,"Yaxin Huang: the communication is very. It's also a it's very difficult, because sometimes we might try to keep the the serious space as the leader. So"
676.954,678.614,"Yaxin Huang: so, in my opinion."
679.6,688.649,"Yaxin Huang: the good, the good communication or we say the equality should be defined in a way that the"
688.74,693.946,"Yaxin Huang: the group members have the have the access to talk with the"
694.66,709.95,"Yaxin Huang: to talk with the leaders, I mean, the leaders should provide the the equality for the group members to talk, they should have the opportunity to communicate with each other, sharing their problems"
710,713.849,"Yaxin Huang: and sharing the ideas with each other."
714.7,715.44,"Yaxin Huang: hmm!"
715.94,730.171,"Yaxin Huang: But not all, but but not at all. Time. The leaders should keep a friendly base especially in some serious serious occasions, or when the or when the group members"
730.84,734.105,"Yaxin Huang: you know, making make some mistakes."
734.68,736.56,"Yaxin Huang: The leader should also"
737.14,737.829,"Yaxin Huang: keep"
738.57,742.494,"Yaxin Huang: that should also be serious about this province. But"
743.14,746.74,"Yaxin Huang: but not restricting the"
747.69,753.24,"Yaxin Huang: the talking opportunities of these members, they should have the opportunity to talk equally."
753.43,763.1,"Yaxin Huang: And and when there are some problems they should be treated equally. So. That's the equality and the access of the communication"
763.31,777.56,"Yaxin Huang: are very important, but not all, but not at all times. The leadership. You know that that just be being friendly to these group members. That's not the definition of a good communication the good communication should include the"
778.249,782.47,"Yaxin Huang: yeah, the equal way that they access. And the"
783,784.69,"Yaxin Huang: yeah. And they're"
784.75,787,"Yaxin Huang: just equal opportunity to talk."
789.74,793.04,"Urania Shan: Yeah, sure, this is a problem that many"
793.08,797.52,"Urania Shan: leaders face in their work or"
798.211,801.179,"Urania Shan: I wanna see. Maybe it didn't lie, because"
801.886,805.919,"Urania Shan: for later is, it's very hard to."
805.98,809.849,"Urania Shan: you know. Learn about colleague or"
809.86,814.859,"Urania Shan: and the team member, not only during the work time, but also"
815.603,820.32,"Urania Shan: in many aspects like in daily life."
820.89,823.829,"Urania Shan: That is like just what we said."
823.87,827.35,"Urania Shan: how to balance the work and"
828.565,829.45,"Urania Shan: live"
830.217,835.489,"Urania Shan: but I'm not sure whether a leader, maybe in"
835.52,858.389,"Urania Shan: and Eastern culture. Many boss voices may know very well about each member not only their work competence some professional skills, but also their individual connection, like their family or their hometown like this, to"
858.4,862.37,"Urania Shan: know them well, to know them better, to."
862.47,865.38,"Urania Shan: you know, organize their team."
866.07,878.139,"Urania Shan: but my! May I ask your opinions about the balance between know about the work and seriously the life? How do you think the leadership would do"
878.976,881.88,"Urania Shan: when they launch, maybe"
882.411,886.919,"Urania Shan: to establish a good relationship between themselves and the"
887.07,888.709,"Urania Shan: team members. Yeah."
889.71,896.109,"Holawyq: I think the leader should not pay too much attention to the members. Daily life."
897.23,897.52,"Urania Shan: It's."
897.52,900.48,"Holawyq: Not about work. Yes."
900.48,901.9,"Jing JIANG: Yes."
902.74,903.4,"Urania Shan: And"
904.319,907.759,"Urania Shan: but like, if we face a problem that"
909.55,912.55,"Urania Shan: some members want to have a leave"
913.38,917.339,"Urania Shan: like they have something"
917.48,919.889,"Urania Shan: they need to solve."
919.96,922.849,"Urania Shan: maybe during the work time."
922.95,926.78,"Urania Shan: And what should the leader do?"
927.76,930.442,"Urania Shan: Oh, maybe in Eastern countries called"
930.95,934.54,"Urania Shan: human care, like blue, one Guang Huai like this."
936.09,943.479,"Holawyq: Yeah, if you want to lose. If the member has a very, very right reason, so"
943.87,946.069,"Holawyq: he should give the reason to the boss."
948.74,949.93,"Lizhao Chen: So so"
950.408,954.159,"Lizhao Chen: this is the the second question now or."
956.48,957.31,"Urania Shan: Yeah, maybe related."
957.31,958.589,"Jing JIANG: This is the second one."
958.99,959.74,"Holawyq: Yeah."
961.06,961.82,"Lizhao Chen: Okay."
969.9,972.499,"Yaxin Huang: Yeah, maybe. I think"
972.7,983.549,"Yaxin Huang: there will be a difference between the Western culture and Eastern culture. Like your Iranian, that in in Western cultures, maybe. They"
983.69,986.59,"Yaxin Huang: they prefer to be treated."
987.207,990.312,"Yaxin Huang: They prefer to keep things individual."
991.466,997.859,"Yaxin Huang: they did. They are prefer to keep private in terms of some things like the family things."
998.92,1001.395,"Yaxin Huang: yeah. But in Eastern culture,"
1002.32,1004.98,"Yaxin Huang: maybe you know, we share a"
1005.1,1007.908,"Yaxin Huang: a culture of collective reason."
1009.444,1012.169,"Yaxin Huang: and we may not"
1012.27,1016.198,"Yaxin Huang: be so close to our individual things. And"
1017.261,1022.179,"Yaxin Huang: yeah, it. It can be a difference in the workplace but in general"
1023.83,1042.446,"Yaxin Huang: the leaders I mean, the family can be a way for the leaders to know more about their subordinates or I mean the their team members. They can know the basic information like their their family members or"
1043.53,1063.74,"Yaxin Huang: maybe their the position. So they the work of their spouses, of their spouse, their children like this. It's a way to know more about their team members, and so that they can keep the familiarity and the"
1064.178,1085.202,"Yaxin Huang: intimacy in in to some degree. But this is totally up to the team members choice to to decide whether they want they want to keep this thing secret, or they want to, you know, to tell the leaders so it's up to them"
1086.29,1087.25,"Yaxin Huang: and"
1087.5,1091.439,"Yaxin Huang: I think it can be a way to get them closed"
1091.48,1099.46,"Yaxin Huang: about whether to say it's it's up to this. Yes, on it. It's up to this team members."
1100.01,1101.779,"Urania Shan: Yeah, yeah, sure"
1101.79,1105.95,"Urania Shan: agree. It's not only depends on the boss, but also the team member. Yeah."
1107.008,1115.829,"Jing JIANG: Actually, I don't have too much work experiences. But my, but I have heard something from my"
1116.06,1121.91,"Jing JIANG: friends, she mentioned many times about hierarchy"
1122.05,1133.38,"Jing JIANG: in workplace, especially some Asian countries, may pay pay attention to the hierarchical order, but some Western countries"
1133.44,1135.54,"Jing JIANG: relatively equal"
1135.98,1136.8,"Jing JIANG: the."
1138.11,1139.699,"Jing JIANG: Do you agree with that?"
1140.44,1150.8,"Holawyq: Yes, I've been working in China for about half a year. Then, because of the boss had the hierarchy so"
1151.435,1158.709,"Holawyq: she kept asking me some private questions which made which made me really uncomfortable, like."
1159.36,1164.259,"Holawyq: I want. I wanted to ask for a leaf, and I say I'm thick."
1164.45,1172.02,"Holawyq: Then she kept asking me what kind of illness, but I don't think I need to tell her about that."
1173.56,1173.96,"Holawyq: Yeah."
1173.96,1174.49,"Yaxin Huang: Yeah."
1179.03,1183.13,"Holawyq: But maybe I'll have to, because I still want that job."
1183.24,1184.16,"Holawyq: So"
1184.52,1187.3,"Holawyq: under that kind of variety."
1187.61,1189.44,"Holawyq: I have no choice. I think."
1192.105,1194.249,"Urania Shan: Yeah, especially for"
1194.47,1195.85,"Urania Shan: you"
1196.06,1201.999,"Urania Shan: when you want maybe a longer live like more than one week or 2 weeks."
1202.05,1205.049,"Urania Shan: because I haven't experienced that."
1205.476,1222.14,"Urania Shan: I told my boss that I want to live, cause I have to go back to my home, which is in another province, that is a little bit far from my workplace. So she can, she could agree with my"
1222.38,1232.69,"Urania Shan: yeah with my accounts. Yeah. And sometimes I told her that my family or my friends will come to here, and I"
1233.528,1240.819,"Urania Shan: have to leave them to visit here like this. Use these reasons I can get to live."
1240.93,1241.76,"Urania Shan: It's"
1242.02,1250.649,"Urania Shan: I think it's more than the work reasons. Yeah, it's about my life. I have to talk to her about this. Yeah."
1251.62,1258.651,"Holawyq: Yes, and I think sometimes our reasons are very right and understandable. But the boss"
1259.37,1264.009,"Holawyq: he or she just seems he he don't get it."
1266.94,1272.969,"Urania Shan: So if you mean in Eastern environment, it also like, don't get this."
1274.15,1275.814,"Holawyq: Yes, I think"
1278.06,1286.38,"Holawyq: Maybe I just say, maybe Western leaders are more understandable for asking for a leave."
1287.01,1288.46,"Holawyq: Oh, this"
1288.61,1289.43,"Holawyq: thing"
1289.57,1292.179,"Holawyq: not, not not all aspects just"
1292.32,1293.48,"Holawyq: on this"
1293.97,1295.769,"Holawyq: asking for leave."
1295.95,1297.39,"Lizhao Chen: So, yeah."
1297.74,1298.82,"Lizhao Chen: so"
1298.88,1302.57,"Lizhao Chen: I think is a is a little bit contradiction."
1302.86,1307.8,"Lizhao Chen: So in our understandings, like the leader from the"
1308.18,1313.939,"Lizhao Chen: from the eastern country like, Yeah, China, Japan, or something. So"
1314.19,1317.23,"Lizhao Chen: they prefer. The communication is often"
1317.3,1319.029,"Lizhao Chen: like the indirect"
1319.73,1321.71,"Lizhao Chen: right. The leaders"
1321.99,1323.93,"Lizhao Chen: avoid something"
1324.12,1327.949,"Lizhao Chen: direct conversation, and to the employees."
1328.53,1333.22,"Lizhao Chen: to, you know, rely on the context rather than direct."
1334.67,1338.94,"Lizhao Chen: You know direct statement. But in the Western countries the leaders."
1339.18,1346.859,"Lizhao Chen: and prefer to have the direct communication. So it's more clear and open. And the"
1346.93,1352.26,"Lizhao Chen: Florence sometimes sometimes it's just like the casual dialogue."
1352.37,1357.349,"Lizhao Chen: But why, I said, is reduction a contradiction? Because."
1357.36,1360.479,"Lizhao Chen: as as you are. You are guys mentioned before."
1360.62,1364.73,"Lizhao Chen: When we're talking about something special. For example."
1365.16,1369.42,"Lizhao Chen: you apply for a illness, break illness day off"
1369.68,1373.68,"Lizhao Chen: the Chinese leader or the Eastern leader."
1374.08,1375.02,"Lizhao Chen: we'll"
1375.32,1379.43,"Lizhao Chen: we will direct to impress what you think. You cannot live"
1379.8,1380.63,"Lizhao Chen: right."
1381.61,1382.76,"Lizhao Chen: So."
1382.76,1383.36,"Jing JIANG: Yeah, yeah."
1383.36,1388.09,"Lizhao Chen: So that is a little bit little bit very weird. So sometimes"
1389.3,1395.63,"Lizhao Chen: they like they use their their powerful leadership or authority"
1395.74,1396.54,"Lizhao Chen: to."
1397.14,1397.88,"Holawyq: Makeup."
1397.88,1400.8,"Lizhao Chen: Request or to make order"
1400.86,1402.599,"Lizhao Chen: to the employees."
1402.7,1405.589,"Lizhao Chen: but it it becomes a direct."
1406.06,1406.79,"Holawyq: But."
1406.79,1411.13,"Lizhao Chen: Direct communications. It's different from from our"
1412.07,1414.05,"Lizhao Chen: our understanding. Right."
1414.65,1420.649,"Holawyq: Yes, sometimes I I think the boss is really far away from me. But"
1421.047,1424.439,"Holawyq: he just just want to took over my life"
1427.42,1433.239,"Holawyq: like just like you said about doing this day off."
1446.5,1452.04,"Jing JIANG: and I'm wondering about the collectivism and individualism."
1453.534,1454.71,"Jing JIANG: Yes."
1454.92,1460.37,"Jing JIANG: Oh, I I think some countries like china and Japan"
1460.39,1466.582,"Jing JIANG: for example may care about the Collectivism, and ask"
1467.62,1474.79,"Jing JIANG: the subordinates to sacrifice their own interest for the whole group or the whole project."
1480.662,1481.809,"Holawyq: Not doing anything."
1481.81,1482.81,"Lizhao Chen: So"
1483.34,1488.2,"Lizhao Chen: something successful technique or some something appearance"
1488.93,1490.07,"Lizhao Chen: to."
1490.33,1492.34,"Jing JIANG: I mean the conflict"
1492.74,1496.269,"Jing JIANG: between individual and the group."
1496.27,1497.23,"Lizhao Chen: Oh, yeah."
1501.82,1510.489,"Lizhao Chen: So let's go to the 3rd questions, how do you approach up managing with the boss from a different cultural backgrounds?"
1510.49,1512.82,"Jing JIANG: Yes, but how do you define"
1512.95,1514.699,"Jing JIANG: the mini of"
1514.86,1515.74,"Jing JIANG: up."
1516.3,1516.84,"Lizhao Chen: Managing."
1516.84,1517.385,"Jing JIANG: Yes."
1517.93,1519.88,"Lizhao Chen: It's like"
1519.99,1524.39,"Lizhao Chen: how to keep the good relationship with your boss or with your leader."
1525.55,1527.269,"Jing JIANG: So why, that's"
1527.54,1529.41,"Jing JIANG: that's like a"
1529.53,1531.81,"Jing JIANG: management. Why."
1535.87,1539.759,"Lizhao Chen: up managing up, managing, just like"
1540.16,1543.96,"Lizhao Chen: how to deal with your desired relationship between your boss."
1544.79,1550.728,"Lizhao Chen: Yeah, just, just, you know, managing up, not managing down because you are not a leader."
1551.1,1551.89,"Jing JIANG: Yeah."
1552.42,1554.19,"Jing JIANG: That's a tricky question."
1555.32,1555.92,"Yaxin Huang: Yeah."
1557.3,1566.071,"Yaxin Huang: maybe we, we really have this kind of experience to to manage our boss. And it's weird, I think,"
1567.168,1576.63,"Yaxin Huang: normally, we talk about managing our subordinates or our like. We are the the captain of the team, and we manage the team members."
1576.8,1579.74,"Yaxin Huang: and and he'll be a bit weird, too."
1579.83,1581.94,"Yaxin Huang: to manage the boss, I think. And"
1583.26,1588.22,"Yaxin Huang: and what do you think of the difference between managing the"
1588.36,1600.275,"Yaxin Huang: the the like, the people, the senior people, the people with the higher higher degree, and the people, you know, like the subordinate with a lower degree. What do you think?"
1600.79,1605.319,"Yaxin Huang: What are the differences of this kind of management."
1607.904,1610.269,"Lizhao Chen: I think it should be divided"
1610.71,1612.439,"Lizhao Chen: into different culture."
1612.58,1615.889,"Lizhao Chen: As I, we are talking about the the difference"
1615.93,1617.41,"Lizhao Chen: working environment"
1617.79,1620.379,"Lizhao Chen: between the Western and eastern. So I,"
1621.4,1622.3,"Lizhao Chen: yeah."
1623.19,1624.592,"Yaxin Huang: Yeah. And firstly,"
1625.3,1632.889,"Yaxin Huang: this is a upper management, the management of management to the high, the higher degree of people."
1633.37,1634.5,"Yaxin Huang: Oh."
1636.75,1637.6,"Yaxin Huang: so"
1638.23,1644.779,"Yaxin Huang: how to manage the people with a higher degree. And yeah, and they are from different culture backgrounds."
1646.5,1650.45,"Jing JIANG: So maybe, firstly, we need to understand their"
1650.48,1652.13,"Jing JIANG: culture"
1652.32,1657.039,"Jing JIANG: and cultural issues. There are differences"
1657.63,1660.62,"Jing JIANG: to have a better communications."
1665.7,1666.49,"Lizhao Chen: So I think."
1666.49,1666.96,"Urania Shan: In China."
1666.96,1669.35,"Lizhao Chen: You know we should. Firstly, we should"
1669.89,1673.32,"Lizhao Chen: show our respect for the hierarchy."
1674.18,1683.36,"Lizhao Chen: Yes, different differences to the authority. So it's very key things in Eastern cultures, especially in China and Japan"
1683.7,1688.02,"Lizhao Chen: and and his career. So you should be plied"
1688.04,1691.219,"Lizhao Chen: and avoid being, you know."
1691.36,1693.8,"Lizhao Chen: being directed"
1694.12,1707.099,"Lizhao Chen: direct, indirect conversation to seek to seek some approval for some for major decisions. So you should. Firstly, you should respect your boss, your leader."
1708.98,1710.69,"Jing JIANG: About many"
1710.72,1713.67,"Jing JIANG: manners or etiquette."
1713.7,1717.569,"Jing JIANG: and how to address others."
1718.65,1719.52,"Holawyq: Yes."
1719.93,1729.53,"Holawyq: and I think we should be modest, especially I think lots of bosses in China. They really care about their faces."
1729.77,1730.575,"Holawyq: so"
1731.74,1732.6,"Holawyq: don't"
1734.46,1736.1,"Holawyq: so oh."
1736.965,1740.969,"Holawyq: avoid refuting in front of a lot of people."
1742.648,1748.499,"Holawyq: You can give her some advice, but just keep it in you, too. Maybe."
1750.22,1753.584,"Urania Shan: Yeah. And I'm not sure I have a question of that."
1753.96,1759.879,"Urania Shan: If we like. We assume that our workplace is in China."
1759.96,1770.129,"Urania Shan: and we have a boss from like western countries. Yeah, we work in China. So should we adapt to the"
1770.855,1780.64,"Urania Shan: like cultural backgrounds in China or for the cultural backgrounds of our boss like this, if we"
1781.546,1783.08,"Urania Shan: yeah, what."
1783.11,1783.58,"Holawyq: What?"
1783.58,1786.75,"Urania Shan: Audio design. When facing this condition."
1787.883,1796.55,"Holawyq: I think it's a very special situation. So maybe both of us, the team member and the boss, should do some adaption."
1796.55,1797.04,"Jing JIANG: Yes."
1799.96,1804.15,"Urania Shan: Adaption to which kind of cultural background to"
1804.2,1807.97,"Urania Shan: the workplace background, or the both, the both."
1807.97,1808.93,"Holawyq: Background."
1810.98,1812.3,"Holawyq: I think"
1812.44,1817.14,"Holawyq: they need to respect each other's culture first.st"
1817.55,1818.94,"Urania Shan: Yes."
1823.15,1827.92,"Urania Shan: I think it's also very often we're facing"
1827.94,1829.7,"Urania Shan: unimill."
1829.81,1830.49,"Urania Shan: Yeah."
1830.49,1831.17,"Holawyq: Like we."
1831.17,1833.569,"Urania Shan: Have Chinese teacher or"
1833.68,1836.52,"Urania Shan: some teacher from"
1836.79,1839.489,"Urania Shan: Eastern countries that they teach."
1840.463,1850.53,"Urania Shan: Some subjects in our university, but we are in Australia, but we face some teachers from eastern backgrounds. Yeah."
1850.77,1851.37,"Jing JIANG: Yes."
1851.78,1858.359,"Jing JIANG: But besides the culture differences, what common issue can we do?"
1860.62,1867.44,"Jing JIANG: I mean some general strategies to cope with this problem."
1868.44,1873.14,"Holawyq: Yeah. If you don't know the professor's cultural background."
1873.21,1876.609,"Holawyq: I think maybe show more respect"
1877.14,1883.719,"Holawyq: first, st then you can do some adaption according to your communication."
1886.7,1891.429,"Lizhao Chen: for my appearance. So if you not sure your"
1891.64,1894.349,"Lizhao Chen: dealerships, cultural backgrounds."
1894.69,1901.599,"Lizhao Chen: it's it. It is so easier to follow the cultural environment"
1901.69,1903.829,"Lizhao Chen: which country you live"
1904,1904.61,"Lizhao Chen: so."
1904.61,1905.47,"Urania Shan: Oh, yeah."
1905.47,1909.389,"Lizhao Chen: In Australia you should follow the Western."
1909.57,1913.35,"Lizhao Chen: the Western, you know, Western behavior, or Western"
1913.47,1916.769,"Lizhao Chen: addressed rules or something like this."
1916.78,1921.099,"Lizhao Chen: But if you are living in China. If you are Western countries."
1921.18,1923.58,"Lizhao Chen: if you are from the Western country."
1923.7,1924.86,"Lizhao Chen: So"
1925.06,1926.33,"Lizhao Chen: I think it's"
1926.4,1928.11,"Lizhao Chen: it's more is"
1929.108,1935.72,"Lizhao Chen: issue to follow the behavior, the Chinese behavior or Chinese transitional behavior. So"
1935.92,1939.33,"Lizhao Chen: that is, that is a technique. I think"
1945.1,1948.329,"Lizhao Chen: so, in my opinion. So in China."
1949.49,1954.29,"Lizhao Chen: I have worked about one year in China. So like."
1955.2,1958.85,"Lizhao Chen: if you're working in a company, or if I work in the in the"
1959.05,1963.179,"Lizhao Chen: the government, the government department something just like this."
1963.79,1972.61,"Lizhao Chen: you should doing something you should doing work correct, not doing work more."
1975.21,1976.47,"Holawyq: Oh, we love something."
1976.51,1980.41,"Jing JIANG: So may I ask about your job?"
1980.911,1985.24,"Jing JIANG: What's your job? You you said you worked before."
1985.74,1989.499,"Lizhao Chen: Yes, I just work as the journalist in the"
1990.34,1991.96,"Lizhao Chen: media campaign"
1992.58,1993.99,"Lizhao Chen: for one year"
1995.97,1997.01,"Lizhao Chen: in China."
1997.65,2000.549,"Lizhao Chen: Just I I graduated from the from my"
2000.92,2004.239,"Lizhao Chen: undergraduate degree bachelor degree"
2004.96,2006.279,"Lizhao Chen: just for one year."
2006.76,2011.599,"Lizhao Chen: So it's like, you know, the traditional government department structure."
2013.034,2016.57,"Jing JIANG: Have you learned something from this job."
2019.76,2020.46,"Jing JIANG: Okay."
2022.63,2024.47,"Lizhao Chen: Maybe I'm"
2025.8,2028.519,"Lizhao Chen: how to deal with, how to deal with your leader."
2028.53,2032.089,"Lizhao Chen: How to deal with your is not a big leader, how to deal with your"
2032.1,2035.989,"Lizhao Chen: your, your team leader, or something. How do with your colleagues."
2036.63,2038.649,"Lizhao Chen: and how to deal with your"
2039.1,2040.54,"Lizhao Chen: something older"
2041.39,2043.06,"Lizhao Chen: older colleagues?"
2043.93,2044.71,"Lizhao Chen: Yeah."
2046.82,2049.599,"Holawyq: Do you think it is difficult."
2050.01,2051.65,"Holawyq: or it's easy for you."
2053.98,2056.49,"Lizhao Chen: I'm not sure, because"
2057.199,2061.319,"Lizhao Chen: you have to. You have to know the society"
2061.37,2064.75,"Lizhao Chen: in your your bachelor, in your"
2064.929,2068.37,"Lizhao Chen: bachelor university or your undergraduate."
2068.659,2069.92,"Lizhao Chen: So"
2070.409,2078.679,"Lizhao Chen: it's like you should have some practice, or you should change your opinions in this scenario."
2079.929,2080.639,"Holawyq: You."
2082.78,2083.639,"Lizhao Chen: So, yeah."
2085.28,2085.926,"Holawyq: Thank you."
2089.84,2091.75,"Lizhao Chen: So next question."
2092.02,2097.59,"Lizhao Chen: what differences have you observed in the leadership selves between the male and female leaders?"
2098.54,2104.049,"Lizhao Chen: So differences impact team dynamics and the decision making."
2107.447,2115.339,"Jing JIANG: I think male leader may be more risky in decision making."
2115.52,2120.869,"Jing JIANG: but female leaders are often more cautious."
2124.85,2132.299,"Holawyq: Yeah. And some people said, male leader is more authoritative than female leaders"
2132.34,2138.269,"Holawyq: are more collaborative. But it's maybe a kind of stereotype."
2139.55,2142.729,"Holawyq: Not always be that kind of."
2149.65,2154.659,"Urania Shan: Yeah. And maybe for female leaders, they pay more attention."
2156.618,2159.849,"Urania Shan: In some details in the work."
2161.65,2166.889,"Jing JIANG: This may be the stereotypes of jealous."
2169.07,2178.719,"Holawyq: Yeah. So I think the style between male and female leaders are also maybe influenced by the culture."
2179.06,2179.925,"Jing JIANG: Yes,"
2181.97,2186.509,"Jing JIANG: they usually are slight."
2186.7,2187.76,"Jing JIANG: I think."
2188.85,2189.71,"Holawyq: Yeah."
2197.35,2198.04,"Holawyq: Hmm."
2201.83,2203.729,"Jing JIANG: Any other idea."
2204.55,2206.26,"Lizhao Chen: Yeah, it's a little bit"
2206.81,2208.47,"Lizhao Chen: little bit of therapy."
2211.14,2212.23,"Holawyq: Yeah."
2214.09,2218.3,"Yaxin Huang: Yeah, it can be. There can be some stereotypes"
2218.883,2226.336,"Yaxin Huang: but maybe in most cases female leaders tend to be more"
2227.26,2234.53,"Yaxin Huang: communicative. They maybe they will have the patience, and they are willing to talk"
2234.62,2238.649,"Yaxin Huang: more, to discuss more with their team members."
2240.35,2247.916,"Yaxin Huang: they yeah, they will be more cooperative. Yeah. But for the female leaders, maybe. Yeah. They sometimes like, like,"
2248.41,2254.33,"Yaxin Huang: they will be more risky. And they tend to, you know, just make the decisions by them."
2254.807,2257.87,"Yaxin Huang: by themselves, or by the by"
2257.95,2260.261,"Yaxin Huang: less numbers of people."
2261.01,2273.245,"Yaxin Huang: and maybe they will be. They will take more courage to do something, instead of, you know, hesitating or discussing more with others, that they will be more risky and"
2274.677,2277.81,"Yaxin Huang: aggressive in some to some degree. Yeah."
2278.04,2286.729,"Jing JIANG: Yes. But do you want to work with a female leader or a male leader, or both? Okay."
2287.93,2290.24,"Holawyq: Oh, I think those is okay."
2290.47,2300.886,"Holawyq: Yeah. Some people told me that. The female boss at a middle age are very scary, but I don't think it's true."
2301.43,2306.099,"Holawyq: lots of them are very care about team members feelings."
2306.79,2308.159,"Holawyq: So I think."
2309.165,2310.35,"Holawyq: both is okay."
2310.69,2319.69,"Urania Shan: Yeah, I think it's more depend on different individual, but not the gender. Yeah, totally speaking."
2320.5,2321.09,"Holawyq: Yeah."
2321.09,2321.78,"Yaxin Huang: Yeah, yeah."
2321.78,2323.009,"Jing JIANG: And so you guys."
2323.01,2324.23,"Yaxin Huang: Both are okay."
2325.47,2328.81,"Jing JIANG: Focus on other aspects."
2329.31,2334.199,"Holawyq: Yes, like his or her ability"
2334.39,2335.38,"Holawyq: or"
2338.1,2341.679,"Holawyq: general is not the most important thing."
2342.11,2343.06,"Holawyq: Oh, yeah."
2344.97,2348.006,"Urania Shan: And I think the different features of"
2349.406,2351.673,"Urania Shan: both genders. Maybe."
2352.49,2353.63,"Urania Shan: it's good"
2353.86,2356.44,"Urania Shan: for different professionals."
2356.6,2361.669,"Urania Shan: like, I recently saw a program called"
2362.749,2368.26,"Urania Shan: clearance in the offer. And in this front, yeah, somebody mentions that."
2368.818,2378.479,"Urania Shan: For lawyer cause he's a programmer about lawyers. For lawyer. Maybe female lawyers have more empathy for their"
2378.971,2385.57,"Urania Shan: customers, so they can conduct their work better to learn more about the"
2386.26,2396.71,"Urania Shan: their customers, and to process with their you know some fiber things to establish the connection between"
2396.81,2399.369,"Urania Shan: and themselves and the"
2400.75,2402.07,"Urania Shan: mental"
2402.808,2409.029,"Urania Shan: like mental aspects for the customers is very important for this professional"
2409.43,2410.15,"Urania Shan: yeah."
2411.14,2418.779,"Holawyq: Yes, but I think there are much more male bosses in law industry than female bosses."
2418.89,2421.259,"Holawyq: but so maybe"
2421.31,2425.25,"Holawyq: every industries need more female bosses."
2426.67,2429.399,"Urania Shan: Yeah, I think, yeah, it is."
2431.21,2431.91,"Holawyq: You."
2436.18,2442.889,"Urania Shan: Maybe now there are more male lawyers than females, but I believe maybe in the future there are"
2442.97,2444.789,"Urania Shan: more and more"
2446.32,2451.01,"Urania Shan: especially be called big lawyer in the future. Yeah."
2452.54,2453.36,"Holawyq: Yes."
2465.19,2466.31,"Jing JIANG: So."
2467.27,2469.34,"Holawyq: Maybe we finished all the questions."
2469.34,2472.866,"Jing JIANG: Yes, but we can discuss other things."
2473.94,2474.82,"Holawyq: Yeah."
2476.19,2489.19,"Urania Shan: And I think maybe expect for the genders. There are many other factors that may be affect the leadership like Mbti. Are you interested in."
2490.44,2491.629,"Jing JIANG: I know that."
2493.33,2495.139,"Holawyq: It's really popular. Now."
2495.14,2495.99,"Urania Shan: Yeah."
2496.36,2497.1,"Urania Shan: yeah."
2497.46,2499.02,"Yaxin Huang: So that"
2499.89,2501.712,"Yaxin Huang: mpti kind of"
2503.036,2504.94,"Yaxin Huang: can ultimately can be"
2504.96,2509.199,"Yaxin Huang: a kind of individual personalities. The differences between."
2509.2,2509.58,"Holawyq: So."
2509.58,2510.079,"Yaxin Huang: I'm pressing that."
2510.08,2511.94,"Urania Shan: Yeah, yeah."
2513.05,2513.58,"Yaxin Huang: yeah."
2513.58,2515.689,"Lizhao Chen: So you guys all believe the"
2515.76,2517.43,"Lizhao Chen: like. Mbti."
2517.62,2518.89,"Jing JIANG: Not really."
2518.89,2519.779,"Holawyq: Not. Really. Yeah."
2519.78,2520.93,"Urania Shan: Yeah, just to."
2521.58,2523.499,"Urania Shan: yeah, yeah, I."
2523.5,2536.169,"Yaxin Huang: I think it's it can be scientific because we should do a lot of tests like around hundreds in that website. And so it's much more reliable than the single. I think."
2536.606,2537.479,"Urania Shan: Yeah. Yeah."
2537.74,2543.5,"Lizhao Chen: So that is the same thing. I think I tested the Mbti about stuff tested"
2543.79,2547.64,"Lizhao Chen: about 3 times, and I never remember the 4"
2547.71,2549.579,"Lizhao Chen: full character which I'm at"
2550,2551.18,"Lizhao Chen: which I am."
2552.67,2553.19,"Holawyq: Oh!"
2553.19,2562.439,"Lizhao Chen: I'm the E, or I am the what I'm the I I think I forgot. I I always forgot the what is my personality."
2563.08,2567.669,"Urania Shan: Is there different outcome outcomes every time or the same one."
2567.67,2568.759,"Lizhao Chen: Yeah. Same. One."
2568.76,2569.41,"Urania Shan: I see."
2569.41,2571.58,"Lizhao Chen: But I never remember that."
2571.71,2575.579,"Lizhao Chen: So so it it will. It will be changed"
2576.41,2578.7,"Lizhao Chen: sometimes. You test"
2578.77,2589.949,"Lizhao Chen: next time with the time, or I I don't know. I don't understand what the. So you know, I'm Bti clarifications. So some someone, some personality"
2590.16,2594.629,"Lizhao Chen: or good light to be a leader or some personality. I'm not"
2594.78,2595.64,"Lizhao Chen: right."
2596.5,2597.34,"Urania Shan: Yes."
2597.55,2603.7,"Holawyq: Yeah, but I don't think people can be defined by 60 types of Mbti."
2604.4,2617.079,"Yaxin Huang: Yeah, we cannot. People cannot be defined by this. But according as far as I as I'm concerned, I guess I am preparing for some for the job."
2617.17,2622.309,"Yaxin Huang: the job hunting for the for to find a job in China."
2622.47,2623.13,"Yaxin Huang: so"
2624.12,2634.075,"Yaxin Huang: and some companies will pay much attention to the to individual personality, and the criteria is Mbti. They will,"
2634.79,2635.87,"Yaxin Huang: and"
2636.1,2651.609,"Yaxin Huang: although maybe they will not directly ask you to tell them. What's what is your Mbti? But they will give you some personality test to to find out the characteristics that they want, the that they want their team members."
2651.89,2652.42,"Urania Shan: Yeah."
2652.42,2653.35,"Yaxin Huang: Behalf."
2653.35,2655.87,"Urania Shan: Yeah, sure, some companies use this."
2655.87,2656.91,"Jing JIANG: Yeah, some."
2657.33,2663.509,"Jing JIANG: We'll we'll check your Mbti type to design it. Decide whether"
2663.65,2665.29,"Jing JIANG: you can"
2665.41,2667.42,"Jing JIANG: obtain this job."
2668.17,2670.78,"Holawyq: Yes, but I think it's not there."
2670.78,2671.75,"Jing JIANG: Yes, yes."
2671.75,2674.24,"Lizhao Chen: Yeah, it's a little bit unfair. Yeah."
2674.24,2676.91,"Urania Shan: Yeah. And I think it's relatively"
2677.06,2685.589,"Urania Shan: private for someone to show their mpti. And I have an experience that for"
2686.128,2703.05,"Urania Shan: entrance testing for of a company, they said in something like Mbti is also a personality test. But the outcomes shows like this, if they're cause. Their company is a"
2703.21,2704.716,"Urania Shan: kind of"
2705.65,2710.299,"Urania Shan: how to say creative passion like this, this kind of company?"
2710.917,2716.169,"Urania Shan: They don't want a person who have the personality of 2."
2716.95,2717.79,"Urania Shan: Yeah."
2718.61,2723.33,"Urania Shan: and they will reject you. Yeah, just because your personality test."
2723.72,2730.519,"Holawyq: Yes, so I'm a bit afraid about. If the boss asked me, What is my Npci if I told him or"
2730.61,2736.66,"Holawyq: he or she? I am Iofp. Maybe he, he or she will have prejudice on me."
2736.9,2737.45,"Jing JIANG: Yes."
2739.52,2748.311,"Yaxin Huang: So in general, I think Mpti is just a criteria of the or the reflection of personal"
2749.06,2752.29,"Yaxin Huang: of personal personality. So it."
2752.29,2752.76,"Holawyq: Yeah."
2753.164,2760.045,"Yaxin Huang: Can conclude that our personalities, or a, or as a leader, or our leaders in the future."
2761.12,2769.859,"Yaxin Huang: the personality of them will make some differences to our perceptions or the our interaction with them."
2770.509,2780.759,"Yaxin Huang: And for me, I think, apart from the individual personality, maybe age can also be a factor?"
2781.337,2787.889,"Yaxin Huang: Because I prefer to work with the leaders with a with a younger age."
2788.316,2789.029,"Yaxin Huang: I think."
2789.03,2789.94,"Holawyq: Yes."
2789.94,2797.55,"Yaxin Huang: Younger leaders are, yeah, because they are more dynamic. And I think, there's will also be a gap."
2797.81,2798.21,"Jing JIANG: Yeah."
2798.21,2800.61,"Yaxin Huang: Between the yeah, between the people"
2800.76,2807.37,"Yaxin Huang: different ages. Yeah. So maybe I will feel more. Feel a."
2807.46,2812.5,"Yaxin Huang: a, a, much more. Yeah. The the a far more distance."
2812.5,2814.3,"Jing JIANG: Topics. Yes."
2814.52,2817.55,"Urania Shan: Yeah, because we are younger. Now."
2817.79,2823.37,"Holawyq: Yeah, younger boss are a bit more ambitious than the elder boss."
2825.07,2834.57,"Yaxin Huang: Yeah, and do some. Yeah. And I think they are sometimes more open. And and although this can also be a stereotype. But in most cases,"
2834.96,2840.779,"Yaxin Huang: yeah, it could be. They can be more dynamic, more open. Yeah, to our ideas. Yeah."
2841.47,2842.62,"Urania Shan: So."
2846.84,2851.84,"Urania Shan: okay, so, are there any other interesting points? Yeah, yeah."
2851.84,2854.558,"Bryan Chen: That's probably about time. Can we can rip out."
2855.465,2855.81,"Jing JIANG: Yeah."
2856.42,2857.15,"Yaxin Huang: Yeah."
2857.15,2857.73,"Bryan Chen: Yeah, yeah."
2858.52,2865.664,"Bryan Chen: okay, thank you guys for the participation and thanks for your contribution."
2866.26,2866.919,"Holawyq: Oh! This is."
2868.1,2869.79,"Urania Shan: So, since you."
