,Start,End,Text
0,00:01:16,,"SPK_1: Okay, let's start."
1,00:01:44,,SPK_3: I will talk about the first question first.
2,00:01:59,,"SPK_3: And when they date with each other, their aim is just for married."
3,00:02:14,,"SPK_3: Like, this girl is my parents colleague's daughter or this boy is my teacher's son."
4,00:02:29,,SPK_3: And they just want to make a family.
5,00:02:49,,"SPK_3: So they want some people accompany them so they will find some girlfriend, boyfriend, and they like even never consider about the marriage."
6,00:03:13,,"SPK_3: Yeah, hi."
7,00:03:15,,SPK_4: I totally agree with you.
8,00:03:23,,"SPK_4: Maybe for older generations, you'd usually meet someone through friends or family, maybe at a party or something."
9,00:03:34,,SPK_4: People just work to meet others.
10,00:03:37,,SPK_4: Also the expectations have shifted.
11,00:03:46,,"SPK_4: But now people take their time and focus more, I think, on personal happiness."
12,00:04:03,,SPK_4: So it's pretty much similar.
13,00:04:20,,"SPK_5: Hello, this is Yan Li."
14,00:04:26,,"SPK_5: At some other opinions, I would like to compare three generations about the dating culture and for my parents."
15,00:04:49,,"SPK_5: And their motivation, the main factors for their dating is to combine to form a family and getting married."
16,00:05:09,,SPK_5: So I was born in 1990s.
17,00:05:26,,SPK_5: But it's not so directly aimed to get married or to form a family.
18,00:05:46,,"SPK_5: But I know for some younger students, younger than me, like who were born after 2020, like my younger sisters, my younger brothers, they use more, they prefer to use dating apps."
19,00:06:14,,SPK_5: Maybe just make new friends or just for fun.
20,00:06:23,,SPK_2: I think the question is all lying upon the word love.
21,00:06:31,,SPK_2: The meaning of love is shattered across generation.
22,00:06:46,,SPK_2: And nowadays the word romance is actually imported.
23,00:06:53,,SPK_2: It's not so tightly related to moral morality.
24,00:07:09,,"SPK_2: But it is interesting that you guys mentioned about the dating app, why dating app has become increasingly important in forming a formal relationship."
25,00:07:27,,"SPK_3: Yeah, I think for our parents generation, maybe they're dating for more purposeful."
26,00:07:53,,SPK_3: She just want to date seriously.
27,00:08:03,,SPK_3: It's like just for fun.
28,00:08:15,,"SPK_3: Not only for married, like for the."
29,00:08:30,,SPK_3: So I think maybe that's the key point for the method change.
30,00:08:48,,"SPK_3: But for us, we just think we just want to make friends and meet lots of people."
31,00:08:57,,"SPK_2: Well, it is interesting to think about what they did."
32,00:09:06,,"SPK_2: If you meet a guy and you make mutual responsibility, you have a mutual responsibility that is called serious."
33,00:09:16,,SPK_2: This is not serious.
34,00:09:19,,SPK_2: It's interesting to think about.
35,00:09:37,,SPK_2: We now have the mass media where people are having this separation between each group.
36,00:10:00,,SPK_2: But nowadays this is not popular.
37,00:10:09,,SPK_2: And it is very hard for people to have the so called deep tone with each other.
38,00:10:19,,SPK_3: Social tone.
39,00:10:24,,"SPK_4: I think it didn't change because we use dating apps or social media to meet new friends because we want us, because it didn't mean we don't like relationship, don't take it not seriously because I think every relationship couple, they may start from friendship."
40,00:11:06,,SPK_2: One more time.
41,00:11:23,,SPK_4: Yeah.
42,00:11:33,,SPK_4: Every relationship may start from friendship.
43,00:11:42,,"SPK_2: I saw, I messed up."
44,00:11:54,,SPK_4: I think it's also.
45,00:12:06,,SPK_4: Like you said before.
46,00:12:14,,"SPK_2: But online relationships are inherently different from offline, because the only interaction you have is talk."
47,00:12:32,,"SPK_2: Once you delete someone on web chat, that guy disappear."
48,00:12:51,,SPK_5: I think for this kind of software has increased the speed of our networking and to establishing a relationship.
49,00:13:04,,SPK_5: Or shortcomings because we.
50,00:13:16,,SPK_5: Broaden our.
51,00:13:25,,"SPK_5: For example, in your real life, if you want to meet new person, we need more time to, uh, ask maybe one by one, my friends, her friends to me, and then we make a connection that's a little."
52,00:13:43,,"SPK_5: But online, if you see someone post some beautiful pictures and you can message him or her, and then it's very quickly to establish a relationship."
53,00:14:00,,"SPK_5: For example, you cannot identify whether the people is good or not, or whether he or she is suitable for you or not, because only from the pictures or the videos they posted on social media."
54,00:14:26,,SPK_5: Social media and dating apps.
55,00:14:33,,SPK_2: Do you guys all support or not support for dating app?
56,00:14:54,,SPK_5: I think I partially support the dating apps.
57,00:15:01,,SPK_5: I know there are some changes or shortcomings or negative things when using the dating apps.
58,00:15:21,,"SPK_5: So it depends on how you use them, how you can identify whether people is good or not, whether it's safe or risky to make a connection with someone or not."
59,00:15:36,,"SPK_5: So for me, I partially support the dating apps."
60,00:15:51,,"SPK_2: Well, the reason why I disrepaired dating app is because I don't think people really making connection with datemap because."
61,00:16:03,,"SPK_2: Of the time you have a strong objection when you're using date app, you want to find a partner, right?"
62,00:16:13,,SPK_2: Ideal relationship happens naturally off campus people.
63,00:16:26,,SPK_2: This is what people used to do.
64,00:16:35,,"SPK_2: Find someone to talk with me or her and with a strong goal of if you guys can be a partner or not, if you share the same value or not."
65,00:16:47,,SPK_2: This is not how people should be engaged with each other.
66,00:16:56,,SPK_5: And.
67,00:17:03,,"SPK_5: Yeah, I agree with you in terms of building a serious relationship, like for your boyfriend or girlfriend or your future wife or husband."
68,00:17:28,,"SPK_5: For me, I would share my opinion that if I use dating apps, I use it as a way to widen."
69,00:17:48,,SPK_5: Although.
70,00:17:56,,"SPK_5: But during this process, I think I can find out, like, what kind of people are simple for me, what kind of qualities I prefer."
71,00:18:11,,SPK_5: During the.
72,00:18:12,,SPK_5: It's more like a filtering process for me.
73,00:18:17,,SPK_5: I use the dating app to reach out to access more people than I can meet in my life.
74,00:18:35,,"SPK_5: And among the big data, then I can finalize what kind of qualities or what kind of styles of people I like."
75,00:18:49,,"SPK_5: From this perspective, I think dating apps is useful."
76,00:18:59,,SPK_5: I.
77,00:19:05,,"SPK_4: Yeah, but you need to identify which one is good, which one is bad."
78,00:19:13,,SPK_4: Right.
79,00:19:19,,"SPK_3: Yeah, that's also what I want to say."
80,00:19:42,,SPK_3: Yeah.
81,00:19:44,,SPK_3: So I can understand why parents think it is better to make friends just with your classmates or introduce from your friends or their colleagues.
82,00:20:02,,"SPK_3: Yeah, I think that's also a point."
83,00:20:33,,SPK_2: That's why I really like this thing.
84,00:20:50,,SPK_5: Some of them use dating apps like just handout not aim to establish romantic relationship.
85,00:21:06,,"SPK_5: Like some, some people are very polite and and some boys or girls also graduate or studying at Unimap."
86,00:21:24,,SPK_5: But.
87,00:21:31,,SPK_5: So I think have half.
88,00:21:40,,SPK_3: We know each other from the dating app and I think like dating app just a method to help you know someone new.
89,00:22:00,,"SPK_3: Like my ex boyfriend when we decide to meet, we just meet in a public place like because our university is closed."
90,00:22:16,,"SPK_3: And when we talk, I think he is quite nice people."
91,00:22:33,,SPK_3: Like we have have that relationship.
92,00:22:41,,SPK_3: I also have some other experience just meet the dating apps guy and I think someone is very curious.
93,00:22:55,,"SPK_3: And I was very astonishing, like why you want to eat ice cream with me?"
94,00:23:03,,SPK_3: So I think it depends on your characteristic.
95,00:23:18,,SPK_3: Like when the people.
96,00:23:31,,SPK_3: So I think also it depends on your characteristic.
97,00:23:48,,"SPK_2: It's so surprising to know that dating app really works and yeah, it might work for some people."
98,00:24:00,,SPK_2: So why does he become your ex boyfriend if you're willing to share?
99,00:24:21,,"SPK_3: Actually when my friend asked me where you meet your ex boyfriend, I usually said we meet in the university because our university is quite close."
100,00:24:37,,SPK_3: Lots of people can't receive this message.
101,00:24:41,,SPK_3: Is your boyfriend a nice guy?
102,00:24:45,,SPK_3: His is his relationship is very how to say that?
103,00:24:56,,"SPK_3: So yeah, that's why I think it depends on your characteristic."
104,00:25:12,,SPK_3: I think you can try and talk with the talk with that guy in the dating app first.
105,00:25:32,,"SPK_3: So I think you can maybe talk with in social media for a long time and think oh, this is nice people."
106,00:25:50,,SPK_3: So in data app you can select that find some people have the university id.
107,00:26:07,,"SPK_4: Yeah, most of us have a stereotype to dating apps because we think most people use dating apps just to meet new friends to, in other words to."
108,00:26:24,,SPK_4: Not to find serious relationships.
109,00:26:33,,"SPK_2: Like me, I have too many assumptions about dating app because I'm not too familiar with allergy."
110,00:26:42,,SPK_2: So that's why I got this stereotype.
111,00:26:50,,SPK_2: I feel like it's destiny.
112,00:26:57,,"SPK_3: Yeah, I just think it's interesting method to meet some people."
113,00:27:09,,SPK_3: I think in China we have a very popular culture now is Dazi.
114,00:27:24,,SPK_3: So when I come to come to Australia like the first year because I don't have lots of friends.
115,00:27:44,,"SPK_3: And I just post in small red book like I want to find someone to make friends and is there someone can travel with me to Sydney and there are some students said oh yeah, we can make friends and I just go to have a dinner with them and find some nice girls to travel with me."
116,00:28:20,,"SPK_4: Yeah, social media helps us a lot to make friends but I think it's social media not dating apps to make friends."
117,00:28:28,,SPK_3: But dating app now also have some selection like you can.
118,00:28:34,,SPK_3: Find.
119,00:28:36,,SPK_3: And maybe you can select.
120,00:28:44,,SPK_3: So maybe I think.
121,00:28:52,,"SPK_3: Like they don't wanna have relationship, they just wanna make friends."
122,00:29:00,,"SPK_3: Like, I just wanna make fun, just wanna meet new people."
123,00:29:10,,"SPK_2: Every platform, except it's about how people use it."
124,00:29:18,,SPK_2: I've got so many guys talk with me.
125,00:29:25,,SPK_3: Yeah.
126,00:29:34,,SPK_4: Want to make friends in dating apps.
127,00:29:41,,"SPK_4: Maybe they want make friends at first, but look for deeper relationship."
128,00:29:53,,"SPK_4: I'm not, not sure about it."
129,00:30:04,,SPK_5: And some people may think dating is I must build a relationship.
130,00:30:24,,"SPK_5: Just a matter of networking or making new friends, I think."
131,00:30:32,,SPK_5: So dating app maybe is not.
132,00:30:47,,"SPK_3: Yeah, I agree with you."
133,00:31:01,,"SPK_4: Yeah, I got it."
134,00:31:07,,"SPK_2: It's just like all these digital platforms, they have the same function of making connection between people who don't know each other."
135,00:31:20,,"SPK_2: It's a little bit like in the past when we want to make connection with someone, we say, for example, we came from the same region and we went to the same university."
136,00:31:34,,SPK_2: We just need an excuse.
137,00:31:38,,SPK_2: And that is why all different types of digital platforms become data nets.
138,00:31:51,,"SPK_3: I went to USA for exchange study and I have like lots of chinese friends, they always study in the USA."
139,00:32:11,,SPK_3: And why they need use dating app is in California.
140,00:32:23,,"SPK_3: It's very, very hard to meet new girls."
141,00:32:35,,"SPK_3: So I think maybe not only some people, just for fun, some updating app, it can solve the, like, solve the real problem for some people, like in some specific area."
142,00:33:14,,SPK_5: Yeah.
143,00:33:20,,"SPK_5: Yeah, I agree with you to this point."
144,00:33:29,,"SPK_5: Yeah, although I keep."
145,00:33:35,,SPK_5: Dating apps.
146,00:33:46,,"SPK_5: I prefer to make boyfriends or husband with people in my daily life, in my real life."
147,00:34:16,,"SPK_5: Oh, he can make connections with me."
148,00:34:26,,SPK_5: Will that be a.
149,00:34:29,,SPK_2: Question will re emerge when we had.
150,00:34:48,,"SPK_3: But I think this question, like, if your husband or boyfriend can focus on your relationship, it's like, it's not."
151,00:35:02,,SPK_3: What method you meet.
152,00:35:09,,"SPK_4: Not in real life, you can."
153,00:35:16,,SPK_4: Bad person.
154,00:35:17,,SPK_3: Yeah.
155,00:35:19,,SPK_4: So if.
156,00:35:32,,"SPK_3: Yeah, I think, like, if the guy is not a good guy, although he live in Africa, America, like some other place, he also will connect with each."
157,00:35:53,,SPK_5: Okay.
158,00:35:56,,"SPK_5: Okay, I got it."
159,00:36:02,,SPK_4: The last question.
160,00:36:06,,"SPK_3: Oh, yeah, yeah."
161,00:36:22,,SPK_5: What do you experience?
162,00:36:42,,"SPK_3: Also, I don't have friends LGBTQ."
163,00:36:53,,"SPK_3: I think maybe they are hard to get married, but."
164,00:37:06,,"SPK_3: Or if they want to get married, they can go to other countries."
165,00:37:21,,SPK_3: I think maybe a social attitude is a bit hard for them.
166,00:37:36,,SPK_5: For them.
167,00:37:44,,"SPK_5: And I pay attention to some short video, like, short videos on doin or TikTok Bilibili, and some of the."
168,00:38:01,,"SPK_5: Listen to their opinions or their experience, their feelings about their relationship."
169,00:38:12,,SPK_5: The most challenging thing about them is getting married.
170,00:38:22,,"SPK_5: And I found that another challenge for them is to keeping their relationship lifelong, to be honest, to be loyalty to their partners."
171,00:38:39,,SPK_5: Yeah.
172,00:38:54,,SPK_5: Yeah.
173,00:39:02,,"SPK_4: I think in recent years, it's a growing acceptance of LGBTQ relationships."
174,00:39:11,,SPK_5: Yeah.
175,00:39:25,,SPK_5: That's another two challenges.
176,00:39:45,,"SPK_5: And another thing is about the financial security, like who rent or who buy the house, the apartment, or how to share the life."
177,00:40:02,,SPK_3: You guys.
178,00:40:10,,SPK_2: What do you feel about.
179,00:40:12,,SPK_2: What connection you make with.
180,00:40:28,,SPK_2: Yeah.
181,00:40:33,,SPK_5: Yep.
182,00:40:37,,"SPK_2: Are you heterosexual, by the way?"
183,00:40:43,,"SPK_5: Like, my classmates in the university are some of them."
184,00:40:47,,SPK_5: But.
185,00:41:04,,SPK_5: I.
186,00:41:10,,SPK_5: They share their life.
187,00:41:17,,SPK_5: So I inform their short videos.
188,00:41:30,,SPK_5: And I.
189,00:41:35,,"SPK_5: Like some my friends, and they're."
190,00:41:39,,"SPK_5: We are still young enough, and they have."
191,00:41:52,,"SPK_5: They have considerations for this kind of problems, like maybe to get married legally."
192,00:42:03,,"SPK_5: They may consider moving to another country, like, to America or to Australia, like, in order to get married legally or having a baby or either having a baby or not."
193,00:42:27,,"SPK_5: Like, is worried."
194,00:42:37,,SPK_2: Yeah.
195,00:42:40,,"SPK_2: They haven't reached the station of marriage, the stage of marriage."
196,00:42:49,,SPK_2: I don't know.
197,00:42:55,,"SPK_2: Like, even in front of heterosexual friend, they behave like a couple."
198,00:43:07,,SPK_2: I don't know.
199,00:43:10,,"SPK_2: I mean, they are more caring and more compassionate of a lot of social issues, also sexual issues that I have never noticed about."
200,00:43:28,,SPK_5: Yeah.
201,00:43:40,,"SPK_5: They are very careful about social issues, and they are very creative."
202,00:43:53,,"SPK_5: Yeah, I think it's always very."
203,00:43:57,,SPK_2: And they are always cool people.
204,00:44:07,,SPK_5: Yeah.
205,00:44:22,,SPK_2: Yeah.
206,00:44:26,,SPK_2: I thought it was already about 40 minutes.
207,00:44:32,,SPK_1: Okay.
208,00:44:33,,SPK_1: Okay.
209,00:44:36,,SPK_1: Yes.
210,00:44:39,,SPK_1: It's very flexible.
211,00:44:43,,SPK_1: Yeah.
212,00:44:44,,SPK_1: Okay.
213,00:44:46,,SPK_2: Have you got enough data?
214,00:44:50,,SPK_1: Thank you very much.
215,00:44:53,,SPK_1: That was also very interesting to hear the conversation as well.
216,00:44:57,,SPK_1: Thank you.
217,00:44:59,,SPK_2: Thank you.
218,00:45:01,,SPK_5: Bye bye.
