,Start,End,Text
0,00:00:01.180,00:00:09.170,Bryan Chen: Welcome everyone. So today we're going to talk about the topic romantic relationship in modern society. So
1,00:00:09.340,00:00:21.309,"Bryan Chen: I guess, like, during this discussion, we want to explore how contemporary love and different definition or relationship are evolving in response to different, you know, societal change."
2,00:00:21.380,00:00:36.940,"Bryan Chen: and also like from the increasing possibility of the exception of Gptq. And also many different new concept comes into our life. I think people, the way how people interact and building their relationship can can have become very, very"
3,00:00:37.020,00:00:40.499,Bryan Chen: much more diverse than our previous generations.
4,00:00:40.540,00:00:49.729,Bryan Chen: So I think it's a very interesting topic. And also it's a also a very important topic that's relating to you know the life of everyone
5,00:00:50.080,00:00:52.770,Bryan Chen: of of ourselves.
6,00:00:52.870,00:01:05.180,"Bryan Chen: So, starting from the 1st questions, how do dating practice and expectation differ between generation and what are the main factors driving these differences?"
7,00:01:05.190,00:01:13.820,"Bryan Chen: So so I guess I like what? So you say in a simple way, I was thinking about this question is that more probably more about like, why people"
8,00:01:13.990,00:01:18.620,"Bryan Chen: want to have a relationship nowadays, and why people do dating."
9,00:01:18.630,00:01:27.560,"Bryan Chen: Is it different to the older generation like your parents, I guess, like in the older generations, people are probably"
10,00:01:27.610,00:01:32.790,Bryan Chen: want to have relationship mainly because of they want to get married.
11,00:01:32.930,00:01:41.780,"Bryan Chen: But but nowadays I think it's kind of different. And people probably have different view, like, why they want to date or why they don't want to date."
12,00:01:43.180,00:01:47.889,Bryan Chen: Yeah. So who want to go first.st
13,00:01:50.380,00:01:55.281,"Bryan Chen: John, do you wanna Johnson? Do you wanna go first? st Do you have anything you would like to share."
14,00:01:56.090,00:01:57.600,"Johnson: Oh, okay. Oh."
15,00:01:57.780,00:02:05.560,"Johnson: so I mean, since you've mentioned about Lgbtq, I think, like above, from relationships, I would say"
16,00:02:06.237,00:02:08.919,Johnson: because we need to respect others
17,00:02:08.930,00:02:13.000,"Johnson: well, their Gen. Gender identities. So"
18,00:02:13.020,00:02:23.200,"Johnson: I mean, even though this is a very sensitive topic, I mean trying to ask someone about their gen gender identity is something that probably gonna have to"
19,00:02:24.132,00:02:30.400,"Johnson: like, spend some few conversations before knowing this this person."
20,00:02:31.360,00:02:41.000,"Johnson: So I mean, even though there are some stereotypes, I mean, not stereotypes, but just some appearance, that"
21,00:02:41.020,00:02:46.490,Johnson: it is some signals about their gender identity.
22,00:02:46.700,00:02:52.150,"Johnson: So above. From these I would say, like to respect others, even though"
23,00:02:52.697,00:02:58.780,"Johnson: their values are very different from yours. But I mean, after all, she have to be respectful."
24,00:02:59.090,00:03:16.080,"Bryan Chen: Yeah, so we were going to talk about that topic, probably later in today's conversations. But back to the question like, like from your point of view, like, why you want to date someone, or what? What do you see? The purpose of having relationship in the nowadays? Society."
25,00:03:17.706,00:03:20.053,Johnson: Well for my perspective.
26,00:03:20.880,00:03:26.169,"Johnson: well, to be honest, I'm much more conservative in sense, and the values are much more"
27,00:03:27.970,00:03:36.900,"Johnson: valued are like traditional values. So well, I would say, I'm much more looking, or to have"
28,00:03:37.080,00:03:42.749,Johnson: valued long term relationships instead in terms of like open relationships.
29,00:03:43.050,00:03:44.690,"Johnson: Because I mean, like."
30,00:03:44.890,00:03:51.200,"Johnson: currently, I mean, in this generation, I mean, there's like a great ratio of open relationships where like"
31,00:03:51.330,00:03:55.310,Johnson: not like probably like guys or or like
32,00:03:55.983,00:04:03.090,"Johnson: women's. I mean, they have different perspectives or their selections relationships. Right?"
33,00:04:03.470,00:04:09.460,"Johnson: So. But for me myself, I'm much more valued, like traditional relationships where you have long term ones."
34,00:04:09.550,00:04:10.969,Johnson: And because
35,00:04:11.000,00:04:22.709,"Johnson: in a long term relationships, or I mean, I would say we could share like different values. And we have much more deeper thoughts, discussions about and every anything, every topics."
36,00:04:23.130,00:04:29.330,"Johnson: So yeah, I mean, that is what I value. But I mean, everyone's gonna value. The same things."
37,00:04:29.330,00:04:40.419,"Bryan Chen: Sure. Yeah, what do you? So in terms of the long term relationship, like one of the scene that you feel is the most important for you. Is it the companion, or is it like"
38,00:04:40.880,00:04:50.530,"Bryan Chen: economy, benefit? Or is it like other thing like sexual drive, or some other? What what do you think is like the most important thing, for in a long term relationship."
39,00:04:50.530,00:04:55.859,"Johnson: And like, like, yeah, I mean, it's kind of like the same I mean, like before or like"
40,00:04:56.040,00:05:01.609,Johnson: before. Then the relationships I mean the to try to respect each other's
41,00:05:02.137,00:05:13.230,"Johnson: like the values, and well, other than like, I mean, because that's just how I mean, humans should respect. Be respectful with others. Right? Because, you know, I mean, that is"
42,00:05:13.720,00:05:16.789,Johnson: like a moral kind of standard for myself. And
43,00:05:17.461,00:05:20.350,"Johnson: well, other than that, it's probably like trust or"
44,00:05:20.715,00:05:28.880,"Johnson: very valid things in a relationship, right? Because you need to trust others. And you hopefully, you can trust on others. Yeah."
45,00:05:28.900,00:05:30.510,"Johnson: maybe I'd say, trust, yeah."
46,00:05:31.200,00:05:44.859,"Bryan Chen: I agree with you. I think life is a long journey, and having someone to walk with you for a long time is a great pressure. Anyone else who want to share their thought or opinion about why they"
47,00:05:45.010,00:05:51.356,"Bryan Chen: what's the purpose of relationship for them? If I if no one else. Here, I'm going to call someone"
48,00:05:51.780,00:06:00.020,Bryan Chen: more about Urania. Do you have anything you want to share about? What what do you think is the purpose of dating or having relationship in.
49,00:06:04.002,00:06:10.259,Urania: Yeah. Cause I think there are lots of aspects that
50,00:06:11.140,00:06:21.170,"Urania: between this generation and our parents and for example, like when they"
51,00:06:21.800,00:06:38.313,"Urania: when they are asked to date. Maybe they are arranged by their parents just to, you know. Maybe mostly they are for the purpose of get married, but for the new generation."
52,00:06:40.028,00:06:45.069,"Urania: When the couple going to a date, maybe they are not"
53,00:06:45.517,00:06:53.659,Urania: have a strong purpose to whether they're going to get married or not or not. Maybe just want to.
54,00:06:54.837,00:06:56.539,Urania: Have an experience.
55,00:06:56.810,00:06:59.479,Bryan Chen: And like to go to.
56,00:06:59.750,00:07:14.919,"Urania: Go for travel something like that, or have a just just want to have a dinner together to learn more about a new friend, and then to decide whether he or she is a"
57,00:07:15.538,00:07:27.240,"Urania: you know of her partner, for the next step is is know the yeah."
58,00:07:27.910,00:07:29.690,"Bryan Chen: Oh, okay, I see."
59,00:07:31.960,00:07:35.660,"Bryan Chen: How about you, Evan? Do you have any thought you would like to share."
60,00:07:36.750,00:07:46.569,"Evan: Yeah, yeah. And they are good answers. And I think the normal relationship between the"
61,00:07:46.570,00:08:12.570,"Evan: 2 peoples, whether the male and male, female and female and male and female. There are some points they need to pay attention to, and the 1st is they need to respect each other, and the Johnson exercise to respect each other and include thoughts, feelings, and needs, and they need to avoid getting too involved their lives and privacy"
62,00:08:12.965,00:08:29.519,"Evan: they need to respect each other's family and friends, and other people's relative term, and giving them the care and attention they deserve. This is the 1st things, and the second point is, they need to. They need to make more communication."
63,00:08:29.550,00:08:32.980,Evan: and don't be afraid to express their
64,00:08:33.070,00:08:46.930,"Evan: own feelings and needs and learn to listen to each other's and I think in communication, the 2 peoples should learn to put themselves in others"
65,00:08:47.388,00:08:59.400,"Evan: shows and understand each other's position and feelings. And this is important for the 2 people's relationship, and the 3rd is, they need to remain. The independent"
66,00:09:00.355,00:09:23.600,"Evan: both men or women should be independent, have their own lives and interest, and don't rely on each other too much, and give each other enough trust and space to develop great, because I thought in our reality lives. I thought many couples because they don't"
67,00:09:24.153,00:09:34.559,"Evan: trust each others, and they doubt they doubt them, you know. Maybe they have other peoples and the trust are breaking."
68,00:09:34.850,00:09:43.349,"Evan: and yes, and the 4th is need to support each other. So, whether in the living or in working or in studying."
69,00:09:43.420,00:09:44.370,Evan: because
70,00:09:46.210,00:09:57.469,"Evan: after the 2 peoples can become the couple they are the 2, the close relationships in current situations, and they need to give more"
71,00:09:58.060,00:10:07.890,"Evan: support and care each other, and to help each others to solve the problems or overcome some difficulties."
72,00:10:08.450,00:10:31.139,"Evan: And so, yes, and the 5, th I think, the 2 people. The 2 peoples need to keep the romantic as you said, the romantic, maybe, is the gold the good things to keep the romantic relationship between the 2 people. Yes, and I. Yes, I think this is the normal normal values and beliefs for the"
73,00:10:31.535,00:10:55.284,"Evan: the the normal relationship in romantic and others, I think the and the Johnson side. Johnson just said the Lg Lgbtq. I think this is a normal phenomena, because, the current, the current situations to the freedom, love, and whether the male and the female male and the male and the female and female. But the Lgbtq is."
74,00:10:56.000,00:11:04.070,Evan: it's a politics. It's a politics nouns. And we need to divide into the perceptions.
75,00:11:04.410,00:11:16.550,"Evan: Yeah, and don't regard the Idpq as a weapon between the different parties in some elections. Yes, it's only the normal phenomena. Seeing our"
76,00:11:16.730,00:11:23.369,"Evan: situation, you know our current current situations, romantic relationships. Yes, that's my yeah, that's my."
77,00:11:23.920,00:11:26.669,Bryan Chen: That's a very complete overview.
78,00:11:27.220,00:11:27.620,"Evan: Yeah, yeah."
79,00:11:27.620,00:11:41.209,"Bryan Chen: Good point. But I think one thing that's interesting, and then people always talking about is about being independent. So for that point, somehow I found it a little bit contradictory, because"
80,00:11:41.380,00:12:01.149,"Bryan Chen: if someone is very independent, fully independent, then what is the purpose, and or what is the need of finding another partners right? So if your life is complete, if your life is fully independent, rely on yourself, then what what is the thing you want to get from another person's."
81,00:12:01.220,00:12:05.720,Bryan Chen: So I'm not sure if anyone else can answer these questions. And.
82,00:12:05.910,00:12:15.070,"Bryan Chen: Felicia, do you have any thought? If someone who's independent and what is, what is the scene he or maybe you want to get from the relationship."
83,00:12:15.420,00:12:17.900,"Evan: Yeah, this is a tip. Oh, sorry."
84,00:12:17.900,00:12:19.479,"Bryan Chen: Oh, sorry. Yeah. Yeah."
85,00:12:20.740,00:12:24.069,"Jane: Yep, no, you can. You can speak first.st"
86,00:12:24.070,00:12:26.360,"Bryan Chen: Yeah, you. At first, st I can go, yeah."
87,00:12:28.723,00:12:43.686,"Jane: Okay. So I think for me. If I can be independent, I prefer to have like more emotional support from my"
88,00:12:44.760,00:12:53.579,Jane: boyfriend because I think nowadays people are facing more and more mental pressure in their work.
89,00:12:54.367,00:12:58.509,Jane: So I think it's quite important to
90,00:12:58.620,00:13:05.950,Jane: like for me. It's quite important to get emotional support from. My boyfriend. Yeah.
91,00:13:06.140,00:13:20.681,"Bryan Chen: Yeah, I think I totally agree. Yeah. So I guess, like, so so based on your my understanding from your insights that we might be independent in some aspect, but we want to find someone who can help us to kind of like"
92,00:13:21.290,00:13:32.549,"Bryan Chen: fulfill some other aspect, that we are not as independent, because some people, they are probably the opposite side. They are emotionally independent, but they are financially not independent. But yeah. So"
93,00:13:32.790,00:13:41.370,"Bryan Chen: so I guess, like, it's also probably finding the right niche or the right match, like people can support each other in one way or or another."
94,00:13:41.620,00:13:42.480,Bryan Chen: Yeah.
95,00:13:42.970,00:13:52.789,"Bryan Chen: Oh, I think people have a lot of good answers. Anyone else want to share some thought on these questions. Felicia, do you have anything you want to say?"
96,00:13:53.480,00:13:56.719,"Felicia: Yeah, I would say about the one of the biggest"
97,00:13:56.820,00:14:01.840,Felicia: fix. The difference between of the romantic relationship
98,00:14:01.900,00:14:18.720,"Felicia: between the past and present in that is in the past, and when people are dating they are really shy to like the handy hand, the word case in public, and they think"
99,00:14:18.930,00:14:26.440,Felicia: it's not good for their public and
100,00:14:26.700,00:14:36.469,"Felicia: appearance, and but now and people are, and are more willing to show their love to their friends or family members."
101,00:14:36.560,00:14:41.500,Felicia: and I think it's and it's a good thing to say.
102,00:14:41.510,00:14:42.520,Bryan Chen: Hmm.
103,00:14:43.140,00:14:45.700,Felicia: And and I also have a
104,00:14:46.150,00:14:52.220,Felicia: and I have different idea of the emotional support.
105,00:14:52.220,00:14:52.930,Bryan Chen: Hmm.
106,00:14:52.930,00:14:58.120,"Felicia: Like the last question, because from my perspective."
107,00:14:58.130,00:15:09.650,"Felicia: and if you are independent and economic, and you wanna get the emotional support from your partner, and but if you"
108,00:15:09.820,00:15:16.899,"Felicia: it, it means maybe, and you are not in the same status."
109,00:15:17.770,00:15:18.730,Bryan Chen: And.
110,00:15:18.900,00:15:24.140,Felicia: Yeah. Cause. Because maybe.
111,00:15:24.580,00:15:33.499,"Felicia: hey, he or she and just can give you emotional support. But there is a big gap between the"
112,00:15:33.570,00:15:36.319,Felicia: and the economic.
113,00:15:36.800,00:15:43.429,Felicia: So you may have some hmm different ideals about this.
114,00:15:44.780,00:15:46.510,"Bryan Chen: Hmm, hmm."
115,00:15:46.710,00:16:01.539,"Bryan Chen: Then then what's your view on the that independent question. So if, say, someone who is financially independent and also emotionally independent, when what then? What else does the person want from a relationship? From your point of view?"
116,00:16:05.270,00:16:06.969,Felicia: And I think because
117,00:16:07.300,00:16:19.320,Felicia: because you are financially independent and you want to get emotional support from the your partner. But if if he or she cannot give you the emotional support anymore.
118,00:16:20.210,00:16:22.649,"Felicia: And you may think, Oh."
119,00:16:23.150,00:16:30.509,"Felicia: we cannot. And I, I may give up this relationship because I cannot get what I want."
120,00:16:30.710,00:16:37.060,"Bryan Chen: Okay. True. Yeah. I guess. Why, it's complicated. Yeah, it's complicated."
121,00:16:37.490,00:16:40.890,"Bryan Chen: Cece, do you have anything you would like to share."
122,00:16:41.360,00:16:52.329,"CiCi: Oh, I think the emotional support that is the most important thing in a serious relationship, because you need to trust each other"
123,00:16:52.540,00:17:12.860,"CiCi: in in the in nowadays, because, these days are really hard. We have a lot of challenge tasks to address, and during this way we also feel upside outside. When you some someone to express our feeling, I think the partner is the best one to share our feelings"
124,00:17:13.139,00:17:13.799,CiCi: and for the
125,00:17:13.800,00:17:23.993,"CiCi: financial supports, I think sometimes a lot of people think they could get some financial support from their partner."
126,00:17:25.070,00:17:36.969,"CiCi: to be honest, some people get the financial support. But for some girls they did. They don't get the financial support, because the boys are always."
127,00:17:37.040,00:17:42.139,CiCi: always find that they also have financial concerns. So
128,00:17:42.340,00:17:50.400,CiCi: I think financial support. That is not isn't the important thing in the relationship.
129,00:17:50.960,00:18:04.360,"Bryan Chen: Yeah, yeah, I guess, like, now, the kind of the the society changed because I I guess, like in the earlier age. Because female usually don't have that many work, opportunity or professional."
130,00:18:04.470,00:18:31.899,"Bryan Chen: so traditionally in the female account, economically rely on the male. But now it's like everyone is working doesn't matter if you are female or male. People are all kind of self-reliant on their own money. So so I guess I heard a lot of people sharing that financial or economy aspect is not the top one. And, as you, many of you mentioned, maybe emotional support has become a higher priority."
131,00:18:32.300,00:18:36.209,Bryan Chen: in relative to financial conditions. Yeah.
132,00:18:36.310,00:18:47.170,"Bryan Chen: So I guess we can move on to the next questions. I think the next question is, safety is also very interesting. It's like so we now we have discussed some different between the different generations."
133,00:18:47.535,00:18:52.094,Bryan Chen: But you still have the relationship with your parents. Right? So how do you.
134,00:18:52.470,00:19:17.722,"Bryan Chen: I'm not sure how. What's your parents view and or interaction regarding your relationship? I know some parent. They are very open. They just let you do whatever you want to do, what you think is the best for you. But some parent they'll give you advice, give you guidance, or say, Oh, you need to find someone who can wash the dishes something like that. So I just seem to know how you guys like"
135,00:19:18.070,00:19:31.885,"Bryan Chen: kind of get along with you, with your parents? Do you listen to land? Do you take your layer of advice, or do you just like, do your own way? Any wonder any interesting story from you guys?"
136,00:19:33.607,00:19:42.579,"Bryan Chen: let me see. Jen, do you have any interesting story like, what's your parents? Your interaction with your parents regarding to romance?"
137,00:19:43.946,00:19:49.080,"Jane: Yeah, I think for me, it's both because I think"
138,00:19:49.320,00:19:58.734,"Jane: it's better to hear to listen to my parents advice, because sometimes they are right"
139,00:20:01.379,00:20:11.940,"Jane: but I will also have my own opinion about a romantic relationship, because I think my parents"
140,00:20:12.010,00:20:18.199,Jane: they just want me to find find a person who
141,00:20:18.824,00:20:24.645,Jane: who is really supportive financially. But I think for me.
142,00:20:25.440,00:20:29.749,"Jane: I can. I can, because I can work. So I think it's"
143,00:20:29.930,00:20:36.490,Jane: more important to find someone who has who can help.
144,00:20:37.610,00:20:46.710,"Jane: Like has the same hall base, or can have the weekend"
145,00:20:46.770,00:20:56.660,"Jane: chat like like that. And I I don't want a person who just like gives me financial support, and"
146,00:20:56.720,00:21:03.969,"Jane: we cannot like talk with each other, because we have different opinions."
147,00:21:04.190,00:21:10.669,"Bryan Chen: But do you never give you pressure regarding to your relationship, or do they try to import."
148,00:21:11.250,00:21:19.160,"Jane: Yeah, I think because for my for me, I'm about 20,"
149,00:21:19.180,00:21:29.950,"Jane: 4 years old now, and my parents want me to get married before like 30. So if I don't get married like"
150,00:21:30.440,00:21:38.219,"Jane: when when 30 years old, they might be very nervous, and you know, like"
151,00:21:38.250,00:21:42.989,"Jane: many people think. Oh, if oh, if a woman"
152,00:21:43.330,00:21:51.579,Jane: don't get married doesn't get married when he when she is 3 years old! Oh.
153,00:21:51.600,00:21:54.890,"Jane: she must be very terrible, or something like that."
154,00:21:54.910,00:21:56.570,Jane: But if you are a man.
155,00:21:56.720,00:22:00.449,Jane: you will not have this kind of issues. Yeah.
156,00:22:00.900,00:22:06.010,"Bryan Chen: Yeah, I heard some like similar feeling and story from my friend as well."
157,00:22:07.410,00:22:11.940,"Bryan Chen: Felicia, do you have any similar experience? Or do you take a different view."
158,00:22:12.290,00:22:14.899,"Felicia: Yeah, I totally agree with."
159,00:22:14.900,00:22:15.460,Bryan Chen: No problem.
160,00:22:15.460,00:22:34.249,"Felicia: Yeah, cause last week I talked about this topic with my with my mother, and I said, Don't urge me to get married? And and they didn't worry about it now, and I'm I'm a i'm about 23 years old."
161,00:22:34.260,00:22:37.770,Felicia: and they said they
162,00:22:37.790,00:22:47.840,"Felicia: they're not afraid of of my marriage, and but when I get to maybe 27, or 8,"
163,00:22:48.140,00:22:49.600,Felicia: and they would
164,00:22:49.620,00:22:56.709,"Felicia: urge me to get married, I said, No, never, no way, and so I. I let them know"
165,00:22:56.720,00:23:01.584,Felicia: in advance that don't push me. Okay.
166,00:23:02.380,00:23:13.029,"Felicia: So and I said, This is one. This is the only requirement for for the for my parents, and I just have this one request."
167,00:23:13.790,00:23:22.390,Bryan Chen: So you draw the clear line. Say I have my like own thought and own feeling and own decision. Don't cross the line.
168,00:23:22.760,00:23:34.819,"Felicia: Yeah, cause. Because I say, if if you continuous, urge me to get married and I I feel really stressful, I may find I may"
169,00:23:35.631,00:23:54.609,"Felicia: find a find a person readily and get married. You know it's good or bad for me. It's it's totally bad for me. It's it may influence my whole life, you know, and they so I stressed so many times for them."
170,00:23:54.850,00:24:06.300,"Bryan Chen: Okay, this here one male perspective. John Johnson, do you have any? Have you talked about with your parent? About your relationship romance. What's your view? How do you interact with them?"
171,00:24:06.880,00:24:10.600,"Johnson: Well, there's there's a very interesting thing. There's a"
172,00:24:10.700,00:24:17.830,"Johnson: oh, sorry. That's my siri. Okay, so there's a funny thing saying like this. It's like,"
173,00:24:18.350,00:24:26.510,"Johnson: if a child doesn't obey the the parents command, then presumably"
174,00:24:26.680,00:24:38.790,"Johnson: the child's going to be success, and vice versa, meaning that if every command is followed by the parents, then the child may not be success. So I mean, that's just a joke. Right? So"
175,00:24:39.436,00:24:41.620,Johnson: I think the the main
176,00:24:41.690,00:24:45.480,"Johnson: saying of this is like, I mean."
177,00:24:45.650,00:24:49.650,"Johnson: all the the child should have their own opinions on things, and have"
178,00:24:49.650,00:24:54.329,Johnson: their own decisions on things. They have their own thoughts about things their own
179,00:24:55.370,00:25:01.140,"Johnson: taking a responsibly about, I mean different different selections on things so"
180,00:25:01.970,00:25:08.230,Johnson: well. In my own case. I do understand their they're
181,00:25:09.003,00:25:12.740,"Johnson: considerations, or they're whether they're worrying about."
182,00:25:13.240,00:25:18.110,Johnson: But I think is to have like respect
183,00:25:18.320,00:25:31.080,"Johnson: on theirs, opinions, and their values, because that's what I mean in their generations. Right? They grow up in that kind of values and their expectations, and I mean, their values are."
184,00:25:31.090,00:25:38.020,"Johnson: I mean, from there parents. So I think, for my side of"
185,00:25:38.140,00:25:42.670,Johnson: thinking about this issue is like to come up with something that
186,00:25:43.000,00:25:54.510,"Johnson: is like in the middle between both of parties right? Because you have your own thoughts about things, but you find you or you select something else that they understand it."
187,00:25:54.540,00:26:00.820,"Johnson: And well, it's not but it's also your own decisions on things."
188,00:26:01.650,00:26:02.500,Johnson: Yeah.
189,00:26:02.640,00:26:10.419,"Bryan Chen: So I guess, like what I'm trying to say is the emphasize of respect like you mentioned earlier. I feel it's like sometimes, maybe the parents is not."
190,00:26:11.150,00:26:19.420,"Bryan Chen: It's not trying to change your decision, but they want to feel that their concern, their voice has been heard."
191,00:26:19.570,00:26:47.620,"Bryan Chen: and then, if we acknowledge them, or if we pretend that we just like, don't listen to them, they will try to. Sometimes they react even harder, trying to get your attention like, oh, I'm your parent, you should listen to me. So this kind of a competition of attentions. That's that's why. Sometimes I I feel, even though my parents are actually quite open-minded. They will say something about my relationship, but in the end they will. They will"
192,00:26:47.620,00:26:58.940,"Bryan Chen: just say something like, Oh, you, you know better than us. You know what you want. You just make your decision, but we will. Still, we will. Still, Susanian. We will still say something. Yeah. But"
193,00:26:59.280,00:27:06.025,Bryan Chen: anyone want to anyone else want to share on these questions? Otherwise we'll move on to next questions.
194,00:27:07.345,00:27:08.310,Urania: Yeah.
195,00:27:08.310,00:27:09.040,Bryan Chen: Go for it.
196,00:27:09.616,00:27:31.520,"Urania: Cause actually, I didn't have any advices about romance from my parents, because I think, unfortunately, in our country there is a lack of romance education from many traditional families like my parents"
197,00:27:32.206,00:27:50.740,"Urania: haven't taught anything about romance, especially when I was in middle school or undergraduate period. But they just want for me to have some like"
198,00:27:52.010,00:28:19.409,"Urania: And that is the romance relationship after graduation. So I often think, oh, what happened or what's the problem? And you didn't support me to date during the earlier period. But just want me have have a stable relationship just after the graduation, because sometimes they will say that you should have a"
199,00:28:19.850,00:28:24.640,"Urania: you know, to some degree a stable relationship to create a"
200,00:28:24.730,00:28:35.520,"Urania: new family in certain times like the age of 20, maybe after 25 or before"
201,00:28:35.560,00:28:45.119,Urania: 30. Yeah. But I think there's still a lack of some education from them. Because
202,00:28:45.597,00:28:51.550,"Urania: you know, for example, for my family. I know, I know that."
203,00:28:51.760,00:28:55.850,"Urania: Actually, there are many interesting things between"
204,00:28:55.890,00:29:00.174,Urania: my mom and my dad. Cause you know.
205,00:29:01.505,00:29:08.604,Urania: I was told from my grandmother. She taught me that actually
206,00:29:09.930,00:29:34.299,"Urania: several years ago my father. My father taught my mother, that today is my birthday. So just just for this reason, can you date with me like something like that? I think it's very interesting, but you know I never heard these things."
207,00:29:34.460,00:29:38.460,"Urania: Oh, from the 2 people or themselves."
208,00:29:38.710,00:29:46.520,"Urania: They they never talk talked about these things to me, so I didn't get aspects from"
209,00:29:47.187,00:29:53.140,Urania: didn't get the suggestion from these aspects. I think it's a payday in.
210,00:29:53.610,00:30:00.250,"Urania: you know this, this this kind of educational mode or family?"
211,00:30:00.480,00:30:01.014,Urania: Madon.
212,00:30:02.725,00:30:05.270,"Urania: So, yeah."
213,00:30:05.950,00:30:06.680,Urania: And.
214,00:30:07.540,00:30:25.060,"Bryan Chen: Yeah, I agree with you a lot, because I I feel sometimes I also have a similar experience. I wish my parents they could told me more about how to handle relationship, how to ask girls out how to, you know, prepare a good dating experience something like that."
215,00:30:25.070,00:30:42.189,"Bryan Chen: But but Linsa also didn't have a lot of dating experience as well. So I feel maybe if the parents are not too pushing toward the goals, but actually more focused on emphasizing on giving their"
216,00:30:42.640,00:30:52.259,"Bryan Chen: advice or help giving, you know, like trying to give us some skills or some techniques. I feel the children will be more welcome welcoming to"
217,00:30:52.390,00:30:55.289,Bryan Chen: for parents to get involved into their life
218,00:30:55.490,00:31:03.089,Bryan Chen: if it's not to go orientated. And so I think uranium has been a very interesting and also very important points.
219,00:31:05.547,00:31:08.330,"Bryan Chen: Yeah, thank you a lot for that."
220,00:31:08.350,00:31:09.770,Bryan Chen: It's for that inside.
221,00:31:10.172,00:31:24.309,"Bryan Chen: So now we're going to move on to the next question. So also about like modern romance. So I think now, we have some. Some people have been start using dating app or some other online platform to."
222,00:31:24.460,00:31:33.560,"Bryan Chen: So this, this kind of new way of meeting people, have transformed the way people meet and form relationship."
223,00:31:33.660,00:31:40.050,Bryan Chen: So and but what are the positive and the negative side of using those online platform or dating app.
224,00:31:40.080,00:31:44.060,"Bryan Chen: So not sure if anyone have experience and we're into sure here,"
225,00:31:46.620,00:31:51.459,"Bryan Chen: Cissy, do you have any thought on that. What's your view on that in our online platform?"
226,00:31:52.220,00:31:56.139,"CiCi: Okay, I I use dating. I've"
227,00:31:56.410,00:32:22.010,"CiCi: several several times. I think that is a good way to know some new people, especially for local people, because, you know. But I think there are a lot of Chinese. You always chat and start with with Chinese that is really hard to set a relationship with the local people. So this is the main reason for me to use dating app."
228,00:32:22.060,00:32:27.500,CiCi: But I think some people use dating app just for
229,00:32:27.800,00:32:33.629,CiCi: have one nice stand that is really common in dating app.
230,00:32:34.500,00:32:59.100,"CiCi: They they don't focus on the emotional support. They don't focus on the deep conversation. They just share some. I think when you meet a lot of people that is a little boring, because you just talk about the same topics, just like, Are you dog, person or cat person. How long have you stay in map?"
231,00:32:59.100,00:33:23.162,"CiCi: And what is your favorite movies? I think you just like to practice your else topics when you're dating with some people that is so boring. But I should I should. I should say that is a dating app. That is a good way to know some people, but I don't think that is"
232,00:33:23.650,00:33:28.899,CiCi: a wonderful way to to be in a relationship.
233,00:33:29.530,00:33:33.639,"Bryan Chen: Okay, okay. So you're saying, it's good to know people like. But"
234,00:33:33.750,00:33:39.729,Bryan Chen: you've seen the pool or the population. There is not too serious about getting into a relationship.
235,00:33:41.330,00:33:46.010,Bryan Chen: That's why get from. That's why I understand from your instance.
236,00:33:46.180,00:33:47.110,"Bryan Chen: Okay,"
237,00:33:49.220,00:34:10.089,"Bryan Chen: yeah. I think I kind of agree as well. I I don't use them, that the dating app, often, maybe throughout the year, maybe have meet people one or 2 times but didn't go very far, so probably need some people sharing? Regarding to these questions, Evan, do you have any thought or experience on dating app?"
238,00:34:11.300,00:34:19.669,"Evan: Yes, the dating app. To be honest, I seldom use the dating app to meet or know the new people."
239,00:34:20.172,00:34:39.640,"Evan: Because I think that dating app they we meet in the dating app, and it adds some a fantasy, the feeling of fancy and I think in reality to meet some people. It it gave me give me some"
240,00:34:40.440,00:34:43.520,Evan: confidence and some trust.
241,00:34:43.670,00:34:53.949,"Evan: And yeah, but but now but the current situations that the dating app is like the globalization. And"
242,00:34:54.050,00:35:16.320,"Evan: it has some advantages for the dating. The 1st date. It widens, encounter possibilities and the social media, like the red books, or the Weibo or Wechat, has expanded, have expanded the search for love by breaking down the boundaries of geographical space"
243,00:35:16.420,00:35:20.840,Evan: and making it easy to connect with people all over the world.
244,00:35:21.605,00:35:39.850,"Evan: Whether the in in international or in the domestic. And however, this infinity possibility also brings the confusion of choice. Because in the face of a large number of potential partners, people begin to sift through the"
245,00:35:39.990,00:35:46.490,"Evan: the the team which affect the cherish of the relationship to a certain extent. Yeah, yeah. And."
246,00:35:46.490,00:35:47.410,Bryan Chen: Please give me.
247,00:35:47.530,00:35:48.560,Bryan Chen: It's good.
248,00:35:48.810,00:35:49.269,"Bryan Chen: Yeah, I understand."
249,00:35:49.600,00:35:50.330,Bryan Chen: Yeah.
250,00:35:50.620,00:36:00.849,"Evan: Yeah, yeah, yeah. And others reasons. I. I don't like it because this the dating app speeds up the speedization of emotion."
251,00:36:01.130,00:36:13.811,"Evan: You know, the immediacy of the immediacy of social media has made emotional communication fast and frequent, but it has also let accelerate the"
252,00:36:14.460,00:36:41.859,"Evan: speedization of emotions. A relationship can quickly unreveil over a misunderstanding or argument, and people are more inclined to move on to their next partner rather than patient work or solve the problem. So behind the phenomena is the pursuit of instant gratification and the neglect of deep emotional connection. So I think the 2 reasons let me"
253,00:36:42.010,00:36:55.809,"Evan: to sell them to use the dating app. And but this is a tendency of the current romantic relationship between the young people. So yeah, this is myself."
254,00:36:55.810,00:37:09.350,"Bryan Chen: Yeah, I guess I it's also because of the the living style of the modern society forcing people to use dating app, because I feel like in my normal life. Cycle is very difficult to meet"
255,00:37:09.640,00:37:11.290,Bryan Chen: new female.
256,00:37:11.410,00:37:21.389,"Bryan Chen: because, like, if you well, if you just like randomly ask someone on the street. It's kind of awkward, and I guess I have one benefit on. The dating app is like the people you meet there."
257,00:37:21.876,00:37:32.319,"Bryan Chen: As soon as you are met, you have the you both have the, you know, the mutual expectation that you are looking for partner, so people can be more straightforward about it"
258,00:37:32.590,00:37:59.369,"Bryan Chen: in comparison to your normal life cycle. They say you have a new colleague, and you found it like interesting. And then but you are not sure if he or she have that motivation. You have to spend weeks, or even Mom trying to figure it out if she or he's single issues, or she's interested in a relationship. So so as as Evan say anything, I kind of like accelerate speed up thing."
259,00:38:00.120,00:38:06.240,Bryan Chen: But that spinning us pattern also kind of culture. People's habit to
260,00:38:06.410,00:38:12.819,"Bryan Chen: to just hike, like to have like something just fast and quick and fast and fun. Yeah."
261,00:38:13.457,00:38:17.390,"Bryan Chen: anyone else have experience with dating app, and would like to share."
262,00:38:18.730,00:38:20.880,"Urania: Yeah, I have a little different."
263,00:38:20.880,00:38:21.710,Bryan Chen: But Urania.
264,00:38:21.710,00:38:29.750,"Urania: Yeah, it remind. It reminds me that there is a romance pattern. That is the long distance relationship."
265,00:38:30.752,00:38:46.937,"Urania: Yeah. Cause the use of social media. Many people they knew online and still keep in touch with each other online. So it caused the long distance relationship. But for me, I think that"
266,00:38:47.660,00:39:10.299,"Urania: If you want a stable relationship, you still need to. You know, get touch face to face other than keep in. Keep in the situation of the long distance relationship. Maybe it can exercise the 2 people there"
267,00:39:11.290,00:39:13.629,Urania: views or some
268,00:39:16.379,00:39:32.040,"Urania: solving the the patterns of solving problems in life and meeting challenges what they will do. In, I think, for this aspect. That they are not."
269,00:39:32.100,00:39:58.639,"Urania: They cannot get familiar. If we only just keep in touch with each other online, just use the social media. So it means that maybe social media is the 1st step for the couple for many couples, but they will still need some company in real life."
270,00:39:59.110,00:40:00.720,Urania: I think it's like that.
271,00:40:01.250,00:40:23.470,"Bryan Chen: I think that's a good point. And also talking about like online platform, I think it's not just about dating app. But it's also like a online communication tool, because I feel long-term distance has become more and more common in these generations, especially people are going overseas to have education to work"
272,00:40:23.800,00:40:30.190,"Bryan Chen: so. And people still use, like some way of like online communication to keep in touch with their loved ones."
273,00:40:30.240,00:40:38.130,Bryan Chen: And it's it's definitely difficult. But but using this platform and this technology make it also make it possible. I guess.
274,00:40:38.600,00:40:43.919,"Bryan Chen: Yeah, cool. I think, yeah, anything else you would like to say."
275,00:40:45.500,00:40:52.059,"Bryan Chen: okay, yeah, I think that's very interesting discussion. So far, I think people has been contributing really well."
276,00:40:52.802,00:41:06.499,"Bryan Chen: and I think now we can move on to the next questions. So the next question, we want to probably specifically talk about exponential of the genders role."
277,00:41:06.550,00:41:22.510,"Bryan Chen: So in contrast to like traditional gender, as we know we had in in kind of like Chinese culture. You have the kind of expectation like, you know, female work inside the house and male go outside the house to work, and this kind of expectation"
278,00:41:22.570,00:41:25.520,Bryan Chen: have changed and evolve over time.
279,00:41:26.034,00:41:33.000,Bryan Chen: So. And also I but like so interesting to know what's your guys feel about?
280,00:41:33.240,00:41:52.957,"Bryan Chen: Are there difference between the role of male and female in relationship in your own opinion? Is there any expectation like guys should do something more or or female, should do something else, or or something like guys should be the one providing emotional support vice versa or so. What's your guys? Point of view."
281,00:41:55.470,00:42:02.600,"Bryan Chen: or you can also say there's no difference between male or female in your view of, in your ideal view of relationship."
282,00:42:03.032,00:42:12.969,"Bryan Chen: Johnson, do you have anything you would like to share? Do you think there's still some different expectation between male or female gender in a relationship in modern relationship."
283,00:42:13.790,00:42:19.180,"Johnson: Oh, well, I think the core idea right now to"
284,00:42:20.050,00:42:27.199,"Johnson: to strive for like female rights, like from different I'm from, I mean, from the news, or"
285,00:42:27.250,00:42:33.360,"Johnson: or I mean everywhere else, from my interpretation about this is like."
286,00:42:34.211,00:42:42.169,"Johnson: I think we need to acknowledge something which is the difference between female and males. Right? Because I mean, based on biological."
287,00:42:42.250,00:42:45.479,"Johnson: biologic, I mean differences."
288,00:42:45.730,00:42:50.399,Johnson: I mean the the the. It's just different. So
289,00:42:50.750,00:42:58.730,Johnson: to look for a bounce between. The difference is something is the core idea of
290,00:42:58.770,00:43:02.740,"Johnson: striving for, I mean female, the right female rights."
291,00:43:02.790,00:43:04.349,"Johnson: Right? So, for example, like"
292,00:43:04.865,00:43:11.080,Johnson: guys don't have periods. Right? Females have periods. So we're like this need to acknowledge and to
293,00:43:12.160,00:43:18.570,Johnson: find a balance or find something that can bounce between
294,00:43:18.670,00:43:27.699,"Johnson: the I mean the both genders. I mean, this is just a general. What I think about the the this I mean this human rights, or I mean female rights."
295,00:43:28.090,00:43:29.320,Bryan Chen: And.
296,00:43:29.680,00:43:31.390,"Johnson: Sorry, what? What was yours?"
297,00:43:31.390,00:43:37.470,Bryan Chen: But do you have any? Do you think there's a different internal expectation about a different role in a relationship.
298,00:43:37.470,00:43:37.940,"Johnson: Oh, yeah."
299,00:43:37.940,00:43:40.910,"Bryan Chen: Adding to male female, Yeah."
300,00:43:42.050,00:43:47.680,"Johnson: So I think like right now, as I mean, there's I mean"
301,00:43:47.750,00:43:55.059,"Johnson: in the past or in in the old society. I mean that I would say it's kind of like a stereotype, right? Because based on"
302,00:43:56.023,00:44:05.299,"Johnson: like the old Sati rules, or like family rules or family values, I mean, those are, I would say, those are like stereotypes."
303,00:44:05.802,00:44:12.860,"Johnson: But right now, since I mean, basically, we think what we want is like to have respect on others. So"
304,00:44:13.667,00:44:25.470,"Johnson: if your significant other are tired at this moment, probably you could do more on chores, or like cleaning up, or do the chores, or or something else."
305,00:44:25.560,00:44:30.799,"Johnson: So it's like, there's no actual rule."
306,00:44:30.830,00:44:34.430,"Johnson: like, who's gonna clean the house? Who's gonna do work."
307,00:44:34.580,00:44:42.510,Johnson: But I think that the core idea of this is just trying to have empathy on others on your significant other.
308,00:44:42.880,00:44:48.609,"Johnson: So I mean, there's there's no like actual or or or or"
309,00:44:49.171,00:44:57.519,"Johnson: rules on like, Oh, guys have to work, or or or girls have to do like, do the chores? It's not that, in my opinion. Yeah."
310,00:44:57.520,00:45:14.509,"Bryan Chen: Yeah, okay, that's fair enough. I think. Yeah, I feel like, now, people are more kind of like depending on their own context. Some people that probably some male. They are better at cooking. They are more willing to take the job of cooking than their female partner."
311,00:45:15.042,00:45:27.329,"Bryan Chen: Some female probably earn more money then that's also fine. So I for myself, I also take. But I'm not saying, I guess, like so far we kind of like have been"
312,00:45:27.370,00:45:47.320,"Bryan Chen: framing the the last generation's expectation as stereotype, or even as something like a negative thing. But I, personally don't think that's a fully negative. I feel some of the stereotype. They exist because of some of the. There were some reason why such stereotype stood"
313,00:45:47.320,00:45:58.380,"Bryan Chen: in that generation, because our economy, structure, or whatever other factors. So, and it's often seen that from the older generation might still be still be beneficial, you know, even nowadays."
314,00:45:58.490,00:46:10.170,"Bryan Chen: So so well, just to clarify. I'm not trying to frame me and say, any certain perspective is bad or good. I just feel want to hear different people's point out view. Yeah."
315,00:46:12.840,00:46:20.239,"Bryan Chen: Jen, do you think? Do you feel, Jen? So, Jen, earlier you talk about you mentioned about emotional support? Right?"
316,00:46:20.280,00:46:27.620,Bryan Chen: But do you think you have a different expectation about providing emotional support regarding to different gender.
317,00:46:27.940,00:46:36.770,"Bryan Chen: for example, feel like guys or male should be the stronger one mentally in relative to girls."
318,00:46:38.875,00:46:45.690,"Jane: Well, I think it's the same. So for me, I think because"
319,00:46:46.300,00:46:52.730,"Jane: I think because of my my family, and I think my father"
320,00:46:52.740,00:47:02.940,"Jane: doesn't give my mother enough respect, and in the emotional aspect, or"
321,00:47:03.100,00:47:14.542,"Jane: say he doesn't give my mother enough mental support, things like that. So I so I think just for me, I want to."
322,00:47:16.790,00:47:17.879,Jane: I think it's
323,00:47:17.950,00:47:29.829,Jane: it means to be equal for me just ask for more. Emotional support from maybe my boyfriend.
324,00:47:30.080,00:47:31.500,Jane: Things like that.
325,00:47:31.540,00:47:32.800,Bryan Chen: And.
326,00:47:34.529,00:47:35.229,Jane: Yeah.
327,00:47:37.382,00:47:40.640,"Jane: I think. Yeah, I think it's the same. So"
328,00:47:41.050,00:47:47.569,"Jane: I asked for something from my boyfriend, and I also"
329,00:47:48.050,00:47:55.430,"Jane: I will also give him like enough emotional support. So I'm I mean, I maybe I just want to like"
330,00:47:55.540,00:47:57.490,"Jane: respect, respect."
331,00:47:58.110,00:48:04.640,"Bryan Chen: Hmm, cool. How about like other thing like house? Where like."
332,00:48:05.234,00:48:09.640,Bryan Chen: do you guys kind of how do you share the load? Or how do you kind of like
333,00:48:09.800,00:48:11.349,Bryan Chen: code parade?
334,00:48:16.865,00:48:20.594,"Bryan Chen: Okay, so let's see."
335,00:48:21.960,00:48:30.229,"Bryan Chen: CC, do you have anything you would like to share? What's your view, or different expectation of like role between male or female."
336,00:48:30.680,00:48:32.100,Bryan Chen: in a relationship.
337,00:48:32.530,00:48:33.720,CiCi: I think.
338,00:48:34.380,00:48:47.269,"CiCi: the male and female, they should take the same responsibilities. And just like the 1st question we mentioned before, the emotional support that is."
339,00:48:47.320,00:48:53.339,CiCi: I think males should give some emotional support to female females.
340,00:48:53.400,00:49:01.190,"CiCi: I also provide the emotional to males, and I think"
341,00:49:02.330,00:49:07.189,CiCi: I I think there are not much difference between them.
342,00:49:09.738,00:49:18.379,Bryan Chen: but do you do you still have like? Do you have any kind of expectation? Beside we emotional support? We also kind of talk about like financial role.
343,00:49:18.510,00:49:24.310,Bryan Chen: Do you seem like this also kind of play equally? Or do you seem like there are some
344,00:49:24.470,00:49:29.370,Bryan Chen: still some variance of expectations between different gender.
345,00:49:29.860,00:49:37.739,"CiCi: Okay for this question, I think now, should should take a little more than"
346,00:49:38.040,00:49:45.450,"CiCi: females, because the in our society of Female females, and I think"
347,00:49:45.550,00:49:57.680,"CiCi: they are not in a good good position. They have a lot of stress, for example, just like they have to to to"
348,00:49:58.227,00:50:22.860,"CiCi: to to nature a kid that has spent a lot of time and energy, although father always takes some responsible responsibilities to take care of a kid. But I think, mother mom also take the a lot of responsibilities from these perspectives. I think if"
349,00:50:22.940,00:50:29.569,CiCi: males should take some financial supports a little more than male females.
350,00:50:30.200,00:50:37.429,"Bryan Chen: I think that's reasonable, I guess, cause I even though I think the idea, like gender equality and all that have been"
351,00:50:37.500,00:50:52.680,"Bryan Chen: around 4 years, but like based on like statistical survey, and the the overall male salary is still quite significantly higher than female. So I mean, if you're just like looking at stats. Maybe perhaps"
352,00:50:52.840,00:50:59.529,"Bryan Chen: females, I mean, male probably still can share a little bit more financial burdens. Yeah."
353,00:50:59.840,00:51:08.209,"Bryan Chen: okay. Anyone else have any other thought on this question that I want to share, at least count a little bit abstract questions."
354,00:51:09.090,00:51:17.319,"Bryan Chen: Yeah, okay, now, we have our last questions. So this is something that we kind of mentioned earlier about your."
355,00:51:17.330,00:51:34.980,"Bryan Chen: It's personal observation or experience with the LGBT group. And what have you found? The differences? And what have you observed and do, and what are the challenges? And it probably just like sharing in general, because for my experiment on personal experience, I feel"
356,00:51:35.030,00:51:42.630,Bryan Chen: in the last 5 or 10 years. Many of my friends who belong to the Lgbtq community they are.
357,00:51:42.780,00:51:47.129,Bryan Chen: They're more become more and more comfortable and just more
358,00:51:47.849,00:51:57.950,"Bryan Chen: relax to share their experience or share their opinion with you. So they, I guess, like, become more and more like"
359,00:51:58.500,00:52:06.160,"Bryan Chen: every like everyone else. So I don't. I, personally don't find anything else different besides their gender preferences."
360,00:52:06.877,00:52:10.539,"Bryan Chen: I feel they become. Yeah, they just become"
361,00:52:10.610,00:52:14.550,"Bryan Chen: very, very more common, and they are very friendly, and we are"
362,00:52:14.920,00:52:20.099,"Bryan Chen: anyone else. Have any? John, do you want to have anything you want to talk on this topic?"
363,00:52:21.060,00:52:23.340,"Johnson: Me, right. This is John. This is Johnson. Okay."
364,00:52:23.340,00:52:24.239,Bryan Chen: Yeah. Johnson. Sorry.
365,00:52:24.430,00:52:25.459,"Johnson: Yeah, no worries."
366,00:52:25.640,00:52:36.370,"Johnson: Well, okay. So I can share my 2 weird experience when I moved here to Melbourne. So there's 1 time when I was waiting for a tram"
367,00:52:37.020,00:52:44.149,"Johnson: around like midnight, and I've been hit by hit on by an Irish guy before."
368,00:52:44.150,00:52:44.590,Bryan Chen: Wow!
369,00:52:45.150,00:52:49.420,"Johnson: Yep. Well, I mean, it's just trying to share some like"
370,00:52:50.041,00:52:52.199,"Johnson: crazy stories, that's I mean."
371,00:52:52.982,00:52:57.319,"Johnson: Well, I would say there's like for, like these"
372,00:52:57.330,00:53:05.389,"Johnson: communities, there are more and more. And I mean, it's a very natural thing, especially here in Australia, I would say."
373,00:53:05.450,00:53:15.000,"Johnson: And they recognize, like different communities, different identity genders. Lgbtq plus. So you have varieties of genders. But I think, like"
374,00:53:15.770,00:53:24.119,"Johnson: other than like these, like preferences, or I mean their sexual identities. I think, like the base"
375,00:53:24.540,00:53:33.899,"Johnson: core moral thing would be like to respect on others, right? Because, like I mean in in the past, in the old generations, probably like people, would kind of"
376,00:53:34.130,00:53:38.250,"Johnson: feel nervous, I mean, as we'll probably"
377,00:53:40.390,00:53:46.940,"Johnson: dislike these kind of, or or think of these as some kind of disease. But I mean, I"
378,00:53:47.170,00:53:50.550,Johnson: I I don't think there's like like like that. So
379,00:53:50.920,00:53:55.310,"Johnson: I have a lot of gay friends. Yeah, but I mean, just"
380,00:53:56.270,00:54:01.970,"Johnson: we're all people man, we're just all humans. I mean, we have different preferences. So"
381,00:54:02.070,00:54:08.169,"Johnson: in my understanding or in my values, I respect them. I have a lot of different gay friends and"
382,00:54:09.485,00:54:20.519,"Johnson: but it's just, I mean, upon your own preferences, I would say, just the basic which is trying to respect on others. I mean, you have your own values, you have your own preferences, but"
383,00:54:20.660,00:54:25.350,"Johnson: you cannot judge on others, their identities on, on."
384,00:54:25.410,00:54:30.490,"Johnson: on their own sex. Right? So I mean, that's how it is. So, yeah, that's my opinion."
385,00:54:30.490,00:54:34.510,"Bryan Chen: As you know as well, said. I also have a lot of friends. They are."
386,00:54:34.780,00:54:52.269,"Bryan Chen: We have been. They have been around we have known each other for a while. But only fairly recently, while Blend told me that he's beyond to the community. But I wasn't surprised. It's like I just he. He was expecting me to have a big reaction. But I"
387,00:54:52.320,00:55:02.649,Bryan Chen: but have like I didn't have any much of this reaction. I just feel it's pretty normal saying it just happened. And it's just still him thinking. And yeah.
388,00:55:03.450,00:55:07.990,"Bryan Chen: but I also personally kind of kind of glad, or"
389,00:55:08.390,00:55:16.489,"Bryan Chen: in a way that people are more relaxed about it, more acceptable about it. And a lot of people, because for them, for us it's probably just like."
390,00:55:17.090,00:55:18.657,"Bryan Chen: like, you know"
391,00:55:21.330,00:55:32.390,"Bryan Chen: whether you are, whether you find it strange or not, but for them is a lot of like big is a big life decision for them to tell, to share that aspect of their life to other people."
392,00:55:32.450,00:55:37.199,Bryan Chen: It's only until recently become more open than acceptable. I think
393,00:55:37.480,00:55:42.280,Bryan Chen: anyone else have any story or thought want to share on these questions.
394,00:55:45.647,00:55:49.120,"Bryan Chen: Evan, do you have anything you want to say or."
395,00:55:51.166,00:55:58.869,Evan: I'm so sorry that because I have a little research and contact and have a little attention
396,00:55:58.980,00:56:03.300,Evan: to the grope. Yeah. Yeah.
397,00:56:04.273,00:56:12.330,"Evan: And I think, because this is the the group is being used as a"
398,00:56:12.500,00:56:22.170,"Evan: politic weapon or other things, and it I think it's to research them it cannot help. For to the"
399,00:56:22.450,00:56:29.289,"Evan: the gentle equality and the gender equality, yeah. And so I have no interest in there."
400,00:56:29.750,00:56:34.689,"Bryan Chen: Okay, cool. Anyone else have any thoughts?"
401,00:56:35.185,00:56:39.339,"Bryan Chen: Cece, do you have any thought on this topic, or."
402,00:56:40.130,00:56:43.539,CiCi: Oh! For this topic I have no idea to share.
403,00:56:43.540,00:56:50.499,"Bryan Chen: Okay, how about Urania? Anything like, have any? Do you have any thought on this topic?"
404,00:56:50.880,00:56:53.830,"Urania: Yes, so I I also didn't"
405,00:56:53.970,00:57:12.829,"Urania: have many experience like this. But I have a a friend which is one member of Lgbtq. And firstly, of course, I show respect for all the things about him. But I think he's still"
406,00:57:13.548,00:57:26.919,Urania: relatively difficult for him compared to other people to establish a relationship between him and his partner.
407,00:57:26.940,00:57:31.789,Urania: And so I just think we should respect for them. Yeah.
408,00:57:34.010,00:57:40.040,Bryan Chen: Cool. I think that's probably all of our questions for today.
409,00:57:40.100,00:57:53.139,"Bryan Chen: So we'll just like, rip it out here. Yeah. Anyone else have any other question they want to share regarding to romance relationship. I mean sorry modern romance or modern relationship."
410,00:57:53.580,00:57:58.760,"Bryan Chen: If no, we are just going to rip out the session today. And"
411,00:57:58.770,00:58:04.079,"Bryan Chen: and thank you guys, participation today and your time, I really appreciate it."
412,00:58:04.210,00:58:05.200,Bryan Chen: M.
413,00:58:05.340,00:58:09.180,Bryan Chen: I think we'll down here cool.
