,Start,End,Text
0,00:00:09.900,00:00:10.660,Tiffany Qian: Hello!
1,00:00:11.420,00:00:12.220,Nome: Hello!
2,00:00:14.880,00:00:15.670,Jinchi LIU: Hello!
3,00:00:17.530,00:00:18.961,"Nome: Don't be shy, don't be shy."
4,00:00:20.070,00:00:30.079,"Irene: Okay? So for the 1st question, we like to share, what are the most common sources of stress in our life, and how does it affect you."
5,00:00:30.410,00:00:38.960,"Irene: and I want to share, like in my daily life. My main source of stress tends to be academic work."
6,00:00:39.270,00:00:40.370,"Nome: Academic, book, yeah."
7,00:00:40.710,00:00:41.000,wenqi: Yeah.
8,00:00:41.000,00:00:42.560,"Irene: Yeah, cause."
9,00:00:42.590,00:00:50.769,"Irene: And recently, with graduation approaching, I also been feeling pressure regarding future planning. Yeah."
10,00:00:51.160,00:00:52.270,Nome: That's true.
11,00:00:52.270,00:01:01.360,"Irene: And especially as an East Asian student achieving good grades, is often seen as essential for us. Yeah."
12,00:01:02.400,00:01:07.549,Irene: and especially for continuing education or for
13,00:01:08.303,00:01:09.790,Irene: job prospects.
14,00:01:09.800,00:01:12.450,Irene: So it made me feel
15,00:01:13.445,00:01:16.070,Irene: stress stressful and
16,00:01:16.400,00:01:31.479,"Irene: like during our time as a University of Melbourne. I also found that if excelling our course. Work is quite challenging, as there's an emphasize on pre-preciation and thoughtfulness for our course work."
17,00:01:31.590,00:01:32.760,Irene: So
18,00:01:33.070,00:01:34.020,Irene: yeah?
19,00:01:34.190,00:01:35.389,Irene: And because.
20,00:01:35.510,00:01:39.969,Irene: like every details in our assignments will impact our grades.
21,00:01:40.400,00:01:43.899,Irene: And it has certainly been a stressor for me.
22,00:01:43.950,00:01:45.530,"Irene: Yeah, that's it."
23,00:01:46.590,00:01:48.289,Jinchi LIU: Fully agree.
24,00:01:49.150,00:01:52.780,Jinchi LIU: I I often have a lot of assignments
25,00:01:52.840,00:02:07.749,Jinchi LIU: that other due date are the same. Just finish one assignment and then another one comes in so that gives me no time to breathe.
26,00:02:08.919,00:02:09.349,Nome: And.
27,00:02:09.350,00:02:10.080,Irene: Yeah.
28,00:02:10.080,00:02:21.880,Jinchi LIU: And acceptance the academic aspect for the career aspect. Sometimes I worried about finding a part-time job in Melbourne.
29,00:02:22.060,00:02:24.510,Jinchi LIU: Now I get anxious
30,00:02:24.540,00:02:37.540,"Jinchi LIU: because I'm applying for the for recruitment of China. I will graduate in next July, but I don't know if I can get the appropriate job."
31,00:02:37.940,00:02:45.069,"Jinchi LIU: In addition, the job market in China is extremely competitive."
32,00:02:45.360,00:02:54.559,"Jinchi LIU: and average salary is not high. The workload is quite heavy, which makes me feel hapless."
33,00:02:56.790,00:02:58.139,"Tiffany Qian: Yeah, totally. Agree."
34,00:02:58.510,00:02:58.810,Jinchi LIU: Yeah.
35,00:02:59.110,00:03:00.040,Tiffany Qian: You click it
36,00:03:00.330,00:03:12.359,"Tiffany Qian: like this semester? I have 3. No, I have 2 final assignments on the same date, which is really annoying, and it's almost"
37,00:03:12.420,00:03:17.010,Tiffany Qian: almost the end of the semester. But I still have a lot of work to do.
38,00:03:17.320,00:03:19.000,Tiffany Qian: It's really stressful.
39,00:03:20.060,00:03:21.730,Tiffany Qian: I'm gonna like
40,00:03:21.970,00:03:34.819,"Tiffany Qian: I have to. It really cost me a lot of time to think about the topic. What I want to do in the final assignment. But in the same time I have to. Yeah, just as you said, think about my future career"
41,00:03:35.040,00:03:36.530,Tiffany Qian: stuff like that.
42,00:03:37.030,00:03:38.040,Tiffany Qian: It's really hard.
43,00:03:38.040,00:03:43.469,Nome: That's true. So all of your guys you are from applied linguistics or or not.
44,00:03:43.730,00:03:44.340,Nome: Yes.
45,00:03:44.340,00:03:44.720,Tiffany Qian: I'm
46,00:03:45.905,00:03:46.410,Tiffany Qian: Yeah.
47,00:03:46.410,00:03:52.829,"Nome: Yeah, me, too. So so, which which final, you think is the most challenging one."
48,00:03:54.020,00:03:54.450,Tiffany Qian: I will!
49,00:03:54.450,00:03:56.599,"wenqi: Language, Pragmatics."
50,00:03:56.600,00:03:57.160,Tiffany Qian: Oh!
51,00:03:57.160,00:03:59.259,"Nome: Oh, that cools!"
52,00:03:59.360,00:04:00.380,Nome: Do you actually.
53,00:04:00.380,00:04:03.420,"Tiffany Qian: Well, sorry. Actually, I will vote for"
54,00:04:03.450,00:04:05.300,Tiffany Qian: this cause. An interaction.
55,00:04:05.300,00:04:06.515,"Nome: Yeah, me, too."
56,00:04:07.370,00:04:09.399,Nome: especially on Monday morning.
57,00:04:09.400,00:04:10.280,Tiffany Qian: Yeah.
58,00:04:10.280,00:04:12.759,"Jinchi LIU: This cost, analysis."
59,00:04:13.270,00:04:13.920,wenqi: Yeah.
60,00:04:17.660,00:04:20.989,Jinchi LIU: I think this course is the most difficult.
61,00:04:21.440,00:04:22.100,Tiffany Qian: Yeah.
62,00:04:22.100,00:04:31.809,"Nome: I asked the teacher for for any sample, but she said, this semester, the topic is totally different. So there's no sample. Just find some"
63,00:04:32.262,00:04:36.849,Nome: find some paper on Google Scholar. That's the simple. She also.
64,00:04:36.850,00:04:38.239,"Tiffany Qian: Oh, my! Gosh!"
65,00:04:38.760,00:04:39.600,Nome: Oh!
66,00:04:43.090,00:04:45.759,"Tiffany Qian: Yeah, we have to do the transcription."
67,00:04:45.890,00:04:51.310,"Tiffany Qian: And then the analysis, both of the 2 parts are really"
68,00:04:51.420,00:04:56.499,Tiffany Qian: both time consuming and physical consuming. And I have to really.
69,00:04:57.470,00:04:57.880,Nome: Yeah.
70,00:04:57.880,00:04:59.279,Tiffany Qian: Attention to that.
71,00:04:59.890,00:05:00.400,Irene: Yeah.
72,00:05:00.400,00:05:08.990,"Nome: Actually, 1st you want. You have to select one proper past a proper audio and then transcribe it"
73,00:05:09.030,00:05:12.739,Nome: so. And I'm also struggling with that.
74,00:05:13.620,00:05:14.330,Tiffany Qian: Oh!
75,00:05:14.830,00:05:15.120,Nome: You can.
76,00:05:15.120,00:05:16.712,"Irene: They are such like,"
77,00:05:17.120,00:05:19.579,Irene: big project. Yeah. And it requires.
78,00:05:20.300,00:05:25.609,"Irene: yeah, big workout, like 6,000 or 9"
79,00:05:25.700,00:05:27.100,"Irene: 9,000"
80,00:05:27.140,00:05:28.380,Irene: for 3.
81,00:05:28.550,00:05:30.100,Irene: A group of 3. Yeah.
82,00:05:30.468,00:05:33.419,"Tiffany Qian: So, for individual is actually 3,000."
83,00:05:33.420,00:05:36.360,"Irene: Oh, 3,000. Yeah, for individuals. Yeah."
84,00:05:36.360,00:05:38.840,"Nome: Oh, so you are in groups, right?"
85,00:05:39.780,00:05:48.980,"Irene: Actually, not because I prefer to do an individual, because it only requires you like 3,000 more."
86,00:05:48.980,00:05:49.790,wenqi: Yeah.
87,00:05:50.450,00:05:57.739,Nome: If you collaborate with others you have. So you have to spend so much time on communication.
88,00:05:57.740,00:05:58.170,Tiffany Qian: Yeah.
89,00:05:58.170,00:05:59.860,"Irene: Yeah, yeah."
90,00:06:00.150,00:06:03.710,wenqi: And if you miss someone is.
91,00:06:04.740,00:06:07.219,wenqi: is not an.
92,00:06:08.170,00:06:08.800,Tiffany Qian: Cooperative.
93,00:06:08.800,00:06:11.339,wenqi: You may have other challenges.
94,00:06:11.340,00:06:12.310,Tiffany Qian: Yeah.
95,00:06:12.310,00:06:13.330,Nome: Yeah.
96,00:06:13.380,00:06:17.385,Nome: that's true. That. That assignment also made me so anxious.
97,00:06:20.730,00:06:25.429,Jinchi LIU: I have met 2 terrible teammates.
98,00:06:25.480,00:06:30.149,Jinchi LIU: so I'm afraid to work with others.
99,00:06:31.830,00:06:39.058,"Nome: I still remember last semester, there's 1 group in Sla and 1 1 student."
100,00:06:39.880,00:06:41.080,Nome: her.
101,00:06:41.971,00:06:44.029,Nome: Yeah. How to say that
102,00:06:44.570,00:06:47.730,Nome: suddenly attacked depression.
103,00:06:48.760,00:06:53.979,Nome: Yeah. And she has some mental health health problem and
104,00:06:54.170,00:06:56.840,Nome: just give up that cause
105,00:06:56.940,00:07:01.359,Nome: and quit that course. So the group group work just
106,00:07:03.470,00:07:08.520,"Nome: How do you say that? Oh, my God! Just stopped! And they had the the other."
107,00:07:08.530,00:07:12.250,"Nome: remember, have to do the work she should do."
108,00:07:12.650,00:07:13.679,Jinchi LIU: Oh! Oh!
109,00:07:13.680,00:07:14.180,"wenqi: Oh, yeah."
110,00:07:14.180,00:07:15.975,"Nome: You can call me okay. Oh, my God!"
111,00:07:17.040,00:07:17.899,"Irene: Yeah, yeah, we."
112,00:07:19.560,00:07:20.110,Tiffany Qian: That's very
113,00:07:20.550,00:07:21.560,Tiffany Qian: experience.
114,00:07:21.970,00:07:22.395,Irene: Yeah.
115,00:07:24.810,00:07:25.960,Nome: Your
116,00:07:26.260,00:07:30.947,"Nome: how to say that your team, your team member still there, still working with you?"
117,00:07:32.030,00:07:34.100,Nome: Not too bad situation.
118,00:07:35.940,00:07:40.540,"Irene: Yeah. So it's just like an example of particular stress situation, like the."
119,00:07:40.540,00:07:41.010,Nome: Yeah.
120,00:07:41.010,00:07:42.069,Irene: Second question.
121,00:07:42.110,00:07:45.839,Irene: and I I wonder how to handle it for that.
122,00:07:52.420,00:07:55.639,Irene: So did you apply for an extension.
123,00:07:56.150,00:07:58.974,"Nome: No, it's not me. It's not me, just one of my friend."
124,00:07:59.210,00:08:01.609,"Irene: Oh, just one of a friend."
125,00:08:01.610,00:08:02.770,Nome: My friends.
126,00:08:02.770,00:08:03.410,Irene: Yeah.
127,00:08:03.410,00:08:04.583,Nome: That's terrible!
128,00:08:05.570,00:08:07.060,"Irene: Yeah, so"
129,00:08:07.620,00:08:08.660,Irene: because just before.
130,00:08:08.660,00:08:14.729,Nome: Do they? They still do the doing the part of questionnaire and ask for other
131,00:08:14.930,00:08:16.540,Nome: for collecting data.
132,00:08:16.930,00:08:20.569,Nome: That means they haven't write the con. The content.
133,00:08:21.632,00:08:23.530,wenqi: That's that's crazy.
134,00:08:23.530,00:08:23.909,Nome: Yeah.
135,00:08:25.030,00:08:26.559,Nome: crazy. So crazy.
136,00:08:27.100,00:08:40.719,"wenqi: Yeah, actually, I last semester. I have a assignment to do my to do with my friends, and at 1st we are. We're close friends, and they we"
137,00:08:41.000,00:08:45.319,wenqi: and we choose to work together to do the final assignment.
138,00:08:45.350,00:09:03.900,"wenqi: And but during this this assignment I know some disadvantages of this friend, and she always she seems like a leader, and she always asked me, you you need to do something blah blah."
139,00:09:03.900,00:09:05.060,"Tiffany Qian: Oh, my God!"
140,00:09:05.060,00:09:12.659,"wenqi: Yeah, so he always guide. Oh, she always guide, guided me to do something, and she do. She did"
141,00:09:13.440,00:09:17.905,wenqi: nothing. It's just just the
142,00:09:18.740,00:09:27.090,"wenqi: the parts of her, and the and and the the other, and works like the check, the reference, or something else."
143,00:09:27.180,00:09:34.389,"wenqi: And it's all my, it's all my task, and and so then, anyway, do not communicate with"
144,00:09:34.470,00:09:36.339,wenqi: with each other now.
145,00:09:37.380,00:09:41.709,Nome: So so your your teammate doesn't have
146,00:09:41.830,00:09:50.490,Nome: office in the view of that. Did they complain with you about that? Or they just keep silence.
147,00:09:51.800,00:10:05.948,"wenqi: Yeah, so I think sometimes if if we want to do some group, team and group work with our friends, it's I think it's quite. It's quite"
148,00:10:07.500,00:10:10.633,wenqi: And Stratton how to say.
149,00:10:11.260,00:10:12.130,Tiffany Qian: Arranging.
150,00:10:12.130,00:10:20.669,"wenqi: Yeah, cause you may find some drawbacks of others. And you you can. You guys cannot be friends anymore."
151,00:10:20.670,00:10:21.560,Tiffany Qian: Yeah.
152,00:10:22.090,00:10:24.040,Tiffany Qian: it will damage your friendship.
153,00:10:24.040,00:10:24.490,wenqi: Yeah.
154,00:10:24.490,00:10:25.450,Irene: Yeah.
155,00:10:25.450,00:10:26.850,"Nome: Oh, that's true!"
156,00:10:31.090,00:10:44.420,Jinchi LIU: I found sometimes before teamwork. We are all the good friends and after teamwork. Maybe we are enemies.
157,00:10:48.450,00:10:48.870,Nome: Yes.
158,00:10:53.700,00:10:57.530,"Jinchi LIU: So we can, we can talk about the second question."
159,00:10:58.490,00:10:59.650,Irene: Yes.
160,00:10:59.650,00:11:00.810,"wenqi: Yeah, sure."
161,00:11:02.800,00:11:18.289,"Jinchi LIU: For me. If I feel very stressful, I will choose some sweet food and drinks just like watermelon, ice cream, bubble tea, or some dessert."
162,00:11:19.650,00:11:20.580,"Jinchi LIU: Me, too."
163,00:11:21.200,00:11:21.610,wenqi: Yeah.
164,00:11:22.025,00:11:22.440,Irene: You.
165,00:11:23.200,00:11:29.570,"Nome: Yeah, just just try to find some great data on Little Red Book. And just."
166,00:11:29.930,00:11:30.440,Irene: Average.
167,00:11:30.694,00:11:33.235,Nome: And just take a tram and just go over there
168,00:11:33.610,00:11:36.320,Nome: and line out just for for the paste.
169,00:11:36.700,00:11:37.380,Tiffany Qian: Yeah.
170,00:11:38.040,00:11:42.674,"Jinchi LIU: Yeah, when I eat something sweet. I feel."
171,00:11:43.740,00:11:50.299,"Jinchi LIU: I feel politer. Yeah, because the sugar in sweets caused the relief of"
172,00:11:50.830,00:11:52.056,Jinchi LIU: the pain
173,00:11:52.890,00:11:55.100,"Jinchi LIU: the payment. Yeah, you know."
174,00:11:56.570,00:11:57.110,Nome: Yeah.
175,00:11:57.110,00:11:58.280,Tiffany Qian: What is coming?
176,00:12:01.570,00:12:06.790,Jinchi LIU: can. Can I speak Chinese to explain it?
177,00:12:06.940,00:12:08.150,"Jinchi LIU: Oh, oh."
178,00:12:08.150,00:12:09.120,Irene: Oh!
179,00:12:09.120,00:12:11.055,"Nome: Oh, got it!"
180,00:12:12.410,00:12:14.370,"Irene: Yeah, yeah, it's true."
181,00:12:14.550,00:12:20.199,"Irene: Like, I, I will hang out with my friends, or"
182,00:12:20.340,00:12:23.320,"Irene: if something together, or"
183,00:12:23.550,00:12:24.967,Irene: I also will
184,00:12:25.700,00:12:28.760,Irene: plan a travel after the semester.
185,00:12:29.000,00:12:35.569,Irene: and it made me feel so excited to go through the tough time. Yeah.
186,00:12:36.060,00:12:36.830,wenqi: Yeah.
187,00:12:37.040,00:12:37.820,Nome: Meetings.
188,00:12:39.320,00:12:41.020,Tiffany Qian: Hi! Sorry.
189,00:12:41.250,00:12:41.970,wenqi: Huh!
190,00:12:42.170,00:12:44.459,"Tiffany Qian: Sorry to interrupt, sorry to interrupt."
191,00:12:44.730,00:12:45.356,wenqi: No worries.
192,00:12:46.345,00:12:49.634,"Tiffany Qian: I I just wanna know, will you guys like"
193,00:12:50.240,00:13:05.440,"Tiffany Qian: procrastinate when you face the stress? Because I'm the person that when I face the stress. I will pretend to be more like procrastinated to delay all the things, and then I would be even more stressful."
194,00:13:06.260,00:13:07.819,"Irene: Yeah, sometimes."
195,00:13:08.600,00:13:16.524,"Nome: Yeah, that's the reason why I I seldom, almost never extend my assignment, even even though"
196,00:13:17.290,00:13:21.100,Nome: that's for final assignment essay
197,00:13:21.900,00:13:26.869,"Nome: just quickly solve it. Solve this problem, even though"
198,00:13:26.900,00:13:36.379,"Nome: the solution is not that good? The the performance of my asset is not not, as my expected, just just finish it, just finish it"
199,00:13:39.010,00:13:41.229,Nome: down is better than perfect.
200,00:13:41.230,00:13:42.430,Tiffany Qian: Yeah.
201,00:13:42.430,00:13:43.210,Irene: Yeah.
202,00:13:44.760,00:13:50.609,Tiffany Qian: But will the extension influence like got the impact on your final school.
203,00:13:51.230,00:13:52.150,Irene: No.
204,00:13:52.150,00:13:53.250,Nome: Actually no.
205,00:13:53.250,00:13:54.500,Tiffany Qian: Oh.
206,00:13:56.880,00:14:01.119,Tiffany Qian: so it's a good choice to get extension for final assignments.
207,00:14:02.830,00:14:08.790,"Irene: Sometimes, if you know you you got an extension, and then you will just like relax"
208,00:14:08.810,00:14:15.399,Irene: and not be too stressful to or working so hard like like euro. So it just makes
209,00:14:16.160,00:14:23.839,"Irene: yeah. So for me, the better choice is not to extend my due date. Just finish it on. Time is fine."
210,00:14:31.000,00:14:36.359,Jinchi LIU: So we can talk about the 3 questions.
211,00:14:36.770,00:14:39.186,"Nome: 3rd question, yeah, solution"
212,00:14:42.829,00:14:43.790,Nome: on.
213,00:14:44.120,00:14:51.099,Jinchi LIU: I think we should adapt to a positive and adaptable mindset.
214,00:14:53.380,00:14:53.800,Irene: Yeah.
215,00:14:53.800,00:14:57.840,Jinchi LIU: Having a good mindset is so necessary.
216,00:14:59.220,00:15:05.779,"Jinchi LIU: Yeah, I think. Don't. Don't think the negative aspect of things a lot."
217,00:15:05.890,00:15:20.379,Jinchi LIU: If I can do something to strive for the chance. Just do it because I've heard the one words that the best solution to overcome anxiety is to take action.
218,00:15:20.670,00:15:24.379,Jinchi LIU: If you then everything you can do.
219,00:15:24.580,00:15:29.580,Jinchi LIU: all that's left is destiny. So wait for the results
220,00:15:29.590,00:15:37.280,Jinchi LIU: and be prepared for any outcome that maybe happen at any time.
221,00:15:38.680,00:15:57.000,"Irene: Yeah, I totally agree. And because because I I also my, my approach is to managing this through like positive self-talk is really similar with yours. And I also I often remind myself that everything would eventually get done"
222,00:15:57.070,00:16:03.380,Irene: because I I need to do one step at a time. It's better to like feel stressful.
223,00:16:03.910,00:16:04.450,Irene: Yeah.
224,00:16:05.369,00:16:11.990,"Irene: And I also made a detailed schedule like Time, manage my time effectively."
225,00:16:12.140,00:16:13.130,Irene: because
226,00:16:13.390,00:16:20.129,"Irene: if if I did, if I don't do that, my the things would never get done."
227,00:16:20.730,00:16:21.300,Jinchi LIU: Yes.
228,00:16:21.300,00:16:22.050,wenqi: Yeah.
229,00:16:26.580,00:16:28.410,Irene: So do you have other
230,00:16:29.387,00:16:31.240,Irene: recommendations for that.
231,00:16:34.290,00:16:37.340,Jinchi LIU: Hmm! Just to
232,00:16:37.740,00:16:42.479,Jinchi LIU: adapted a good mindset because for me
233,00:16:46.550,00:16:54.200,Jinchi LIU: about my New Zealand visa in mid break I applied visa
234,00:16:54.987,00:17:04.700,"Jinchi LIU: for a long day. But it didn't give me the visa, so I tried to"
235,00:17:04.740,00:17:08.880,Jinchi LIU: call them and send email to them.
236,00:17:11.920,00:17:16.240,Jinchi LIU: but I haven't received any response
237,00:17:16.480,00:17:26.480,Jinchi LIU: until the flight. Maybe maybe my flight is tomorrow. And today I haven't received my New Zealand visa.
238,00:17:26.589,00:17:27.970,Jinchi LIU: so
239,00:17:28.190,00:17:34.770,"Jinchi LIU: I think I try my best. I can do my, I can do anything I can do."
240,00:17:34.880,00:17:36.220,Jinchi LIU: So
241,00:17:36.960,00:17:41.480,Jinchi LIU: that's life is definitely. I weigh the result.
242,00:17:43.310,00:17:45.030,Jinchi LIU: until the
243,00:17:45.420,00:17:47.685,Jinchi LIU: the afternoon. About
244,00:17:48.540,00:17:50.239,Jinchi LIU: one pm.
245,00:17:50.340,00:17:55.860,Jinchi LIU: I received a New Zealand from email.
246,00:17:56.460,00:18:00.890,Jinchi LIU: So the business give me a lot of
247,00:18:03.440,00:18:04.740,Jinchi LIU: a lot of
248,00:18:05.000,00:18:06.450,Jinchi LIU: how to say
249,00:18:07.743,00:18:18.259,"Jinchi LIU: experience, how to to how to deal the stress, because the visa also give me a lot of"
250,00:18:18.430,00:18:19.530,Jinchi LIU: prior
251,00:18:20.530,00:18:30.290,Jinchi LIU: because I have afforded a lot of money just like flight accommodation and some
252,00:18:31.574,00:18:34.230,Jinchi LIU: sport the tickets. Yeah.
253,00:18:34.710,00:18:37.560,Jinchi LIU: it's totally
254,00:18:37.830,00:18:40.860,"Jinchi LIU: 3,000 New Zealand dollars"
255,00:18:41.120,00:18:41.990,Jinchi LIU: a.
256,00:18:42.110,00:18:44.340,Jinchi LIU: It is a quite a lot
257,00:18:44.570,00:18:45.760,Jinchi LIU: a month of model.
258,00:18:46.310,00:18:53.520,"Nome: Yeah. So so that such as the accommodation you can refund. Ask for refund, right?"
259,00:18:54.110,00:19:01.520,Nome: Because I know in some apps on some apps you can. You can ask for refund just before that day.
260,00:19:03.850,00:19:06.360,Jinchi LIU: this. These 2
261,00:19:06.880,00:19:13.030,"Jinchi LIU: is 6 to 6 person, 6 people. I will."
262,00:19:13.030,00:19:14.960,"Nome: Oh, that's oh!"
263,00:19:14.960,00:19:18.589,"Jinchi LIU: Oh, it's a little bit of trouble to."
264,00:19:18.590,00:19:21.479,"Nome: Oh, yeah, yeah, that's true. That's true."
265,00:19:22.120,00:19:26.679,"Nome: You have to have trouble with others, not not yours, just yourself. Okay?"
266,00:19:29.720,00:19:37.199,"Nome: So so you guys and Bti is J. Person or P. Person, judging or perceiving"
267,00:19:37.770,00:19:38.610,Nome: G.
268,00:19:38.610,00:19:39.040,wenqi: Jeez.
269,00:19:39.040,00:19:41.198,"Nome: Me, too. I'm jay person."
270,00:19:41.630,00:19:43.510,Irene: But but Mt. Actually.
271,00:19:45.820,00:19:51.083,"Irene: I I really want to change my Mbti to a J. Person, but"
272,00:19:51.800,00:19:58.130,"Irene: but it's hard. I have tried many times to test my Bpm, but it's always like."
273,00:19:58.130,00:19:58.850,Tiffany Qian: Decrease it.
274,00:20:00.490,00:20:08.930,"Irene: Because I I yeah, cause I reckon 3 person like they're all always like they can plan all the things"
275,00:20:09.060,00:20:14.660,Irene: very well. And P person just like sometimes just follow my heart.
276,00:20:15.640,00:20:15.960,Nome: But just.
277,00:20:15.960,00:20:16.450,Irene: That you join.
278,00:20:16.450,00:20:36.739,"Nome: Moment is is also really really great, because I'm a j. Person. But I want to change a little bit just to the aspect of P. Person, just enjoy the moment. Sometimes you can change in some situation, but just accept it. P. Person is more. Enjoy the moment."
279,00:20:36.900,00:20:41.120,"Nome: For example, if you, yeah, yeah, just go. You, you go first.st"
280,00:20:43.090,00:20:47.600,"Irene: Oh, yeah, just like, oh, sorry just like when I"
281,00:20:47.680,00:20:54.930,Irene: doing my homework. I I always wanted to be a J person in that on that moment.
282,00:20:54.980,00:21:06.399,"Irene: Yeah. But actually, in my daily life I really enjoy just like you said, I really enjoy enjoy. Now enjoy the moment right now, because if I"
283,00:21:06.460,00:21:13.675,"Irene: maybe take a wrong train or wrong Metro to a wrong place, I would in I would."
284,00:21:14.160,00:21:16.420,"Irene: I would, walking through the"
285,00:21:16.940,00:21:21.030,"Irene: walking along the seaside, or just enjoy the."
286,00:21:21.030,00:21:22.919,"Nome: Yeah, just have those few."
287,00:21:22.920,00:21:24.750,Irene: You've got a place. Yeah.
288,00:21:25.080,00:21:25.640,Nome: 7.th
289,00:21:25.640,00:21:31.289,"Irene: Randomly work to. Yeah, because I found that maybe it's interesting. But"
290,00:21:31.790,00:21:32.710,Irene: I have
291,00:21:32.830,00:21:44.820,"Irene: a J person friend, because she, if she encounter like that situation, she would immediately change his route to the right place."
292,00:21:44.820,00:21:46.060,"Nome: Oh, God!"
293,00:21:47.750,00:21:48.400,Irene: Yeah.
294,00:21:51.040,00:21:54.249,"Nome: Just like I have to finish my plan, no matter what."
295,00:21:54.250,00:21:54.780,"Irene: Yeah, yeah, yeah."
296,00:21:54.780,00:21:55.315,Nome: Happen.
297,00:21:56.070,00:21:57.210,Irene: Yeah.
298,00:21:57.210,00:21:59.947,"Nome: But key person. Okay, just change my plan."
299,00:22:01.304,00:22:02.100,Irene: Yeah.
300,00:22:02.850,00:22:05.770,Jinchi LIU: You can play with the people who good at
301,00:22:06.180,00:22:08.400,Jinchi LIU: how good I'd plan.
302,00:22:09.420,00:22:10.199,"Irene: Yeah, yeah."
303,00:22:11.120,00:22:14.290,wenqi: It's a good solution. Yep.
304,00:22:14.290,00:22:18.629,"Irene: But actually, if I want to travel to"
305,00:22:18.670,00:22:23.069,"Irene: to some places, I would make plan for that. But maybe some"
306,00:22:23.677,00:22:27.200,"Irene: some person will not, but actually"
307,00:22:28.790,00:22:29.950,Irene: and
308,00:22:30.310,00:22:34.580,Irene: because my Mbti is EN. Fp. And
309,00:22:34.760,00:22:38.919,"Irene: one of my best friend, her Mbti is Istg. We are totally different."
310,00:22:38.920,00:22:39.660,Tiffany Qian: Wow!
311,00:22:40.070,00:22:42.510,Irene: Yeah. So sometimes we just like.
312,00:22:43.355,00:22:45.560,Irene: have totally different.
313,00:22:45.800,00:22:46.810,Irene: Hmm.
314,00:22:46.980,00:22:52.340,Irene: totally different view towards one thing. But the interesting is we
315,00:22:52.680,00:22:55.930,Irene: we we are happy to stay together. Yeah.
316,00:22:55.930,00:22:57.873,Nome: A little happy dog.
317,00:23:00.750,00:23:03.030,Jinchi LIU: But bti can be changed.
318,00:23:03.810,00:23:04.750,"Irene: Yeah, yeah."
319,00:23:04.750,00:23:05.569,"wenqi: Yeah, but."
320,00:23:06.440,00:23:08.710,"Irene: yeah, but I have"
321,00:23:08.870,00:23:12.343,Irene: being Efp for about 5 more years.
322,00:23:14.790,00:23:23.109,"Irene: When I 1st test my Mbti, I was Enfp, and until now I still have is a enfp."
323,00:23:30.140,00:23:34.901,"Nome: Yeah, that's quite, quite great, because my ex is"
324,00:23:36.030,00:23:44.610,"Nome: every time I have with him, just just like, just like she can accept every moment, even every accident happened."
325,00:23:44.710,00:23:45.290,Nome: Just.
326,00:23:45.290,00:23:46.496,"Irene: Yeah, yeah."
327,00:23:47.340,00:23:49.807,Nome: Never have any
328,00:23:51.110,00:23:53.790,"Nome: still, negative attitude"
329,00:23:54.010,00:23:56.370,Nome: to his life.
330,00:23:56.690,00:24:01.180,"Nome: Just be often off. But after that oh, my God! I forgot I was"
331,00:24:03.036,00:24:06.439,"Nome: positive, just really positive to life, because."
332,00:24:06.805,00:24:07.170,Irene: Bye.
333,00:24:07.170,00:24:09.920,"Nome: Never be anxious, and it's not a Jefferson."
334,00:24:13.620,00:24:20.180,Jinchi LIU: I was an I person before. But now I'm an E person. I don't know why. My.
335,00:24:22.580,00:24:23.270,Jinchi LIU: I don't know.
336,00:24:25.240,00:24:26.310,Jinchi LIU: Maybe
337,00:24:26.580,00:24:30.660,Jinchi LIU: 50%. I 50% E.
338,00:24:34.920,00:24:37.360,wenqi: I'm introverted Person.
339,00:24:38.890,00:24:49.930,"wenqi: And for, and I am also Jay, and for me I have. It's and I'm I'm jay, but that means I have"
340,00:24:50.770,00:25:10.589,"wenqi: I do think I or I do make plans for everything. I think it depends on different aspects of my life. And for some, for example, if I have to finish some assignments and were to go travel with my friends. I usually do."
341,00:25:10.910,00:25:20.150,"wenqi: I usually make plans, but if sometimes like, if I had to do some cleaning. I always delay my plan."
342,00:25:20.740,00:25:23.529,Nome: Yeah. Sometimes I'm the one who do the same.
343,00:25:23.530,00:25:31.190,"wenqi: Do these actions in. And as I, as I planned immediately with something"
344,00:25:31.220,00:25:32.250,wenqi: he was.
345,00:25:32.320,00:25:35.630,wenqi: so I think it depends on different
346,00:25:35.880,00:25:38.159,wenqi: situations. And
347,00:25:38.470,00:25:39.430,wenqi: yeah.
348,00:25:41.865,00:25:42.680,Tiffany Qian: Sorry
349,00:25:43.460,00:25:45.580,Tiffany Qian: sorry after you ting shu.
350,00:25:47.116,00:25:56.210,Jinchi LIU: Thank you. I would ask 20 if something's direction is not your plans. So?
351,00:25:56.270,00:25:57.350,Jinchi LIU: Oh.
352,00:25:57.520,00:26:01.420,"Jinchi LIU: if you feel uncomfortable, all set."
353,00:26:01.940,00:26:05.429,"wenqi: Yeah, most of the time we feel"
354,00:26:05.610,00:26:10.614,"wenqi: uncomfortable. For example, last last Saturday I have"
355,00:26:11.360,00:26:19.100,"wenqi: Well, I have to. I have my sheet, and I have to begin my work at one Pm."
356,00:26:19.200,00:26:24.079,wenqi: And on my way to my workplace I got a phone from my
357,00:26:24.470,00:26:30.040,"wenqi: manager and she said, I need to start at 2 Pm."
358,00:26:30.610,00:26:41.159,"wenqi: I feel so angry, but I can show my angry, you know. And so I said, Okay, I can be there at 2 Pm."
359,00:26:41.360,00:26:53.220,"wenqi: And then I take the train to come back home, and I rest for 30 min, and then I go. I take the train and try and go to the workplace again."
360,00:26:54.530,00:26:55.660,Nome: Oh!
361,00:26:57.770,00:26:59.386,"Jinchi LIU: Me, too. The same."
362,00:27:02.930,00:27:09.310,Jinchi LIU: So what causes mental internal friction
363,00:27:11.740,00:27:12.960,Jinchi LIU: for the
364,00:27:13.160,00:27:16.529,"Jinchi LIU: so question, what do you think of."
365,00:27:18.830,00:27:21.839,Nome: The relationship between between them.
366,00:27:22.030,00:27:22.700,Jinchi LIU: Yeah.
367,00:27:25.900,00:27:38.770,"Irene: I reckon, mental internal friction happens when when you have conflicting thoughts or feelings like when you are stuck between different responsibility or"
368,00:27:39.100,00:27:41.480,Irene: expectations like
369,00:27:41.710,00:27:51.979,"Irene: we will, we might feel pressure to study for an important exam, but also feel guilty for not spending enough time with family. Just like that. I think."
370,00:27:52.040,00:27:53.540,"Irene: Yeah, because it's"
371,00:27:53.570,00:27:57.790,"Irene: Chris, and like inner struggle, because"
372,00:27:57.840,00:28:06.080,"Irene: you are torn, because between when what you want to do and what you think you should do is is like, yeah."
373,00:28:09.750,00:28:15.940,Jinchi LIU: For me. I think we are facing the pressure from society and family.
374,00:28:16.240,00:28:21.299,"Jinchi LIU: For example, it is generally believed in society"
375,00:28:21.360,00:28:26.050,Jinchi LIU: that graduates from highly educated universities
376,00:28:26.290,00:28:31.889,"Jinchi LIU: must be associated with high paying jobs, high salary jobs."
377,00:28:32.110,00:28:40.710,"Jinchi LIU: If you don't find a good job with a high salary, people might say might say things that it's"
378,00:28:40.800,00:28:44.859,Jinchi LIU: like all that studying was a waste.
379,00:28:45.260,00:28:46.280,"Nome: Oh, yeah."
380,00:28:46.280,00:28:52.169,Jinchi LIU: Or even top university graduates are not all that special.
381,00:28:54.870,00:28:59.469,"Jinchi LIU: So I think, the prior we"
382,00:28:59.770,00:29:03.099,"Jinchi LIU: encounter, maybe from society or"
383,00:29:03.130,00:29:04.569,Jinchi LIU: our family.
384,00:29:06.700,00:29:08.120,Jinchi LIU: Do you think so?
385,00:29:08.120,00:29:08.909,"Tiffany Qian: Yeah, that will."
386,00:29:09.390,00:29:10.530,Tiffany Qian: That's gross.
387,00:29:13.320,00:29:18.939,"Jinchi LIU: And maybe some people say, Oh, you graduated from Uni Melbour."
388,00:29:19.090,00:29:20.709,Jinchi LIU: The chaos is.
389,00:29:22.010,00:29:23.220,Nome: 13.
390,00:29:24.430,00:29:27.327,Jinchi LIU: We haven't found her salary job.
391,00:29:29.660,00:29:30.980,Tiffany Qian: Oh!
392,00:29:32.770,00:29:33.859,"Irene: Yeah, and it's"
393,00:29:33.890,00:29:42.270,"Irene: and it's closely related to stress. Because, like these things make it harder to focus and manage"
394,00:29:42.350,00:29:44.380,Irene: our pressure. Yeah.
395,00:29:45.530,00:29:50.440,Irene: like the the mental internal friction makes our stress
396,00:29:50.560,00:29:54.150,Irene: harder to manage. Yeah and
397,00:29:55.435,00:30:03.839,"Irene: and the more as resolved this inner conflicts are, the more stressed we will feel and."
398,00:30:03.840,00:30:04.230,Tiffany Qian: Yes.
399,00:30:04.230,00:30:10.740,"Irene: Yeah, yeah, because we are trying to jungle everything. But we, yeah."
400,00:30:12.880,00:30:14.029,Nome: So. But
401,00:30:14.040,00:30:20.880,"Nome: maybe just before the 1st day I enter this Major, I I just think if you, if you."
402,00:30:21.180,00:30:29.940,Nome: if you still want to work on this on this area. Maybe you can get more money. So I I haven't expect to earn so much money
403,00:30:30.040,00:30:32.980,Nome: and to finish myself applying acoustics.
404,00:30:34.200,00:30:35.190,"wenqi: True, true."
405,00:30:38.060,00:30:46.549,Nome: So so what? What do do you guys want to be in the future? Still want to be a teacher or just work in the company.
406,00:30:49.330,00:30:53.150,Jinchi LIU: I think in our major
407,00:30:54.312,00:30:58.529,Jinchi LIU: maybe some people will be teacher.
408,00:30:58.740,00:31:01.510,"Jinchi LIU: Oh, some people transferred."
409,00:31:01.600,00:31:02.880,Jinchi LIU: They're
410,00:31:03.220,00:31:06.509,Jinchi LIU: transfer another industry.
411,00:31:07.120,00:31:08.390,Nome: Yeah.
412,00:31:08.460,00:31:10.549,"Nome: because so many, so many."
413,00:31:10.710,00:31:28.379,Nome: so many students. They specialize in tesol. And I want to be an English teacher in the future. But but I just wanna what can. What can I be if if we don't teach? Maybe that's none of the business of my major right? If you just graduated.
414,00:31:28.430,00:31:30.119,Nome: You can do everything
415,00:31:30.170,00:31:35.720,"Nome: other majors to. That means your your Master degree is, know that."
416,00:31:35.820,00:31:37.190,Nome: Not that useful.
417,00:31:39.730,00:31:42.460,Nome: I'm not that sure whether I'm right.
418,00:31:42.680,00:31:43.380,wenqi: Yeah.
419,00:31:45.550,00:31:54.770,Jinchi LIU: One of my classmates. She have received the offer from Pindodo.
420,00:31:55.000,00:31:55.909,Tiffany Qian: Oh! Hold on!
421,00:31:55.910,00:32:01.450,"Jinchi LIU: She she applied to product operation, you know."
422,00:32:01.980,00:32:02.939,Irene: And Triton's is.
423,00:32:02.940,00:32:04.960,Jinchi LIU: Called Champion Yunyoung.
424,00:32:05.590,00:32:07.180,"Nome: Yeah, yeah."
425,00:32:08.426,00:32:10.920,Jinchi LIU: in order to apply
426,00:32:11.803,00:32:23.430,"Jinchi LIU: the big company. Big company's position. She have some internship like one E, or quite show."
427,00:32:24.720,00:32:25.640,Nome: Oh!
428,00:32:25.700,00:32:26.860,Irene: Oh!
429,00:32:27.679,00:32:33.479,Jinchi LIU: In one E or choir shows. Position is also productive
430,00:32:33.830,00:32:35.210,Jinchi LIU: operation.
431,00:32:36.350,00:32:40.120,Jinchi LIU: So in for recruitment.
432,00:32:41.910,00:32:47.289,Jinchi LIU: it's very competitive. If you haven't the internship
433,00:32:48.326,00:32:50.360,Jinchi LIU: they? Maybe
434,00:32:50.900,00:32:54.509,"Jinchi LIU: they want to see your Cv, yeah."
435,00:32:54.860,00:32:56.339,"Nome: Oh, yeah, that's true."
436,00:33:00.180,00:33:06.890,"Jinchi LIU: So for me. I have several education internship, but if I want to"
437,00:33:07.120,00:33:09.860,"Jinchi LIU: transfer, transfer mine."
438,00:33:10.470,00:33:14.609,Jinchi LIU: transfer the industry like
439,00:33:14.980,00:33:17.050,Jinchi LIU: like my classmates.
440,00:33:17.120,00:33:20.040,Jinchi LIU: it's a little bit difficult.
441,00:33:20.510,00:33:21.710,Nome: In here
442,00:33:21.730,00:33:25.699,Nome: because it's never too late. If you don't like wanting to be a teacher.
443,00:33:26.380,00:33:27.060,Tiffany Qian: Okay.
444,00:33:27.260,00:33:28.300,Nome: Be brett.
445,00:33:32.310,00:33:36.739,"wenqi: Yeah, I think it depends on the people's different thoughts."
446,00:33:36.810,00:33:38.030,wenqi: A different.
447,00:33:38.030,00:33:38.650,Nome: Yeah.
448,00:33:38.870,00:33:45.639,"wenqi: Parts of their of their life, and, for example, and and for me, I"
449,00:33:45.990,00:33:56.159,"wenqi: want to be on teacher, since when I was, and why, I'm in my primary school. I think I really admire that teacher."
450,00:33:56.190,00:33:58.429,wenqi: They're standing on the
451,00:33:59.010,00:34:05.149,"wenqi: stage, and they and share their knowledges to students."
452,00:34:05.230,00:34:15.679,"wenqi: And now for me. I still want to be an English teacher in China, but but but at the same time I also want to do some"
453,00:34:16.020,00:34:17.590,wenqi: other can't job
454,00:34:17.670,00:34:19.689,wenqi: like and for
455,00:34:19.909,00:34:24.260,wenqi: for me. Now I'm doing some works about storage.
456,00:34:24.350,00:34:27.981,wenqi: and I think it makes me feel
457,00:34:29.175,00:34:34.440,wenqi: comfortable. I feel everything is quite different for me
458,00:34:34.840,00:34:38.937,"wenqi: so, and sometimes I think people should not"
459,00:34:40.340,00:34:41.639,wenqi: and
460,00:34:41.920,00:34:49.159,"wenqi: or people should and can stand up, stand out of their uncomfortable zoom."
461,00:34:49.179,00:34:55.779,"wenqi: and they can find something quite different, and something is interesting for you."
462,00:34:56.150,00:34:59.340,"Jinchi LIU: Yeah, it's a sense of unevenness"
463,00:35:00.090,00:35:01.520,Jinchi LIU: and balance.
464,00:35:04.620,00:35:07.029,Irene: Or like sink outside the box.
465,00:35:07.360,00:35:08.060,Nome: Again.
466,00:35:08.130,00:35:14.379,"Irene: Yeah, we can find our way, even though it's not relevant to our major. Yeah."
467,00:35:16.610,00:35:29.400,"Nome: That's true. Then maybe maybe it's my background limits my my thoughts, because my whole family they are. Almost everyone is a teacher, and maybe I'm the 4th generation"
468,00:35:29.540,00:35:45.379,"Nome: of being a teacher in in our family, so I can't expect what can. What can I be? If I don't want to be a teacher. I've tried to have some internship just like a human resource."
469,00:35:45.560,00:35:48.959,Nome: but that's that's a little bit challenging for me.
470,00:35:49.340,00:35:54.849,"Nome: You have to deal with so many prob, so many pro problems you, you can't expect"
471,00:35:55.130,00:36:06.079,"Nome: so I'm afraid. Sometimes accident happen, or you can't. You have to solve it immediately, even though you have no experience to solve that you have to do it. You have to do it."
472,00:36:08.410,00:36:14.179,"Jinchi LIU: Yeah, my my classmates she said that she in quite sure"
473,00:36:15.080,00:36:21.070,Jinchi LIU: her work time from 11 Am. To 11 Pm.
474,00:36:21.560,00:36:22.460,Nome: Oh!
475,00:36:22.590,00:36:24.210,Jinchi LIU: A long time to work.
476,00:36:24.830,00:36:26.869,Tiffany Qian: Like 12 HA day.
477,00:36:27.260,00:36:27.705,Jinchi LIU: Yeah.
478,00:36:30.200,00:36:35.178,"Nome: But just imagine, if you want to be a teacher, you have to have morning class."
479,00:36:36.140,00:36:36.690,Tiffany Qian: And stop.
480,00:36:36.690,00:36:39.399,Nome: Yeah. The 7 Pm. And the 7 Pm.
481,00:36:39.400,00:36:40.480,Tiffany Qian: Day and night.
482,00:36:40.740,00:36:43.800,"Nome: Yeah, that's that's also 12 h."
483,00:36:44.920,00:36:46.969,wenqi: More than 12 h.
484,00:36:46.970,00:36:51.566,"Nome: Yeah, but at least they have a summer summer vacation and winter vacation."
485,00:36:52.910,00:36:56.259,wenqi: Teachers may also have the low payment.
486,00:36:56.550,00:36:57.310,Nome: Oh!
487,00:36:57.310,00:36:58.869,"Tiffany Qian: Yeah, especially in China."
488,00:36:58.870,00:36:59.270,wenqi: Yeah.
489,00:36:59.270,00:37:00.836,Tiffany Qian: Like not
490,00:37:02.421,00:37:04.929,Tiffany Qian: like the 1st tier cities
491,00:37:05.020,00:37:08.740,"Tiffany Qian: like small cities. The very, very low pavement."
492,00:37:10.680,00:37:11.370,Irene: You are.
493,00:37:12.840,00:37:13.630,Nome: That's true.
494,00:37:14.520,00:37:18.720,"Jinchi LIU: Yeah, do you want to be? Which type of English teacher?"
495,00:37:18.840,00:37:27.150,"Jinchi LIU: Which type university teacher or middle school teacher, public school or private school."
496,00:37:27.750,00:37:29.669,Nome: Maybe public school.
497,00:37:29.700,00:37:34.889,Nome: because I still just after my days
498,00:37:34.950,00:37:41.839,"Nome: I have, I have to fly to Beijing, but my! My hometown is is Shenzhen, because"
499,00:37:41.960,00:37:47.189,Nome: I just bring my and bring my assignment to the way to have try to find a job.
500,00:37:50.700,00:37:51.280,Nome: Been
501,00:37:52.560,00:37:56.139,Nome: bring my resume and and
502,00:37:56.220,00:37:59.432,Nome: my final assignments on the way to find Joe.
503,00:38:02.140,00:38:06.899,Jinchi LIU: You. You say you want to be a teacher in public school.
504,00:38:06.900,00:38:10.269,"Nome: Yeah, a public school."
505,00:38:10.520,00:38:11.270,Jinchi LIU: You need to
506,00:38:12.770,00:38:16.249,Jinchi LIU: attend in Chinese Shibie.
507,00:38:16.520,00:38:19.253,"Nome: Yeah, that's true. That's true."
508,00:38:20.320,00:38:22.030,"Nome: Yes, yes."
509,00:38:24.080,00:38:27.030,Jinchi LIU: Is also competitive.
510,00:38:27.420,00:38:28.110,Jinchi LIU: Todd.
511,00:38:28.110,00:38:29.150,Nome: It's not tooth.
512,00:38:30.240,00:38:32.050,Nome: But but you know.
513,00:38:32.150,00:38:51.380,"Nome: most of students they try to find Job close to them, such as in the place of Wuhan or Guangzhou to get a job from Shenzhen. But but this time Beijing is a little bit far away from there, and that means you have more chance."
514,00:38:51.510,00:38:52.510,Nome: because
515,00:38:52.670,00:38:56.340,Nome: because there are less person try to
516,00:38:56.670,00:38:59.130,Nome: but try to. How to say that.
517,00:39:00.400,00:39:02.210,Nome: join in the
518,00:39:02.410,00:39:03.730,Nome: join in the
519,00:39:05.180,00:39:09.609,Nome: interview? That does it? Does it cause?
520,00:39:09.680,00:39:11.435,Nome: Means this interview.
521,00:39:12.700,00:39:14.090,Jinchi LIU: I know I know it.
522,00:39:14.730,00:39:15.830,Nome: Okay. Okay?
523,00:39:16.790,00:39:21.829,"Nome: Because oh, when once I talk about interview, I just like, Oh, interview, try to."
524,00:39:21.890,00:39:27.784,Nome: I'll try to have some question and organize later. That's the interview. So what about
525,00:39:28.856,00:39:29.290,Tiffany Qian: Are you?
526,00:39:29.290,00:39:31.220,"Nome: You know what I mean? Yeah, you know what I mean."
527,00:39:31.830,00:39:38.759,"Jinchi LIU: Some companies have several rounds of interviews. For example, 4 or 5,"
528,00:39:38.850,00:39:40.509,"Jinchi LIU: 4, or 5 rounds."
529,00:39:42.140,00:39:42.980,Nome: That's crazy.
530,00:39:43.450,00:39:53.659,"Nome: Yeah. Maybe the 1st 1st 2 round is from Hr, and maybe go further. It's from the it's from your leader in the future."
531,00:39:53.770,00:39:54.560,Nome: Maybe.
532,00:39:57.250,00:40:00.721,Jinchi LIU: But I haven't attend any interviews.
533,00:40:01.300,00:40:03.209,"Nome: Yeah, me, too. Me, too."
534,00:40:07.712,00:40:16.349,Jinchi LIU: So we can talk about the 5 questions. What advice would you give to someone who is struggling to manage their stress
535,00:40:21.860,00:40:23.200,Jinchi LIU: like I said.
536,00:40:23.240,00:40:24.770,Irene: Before yes.
537,00:40:27.180,00:40:27.960,Jinchi LIU: Hmm.
538,00:40:28.740,00:40:33.120,"Jinchi LIU: Oh, as I said just now, 1st of all."
539,00:40:33.170,00:40:39.829,Jinchi LIU: I think don't think too much about one thing's negative aspects.
540,00:40:40.230,00:40:43.809,"Jinchi LIU: Yeah, especially the things that didn't happen."
541,00:40:44.610,00:40:45.320,Irene: Yeah.
542,00:40:45.690,00:40:51.449,"Jinchi LIU: Secondly, be prepared for all kinds of situations."
543,00:40:51.750,00:40:53.830,Jinchi LIU: and finally.
544,00:40:54.010,00:41:02.290,"Jinchi LIU: we can release stress in various ways, such as shopping, traveling, and eating delicious food."
545,00:41:04.456,00:41:05.409,Nome: That's true.
546,00:41:05.790,00:41:06.200,Irene: Yeah.
547,00:41:06.200,00:41:07.530,Tiffany Qian: Very good idea.
548,00:41:07.990,00:41:08.710,Jinchi LIU: No.
549,00:41:08.910,00:41:10.139,Jinchi LIU: thank you.
550,00:41:10.520,00:41:11.140,Irene: Like.
551,00:41:11.340,00:41:32.319,"Irene: and don't be afraid to talk to someone, whether it's a friend or family member or yeah, just I. I think it's it's good to share how you are feeling, because it can, because someone else will wait off, because this will weight off your shoulders, and they might offer a new perspective."
552,00:41:33.830,00:41:36.940,"Jinchi LIU: Yeah, they will use some. Otherwise."
553,00:41:38.530,00:41:39.230,Irene: Yeah.
554,00:41:40.880,00:41:46.869,"Nome: So when you get when you guys face some stress you want to get, you want to get"
555,00:41:47.140,00:41:48.970,Nome: advice or just
556,00:41:48.980,00:41:50.910,Nome: just company from others.
557,00:41:51.950,00:42:08.500,"Irene: Actually, when you ask for help to someone else, the importance is not the advice itself, but just like you want to share your feeling with someone else. And yeah, maybe just talk to someone else. Make the just talking is will release your pressure."
558,00:42:09.440,00:42:16.360,"Nome: Yeah, sometimes. If my friend is under pressure, maybe"
559,00:42:16.750,00:42:19.230,Nome: I give some advice that's useless.
560,00:42:19.290,00:42:28.880,"Nome: And and I I believe, my friends, they are all smarter than me. If I give us advice, maybe they already"
561,00:42:29.020,00:42:33.470,Nome: they already know how to solve it. But to just just give me
562,00:42:34.436,00:42:38.353,"Nome: just get just just want to share their emotion, you know."
563,00:42:39.000,00:42:39.710,Irene: Yeah.
564,00:42:45.450,00:42:46.510,Nome: Hmm.
565,00:42:48.280,00:42:52.000,"Irene: And just like, or we can try to"
566,00:42:52.953,00:42:58.019,"Irene: split our tasks into smaller, more manageable steps."
567,00:42:58.680,00:42:59.370,Nome: Yeah.
568,00:43:00.210,00:43:03.539,"Irene: Yeah. And we can focus one thing at a time, and"
569,00:43:03.840,00:43:07.229,Irene: it will make us for feels less overwhelming.
570,00:43:08.970,00:43:10.519,"Nome: Hmm, yeah, that's true."
571,00:43:19.230,00:43:21.930,Jinchi LIU: So anyone have ordered
572,00:43:22.020,00:43:23.310,Jinchi LIU: otherwise.
573,00:43:33.240,00:43:35.080,"Tiffany Qian: Well, I think"
574,00:43:35.150,00:43:41.690,"Tiffany Qian: whenever we face the stress, just do it. Get yourself busy, and you won't forget anything."
575,00:43:42.260,00:43:48.070,"Tiffany Qian: Just focus as Irene just said, just focus on one thing and"
576,00:43:48.560,00:43:52.100,Tiffany Qian: and be prepared and get yourself busy.
577,00:43:52.220,00:43:53.569,Tiffany Qian: and all the things will
578,00:43:53.740,00:43:55.850,Tiffany Qian: be done effectively.
579,00:43:57.690,00:43:58.380,Irene: Yeah.
580,00:43:58.840,00:43:59.630,Irene: Yep.
