Start,End,Text
0.04,1.66,"Elda: About the the question."
3.53,9.199,"Elda: I'm just trying to type out the the question. So everyone is clear where we at."
9.2,10.52,"Bryan Chen: Right? Okay."
10.75,17.41,"Shunto: Okay, if if it's okay, I let me talk fast about this topic."
17.41,17.97,"Bryan Chen: Yeah, okay."
18.379,31.9,"Shunto: Yeah, this topic, I think this topic is something very deep, you know, like how like in the production of time. And I think if you discuss about this like, we cannot avoid"
32.36,41.29,"Shunto: talking about like a theory of relatively I I don't know how. I don't know how to say the English, but the theory discovered by the Einstein."
41.69,42.37,"Bryan Chen: So."
42.83,43.61,"Shunto: Yeah."
43.75,55.575,"Shunto: yeah, yeah. So like, it's also about the time. So I'd like the time, like, the flow of time differs from the each one's perception. So in other words,"
56.1,80.031,"Shunto: and like like it depends, like, if you think the time like, it depends like it depends on like the experience if you think the timer is going faster or slower. But I think that's 1 of the basic basic things the theory says. And"
80.57,88.115,"Shunto: yeah, I'm not sure if I can, I can rub it, rub it where? But"
89.53,99.09,"Bryan Chen: So what does a serious state, again, can you remind us, is like the time becomes slower when you travel in light year or fastest, or something like that. I can't remember exactly."
99.09,110.64,"Shunto: Oh, yeah, I I don't remember exactly. But the way that the 1 1 of the basic thing is like, basically the our time perception depends on the experience. So if you want to,"
111.486,125.389,"Shunto: if you like, the experience, maybe like the times, you feel the time slower, and if you feel like the experience is like bullshit. Maybe the time I I don't know. Maybe maybe it's the opposite. I I forgot."
125.39,125.94,"Bryan Chen: Games, and."
126.378,142.62,"Shunto: Exact thing, but basically like, but if you like, if you like, or not like, if like affecting the our perception of the time, so that's that's 1 of the thing. It's it's saying. And yeah."
142.62,148.64,"Bryan Chen: No, you say like, if you like, the time it goes up, then, if you don't like the time, it will go slower. So, for you."
148.64,152.29,"Shunto: I forgot which one is which. But basically, that's that's not the."
152.29,152.78,"Bryan Chen: Okay."
152.78,182.26,"Shunto: Yeah, so like, it's very like vague. And it's very, you know, depending, each depending on like each individual. So like, I, I like, I cannot say like time for it. What is time for like? How we can speed up, or how we can slow it down? Or but yeah, I don't know. I mean, I think, like it. It depends on like the our brain like it. It heavily depends on our brain."
182.26,187.03,"Bryan Chen: What about for yourself? What was the longest moment in your life?"
187.45,190.7,"Shunto: Longest moment. It's very."
191.14,196.2,"Shunto: I got a question like, Okay, like, when when I went to Colorado"
196.585,210.484,"Shunto: Colorado, actually, I I tried weed there because it it's legalized that. I think, like, this kind of things can break our type of perception. But I think it has like some kind of that function"
210.91,222.95,"Shunto: like. So like, my point is like, we can break. We can alter our perception over time. But chemically, that's that's a that's how I"
223.76,224.505,"Shunto: perfect."
225.25,226.03,"Bryan Chen: Okay."
226.17,226.97,"Shunto: Yeah."
228.94,229.615,"Bryan Chen: Right."
230.29,240.559,"Shunto: Yeah, yeah, if you feel uncomfortable with this topic. But I think I think it's a very related one."
240.97,244.659,"Bryan Chen: The experience while you were travelling in Colorado was."
244.66,245.34,"Shunto: But."
245.46,248.94,"Bryan Chen: Was a very special and new experience, and."
248.94,249.76,"Shunto: Yes, exactly."
249.76,251.34,"Bryan Chen: That moment were longer."
251.34,252.46,"Shunto: Yeah. Yes."
253.02,254.18,"Bryan Chen: Okay."
254.18,254.92,"Shunto: Yeah."
255.66,264.56,"Bryan Chen: Cool. Anyone else want to contribute any? You want to say something I thought you raised. Oh, Jessica, was it Jessica or any?"
265.496,266.87,"Bryan Chen: Was it?"
267.31,269.84,"Bryan Chen: Okay? I think I saw Jessica."
270.96,274.539,"jessica: Oh, oh, Emi, wanna go first.st I'm okay."
275.37,276.06,"Bryan Chen: Okay."
278.481,294.29,"Annie: Okay, I'll go first, st though I think time is a valuable thing, and it's also fair to everyone, because every single day only has 24 h, and every person. They only have 24 h to do the thing they want to do, and"
294.44,303.81,"Annie: time is especially fast. When I spend time with people I love. For example, when I was. I'm now in"
304.351,312.379,"Annie: in the Uk. But when I went back to Taiwan I only went back for 2 weeks, but it feel like only 2 days, and"
312.59,318.33,"Annie: every day that I enjoy my time with my friends, my family. It feels like"
318.59,321.52,"Annie: the time. Just fly with our conscious."
321.89,336.94,"Annie: And so another time that I feel the time goes faster is when I growing up. So before I get into college, I feel like I always have a lot of time to do things."
338.05,358.79,"Annie: Including, like non important things, like playing video games or just doing nothing whole day. But after I got into university and started to study harder, do internship part times, then time just fly, and 4 years just gone without any conscious."
358.95,361.499,"Annie: Yeah, that's basically my opinion."
362.03,370.719,"Bryan Chen: Right, so so do so. Do do you feel like time flies when you? It sounds like time flies when you are experiencing something positive."
372.64,383.659,"Annie: Yeah, I would say so. Basically, whenever I'm enjoying or really doing something, then I feel like it goes very fast."
384.1,394.41,"Bryan Chen: Okay, cause I I think, like when Shonto mentioned her experience, his experience, he say, when he was traveling in Colorado, he feels the time was longer. Was it shorter or longer? Yeah."
394.41,396.7,"Shunto: Longer, basically."
396.7,401.609,"Bryan Chen: Right. So like some people feel happy. Moment, you know, faster. And some people."
402.4,407.331,"Bryan Chen: More, more in person, memorable. And then it's longer. Yeah."
407.78,413.025,"Shunto: Oh, that's true, I mean I it depends on the experience to be honest."
413.4,413.88,"Bryan Chen: True. Yeah."
413.88,414.7,"Shunto: Yeah."
415.25,418.61,"Bryan Chen: Yeah, okay, so what about you? Jessica?"
419.1,423.619,"jessica: Okay for me, my experience, I would say"
423.76,436.769,"jessica: so when I do something I like, for example, the job. I used to be a pastry chef. So when I do the something I like, I feel like the time pass really fast. So it's I think it's called float."
436.81,457.914,"jessica: So you were more into like, really focus the thing you like to do. So I don't really realize the time passed, and after I changed to the office job. So I every time the thing I'm not really like to do so every time we feel like. Oh, now it's 10 Am. 12 pm. And 2 pm, so not not the moment for me. Time"
458.44,465.48,"jessica: times really slow down. So I do realize. So if you do something you're passionately the type"
465.51,468.66,"jessica: like pass pass fast."
468.66,469.23,"Bryan Chen: Okay."
470.87,483.05,"Bryan Chen: Interesting cause. I, there were also, yeah, yeah, so definitely, people were quoted like you are in the zone when you self. So, for example, some artists, when they are very focused in creating a new art."
483.09,500.92,"Bryan Chen: they just like a few days, just fly back, fly by, and then they just like. Oh, I completed my work, and already there was a, you know, a few days already passed, but there were also some artists. There were, for example, like a pianoist right when they were playing playing piano. They feel"
500.92,523.01,"Bryan Chen: the whole world just pose, and then every every brave is, you know, like frozen. It's like it's at the moment this reads there and then everything become in slow motion cause they were so focused and they knew every detail where I'm very critical. I don't know. I still how people's perception and experience on time can vary so much."
523.21,523.905,"Bryan Chen: Yeah."
526.8,528.04,"Bryan Chen: yeah. So"
528.29,531.039,"Bryan Chen: how do I wanna contribute some dumping."
533.073,533.94,"Elda: Me, yeah."
534.22,535.54,"Elda: I'm sure."
537.88,548.3,"Elda: yeah, like, I agree to what? Jessica just shared that when you're focusing on something that you you know, really, really, in the zone. And you're like."
548.32,552.18,"Elda: because you like it. So you concentrate it on"
552.5,556.28,"Elda: your energy, and then your focus is so on it. And that's when."
556.48,560.52,"Elda: yeah, when you realize it. And it's like, Wow, time already flew by. And"
560.66,563.499,"Elda: I also feel the same"
563.76,568.179,"Elda: in in that regard. So yeah, a lot of people say."
569.037,572.969,"Elda: when when you and enjoy like, when you're spending time with"
573.637,577.4,"Elda: people doing fun things and"
578.459,584.93,"Elda: time flies by quickly. But for me I I feel that kind of saying is more"
586.71,596.069,"Elda: like I want to have longer experience of. I I wish I could have that moment continued, instead of"
597.24,606.469,"Elda: yeah, like, how? How should I put it? Like the time? Yeah. The time didn't fly by when I'm enjoying doing something. But it feels more"
606.5,609.739,"Elda: for me at the end of the day. I wish I could have"
609.94,611.82,"Elda: much more time."
611.95,626.98,"Elda: Kind of I wish the moment can stay this way for much longer, so I can continue this happy day. This happy day can can extend to what maybe 30 h, or 40 h."
626.98,627.49,"Bryan Chen: Right."
627.49,631.699,"Elda: And that kind of emotion of Oh, I wish I had longer time."
632.18,636.469,"Elda: Is how I would describe closer to the the feeling of"
637.58,641.96,"Elda: yeah, the the the time flew by. But of course, the time"
643.98,651.509,"Elda: yeah, the time is, it feels faster, I I guess. Yeah. Anyway, yeah, that's how I that's how I feel!"
652.39,653.18,"Elda: Yeah."
653.18,661.279,"Bryan Chen: I think any mention a very important thing is like she feel time is something that's valuable. It's like a money right? And then"
661.35,668.579,"Bryan Chen: like how you invested. What what do you you, how you use it? And you will possibly get you know"
668.65,679.92,"Bryan Chen: how you oh, how do I rephrase it? You get? Why, you you get what you invested in. Right? So yeah. So you invest that into certain thing that you want or certain"
679.97,689.259,"Bryan Chen: kind of title thing, drain or goals that you want, and you will get some return directions right?"
689.63,695.87,"Bryan Chen: And our second questions, in this discussion is about time management. But."
695.87,696.5,"Shunto: Hmm."
696.5,699.868,"Bryan Chen: But I guess, like traditionally, people typically"
700.74,725.269,"Bryan Chen: think about time management, internal efficiency. So how do you manage your time? Well, to achieve your your work or achieve your study. Da, da, but I guess I but I guess, like you need to have a go. And what what do you define success before you define if you before you approach. What is time management? So if your if your goal is to."
725.53,749.589,"Bryan Chen: you know, achieving your study achieving, you know, achieving your work, and maybe like, just say, aiming for efficiency might be might be your thing to do, but they are also different angle and a different perspective about thinking about time management. So like, for example, like, instead of thinking about how many thing you have down in the checklist from the box."
749.7,753.13,"Bryan Chen: and another perspective would be thinking about"
754.22,760.019,"Bryan Chen: thinking about like. How many, how many moment? How can you have"
762.11,766.669,"Bryan Chen: As many moments as possible to be remembered"
766.84,770.27,"Bryan Chen: tomorrow or or one week after."
770.39,785.16,"Bryan Chen: I think it's kind of different thinking rather than rather than taking the boxes. Say, okay, I have. I have done, you know, task one task. BI have done my homework. You might take all the boxes, but like after one week, when you're trying to remember. What did I do on that day?"
785.16,806.469,"Bryan Chen: There were probably some nothing that's really impress you, or nothing that you can remember. But another way I was thinking about approaching time. Management is like how to make your everyday how to leave your time. How do you kind of like, manage your day so that maybe sometime in the future you can still remember the moment you currently live in as in a second different angle. Okay."
806.47,808.749,"Elda: It's like asking like."
809.04,812.139,"Elda: oh, how was what? What were the highlights of your your week."
812.14,813.45,"Bryan Chen: Yeah, yeah, how do you."
813.45,818.429,"Elda: So after a week later, yeah, what did you do last week? And what were your highlights?"
818.49,822.28,"Elda: And the 1st things that come to mind, I think, would be"
822.29,824.48,"Elda: kind of what you're trying to say right."
824.48,825.849,"Bryan Chen: Yeah, yeah, so like."
825.85,826.32,"Elda: And."
826.32,836.32,"Bryan Chen: In skills like, if you talk about time management, I guess like, people will say, Okay, you can create like checklist. You can create a lot of plan or whatever to improve your time. Efficiency."
836.51,837.669,"Bryan Chen: Yeah. But"
837.79,844.94,"Bryan Chen: for me, that's personally, that's not the most important thing I mean for my boss, maybe. But"
845.34,847.958,"Bryan Chen: yeah, so what's your people's? What's you guys view"
848.59,852.829,"Bryan Chen: and managements? Or how do you prioritize? What? How you use your time?"
854.975,858.649,"Bryan Chen: Pecky, would you like to say something."
859.99,870.489,"Peggy Lin: Yeah, sure actually, I'm doing the checklist things to remind me to do things actually, I feel in my life right now is"
870.73,873.52,"Peggy Lin: too comfy. And now"
874.03,877.719,"Peggy Lin: stay in a conflict area. Maybe like."
877.77,885.85,"Peggy Lin: Okay, I'm have a good life. And what should I do for next? So I'm very ready to achieve my goal."
886.42,890.28,"Peggy Lin: So I just write down the things I want to achieve most."
890.44,903.46,"Peggy Lin: And actually, I'm very suck at time management. So I do write down plan and just try to take a len every day to make sure. Okay, I'm done something I want to do, not just like"
904.15,908.3,"Peggy Lin: chill and do nothing. Just a rot."
908.34,909.36,"Peggy Lin: Yeah."
910.23,913.369,"Peggy Lin: Oh, help me, but I'm thinking"
913.41,915.5,"Peggy Lin: you you cannot have"
916.05,932.99,"Peggy Lin: like every day is meaningful. Obviously you can have some day. You are really lucky, and you have you done very meaningful things and you quite like it. But sometimes because it's a long time ago, like learning language, I'm learning Japanese right now, so"
933.52,941.38,"Peggy Lin: you can't just remember every every day what you learning. But after maybe a month, 3 months, you"
941.45,949.73,"Peggy Lin: definitely improve the it's just. It's a long term goal, not like every day. You can remember what you have done."
949.96,951.2,"Bryan Chen: Yeah."
951.58,959.11,"Bryan Chen: I think that's a good point of view, because they are definitely something that you have to contribute or per effort consistently to achieve"
959.28,970.24,"Bryan Chen: rather than you are right. You can't make every day meaningful right? There are only that many days that you can remember to be meaningful, maybe in total, perhaps. Yeah."
971.11,971.77,"Peggy Lin: Yeah."
971.97,975.769,"Bryan Chen: But internal time, like making your checklist."
976.131,980.909,"Bryan Chen: Do you have any tips to create your checklist cause? Sometimes I feel like"
981.11,985.23,"Bryan Chen: my checklist doesn't work pretty well. Sometimes it doesn't."
985.83,989.83,"Bryan Chen: doesn't reflect a reality. Sometimes, like other is"
989.9,995.32,"Bryan Chen: 2 less items, or sometimes too many items. And then you still."
995.32,996.41,"Peggy Lin: All. Okay."
996.41,996.895,"Bryan Chen: Yeah."
997.38,1019,"Peggy Lin: Yeah, actually, I'm still not very good at life. But I'm thinking you can make last. Just try to choose most important thing you want to do in those days like for me, I think I choose 3 or 4 things I really really want to achieve. So I only list of less things, but other things I just"
1019.1,1021.87,"Peggy Lin: put it aside and"
1021.9,1027.42,"Peggy Lin: we have time. We'll just repeat, but I want I just chose the most important thing right now for me."
1027.93,1031.3,"Peggy Lin: And also I dumb"
1031.65,1032.45,"Peggy Lin: like"
1033.13,1039.59,"Peggy Lin: geography, so graphic. So yeah, so I take land, and I"
1039.74,1049.949,"Peggy Lin: feel always different color. So when I look back and I feel a lot of color in my schedule. I feel, okay. I've done a lot of things which is"
1049.99,1052.629,"Peggy Lin: very great to me, because I can see"
1052.79,1057.27,"Peggy Lin: different color, my schedule not colorful, nothing like that."
1058.17,1059.43,"Peggy Lin: My personal."
1060.09,1065.979,"Bryan Chen: Hmm, that's interesting. Yeah, color. And also visual aid does help. Yeah."
1065.98,1066.82,"Peggy Lin: Yeah."
1067.81,1074.905,"Bryan Chen: Cool. Amy, do you have any tips to time management? I know you are a busy person as well."
1075.96,1077.599,"Bryan Chen: Oh, very, cap planning."
1078.47,1081.96,"Amy: It's a lot."
1082.2,1084.679,"Amy: Hello! Oh, very noisy."
1085.12,1087.09,"Bryan Chen: Oh, you're big. One. Yeah."
1087.97,1089.179,"Amy: Is that all right? Yeah."
1089.421,1091.11,"Bryan Chen: It's currently it's fine. Yeah, it's fine."
1091.11,1091.88,"Amy: Okay."
1092.02,1101.589,"Amy: So I think I am really bad at time management and as well. And I used to like I would have like a quite a straight schedule like"
1101.62,1107.43,"Amy: 8 o'clock I will wake up 9 o'clock. I will start to do something 8, 10, and 11"
1107.6,1118.8,"Amy: better tech schedule. But then, after a day I found out, okay, I only made maybe 3 3 tests. So that's like coordinates will make the whole"
1119.02,1131.38,"Amy: like a half schedule. So then I switch to, I think what right now works best for me is I try to not manage time. I try to manage my energy."
1131.75,1132.14,"Bryan Chen: Okay."
1132.14,1143.449,"Amy: Well, like, yeah. So like, for example, before afternoon, I probably feel more like something need creativity. And like they need more in output."
1144.59,1153.8,"Amy: and I deal with negative potential. And then afternoon, because I think my energy probably, you know, still, from like a half, or"
1153.8,1178.009,"Amy: you know, not much energy to do this, to think about different things. Then I will. I will sweep to like a routine daily, pass nothing. I need to use my brain to think too much. And then in the upper in the afternoon, in the even then I would do like studying or reading or watch some informative Youtube video, I'd like to watch."
1178.09,1187.039,"Amy: So now I switch to this title. You know, no more time management. And I feel for me because I'm not this"
1187.27,1193.659,"Amy: not disappointing person? I am not good at Matching with a plan. I planned it"
1193.69,1207.909,"Amy: so now I feel better, because people always like I always like myself. Why, I made a plan, but I never stick with it like what the hell I'm doing like what's wrong with me. So now I'm happier, definitely."
1208.584,1230.44,"Bryan Chen: I think that's a very nice point cause. I also have a similar view. So like, so you say, you categorize your different activity based on different energy level. And so I have this kind of approach which I call like the steak systems. So so it's like, you know, the steak."
1230.44,1231.29,"Amy: What's up?"
1231.29,1237.62,"Bryan Chen: Yeah, so it's like a beef. Right? So a beef. You have different label, different gray of meat. You know some part of your."
1237.62,1238.52,"Amy: Wow!"
1238.52,1263.239,"Bryan Chen: You have eye filler, you have round steak you have playing some lower level. Some lower level meat, right? So if you if the butcher they killed a cow, they divide the meat into different gray and different categories, right? So it's like our 24 h, so you can divide certain hours as like a high quality hour, certain hour of like low quality hour."
1263.24,1273.019,"Bryan Chen: and then you can also divide, categorize the tasks that you need to do so. So some tasks require maybe more creativity, and then you probably want to assign those"
1273.11,1291.81,"Bryan Chen: high quality hour for those high creativity. Tasks. And then there are also some, you know, some hours like you are your brand. You cannot speak. You are just 2 type of speaking. You can just like, do some online courses, online classes because you are just listening. And there are also something that just like doing, repeated Job. Like, you know."
1291.81,1307.041,"Bryan Chen: marketing students, assignment, for example, and then I'll just like, do that in the evening, when my brain cannot worry, and I use that those just to exchange those low, level quality time for money. Yeah. And then, I guess, like for me, beside"
1307.44,1317.78,"Bryan Chen: dividing and into different grade. I also try to divide in and into different blocks as well. So cause I feel like, if I assign one task with"
1317.84,1321.199,"Bryan Chen: to with a big block, let's say 4 or 5 h."
1321.23,1337.129,"Bryan Chen: I will have that false perception. I feel I have a lot of time. So I become very lazy and unconcentrated, and just like, you know, waste a lot of time, because I my my brain is thinking that I have a lot of time. I have to have a 3 or 4 more hours, so I I feel like the best"
1337.18,1347.87,"Bryan Chen: length of the size of the time. Time block is probably 90 min. That's it also. You don't want it to be too short, like 20 min, because you also need some time for the transition between different tasks."
1347.93,1362.07,"Bryan Chen: and probably you need 10 to 20 min to transition. Say that transition your mind from one context to another context. So I think like, 90 min will be the right size of the block to do some progressive work. Yeah, that's my point."
1362.07,1362.72,"Amy: Risk."
1363.25,1367.3,"Bryan Chen: Personal taste. Like state grading system, we block kind."
1368.144,1375.24,"Amy: I'm wondering how many people know and the use about the tomato car management. Do you have like"
1375.865,1381.92,"Amy: like you? You timer your test in like a 25 or 20 min."
1383.51,1384.95,"Amy: Oh, sorry."
1384.95,1385.87,"Bryan Chen: Questions."
1385.87,1389.989,"Amy: Tomato tomato. I'm management."
1389.99,1392.949,"Bryan Chen: What is that? Do you? Can you share that? What's tomato? 10 min."
1392.95,1393.715,"Amy: So"
1395.7,1398.027,"Amy: can anyone do it?"
1398.61,1399.19,"Peggy Lin: Oh, yeah."
1399.19,1403.179,"Amy: Yeah, yeah, I put it on technical. Thank you. Lovely."
1404.27,1408.709,"Peggy Lin: Yeah, I know. I know that though I'm very spotty, is not tomatoes"
1408.75,1413.81,"Peggy Lin: promote rules like you. I don't remember the time I"
1414.22,1416.669,"Peggy Lin: was one to try the I haven't"
1417.35,1421.22,"Peggy Lin: like. You will have 25 min before."
1421.22,1421.86,"Amy: Yes."
1421.86,1428.76,"Peggy Lin: And by all 10 min relax and go to next circle. It's a circle. You have"
1428.78,1433.12,"Peggy Lin: very focused time and relax time and focus time. Relax time."
1433.46,1442.11,"Amy: Yeah, so you have your timer. Yeah. So you constantly switch on and switch off. And it's gonna somehow help you to be more effective."
1443.36,1447.85,"Bryan Chen: Okay. But isn't 25 min too short. What can you do in 25 min."
1448.72,1457.91,"Amy: I don't know a short task. I think if there's somebody, because I think the 19 min sometimes is more for, like a big worth, big work."
1458.18,1458.76,"Bryan Chen: Okay."
1458.76,1464.249,"Amy: It wasn't fine. But if your test, it's not that, you know it's not that"
1464.28,1469.34,"Amy: it'll be like the 25 min and through the email. And then you switch to next call"
1470.18,1478.459,"Amy: somehow like that. So nobody try any like time management, you know. You know food, or you know any matter."
1478.46,1480.58,"Bryan Chen: Okay? Well, interesting."
1480.9,1486.04,"Bryan Chen: Yeah, yeah, maybe just find your the best interval that suits you, I guess. Yeah."
1488.03,1507.26,"Bryan Chen: any. Do you have any tips for your how do you manage your time for your study, or even like now you're working for Job, I mean looking for a job right? So you probably have to kind of like balance between job hunting and maybe learning, new skill, preparation for this document, or whatever. How do you manage your time?"
1508.33,1518.789,"Annie: Well, to be honest, I used to be a very well planned person, that I will list everything I have to do in the day. But recently, I just"
1518.88,1546.18,"Annie: find out that many things are not under your own control. For example, finding a job in a foreign country, it sometimes more depends on your lot. So it's not like, if you plan for those kind of thing, then you can get a great result you want at a date you planned so recently. I don't really plan a lot. But back then, when I was studying, I always"
1546.881,1556.799,"Annie: make a list on what I should do in that day, so I know before the day ends. I have to finish all kind of thing."
1556.8,1557.27,"Bryan Chen: Hmm."
1557.27,1560.35,"Annie: And it's similar to others."
1560.74,1565.389,"Annie: Time management solution. So that's nothing special on my case."
1565.83,1566.55,"Bryan Chen: Right."
1567.218,1573.449,"Bryan Chen: I guess I maybe not specifically planning. But I guess that you have the point that sometime, maybe"
1573.894,1578.99,"Bryan Chen: light is at a stage that's too dynamic to plan everything ahead."
1579.08,1584.76,"Bryan Chen: But how do you make the best of time? I think that's probably a better question to ask."
1584.79,1587.429,"Bryan Chen: How do you make the base out tone currently."
1587.857,1595.119,"Annie: Currently, I just have some ghost that I try to reach every single day. For example, I"
1595.43,1608.809,"Annie: try to learn German in the morning, and I apply for Job in the afternoon, after the application, I'll go on a short walk and cook for dinner. But there's no like specific goal that."
1608.85,1622.72,"Annie: for example, that, like I should learn German for 4 h, or something like that, I just feel how much I want to do. So I just do that. So there are not specific goals for everything."
1624.44,1627.556,"Bryan Chen: Sounds pretty well balanced. Live?"
1629.33,1638.523,"Bryan Chen: Yeah. How about your son? Do? How do you are you do? Are you a very do you manage your time, or do you just like let it go."
1638.97,1642.057,"Shunto: I'm worth optimizing time."
1644.2,1651.46,"Shunto: I mean, I mean I I my account management skill is"
1652.15,1653.83,"Shunto: whoa"
1654.46,1674.32,"Shunto: bad super bad, which means like I I will Miss Deadline, or I will. I also like being late for some kind of things. And yeah, that's that's my most challenge I need to face. And"
1675.02,1683.259,"Bryan Chen: What about Japanese perception of time? Is there like a culture scene that Japanese tend to manage their time plans in their head?"
1683.64,1705.465,"Shunto: Yeah, I think Japanese, I think it's very important to think about things. I I think, like, it's a, it's a very global thing, especially in the Western culture countries. But we we, for we put priority on that. And that's why I feel like or I. I sometimes struggle with walking."
1706.08,1706.993,"Bryan Chen: Oh, okay."
1707.45,1708.676,"Shunto: Yeah, yeah."
1710.4,1722.02,"Bryan Chen: Okay, anyone else have some tips to share about time management. I think we have count good discussion so far. Oh, Jessica, you wanna say, something. Okay, go ahead."
1723.047,1747.389,"jessica: I just wanna share this multi to help me can to focus for when we want to learning or study something, is that because our brain so easy gets distracted by other things. So maybe it's a similar like the the the previous negative time manager. So you can every time 2024 min to 25 min. You can go to take a break, then ask"
1747.39,1752.87,"jessica: and come back to continue to focus, because can refresh your brain."
1752.87,1753.62,"jessica: Brent."
1753.74,1755.08,"Bryan Chen: Here it is!"
1755.08,1761.739,"jessica: So it's like a smartie for me to focus on my study like that."
1761.74,1768.87,"Bryan Chen: But I feel sometimes, once I get relaxed, I become very. It become very difficult for me to go back to work."
1768.87,1773.899,"jessica: Yeah, you get excited, and I go back to play a little bit fun, and maybe 10."
1773.9,1774.83,"Bryan Chen: Yeah."
1774.83,1775.9,"jessica: In time. Part."
1777.02,1777.83,"jessica: yes."
1777.83,1780.429,"Bryan Chen: Well, recently, I've become so"
1780.68,1787.149,"Bryan Chen: distracted by my phone and so inefficient. But yeah."
1787.34,1807.33,"Bryan Chen: I think that's good tips. Thanks, Jessica. Now, I can probably also go to the next question. I think next question is kind of describing a different perspective of time is, the next question is about, what does a what, what role does time play in shaping our memory"
1807.35,1813.999,"Bryan Chen: and our sense of identity? I guess I maybe discuss this discussing our sense of identity is a little bit too"
1814.11,1815.6,"Bryan Chen: difficult. But"
1815.79,1820.89,"Bryan Chen: but I guess it doesn't have to be identity. It can be like relationship, or it can be a feeling."
1820.97,1824.451,"Bryan Chen: So cause. So, for example, I some people will say"
1825,1830.54,"Bryan Chen: after like moving overseas say in New Zealand, for example."
1830.6,1841.729,"Bryan Chen: I still see some people, even though they have been states living in that country for many, many years, they still don't quite fit in. They still don't feel that identity."
1842.24,1856.289,"Bryan Chen: and also in like human relationship. Sometimes you 2 people, they might know each other for more than 10 years, but they are still. They still don't know each other quite well, there's their relationship is still not quite close."
1856.45,1864.12,"Bryan Chen: and but like in the opposite side, there were also people who only know each other for a few days, and then they feel like"
1864.42,1869.68,"Bryan Chen: they have known each other for a very long time. They just become suddenly become a close friend."
1869.76,1875.61,"Bryan Chen: So so do you think what what roles do? Does time play? And do you have those moments that"
1875.93,1879.989,"Bryan Chen: sometime you feel time? Maybe time doesn't really matter."
1880.22,1883.669,"Bryan Chen: So what what do you guys think, what's a what's a"
1883.86,1897.899,"Bryan Chen: row of time? Is it necessary? Is it not necessary for relationship, for feeling, for identity? Those kind of, you know, deeper. The the deeper thing that like define ourselves, I would say together."
1899.093,1902.27,"Bryan Chen: Ldad, would you like to share something on that."
1904.16,1905.02,"Elda: Sure."
1906.63,1910.8,"Elda: I think in in Japan. In there is a common phrase."
1910.91,1912.8,"Elda: like."
1912.9,1927.459,"Elda: which is quite like. Now, if I think of about it. When I literally translate it to maybe Chinese or English, it would actually sound a bit strange. It's the phrase, when you finish like"
1927.931,1945.61,"Elda: when you go out, hang out with your friends, and at the end of the day you will send a message to whoever the friend or friends that you hung out with that day, and you would say, Thank you for the happy day today. Thank you for the happy memory today."
1946.42,1953.269,"Elda: And that's like a really set phrase when you're like, especially hanging out with someone the 1st time."
1954.02,1960.64,"Elda: And I thought, that's really nice, like, it's really nice thing to to say, and even be said to"
1960.88,1967.909,"Elda: and be like. Oh, thank you for the happy day, of course. I I would love to spend the time with you. But"
1968.02,1976.969,"Elda: we don't normally say that in Taiwan, when you hang out with friends or or even in Western countries, when you hang out with friends. And"
1977.45,1978.79,"Elda: and you say, Yeah."
1978.89,1985.769,"Elda: things for today was like, really awesome. It was like, really cool, really fun. But you wouldn't like thank the other person."
1986.05,1987.27,"Elda: or like"
1987.31,1990.82,"Elda: specifically for the happy time of the day."
1990.87,1992.349,"Elda: And that kind of"
1992.76,1996.692,"Elda: you know, after moving to Japan, that kind of made me"
1997.27,2005.769,"Elda: yeah, be more aware of. Yeah, of course, we are making this memory together, like, by spending time with someone."
2005.94,2009.78,"Elda: We are making memory together with that someone."
2010.06,2013.451,"Elda: And that's especially true, like"
2014.26,2024.08,"Elda: especially in the team in a group environment like at school. Events, you know, when you team up with other classmates"
2024.456,2029.89,"Elda: and at the end of the year, when you have to say goodbye because you you have to go."
2030.09,2039.82,"Elda: be allocated to other classes. It'll be like, oh, so sad! Because we shared so many memories together. We we were a team."
2039.96,2042.259,"Elda: And now we can't be together."
2042.36,2044.75,"Elda: So I think definitely, time"
2045.45,2053.51,"Elda: that plays a role in in shaping, not just shaping our memories, but also forming our memories. With one another."
2053.81,2057.27,"Elda: Yeah. And for sense of identity."
2058.03,2061.27,"Elda: I'm gonna leave it to other people to answer."
2062.162,2068.949,"Bryan Chen: Okay, interesting. So so you feel like, like, it's the fact that someone"
2069.409,2087.649,"Bryan Chen: invest because we previously, we mentioned that we can potentially consider time like something that's valuable, like money. So some someone who invests or contribute their time along with you. That's already a sense of commitment and dedication. And then that's purely just by that is, a"
2088.009,2088.959,"Bryan Chen: people"
2089.259,2091.059,"Bryan Chen: shirt like appreciate."
2091.48,2103.09,"Elda: Yeah, exactly. They could have used that time to do something else. But instead, they chose to spend that time with you. So I thought, that's yeah. That's something to to be thankful for. Absolutely."
2103.752,2119.869,"Bryan Chen: I don't know, cause I I feel like in Australia. We also say similar thing as well when we, especially in the 1st few meeting when you hang out with someone, mostly in romantic date. But I I think it's not limited to that. But yeah."
2119.9,2124.94,"Bryan Chen: okay, we can, we can move on to the next persons."
2128.1,2134.159,"Bryan Chen: Peggy, do you have anything you would like to share like? What do you think the roll up time to shape our"
2134.24,2136.469,"Bryan Chen: personal feeling? Or, Yeah."
2138.38,2146.429,"Peggy Lin: I don't know, actually. But I'm thinking maybe time is not that important in our in the relationship."
2146.88,2149.009,"Peggy Lin: like, if you just do"
2149.04,2154.07,"Peggy Lin: the sensing every every day and meet some people talk about sensing you."
2154.33,2162.459,"Peggy Lin: You wouldn't know more about them. But if we you guys have some deep talk or"
2162.47,2177.539,"Peggy Lin: more. Some accident happen, and you will see the people active, different when let's some emergency thing or some incident happen, and you will know them better. But if they just"
2178.06,2179.3,"Peggy Lin: Russian"
2179.35,2181.63,"Peggy Lin: the sensing every day."
2181.85,2187.699,"Peggy Lin: And it's no matter you just made in one day or 10 years, just like I said."
2188.2,2188.98,"Bryan Chen: Hmm! Got it."
2188.98,2192.009,"Peggy Lin: Your 2 are not touched to each other."
2192.43,2195.36,"Bryan Chen: Right? Right? Yeah, I, I,"
2195.38,2196.94,"Bryan Chen: yeah."
2197.84,2199.389,"Peggy Lin: But I think usually"
2200.16,2203.559,"Peggy Lin: people will, knowing better"
2203.84,2210.41,"Peggy Lin: when time flies. Because you guys have new topic and new things to come about."
2210.66,2211.16,"Bryan Chen: Hmm."
2211.16,2212.42,"Peggy Lin: Something like this."
2213.31,2226.769,"Bryan Chen: Yeah, I can definitely resonate with you. I can definitely echo you because I I think I think, especially in relationship, like in the back to our 1st question, When do you feel"
2226.78,2235.519,"Bryan Chen: slow? Time flies slower, or time goes by. Faster. I, I feel, is in the beginning of a relationship like"
2235.59,2248.05,"Bryan Chen: I. I feel the time is slower when you don't know each other, and then when you become closer, you know this person more and more, and there were more event event happened before you, and that person's"
2248.898,2255.129,"Bryan Chen: you definitely feel like cause. I have this experience like I know someone. And in the 1st 3 months."
2255.2,2280.3,"Bryan Chen: and there were so many things happen. And because of those things we know like, I think, like Peggy say, it's probably not just the lane of time, but it's also about what event or what incidents happens, because in that 3 months we, because of some incident we know each other. Much, much better. But that 3 months feel very, very long, like a year. But but when I think that it was only just 2 or 3 months."
2280.36,2283.88,"Bryan Chen: But then, later, after the relationship becomes stabilized."
2284.454,2293.685,"Bryan Chen: The type, the the time feel much, much faster, just like, you know, because our relationships are already stabilized, and there were nothing really."
2294.22,2298.33,"Bryan Chen: nothing. That's, you know, super super new happen between us."
2298.34,2304.209,"Bryan Chen: So yeah, maybe I think maybe sometime it's not just a time time, I think, the length of time it just"
2304.81,2311.619,"Bryan Chen: the soil on to make something that's part. Just provide a possibility for something to happen. But"
2311.68,2321.3,"Bryan Chen: the more important thing is probably like, whether you guys have experience on events or something together. Yeah, yeah, I think that's a very good point from Peggy."
2323.41,2325.741,"Bryan Chen: Any! Do you have any thought."
2328.15,2329.894,"Annie: Oh, it's me again!"
2335.57,2339.129,"Annie: I really don't know how to answer those questions."
2339.13,2346.159,"Bryan Chen: Okay, that that's totally fine. Yeah, just like, so this question is just like, Where do you think time is necessary for"
2346.19,2349.71,"Bryan Chen: like relationship or self identity."
2350.06,2352.72,"Bryan Chen: those kind of something that define yourself."
2355.4,2355.97,"Bryan Chen: I know sleep."
2355.97,2356.59,"Annie: Like."
2359.45,2363.59,"Annie: okay, I feel like, we just grow with the time. And"
2363.81,2367.08,"Annie: and as you say, sometimes when you meet"
2367.34,2373.709,"Annie: people, you like it feels like time. Just fly by. That's what I feel as well. And another thing"
2373.9,2376.139,"Annie: kind of interest me is"
2376.19,2385.129,"Annie: is from Elta. She say people in Japan say, thank you for the day after you meet other people."
2385.3,2391.58,"Annie: and people also do it in the Uk and back in Taiwan. Before I"
2391.61,2401.4,"Annie: study abroad. I also do that to my friends. So I think it's more like a personality thing. So it doesn't really"
2401.52,2406.84,"Annie: like it's a it isn't really a regional thing, I guess."
2406.89,2410.32,"Annie: but I mean it's always nice that when you"
2410.62,2416.03,"Annie: show your appreciation for, like people spending time with you."
2416.48,2418.32,"Bryan Chen: Hmm, hmm."
2418.84,2423.589,"Bryan Chen: yeah, I think I totally agree with that. I also do that as well. Yeah, I think that's"
2423.65,2433.949,"Bryan Chen: like, after meeting people. And just cnn. Some small messages say, oh, so you have safely a ride home. Thanks for today, and we have a very good time together."
2433.95,2440.61,"Elda: Or or maybe that's just a Japanese thing like everyone wants to be nice to each other. So it's like."
2440.8,2443.139,"Elda: everyone says the same thing."
2443.14,2448.56,"Bryan Chen: I mean, they don't really. Actually, they don't actually enjoy the time. They will just like, say."
2448.907,2456.909,"Elda: I don't know, like maybe they're just trying to be polite. But this is, it's like the set phrase they they say, like"
2457.55,2466.379,"Elda: all the Japanese friends that I've met in my life. After hangout they would send a message, and they'd be like, Oh, let's meet again."
2466.6,2469.504,"Elda: But some people we never met again."
2473.23,2477.009,"Elda: But yeah, it's definitely the personality. Yeah."
2477.01,2481.859,"Bryan Chen: People say like, usually after you hang out with someone, do you send them short message? Say."
2482.75,2491.859,"Shunto: I think everyone said like, let's meet meet next time, like even even in English, every in every country. I guess we we have this culture right."
2494.31,2495.2,"Bryan Chen: Okay."
2495.32,2496.32,"Bryan Chen: yeah."
2497.536,2501.929,"Bryan Chen: Jessica, do you have anything would like you would like to share."
2502.482,2513.537,"jessica: I think the time had time flashing our memories like maybe at the moment you got a strong feeling, and"
2514.64,2533.86,"jessica: like, for example. In in, for example, everything. You have a a good thing or bad thing happening in in your day. But we our brain. We might choose the only remember the good thing, or only remember the bad thing, but the feeling of a a part of how can I say"
2533.94,2535.6,"jessica: after the"
2535.81,2539.28,"jessica: feeling? Maybe one week or one month after"
2539.41,2544.99,"jessica: the the feeling will different strong than the time you feel."
2545.16,2545.97,"jessica: Yeah."
2546.23,2556,"jessica: So maybe you in the moment you feel like this angry, but after maybe one month and one year you totally will feel a different feeling and memory."
2556.638,2561.859,"Bryan Chen: So it's like trying heal your wound. So something like that, like, how do you"
2562.31,2564.21,"Bryan Chen: and i'll like, make you"
2565.31,2577.52,"Bryan Chen: give you the relief. I think that's a saying of that. So but what? Why do you think time works that way? Why, your why, given more time? You can."
2578.26,2582.799,"Bryan Chen: and I'll be relieved from your pain or some bad negative experience."
2583.48,2598.399,"jessica: Even not only for the negative thing, even for some new, maybe the happy thing, and happened in the past like like a good memory. But I I think our brain will choose like by time you only"
2598.63,2601.839,"jessica: we're trying to remember the good"
2602.46,2604.15,"jessica: thing. Hmm."
2604.89,2614.259,"Bryan Chen: I think that you are a very positive person, because I know some people. They only remember the negative scene. They don't remember the the positive thing."
2614.26,2617.029,"jessica: The the time pass the the."
2617.1,2630.839,"jessica: for example, if I I do have something bad happening in the past by after 1 6 months, one year. Every time I come back to think and rethink just so definitely you will get re like legs drunk."
2631.617,2639.53,"Bryan Chen: Yeah, true. That's true. Yeah. So you cannot reduce the emotional intensity. Throughout time."
2639.59,2656.03,"Bryan Chen: I guess it's also partly, I think it's because, like during your life. You're also experiencing something else. And then, once you introduce more information into your memory, you cannot dilute that particular moment that you experienced a while ago. So yeah."
2657.31,2663.36,"Bryan Chen: cool. Yeah. So I totally agree. Time does help as to"
2663.39,2667.12,"Bryan Chen: alleviate ourselves. Our memory, or"
2668.53,2669.839,"Bryan Chen: good or bad thing."
2671.43,2677.04,"Bryan Chen: Cool. I think now we can move on to our next question. So"
2677.09,2679.06,"Bryan Chen: we want to also talk about"
2679.07,2682.27,"Bryan Chen: how does technology play"
2682.54,2686.39,"Bryan Chen: a part in kind of shaping our perception of time."
2686.44,2691.78,"Bryan Chen: Do you think, does technology help us to manage time better, or do you think."
2691.84,2696.489,"Bryan Chen: does it make us feel more rushed and overwhelmed in our life."
2697.34,2718.95,"Bryan Chen: Because if you think about it like one years ago, before even, maybe before the industry, industrial revolutions, the traveling time in comparison to now is much longer like people need to ride the horses and then to travel just a few miles, and there were no car, and there were the communications time, and"
2718.95,2739.309,"Bryan Chen: also very, very long, that you have to write a letter and everything just like much, much slower. And then without electronic, you also some people. They probably don't even have clock they have to rely on, you know, just by observing the sky, see the sunset or the sunrise to control their daily routine."
2739.37,2755.62,"Bryan Chen: So so I mean, definitely, there's some benefit part. But I guess, like this probably can also make us potentially feel rushing overwhelmed. So I just want to hear, maybe. Well, what do you guys think like, do you think our perception, our experience with time?"
2755.85,2760.979,"Bryan Chen: It's better because of technology or these things kind of make us more stressful."
2763.026,2765.26,"Bryan Chen: Shondo, do you want to"
2765.47,2767.009,"Bryan Chen: answer these questions?"
2767.22,2786.069,"Shunto: I think it has a pro sound calls, I mean because it brought like a bright slide over time, or maybe it brought our simultaneously. It brought our life a little bit like rushed, or maybe like more overwhelmed"
2786.59,2794.83,"Shunto: like in the process. We it has a pros of like, you know, like"
2795.61,2812.03,"Shunto: it provide us like it provided us a better time management, too. So like if you if you wanna manage time just only by paper and their pen, or just by brave your brain it. It has a lot of limitation. But"
2812.533,2832.12,"Shunto: like we might, we have like a computer or any kind of software which can help our time management a lot for our schedule, our schedule management, or whatever things the this, this is definitely the bright side of technology for like time, perception, or time management. And the dark side of this is maybe like"
2833.09,2857.479,"Shunto: it brought us more tasks. But I think I think it does that. That's a production of it. So for example, like a year due to the technology, we we we physically can like connect to the work in like a 1224 h. If you, if you, if you, if you really want to do you can. You can do it at risk, like, you know, physically. So"
2857.48,2867.93,"Shunto: so like this is basically definitely make make made our life more complicated. Or maybe, like we have, like a lot of entertainment content."
2867.93,2895.56,"Shunto: So like, I think it's like that. The amount of entertainment is now it's too much definitely. It's it's different. It's definitely it's definitely obvious from many, many people's view. And so like, we have Youtube or you, Netflix, or whatever. So like, if you want to check every journal, maybe you don't have enough time for it. So yeah."
2895.56,2901.495,"Shunto: it has like a bright side. And that's it. That's my opinion."
2902.15,2905.52,"Bryan Chen: Okay. I think that's a very concise analysis that you."
2905.52,2906.13,"Shunto: Yeah."
2906.13,2909.732,"Bryan Chen: You know the the bright side, and also the best side."
2910.09,2917.439,"Bryan Chen: I I do totally agree with you. So I I don't know where is I? I'm not sure whether it's a technology or not. But I feel like"
2917.7,2922.76,"Bryan Chen: modern life is much fast paced than yeah."
2923.247,2924.71,"Shunto: Space. Yes, yes."
2924.71,2933.679,"Bryan Chen: So, for example, I I have a few friends. They have waiting recently, and then 1 1 friends in Korea, and one friend in China."
2933.69,2937.669,"Bryan Chen: And then, when I heard that their wedding ceremony were only like"
2937.72,2965.53,"Bryan Chen: 2 h. And I was like, really shy. I was like, Wow, that's a life, you know, that's that's that's a once in a lifetime, memory. And then all their wedding ceremony, including dinner and all that. It's only happened in 2 h, and then, and they say it's because it's expensive. And then they have a the next group next wedding coming out scheduled right after then. So like. And then people were? No, because I was because my friend fried Bench in China just to attend her friend's wedding."
2965.88,2988.12,"Bryan Chen: and then and but she said, like the wedding only to only happen 2 h, and after 2 h, because I originally imagined they will stay overnight. They will have a drink to catch up with their classmate they were going to, I don't know. Do something fun like bachelor party, or whatever. But then, actually, everything just happened in 2 or 3 h, and people are back need to go back to work."
2988.62,3003.669,"Bryan Chen: The next day, even on in a weekend. So I was like shouting, Wow, that's waiting. And it only 3 h. Okay, so yeah, I don't know. So I'm not sure. Is that because of technology or just modernity in general?"
3003.77,3008.398,"Bryan Chen: Yeah, okay, 2 h questions."
3009.19,3016.36,"Bryan Chen: Jessica, do you have anything you would like to say? Do you think technology help us to experience time better or worse?"
3016.58,3032.029,"jessica: I think definitely, yes, technology have us, experience more. And compared with our maybe last generation, our parent generation, we got more resource and we can reach the our goal. Hmm."
3032.51,3043.749,"jessica: much better than our parent generation. But these are like like Paul and Paul, Paul and Chrome. So because"
3044.3,3064.33,"jessica: technology. Also, how is, for example, I'm in Australia now, and I can contact my family just back in Taiwan and all my friends around the world, maybe in Europe or in the U.S.A. But also another another thing I do read. I do read a news"
3064.33,3076.43,"jessica: for the next generation for Gen. Z. Because same side because they they they was born grow with this technology like social media. And"
3077.414,3088.249,"jessica: Facebook, Instagram Tiktok, but seems like they do feel more lonely than our generation. So I think, yeah, the social media, especially"
3088.47,3095.63,"jessica: the technology. I'm being used like social media, because social media completely changeable, not only for"
3095.67,3102.36,"jessica: in the beginning, just for connect to maybe your friend or family. But now it's more developing, for like a business."
3102.65,3124.59,"jessica: a lot of business behavior showing in the social media, especially Tito and Instagram. So more and more, it's like every day we open our phone, we connect to all of the world. And the more thing we receive. Maybe it's knowledge, or maybe advertising, but the more thing we receive, but we seems like we feel more lonely."
3125.24,3130.723,"Bryan Chen: Oh, okay, I think that's a good observation. It's like more lonely."
3131.32,3140.6,"Bryan Chen: I'm not sure if it's more lonely or not, because I feel it's different sort of like social interaction. Maybe we have. We have less time"
3140.61,3146.519,"Bryan Chen: in physical, social interaction. But we probably have more time in online social interactions."
3146.77,3158.49,"Bryan Chen: Maybe in some sense that's also causing that feeling or more lonely. But one thing I do agree is like we definitely living faster pace. I guess, like everything just goes faster. It's like"
3159.206,3173.48,"Bryan Chen: waiting faster, like even cut noodle become fastest. And whatever you do, people tend to be trying to mix in fastest, and then we lose that kind of peaceful pace. Sometimes."
3173.946,3185.62,"jessica: True. And thus the recently I do find a lot of of like class show up. It's like more like about spring rail about your"
3185.95,3195.669,"jessica: like. Try to understand. It's like we not for how to explore this one. Recently, people more try to insight."
3198.85,3199.81,"Bryan Chen: yeah."
3200.04,3205.569,"Bryan Chen: So I guess I based on that. You know what what people have discussed so far. I found like a it's"
3205.6,3213.789,"Bryan Chen: a general interesting trend is that, yes, technology do help us to save time. I mean reducing fastest."
3213.88,3217.759,"Bryan Chen: We, you know, do see many things more efficient."
3217.82,3219.93,"Bryan Chen: but somehow we don't always"
3220.49,3226.069,"Bryan Chen: have us. I I personally, at least myself. I personally have a stronger feeling that"
3226.46,3243.4,"Bryan Chen: I don't have enough time. For some reason our timing should be more efficient, which means that we should have more time for ourselves. But I consistently feel I don't have enough time, and this is a very weird feeling that I don't know. Yeah. So."
3243.4,3247.36,"jessica: Maybe because we want to reach more like more goals."
3248.12,3263.729,"jessica: We can maybe before last generation, they just doing one thing, one career, or one job, or like like they think. But until our generation we want at least, and we also want that. And we want traveling, or in the same time."
3264.27,3271.669,"Bryan Chen: Sure. True. And then there's also, I guess, like we have, this kind of expectation is also because, like technology."
3271.69,3273.549,"Bryan Chen: make us to have that"
3273.62,3299.16,"Bryan Chen: perception of possibility that we think doing thing have a very tight schedule, achieve all our goal is possible. So we start thinking about it. And then we have that expectation and that expectation make us feel stressful. Yeah, imagine, back in the time when you have a farm, you are a farmer. You just like, wake up when the sunrise, and do the farming until the sunset, and then, like us."
3299.18,3306.889,"Bryan Chen: slower and simpler, and then you have much more time, although if you don't have that much technology. Yeah."
3307.37,3308.03,"jessica: True."
3308.57,3309.505,"Bryan Chen: Interesting."
3310.47,3321.329,"Bryan Chen: okay, I think we're going to move to our last questions. I guess my last question is also about position of like"
3321.49,3329.899,"Bryan Chen: time, or slower or faster. But it's not probably not the experience itself, but it's like your ex expectation. So like."
3330.01,3336.619,"Bryan Chen: do you feel more or less urgency about how you use your time now compared to the past."
3337.01,3339.319,"Bryan Chen: So I guess I in different time"
3339.71,3348.34,"Bryan Chen: a different, a different life stage. You will have a different level of urgency that you want to get something down. So for myself"
3348.73,3366.759,"Bryan Chen: I feel there were definitely a certain level of urgency before my study. I feel like because I they were big before study. There were many moments. I try where I was trying to say, I I say something like, oh, before 30, I need to achieve this. I need to write, finish writing a novel. I want to."
3367.18,3372.8,"Bryan Chen: You know, find a find. A child needs to have a few romance, romantic relationship. Blah blah!"
3372.93,3378.459,"Bryan Chen: But then, when I get into study, I've realized there were so many things I haven't done, and I feel."
3378.5,3394.15,"Bryan Chen: have a list kind of like self identity crisis like Oh, they're not good enough, and I'm not achieving what I expected to be blah blah. But then, after 30, 9, 31 after 30, I feel"
3394.55,3416.58,"Bryan Chen: there's still a lot of time before 40. So everything now I I feel more loose, I feel more relaxed about it. So I no longer trying to adhere to low skills or low scale expectations. So that's so, that's me. So what about you guys? Do you feel a different life stage? You have"
3417.15,3419.689,"Bryan Chen: different urgency or pressure. The bell"
3419.8,3422.739,"Bryan Chen: your view on, you know, on your time."
3423.573,3427.519,"Bryan Chen: Audal, would you like to go first.st"
3429.643,3430.87,"Elda: Oh, wait!"
3433.12,3434.09,"Elda: Oh, yes."
3434.641,3448.117,"Elda: sorry. Just before question 5. Sorry I I raised my hand because you were in the middle of talking. I was just curious to hear what Amy would think, because"
3449.47,3451.129,"Elda: we talked about like"
3451.71,3454.398,"Elda: generation, the new generation."
3455.29,3459.76,"Elda: people feel more lonely because they they spend more time, I mean as"
3460.184,3464.19,"Elda: a general perception. They spend more time on social media, and"
3464.21,3470.189,"Elda: I agree that a lot of times that marketing has, you know, shifted from"
3470.857,3485.49,"Elda: kind of your physical and like, you know, big billboards on the streets or newspaper, and those like physical media to like digital devices or or digital media. And"
3485.75,3496.26,"Elda: it's kind of it's kind of strange, because you don't want to spend too much time on your digital devices. But at the same time we want them to see more, because that's what"
3497.359,3504.019,"Elda: social media is for like, it's how like people make money and stuff. So I'm just wondering what"
3504.15,3510.365,"Elda: Amy thanks in in this, because I know you, you work with social media and"
3511.56,3513.209,"Elda: how do you feel about"
3513.38,3515.25,"Elda: techno technology"
3515.29,3516.429,"Elda: and time."
3518.69,3539.159,"Amy: Okay, yeah, I guess. Yeah, that's a really good question. Cause I found we have a term. I don't know if there's a lot of people. So they think that we have the terms. Because when you scroll like on social media, it's only 0 point 30 seconds, you would decide if you're going to"
3539.16,3553.6,"Amy: like it or not, or otherwise you're just. If the company is not attractive enough, then you just stroll to our place. So it's like at least 0 point 30 seconds. Decide like"
3553.66,3566.78,"Amy: our company available or not. There is kind of like a big pressure is before people have lots of time. They probably don't, you know, not get that distracted by other"
3566.81,3579.639,"Amy: famous easily. So they might like spend lots of time on on social media. But now there's just so many stuff online, you can watch. And people don't want to miss it. So"
3579.82,3587.919,"Amy: it kind of stress out everybody, not just somebody who's in this field also, like post general audience."
3590.93,3592.589,"Elda: I see. So it's like."
3593.12,3595.849,"Elda: it's, it's quite tough. Like i imagine"
3597.59,3598.37,"Elda: like"
3602.33,3605.19,"Elda: yeah, thank you yeah, sorry for interrupting, I was just."
3605.527,3606.54,"Bryan Chen: No, no, that's."
3606.54,3606.96,"Amy: You"
3607.3,3607.89,"Amy: very good."
3607.89,3611.209,"Bryan Chen: Questions and also interesting."
3611.96,3612.62,"Bryan Chen: It's."
3613.31,3614.495,"Elda: Yes. Question. 5."
3615.597,3617.72,"Bryan Chen: Okay? Question, 5,"
3618.229,3622.72,"Bryan Chen: yeah. So yeah. So, Auda, what's your view on."
3623.22,3624.43,"Elda: Oh, me,"
3625.73,3630.57,"Elda: Do I feel more or less urgency about how I use my time?"
3631.218,3640.55,"Elda: I definitely feel more a higher urgency level, because I'm older and I feel life is short."
3640.59,3642.069,"Elda: So I want to."
3643.17,3648.75,"Elda: yeah, I I tried to. Yeah, be more conscious of how I spend my time?"
3650.333,3659,"Elda: Especially yeah, when I when I think about it, like before I started working when I was younger, when I wasn't working."
3659.36,3674.88,"Elda: you know the the sense of time and its connection with money was much weaker, even though, like everyone knows, time is money. But because I wasn't working so it didn't feel that important. But, as you know, we become older."
3675.476,3682.059,"Elda: And we get health problems now and then. That's when when"
3682.15,3686.72,"Elda: we are kind of forced, I mean, at least for me of am forced to"
3687.03,3690.05,"Elda: to become more conscious about how we spend our time."
3690.3,3691.45,"Elda: Like."
3691.59,3692.95,"Elda: maybe."
3693.27,3698.659,"Elda: Yeah, I'll try to plan my weekend and say, Oh, I need to read this book."
3698.68,3700.619,"Elda: and then I make sure that"
3700.86,3705.15,"Elda: a make time to read that book that I want to read."
3705.77,3709.84,"Elda: or yeah to to learn this."
3710.422,3715.43,"Elda: Then go to this class and make sure that I actually do it, and not just"
3716.158,3717.709,"Elda: leave a hanging there."
3718.32,3719.42,"Elda: Yeah."
3719.77,3720.44,"Elda: yeah."
3720.68,3721.846,"Elda: that's it."
3722.43,3728.82,"Bryan Chen: Thank you so yes, different perception of like your scarcity of time. Do"
3728.86,3731.5,"Bryan Chen: also change your feeling of urgency."
3732.73,3737.379,"Bryan Chen: What about you, Peggy? Do you feel the same like, Alda? Said."
3739.39,3750.609,"Peggy Lin: For me. I feel more relaxed. Actually, I feel it's just like you say, it depends on what stage in your life you are right now."
3750.73,3760.109,"Peggy Lin: like I was very aggressive in my 1st few years in my career, because I want to learn a lot of things about"
3760.29,3769.89,"Peggy Lin: my work, my career everything. But right now I feel I kind of stable, and I can have more time to just"
3769.95,3778.16,"Peggy Lin: relax. And still finding this goal to achieve or less goal is not"
3778.26,3779.25,"Peggy Lin: very"
3779.66,3781.73,"Peggy Lin: time sensitive like"
3782.79,3790.589,"Peggy Lin: it's not. I need to download in like a year or 3 months, so I feel more. I can just"
3790.65,3792.26,"Peggy Lin: chill and"
3792.73,3796.119,"Peggy Lin: just I don't know. Do nothing. You might be kind."
3796.984,3803.939,"Bryan Chen: I think doing nothing is, though I cannot use our time as well. Yeah, actually, like."
3804.48,3814.019,"Bryan Chen: I seem like, you know, sometimes just like doing enough? I don't know what's a word for that. Is that English word for that fun, Kong. How do you say fun, Kong? English."
3814.26,3824.549,"Bryan Chen: just, you know, empty your mind empty. Your mind is also very important use of time, because sometimes, when our brand or our minds packed with a lot of things, we"
3824.77,3841.049,"Bryan Chen: cannot hear what we really need like deep in our heart or deep in. I don't know, deep in our soul, because we just been bombarded with a lot of space. Oh, it's space out. Hong Kong, yeah, maybe. Yeah. I think space out, yeah."
3841.29,3848.29,"Bryan Chen: yeah. Yeah. So if we are too busy, we don't we? Sometime we, if we are too busy we get"
3849.266,3850.28,"Bryan Chen: there's a"
3850.54,3858.219,"Bryan Chen: hallucinations that you know. The thing we're working on is actually what we really need, but sometimes not necessarily the truth."
3858.43,3876.949,"Bryan Chen: We need to kind of space out or empty our mind to have some reflections. I guess that's also the reason why meditation become very popular nowadays, just like making people to adjust their pace and slow down and try to find the best balance. I guess."
3877.85,3878.425,"Bryan Chen: Cool."
3879,3879.67,"Peggy Lin: Yeah."
3880.5,3891.453,"Bryan Chen: Yeah. Yeah. So I kind of kind of like envy, Peggy. Now, because I also want to reach that stage of relax lifestyle."
3891.91,3894.019,"Peggy Lin: You have. You have just started."
3894.18,3895.933,"Bryan Chen: Yeah, yeah."
3896.81,3903.009,"Peggy Lin: Kind of feel this, maybe a little bit like cultural difference I feel when I was in a shop"
3903.05,3923.38,"Peggy Lin: the society will expect in which age you need to dump something like in 22 we are in going to working, and 24, maybe you are. Have your Phd. Degree, and in thirties. You must have something. People are very chest. Let's go."
3923.6,3952.98,"Peggy Lin: and very afraid to. You are behind your peers. But in Europe people just you can do whatever you want, in whatever age, and no one will judge you, and thinking you are too old and do something. So I feel I had more empathy time here when I was in Asia. I always feel okay. I need to do this. This is in my weekday, and I need to do that in my weekend and have a very fully schedule."
3953.17,3965.589,"Peggy Lin: But here, because you don't have that pressure outside, so you feel kind of you can control your time and just do something. Relax, and having times with your friends, and neglect."
3968.79,3971.56,"Bryan Chen: that's true. I mean cultural, probably also"
3971.64,3973.61,"Bryan Chen: of big factors. I see."
3973.78,3978,"Bryan Chen: Amy writes out her sound. Do you have something to say."
3979.12,4000.409,"Amy: Yeah, I I definitely feel like big difference between when I was in Taiwan or in Japan, people are really concerned, or they are really care about their own time. So like, if you try to order something, you definitely supposed to answer the question like in maybe 10 seconds. Otherwise the the master will say like, Oh, okay. So"
4000.51,4019.94,"Amy: you know, they might feel annoyed. But I mean, here in Uk, like you can think whatever how long you want until it starts coming to to you, and they won't even hurry you like nobody is being hurry. So I definitely feel more relaxed here like I I don't need to like rushing, or something."
4021.7,4028.349,"Bryan Chen: But but not all the euro people are like that. Right? I heard. German people are very strict about time."
4028.46,4030.89,"Bryan Chen: I'm not sure if that's true or not."
4032.24,4039.809,"Amy: I think they're yeah. They are more like precise about the time. I mean Japan as well. Yeah."
4040.14,4041.14,"Amy: I see."
4041.14,4044.79,"Bryan Chen: Any rest of her sound any? Well, something you want to say."
4045.56,4072.619,"Annie: Yeah, I also feel like European are more relaxed about time and about German. I have some German friends, and they say they are the most hard working European. But when you see how they work, you realize that the most hard working compared to Asia country is still not hard working enough, because in Germany they have like sort of like summer vacation, for even"
4072.62,4076.21,"Annie: you're a full time employer. So during like"
4076.21,4080.209,"Annie: July to August, many of them go to a"
4080.36,4093.34,"Annie: loan vacation, and even if they are working in July to August, they still like shorten the operating time. So I would say the whole"
4094.35,4103.73,"Annie: In my opinion European are still more relaxed about time, and one of my Spanish friends told me that they"
4104.66,4107.119,"Annie: they they work to live. But"
4107.859,4109.889,"Annie: we live to work."
4111.189,4116.519,"Annie: That's how we treasure like Asian treasure time. Do you spend it on working."
4116.85,4127.78,"Bryan Chen: Yeah, but but like so any after you move to euro, do you think your council time also get influenced or change by then? Or do you still stick with your"
4127.85,4130.149,"Bryan Chen: kind of original approaches?"
4131.611,4133.919,"Annie: I will say after I"
4134.099,4137.599,"Annie: but to Europe I feel like"
4138.294,4140.669,"Annie: You have more. You have"
4140.849,4158.279,"Annie: the own control of your time, more like you can do whatever you like, and people don't really judge you by doing that. But back in Asia I feel like, Oh, I have to do internships. I have to find a full time job as soon as possible. But here it's just"
4158.319,4168.809,"Annie: that you try to live a life you like, no matter if you like to dedicate yourself to your work, or you want to spend more time on your hobbies."
4169.893,4171.68,"Bryan Chen: Interesting. Yeah."
4171.87,4198.009,"Bryan Chen: Cause I I think, like in in some, if I mean, maybe mostly in Asian country, they all feel like. And there's a lot. Sometime you you. When you do your hobby, people will consider that as a waste of time, because anything that doesn't directly contribute to earning more money will be considered a waste of time, but which is not true. A lot of time can be, can be, not directly linking to money, but still be considered much meaningful. Yeah."
4198.458,4210.499,"Bryan Chen: okay, I think we have just the last few people. Do you have anything you would like to say on different factors that influence people's different urgency up time."
4211.55,4223.39,"Shunto: Yeah, like, if you have too many things to do, maybe you feel like washed, or like other reason, I feel I feel I feel washed or"
4223.62,4233.195,"Shunto: overwhelmed, and maybe like, if you can, if I cannot finish like the tasks on time, or maybe like I have to like, leave some tasks there."
4234.666,4236.6,"Shunto: As like"
4237.27,4248.07,"Shunto: as unfinished starters. Maybe like it may be I may feel some guilty or about it. So like, yeah, I mean?"
4248.791,4258.91,"Shunto: Yeah, I I mean, I was. I was a little bit busier hour 2 years ago, because, like I I"
4259.08,4279.7,"Shunto: like, at that moment, like I I my primary goal is like I I wanted to go to like New Zealand, for like a enrolling in some like it program that's that was my 1st objective at that moment. But so that like I need to, I needed to do a lot of things. So that's why, like. I felt a little bit busy, but"
4279.83,4284.379,"Shunto: now I changed my priority a little bit, and"
4285.39,4288.684,"Bryan Chen: No longer feel the pressure, because you throw Flaco."
4289.05,4290.5,"Shunto: Sorry. Could you say that again."
4290.5,4296.16,"Bryan Chen: Also, you no longer feel the temperature, because I you can't give out that. Go to go to New Zealand for."
4296.16,4310.44,"Shunto: Oh, I I don't feel the temperature about it, I mean, at least I feel like I can do it like in in a few years later as well. And I think like I have something to do right now right now."
4311.135,4314.38,"Shunto: Like making money or something like that. And"
4314.806,4341.523,"Shunto: yeah, I I it made it made my life a little bit simple, like, because the task is very, very simple. It's not always so that complex like like doing work and simultaneously study for that. Right? It? It's not that complicated. So yeah, I think I like, I feel a little bit of what we relax compared to us a few years ago. That's that's what what I feel now."
4341.89,4346.57,"Bryan Chen: So once you're not as ambitious, and once you become more stable."
4348.27,4349.24,"Bryan Chen: Okay. Yeah."
4349.24,4361.91,"Shunto: I I didn't say like I gave up. I gave up that. Yeah, I just I just think like it's not like what I need to do right now that that's how I how I feel about it. Yeah."
4363.45,4367.58,"Bryan Chen: Okay? So you may. I think I think that's good. Yeah."
4369.258,4378.459,"Bryan Chen: Amy, would you like to say? Oh, no! You already mentioned so sorry if I mistake. Jessica, would you like to say something."
4379.616,4383.279,"jessica: I'm okay. Sorry I I get a little bit lost."
4383.52,4411.129,"Bryan Chen: Okay, okay, that's totally fine. Yeah, I think we probably reach the end of our sessions. So that was our last question. So I'll just rip it out a bit, I guess. Like today, we have defer. We have discussed a lot of different perspective, how people feel about time, how we achieve our time. And also, how do we manage our time? So I think if you want to give to a conclusion for today's discussion, I would say."
4411.17,4413.21,"Bryan Chen: maybe consider not."
4413.32,4418.339,"Bryan Chen: although we mentioned that time as something that as a money. But"
4418.45,4424.844,"Bryan Chen: but it sounds like, even though we can. How would you? How would you put it this way?"
4425.97,4431.21,"Bryan Chen: so so like, even sometime, we can try to manage our time more efficiently."
4431.22,4435.919,"Bryan Chen: like packing things more together. I guess I'm what is more important is like how we"
4435.94,4445.259,"Bryan Chen: feel about our life, or how we feel, what what is our experience with the time? I think that's the most more important question to ask than"
4445.39,4455.45,"Bryan Chen: if we come if we complete all the assigned tasks, or if we have fully pick our schedules. So I guess, like the conclusion of the day, is"
4456.37,4460.84,"Bryan Chen: anything you want to add, I'll add to what would you say would be the conclusion of the day."
4464.975,4467.954,"Elda: Do we have to have a conclusion."
4468.38,4469.99,"Bryan Chen: We haven't got crochet."
4471.26,4471.93,"Bryan Chen: Yeah."
4471.93,4479.589,"Elda: Yeah, yeah, no, no, I I feel, you know, we had a really good sharing and good discussion. And definitely, time."
4480.033,4491.529,"Elda: Is perceived differently depending on. You know what live stage you're at and what environment you're in. Also it can be influenced by. The culture you're in as well."
4491.57,4500.49,"Elda: so I don't think there is a right or wrong answer on like, how you must perceive time. But I think what we all agreed on was that?"
4500.94,4501.665,"Elda: Yeah."
4503.46,4504.834,"Elda: what do we agree on?"
4505.11,4506.53,"Bryan Chen: It's not."
4506.53,4517.87,"Elda: It's not just about like doing the things like checking off those to do lists. But also, yeah, make sure that those are the things that you really want to do."
4518.09,4523.79,"Elda: and not just because someone, you know tells you to do it. It's actually, you know, what what do you want to do."
4523.79,4526.089,"Bryan Chen: Okay, I see the much greater conclusions."
4526.09,4529.353,"Elda: Yeah, yeah, go ahead. You're the host."
4530.157,4550.72,"Bryan Chen: I was trying to buy in time from you. Just to think about a good. Now, you just did it. Okay? So I think a better conclusion is, how I think today, based on our some discussion today, we kind of this, the more important question is to how to better leave your time. I think it's not about"
4550.72,4563.82,"Bryan Chen: how many thing you have done within the timeframe, or how many thing you have achieved, but it's like whether you feel happy, you feel you are fulfilled. You feel satisfied with the time you spend with either with your friend or doing anything you want to do."
4563.92,4574.8,"Bryan Chen: Yeah, I guess it's think about a question more as like, How do you better live with your time? Then how do you manage or schedule time? Is that good conclusions maybe."
4575.43,4576.73,"Elda: Yeah, I think that's good."
4576.73,4582.38,"Bryan Chen: Okay, okay. I'm finished here. Thank you. Everyone. Oh, yes."
