,turn_index,sent_index,segment,speaker,role,text,dialogue_act,informational motive,coordinative motive,social motive
0,0,0,0,Bryan Chen,moderator,But so welcome to today's discussion sessions.,All Utility,False,False,True
1,0,1,0,Bryan Chen,moderator,And our topic today is how AI impact our daily life now and the futures.,Supplement,True,True,False
2,0,2,0,Bryan Chen,moderator,"So in today's discussion, we will explore and talk about the profound impacts of artificial intelligence on our daily life.",Supplement,True,False,False
3,0,3,0,Bryan Chen,moderator,So we're going to look into the current applications.,Instruction,False,True,False
4,0,4,0,Bryan Chen,moderator,"How you use AI, and also what are the potential future possibilities and challenges.",Probing,True,False,False
5,0,5,0,Bryan Chen,moderator,"So as the AI technology advance, they integrate into our life in many different way in healthcare, in finance, in education or in our daily academia work.",Supplement,True,False,False
6,0,6,0,Bryan Chen,moderator,"So sounds, yeah, some benefit it has obviously have brought to us.",Supplement,True,False,False
7,0,7,0,Bryan Chen,moderator,"But there are also some challenges and potential potential issues that really depending on on, you know, issue has side effect, or how people using AI in ethically.",Supplement,True,False,False
8,0,8,0,Bryan Chen,moderator,"So to start with the 1st questions we want to talk about, what are some of the most significant changes AI has brought to your personal and professional life today.",Probing,True,False,False
9,0,9,0,Bryan Chen,moderator,"And also, how do these changes enhance or complicate your daily activity?",Probing,True,False,False
10,0,10,0,Bryan Chen,moderator,"So for me, obviously, also, as a Phd student, I use Chatg video a lot.",Supplement,True,False,False
11,0,11,0,Bryan Chen,moderator,"So Chatgvt, I mean, I don't write my paper with Chatgpt.",Supplement,True,False,False
12,0,12,0,Bryan Chen,moderator,"Obviously, that's kind of cheating, but not the whole paper.",Supplement,True,False,False
13,0,13,0,Bryan Chen,moderator,But I do help using Chatgpt to help me to polish my writing.,Supplement,True,False,False
14,0,14,0,Bryan Chen,moderator,"So I write some of the key bullet points some of the key idea, and then I just ask Chatgv to help me to kind of like smooth it make.",Supplement,True,False,False
15,0,15,0,Bryan Chen,moderator,It sounds more professional while the main idea and the main content is still coming from myself.,Supplement,True,False,False
16,0,16,0,Bryan Chen,moderator,So so what about yourself.,Probing,True,False,False
17,0,17,0,Bryan Chen,moderator,Maybe we can start from Sissy.,Instruction,False,True,False
18,0,18,0,Bryan Chen,moderator,Would you mind be to share like how AI has impact you today?,Probing,True,False,False
19,1,0,0,CiCi,participant,"Okay for AI. I also use AI to polish my, I say, sometimes I don't for a topic.",,,,
20,1,1,0,CiCi,participant,I don't have any idea about it.,,,,
21,1,2,0,CiCi,participant,"I just ask the Chatgp, could you give me some ideas or some point about this topic, and according to the keywords?",,,,
22,1,3,0,CiCi,participant,And then I will Google it in Google Scholar.,,,,
23,1,4,0,CiCi,participant,and read this essay.,,,,
24,1,5,0,CiCi,participant,"I think that is really helpful for my essays, and I also use AI to polish my English.",,,,
25,1,6,0,CiCi,participant,"Sometimes I'm not sure there is some, some grammar, wrong or not.",,,,
26,1,7,0,CiCi,participant,I just asked. Pt.,,,,
27,1,8,0,CiCi,participant,That could you check for me for my grammar and and in my daily life.,,,,
28,1,9,0,CiCi,participant,"Sometimes I also use AI to ask some basic questions just like, Oh, what vegetables that contain the vitamin C or BI think that is the basic that is so common knowledge in our life.",,,,
29,1,10,0,CiCi,participant,But I don't know.,,,,
30,1,11,0,CiCi,participant,I just ask the Chat.,,,,
31,1,12,0,CiCi,participant,Gdp. so this is.,,,,
32,2,0,0,Bryan Chen,moderator,"I wonder, Chatgpt, have you used other AI as well?",Probing,True,False,False
33,2,1,0,Bryan Chen,moderator,"Because I think nowadays, when people talk about AI people kind of associate it with like Chatgpt.",Supplement,True,False,False
34,2,2,0,Bryan Chen,moderator,But I think AI is kind of broader than chatgpt.,Supplement,True,False,False
35,3,0,0,CiCi,participant,"But for me, for just focus on Chatgpt.",,,,
36,3,1,0,CiCi,participant,So sorry about that.,,,,
37,3,2,0,CiCi,participant,I know it. But in my in my life I just use the chat.,,,,
38,3,3,0,CiCi,participant,Gdp as A AI tool.,,,,
39,4,0,0,Bryan Chen,moderator,"Actually, I think the definition of AI is actually quite broad, like, sometime for example, like your face recognitions function in your phone.",Supplement,True,False,False
40,4,1,0,Bryan Chen,moderator,"It's also kind of considered as AI, at least in the research field.",Supplement,True,False,False
41,4,2,0,Bryan Chen,moderator,It's kind of facial recognition or image recognitions.,Supplement,True,False,False
42,4,3,0,Bryan Chen,moderator,Yeah. So yeah. But anyway.,All Utility,False,False,True
43,5,0,0,CiCi,participant,Know it? Yeah.,,,,
44,6,0,0,Bryan Chen,moderator,Yeah. Yeah. Sorry. Carolyn.,All Utility,False,True,False
45,7,0,0,CiCi,participant,"Oh, I think of I I I know it.",,,,
46,7,1,0,CiCi,participant,"But but for this function, for the for the way I use it.",,,,
47,7,2,0,CiCi,participant,"Yeah, I just so focus the polish my polish my essay, and and ask them to provide some some keywords and polish my writing, and I think that is awful.",,,,
48,7,3,0,CiCi,participant,Not for me. Yeah.,,,,
49,8,0,0,Bryan Chen,moderator,"I think it's become more and more common, and it's somehow like, I mean as a student, it's kind of.",Supplement,True,False,False
50,8,1,0,Bryan Chen,moderator,"you know, makes the writing part easier, but for the teacher or for the tutor, it may sometimes it makes the marking part harder.",Supplement,True,False,False
51,8,2,0,Bryan Chen,moderator,You don't know if this coming from AI or is it actually written by human?,Supplement,True,False,False
52,8,3,0,Bryan Chen,moderator,So you have been a big challenge in the last few years?,Interpretation,True,False,False
53,8,4,0,Bryan Chen,moderator,"Okay, let's see, Maureen, do you have anything you want to share, are you there.",Probing,True,False,False
54,9,0,0,Marine,participant,"Yes, I'm here. My pointer is I just say 1 point the pointer is that?",,,,
55,9,1,0,Marine,participant,I think I think now we can seek emotional support and guidance from Latin language models rather than rely on human relationships.,,,,
56,9,2,0,Marine,participant,"I think this is pretty beneficial in situations where, in situations where we may not have access to trusted friends or family members who can provide informed and in testing support.",,,,
57,9,3,0,Marine,participant,for example. You know that.,,,,
58,9,4,0,Marine,participant,When you seeking feedback on the Phd.,,,,
59,9,5,0,Marine,participant,"Application letters or research proposals and the uncertain and self-duberative, I think I need to all work.",,,,
60,9,6,0,Marine,participant,"oh, valid. So in this.",,,,
61,9,7,0,Marine,participant,In these situations the not the not language models when he when it is at the conversation conversational partner.,,,,
62,9,8,0,Marine,participant,It is really helpful for me.,,,,
63,9,9,0,Marine,participant,"Yes, I think it provides a safe and low judgment low judgmental space to express express my emotions and concerns.",,,,
64,9,10,0,Marine,participant,I think it offers me emotional stability.,,,,
65,9,11,0,Marine,participant,"And yeah, emotionless diabetes.",,,,
66,10,0,0,Bryan Chen,moderator,I'm curious about how you use it as an emotional kind of conversational partner.,Probing,True,False,False
67,10,1,0,Bryan Chen,moderator,Do you use it like as a friend that you talk to?,Probing,True,False,False
68,10,2,0,Bryan Chen,moderator,Or do you use it as someone like a tool to help you to think about some worries or problems?,Probing,True,False,False
69,10,3,0,Bryan Chen,moderator,"Because I think this 2 way are kind of different friend is more like you can send it some very casual or random stuff like, Hey, today, I just ate ice cream right?",Supplement,True,False,False
70,10,4,0,Bryan Chen,moderator,I just want to share to you.,Supplement,False,False,True
71,10,5,0,Bryan Chen,moderator,"But for, like like a problem solving or kind of like a worry sharing, it was more like, Okay, today, I feel bad because my!",Probing,True,False,False
72,10,6,0,Bryan Chen,moderator,My application didn't go through.,Supplement,True,False,False
73,10,7,0,Bryan Chen,moderator,I don't know what to do about my future.,Probing,True,False,False
74,10,8,0,Bryan Chen,moderator,And then and then the the AI can't give you some feedback or solutions.,Supplement,True,False,False
75,10,9,0,Bryan Chen,moderator,"So I'm curious, like how you actually use it for emotional support.",Probing,True,False,False
76,11,0,0,Marine,participant,"I my, my research topic is, how to do how to do large language model based applications.",,,,
77,11,1,0,Marine,participant,So I know how to use match language models.,,,,
78,11,2,0,Marine,participant,I will set rulers in the proper.,,,,
79,11,3,0,Marine,participant,"And when I was really frustrated, I would ask he ask it.",,,,
80,11,4,0,Marine,participant,Ask the natural language models to act as a friend and a doctor.,,,,
81,11,5,0,Marine,participant,"Oh, no, dental doctor.",,,,
82,12,0,0,Bryan Chen,moderator,"I see. So you give it a role and then depending on the situation, you activate different role to help you.",Interpretation,True,False,False
83,13,0,0,Marine,participant,"Yes, and yes.",,,,
84,14,0,0,Bryan Chen,moderator,"Okay, that's very interesting.",All Utility,False,False,True
85,14,1,0,Bryan Chen,moderator,Yeah. Okay. Let's see.,Instruction,False,True,False
86,14,2,0,Bryan Chen,moderator,"Lise, do you have anything you would like to say?",Probing,True,False,False
87,14,3,0,Bryan Chen,moderator,How you use AI.,Probing,True,False,False
88,15,0,0,Liz,participant,"Yes, and I'd love to share my experience about AI assessment.",,,,
89,15,1,0,Liz,participant,And 1st because I took Pte before I come here.,,,,
90,15,2,0,Liz,participant,"So I. You know, the Pde test is Pd English test is a computer based test, and it the the greeting, the greeting of the Pdu was best was based on the AI technology.",,,,
91,15,3,0,Liz,participant,"So I think that's a very important application of AI, you know, application in the assessment.",,,,
92,15,4,0,Liz,participant,And I specialize in number testing.,,,,
93,15,5,0,Liz,participant,And my final paper was focused on.,,,,
94,15,6,0,Liz,participant,Now focus on the on the explorer exploration of the Pd test.,,,,
95,15,7,0,Liz,participant,And I mentioned it.,,,,
96,15,8,0,Liz,participant,"The computer based assessment as an important part in my kind of paper, and I think that's a very important field or area.",,,,
97,15,9,0,Liz,participant,"Yeah, it's it is worth very worthwhile to explore it.",,,,
98,15,10,0,Liz,participant,whether to promote and profit the AI technology in the area of the application and assessment.,,,,
99,15,11,0,Liz,participant,I know another. Another application for AI in my life was about online shopping.,,,,
100,15,12,0,Liz,participant,You know the.,,,,
101,16,0,0,Bryan Chen,moderator,Okay.,All Utility,False,False,True
102,17,0,0,Liz,participant,"Yeah. online shopping online shopping platform is, are, they are very popular.",,,,
103,17,1,0,Liz,participant,"They're super, very super popular in China.",,,,
104,17,2,0,Liz,participant,"And once you search one product like, you search iphone.",,,,
105,17,3,0,Liz,participant,"And then and the yeah, the app, the mobile app of like, how about You can guess what you like what you like, and then generate a list or shopping list for you.",,,,
106,17,4,0,Liz,participant,"Then next time, when you go into that app.",,,,
107,17,5,0,Liz,participant,"okay, and it will show you, I guess.",,,,
108,17,6,0,Liz,participant,"Oh, yes, home page, like iphone or the iphone, the iphone holder and some other accessories or small products related to iphone.",,,,
109,18,0,0,Bryan Chen,moderator,They're still sometimes that's also scary.,Supplement,False,False,True
110,18,1,0,Bryan Chen,moderator,"Sometimes, like I had a conversation with my friend about certain things.",Supplement,True,False,False
111,19,0,0,Liz,participant,Okay.,,,,
112,20,0,0,Bryan Chen,moderator,"And I sort of thing just pop out in the advertisements, either in Facebook or Intel belt.",Supplement,True,False,False
113,20,1,0,Bryan Chen,moderator,"And I was like, Whoa, okay, how did it?",Supplement,False,False,True
114,20,2,0,Bryan Chen,moderator,Yes.,All Utility,False,False,True
115,21,0,0,Liz,participant,"Yeah, I think. To some extent.",,,,
116,21,1,0,Liz,participant,"Yeah. Now it's it's it's very convenient for us to know, to shop and find what we need and what we like, we want to want to buy.",,,,
117,21,2,0,Liz,participant,But to on the other side.,,,,
118,21,3,0,Liz,participant,"Yeah, I just think I'm on the other side, that maybe it might violate some of our, some of our security.",,,,
119,21,4,0,Liz,participant,"Yeah, privacy. Yeah, to some extent.",,,,
120,21,5,0,Liz,participant,Yeah.,,,,
121,22,0,0,Bryan Chen,moderator,No.,Supplement,True,False,False
122,23,0,0,Liz,participant,The 2 important application of AI technology in my life.,,,,
123,24,0,0,Bryan Chen,moderator,"Okay. Interesting, Urania. Do you have anything you would like to share.",Probing,True,False,False
124,25,0,0,Urania,participant,"Yeah. I think, especially for the students.",,,,
125,25,1,0,Urania,participant,AI plays a relatively important pore than that in the past.,,,,
126,25,2,0,Urania,participant,Like as just mentioned.,,,,
127,25,3,0,Urania,participant,"For example, for the academic writing.",,,,
128,25,4,0,Urania,participant,"Many students choose to use Jgbt to do the brainstor or to ask for some suggestions for the like choices of topic to organize the language, and then maybe use some other tools to translate the l 1 writing text.",,,,
129,25,5,0,Urania,participant,"And also there are some AI tools, I think, to especially for students to use it to, some summarize, some articles to no, to give us the main points like the study aim, or conclusion or limitation, something like that to show us a very clear direction of the whole of the whole article.",,,,
130,25,6,0,Urania,participant,"Yeah, something like that.",,,,
131,25,7,0,Urania,participant,"And then at the final period, I think, is the yeah language polishing, just as as just mentioned.",,,,
132,25,8,0,Urania,participant,"And actually, I often use Chatgpt to help me to polish my language.",,,,
133,25,9,0,Urania,participant,"But I think there is a problem that if I do not to instruct a prompt, for like please do not change my my idea in this text or this paragraph.",,,,
134,25,10,0,Urania,participant,"and do not. you know, like reduce some of the ideas in these tags.",,,,
135,25,11,0,Urania,participant,"otherwise, maybe chatgptial. choose to, you know.",,,,
136,25,12,0,Urania,participant,Reduce the tax as much as possible.,,,,
137,25,13,0,Urania,participant,But there is another benefit for that is to to meet the world limitation for some assignments.,,,,
138,25,14,0,Urania,participant,"Yeah, I think I think, chat chat video does better than me in.",,,,
139,25,15,0,Urania,participant,"you know, to express them ideas in a more relatively shorter passage, shorter text, something like that.",,,,
140,25,16,0,Urania,participant,So I think it's a very clear for me to learn this maybe we can call it linguistics resources.,,,,
141,26,0,0,Bryan Chen,moderator,Yeah. But I'm interested.,Probing,True,False,False
142,27,0,0,Urania,participant,This very helpful for everyone.,,,,
143,28,0,0,Bryan Chen,moderator,"Knowing that. Because I I think learning a language, you need to learn how to write.",Supplement,True,False,False
144,28,1,0,Bryan Chen,moderator,and writing is kind of a way of thinking like you want to piece.,Supplement,True,False,False
145,28,2,0,Bryan Chen,moderator,"You have to put these words together, put these sentences together to make it sound smooth, not just to not just the idea itself, but also the the way how you communicate it.",Supplement,True,False,False
146,28,3,0,Bryan Chen,moderator,So using chat beauty is.,Supplement,True,False,False
147,28,4,0,Bryan Chen,moderator,"it always gives you some very good example how to write, essay how to write in a more concise manner, so you can express your idea or express your thought more clearly and more concisely.",Supplement,True,False,False
148,28,5,0,Bryan Chen,moderator,"But I wonder, as a secondary learner.",Probing,True,False,False
149,28,6,0,Bryan Chen,moderator,To what extent have you learned the writing style from Chatgpt?,Probing,True,False,False
150,28,7,0,Bryan Chen,moderator,Because you have been using it for a while right?,Probing,True,False,False
151,28,8,0,Bryan Chen,moderator,And then you know how to really write.,Interpretation,True,False,False
152,28,9,0,Bryan Chen,moderator,But do you think without it?,Probing,True,False,False
153,28,10,0,Bryan Chen,moderator,"Can you write in a similar, do you think?",Probing,True,False,False
154,28,11,0,Bryan Chen,moderator,Have you get any improvement in in your own writing after using it.,Probing,True,False,False
155,28,12,0,Bryan Chen,moderator,It's a shortcut.,Supplement,False,False,False
156,29,0,0,Urania,participant,Yeah.,,,,
157,30,0,0,Bryan Chen,moderator,Yeah.,All Utility,False,False,True
158,31,0,0,Urania,participant,"Yeah, if I, if I sign some typical examples or some certain words in a context like the linking words or some sentence patterns, especially, for, for example, the literature review part.",,,,
159,31,1,0,Urania,participant,"I think it's helpful for me, and sometimes when I meet some like some expressions that I'm not sure, or I think I have mentioned these.",,,,
160,31,2,0,Urania,participant,"Mentioned them, seeing in the 1st part of the article.",,,,
161,31,3,0,Urania,participant,But I cannot change this change.,,,,
162,31,4,0,Urania,participant,"The I use another expression for this in order to avoid the repetition of the expression, I will choose to ask in Chatgpt, what do you think about express blah blah to use, and then and it will give me a lot of choices.",,,,
163,31,5,0,Urania,participant,"Then I can choose some of that, and but maybe not time of remembering.",,,,
164,32,0,0,Bryan Chen,moderator,I think that's good cause.,Supplement,False,False,True
165,32,1,0,Bryan Chen,moderator,I know some people.,Supplement,True,False,False
166,32,2,0,Bryan Chen,moderator,"They just use chat duty, and just, you know, let it do whatever, and then, and then never.",Supplement,True,False,False
167,33,0,0,Urania,participant,Really.,,,,
168,34,0,0,Bryan Chen,moderator,If they're on writing or reading.,Probing,True,False,False
169,34,1,0,Bryan Chen,moderator,So yeah.,All Utility,False,False,False
170,35,0,0,Urania,participant,Yeah.,,,,
171,36,0,0,Bryan Chen,moderator,"So now we, Jen, would you like to share how you use AI, or how AI has impact your life so far.",Probing,True,False,False
172,37,0,0,Jane,participant,"Yeah, I'm sure. So what took?",,,,
173,37,1,0,Jane,participant,"Why, took the 1st semester in the of my master program in the Unl.",,,,
174,37,2,0,Jane,participant,I took a course called presenting academic discourse.,,,,
175,37,3,0,Jane,participant,"and in that course our tutor will taught us how to use AI to brainstorm ideas, for, like literature, review things like that.",,,,
176,37,4,0,Jane,participant,and we just use chat.,,,,
177,37,5,0,Jane,participant,Gpt to do that.,,,,
178,37,6,0,Jane,participant,But I find sometimes it can be very challenging to ask AI tools like Chat gpt to do to process something that you really want it to do.,,,,
179,37,7,0,Jane,participant,And sometimes it might change my ideas.,,,,
180,37,8,0,Jane,participant,Yeah. And I think it's sometimes it.,,,,
181,37,9,0,Jane,participant,"It's it's not very convenient for me to use it as a tool when I when I'm writing, when I'm writing and and I also use AI as a dictionary tool, because when I use the dictionary online, like Oxford, dictionary, English?",,,,
182,37,10,0,Jane,participant,There's so many different meanings.,,,,
183,37,11,0,Jane,participant,And I need to take quite a lot of time to to gather information that I want to.,,,,
184,37,12,0,Jane,participant,"But when I use AI as a dictionary I find it's quite convenient, because I have a context and chat.",,,,
185,37,13,0,Jane,participant,Gpt can just give me the meaning of a word very quickly.,,,,
186,37,14,0,Jane,participant,Yeah. And that's it.,,,,
187,37,15,0,Jane,participant,"And I think the the most early AI tool I used maybe like caption tool or like siri in the smartphone, things like that.",,,,
188,38,0,0,Bryan Chen,moderator,"Hmm, I see. Yeah.",All Utility,False,False,True
189,39,0,0,Jane,participant,Yeah.,,,,
190,40,0,0,Bryan Chen,moderator,I think churchity really has been kind of bye all the students using in our day.,Supplement,True,False,False
191,40,1,0,Bryan Chen,moderator,"I haven't heard, like one student insist not to use not to using it.",Supplement,True,False,False
192,40,2,0,Bryan Chen,moderator,yeah. So I think that kind of also link us to the next questions.,Instruction,False,True,False
193,40,3,0,Bryan Chen,moderator,"So the AI is, you know, like?",Interpretation,True,False,False
194,40,4,0,Bryan Chen,moderator,"Probably not just AI, but, like all the human technology, is, one way or another, try to automate some of the work or job that human do.",Supplement,True,False,False
195,40,5,0,Bryan Chen,moderator,"So you can start from a simple as basic as traffic light, which is just like switching different color automatically from red to green to something that's probably more complicated like.",Supplement,True,False,False
196,40,6,0,Bryan Chen,moderator,"I don't know, like like some automatic features, some of the automatic like automatic door that open the door for you, and you can climb the label to some automated function of your email auto reply.",Supplement,True,False,False
197,40,7,0,Bryan Chen,moderator,"And nowadays we have, like, you know, Chat Gpt, which can do far more complicated thing.",Supplement,True,False,False
198,40,8,0,Bryan Chen,moderator,So automating also means that a lot of our tasks can be replaced by the technology.,Supplement,True,False,False
199,40,9,0,Bryan Chen,moderator,"So I wonder, do you guys feel like your future?",Probing,True,False,False
200,40,10,0,Bryan Chen,moderator,"Or maybe your current opportunity are straightened by AI, because I know, because they are always new, saying, AI can do a lot of things now, and they can do even more saying in the future they can do programming.",Probing,True,False,False
201,40,11,0,Bryan Chen,moderator,They can teach you English.,Supplement,True,False,False
202,40,12,0,Bryan Chen,moderator,"They can write paper, they can do whatever.",Supplement,True,False,False
203,40,13,0,Bryan Chen,moderator,And then so are you guys worried?,Probing,True,False,False
204,40,14,0,Bryan Chen,moderator,"And also, how do you have you think about any strategy?",Probing,True,False,False
205,40,15,0,Bryan Chen,moderator,"How are you going to adapt with the new generation of AI, or to keep continuously improving future.",Probing,True,False,False
206,40,16,0,Bryan Chen,moderator,Maybe we can start from marine marine.,Probing,False,True,False
207,40,17,0,Bryan Chen,moderator,Now you worry.,Probing,True,False,False
208,41,0,0,Marine,participant,"Oh, honestly, to be honest, honest, I feel theoretically I I used to use the chat gpt to program, because because I have a because I have a some functions that I think it is complicated, and I don't know how to achieve with these functions, how to.",,,,
209,41,1,0,Marine,participant,"Yeah. And I noticed that when I just write a comment, the plug, the AI AI based the AI driven plug can help me it.",,,,
210,41,2,0,Marine,participant,It'll read the context code and the and it will write code.,,,,
211,42,0,0,Bryan Chen,moderator,"Okay, I'll I'll explain a little bit to people who don't write code here.",Interpretation,True,False,False
212,42,1,0,Bryan Chen,moderator,So what she just described is that so usually there's a unique.,Interpretation,True,False,False
213,42,2,0,Bryan Chen,moderator,"She need to write like a algorithm, which is sometimes can be very complicated and marine just shared that.",Interpretation,True,False,False
214,42,3,0,Bryan Chen,moderator,Now she can just write her purpose what she want to do.,Interpretation,True,False,False
215,42,4,0,Bryan Chen,moderator,"And the AI can write the rest of the algorithm for her, like even some complicated one.",Interpretation,True,False,False
216,42,5,0,Bryan Chen,moderator,Right? Okay? Sorry for interruption.,Instruction,False,True,False
217,42,6,0,Bryan Chen,moderator,And just some people here are not from the computer science background.,Supplement,True,False,False
218,42,7,0,Bryan Chen,moderator,I just explained a bit.,Interpretation,True,False,False
219,42,8,0,Bryan Chen,moderator,"Yeah, continue.",Instruction,False,True,False
220,43,0,0,Marine,participant,"Exactly exactly. And another example is that it not only generating code, but it also can debug.",,,,
221,43,1,0,Marine,participant,"And sometimes you spend a lot of times to debug, and you will find it just you.",,,,
222,43,2,0,Marine,participant,"Oh, you just type, type, error.",,,,
223,43,3,0,Marine,participant,You just have a type error.,,,,
224,43,4,0,Marine,participant,"But when you give this code to large language models, it will be response.",,,,
225,43,5,0,Marine,participant,Give the right response in a very short time.,,,,
226,43,6,0,Marine,participant,"So I think it is obvious it is obviously that with future advancements, AI can potentially replace many, many at least entry level programming positions.",,,,
227,44,0,0,Bryan Chen,moderator,"Yeah, I think it's going to be difficult for Junior Junior engineer, Junior developer.",Supplement,True,False,False
228,44,1,0,Bryan Chen,moderator,It's going to be super hard.,Supplement,True,False,False
229,44,2,0,Bryan Chen,moderator,"Yes, I agree.",Supplement,True,False,False
230,45,0,0,Marine,participant,"Yes, yeah. But but actually, I'm a lot overly concerned because I also read some current current papers, and it indicates that large language, large language models lack true logical reasoning abilities.",,,,
231,45,1,0,Marine,participant,"So although the Gpt, oh, o 1 preview have a complex reasoning ability ability.",,,,
232,45,2,0,Marine,participant,But the researchers still think they marker the true logical reasoning.,,,,
233,45,3,0,Marine,participant,"Yeah. Yes, I. And I think I think so much language models also have some limitations.",,,,
234,45,4,0,Marine,participant,"For example, the AI generated data, maybe may be used in the pre-trended data.",,,,
235,45,5,0,Marine,participant,And this may cause some problems.,,,,
236,46,0,0,Bryan Chen,moderator,Some potential biases. And yeah.,Supplement,True,False,False
237,46,1,0,Bryan Chen,moderator,"and also recently, I have heard news, I think, well, the Major AI company, either I can't remember.",Supplement,True,False,False
238,46,2,0,Bryan Chen,moderator,"Is it all Openai or cloud a, so they essentially develop like a what they call the computer agent.",Supplement,True,False,False
239,46,3,0,Bryan Chen,moderator,So computer agent means is that they can.,Supplement,True,False,False
240,46,4,0,Bryan Chen,moderator,"You can have an AI that's not just chatting with you like chat duty, the AI can actually control your computer.",Supplement,True,False,False
241,46,5,0,Bryan Chen,moderator,So which means that you can control all the function of your computer.,Supplement,True,False,False
242,46,6,0,Bryan Chen,moderator,"You can, you know, do the emailing, you can, you know, open the word of office where you can open different.",Supplement,True,False,False
243,46,7,0,Bryan Chen,moderator,All the other program you have in your computer and do whatever tasks you give it to them.,Supplement,True,False,False
244,46,8,0,Bryan Chen,moderator,"So yeah, so I think, like the coverage of automation has become higher and higher.",Supplement,True,False,False
245,46,9,0,Bryan Chen,moderator,Yeah.,All Utility,False,False,True
246,47,0,0,Marine,participant,"Yes, exactly. I think maybe in the future, the the personal, the person the not language based agent for personal applications via there will be more and more.",,,,
247,48,0,0,Bryan Chen,moderator,Cool thanks for the perspective from the it field.,All Utility,False,False,True
248,48,1,0,Bryan Chen,moderator,Maybe you can hear from urania.,Instruction,False,True,False
249,48,2,0,Bryan Chen,moderator,"so urania are, you from the the linguistic field",Probing,True,False,False
250,49,0,0,Urania,participant,"Yeah, yeah.",,,,
251,50,0,0,Bryan Chen,moderator,So.,Confronting,True,True,False
252,51,0,0,Urania,participant,Now it's deploy linguistics.,,,,
253,51,1,0,Urania,participant,So yeah.,,,,
254,52,0,0,Bryan Chen,moderator,Right? Right? So do you think that AI does it kind of do you feel the threat from AI?,Probing,True,False,True
255,52,1,0,Bryan Chen,moderator,Because I think kind of potentially might replace some of the applied linguistic associated role like marketing.,Supplement,True,False,False
256,52,2,0,Bryan Chen,moderator,"You know, or teaching or some other associated jobs.",Supplement,True,False,False
257,52,3,0,Bryan Chen,moderator,So do you feel like anxious.,Probing,True,False,True
258,53,0,0,Urania,participant,"Yeah, especially for the language testing language assessment, something like that.",,,,
259,53,1,0,Urania,participant,because we all know that there are some.,,,,
260,53,2,0,Urania,participant,"You know, the authority of standard language, testing like or tofu, but actually with the increasing the AI use.",,,,
261,53,3,0,Urania,participant,Maybe in the future.,,,,
262,53,4,0,Urania,participant,"There are some language assessment, which are scored or written by AI as long as we set up certain rating criteria, some items or sense.",,,,
263,53,5,0,Urania,participant,seeing that we can tell the student or the participant.,,,,
264,53,6,0,Urania,participant,Ultimately. And we can get the score very quickly.,,,,
265,53,7,0,Urania,participant,But there are also some difficulties for that now.,,,,
266,53,8,0,Urania,participant,"actually, when I mentioned that and the replacement of AI and the 1st field.",,,,
267,53,9,0,Urania,participant,"I think it's about translation, because maybe because of the major.",,,,
268,53,10,0,Urania,participant,During my undergraduate period.,,,,
269,53,11,0,Urania,participant,I I would choose.,,,,
270,53,12,0,Urania,participant,"I always face a direction of different directions, and should to choose one of them.",,,,
271,53,13,0,Urania,participant,"And when I consider the major of translation, I think it's really a big challenge for that, major.",,,,
272,53,14,0,Urania,participant,"And you know, nowadays the machine translation is very popular and very feasible and practical, and many students use.",,,,
273,53,15,0,Urania,participant,"Translate especially for writing this aspect, and it's a very common phenomena.",,,,
274,53,16,0,Urania,participant,"But I think the replacement is not completely happen because of there are still, because there are still a lot of needs that a lot of parents that need face-to-face translation.",,,,
275,53,17,0,Urania,participant,And this is also pro.,,,,
276,53,18,0,Urania,participant,Yeah. And I guess maybe with the development.,,,,
277,53,19,0,Urania,participant,"AI, there are maybe, like robot translation, just like face to face in a meeting, or something like that robot can do the translation like human beings.",,,,
278,54,0,0,Bryan Chen,moderator,"I think talking about translation, I think translation sometimes is not just about word to word translations.",Supplement,True,False,False
279,54,1,0,Bryan Chen,moderator,You also need to have that cultural sensitivity.,Supplement,True,False,False
280,54,2,0,Bryan Chen,moderator,because I remember there's a very famous translation story.,Supplement,True,False,False
281,54,3,0,Bryan Chen,moderator,There was a Japanese writer.,Supplement,True,False,False
282,54,4,0,Bryan Chen,moderator,I can't remember his name.,Supplement,True,False,False
283,54,5,0,Bryan Chen,moderator,"So one day his student trans translate the English sentence like, I love you directly to Japanese, which is just directly I love you.",Supplement,True,False,False
284,54,6,0,Bryan Chen,moderator,"And then the teacher say, No, no, you don't translate it directly.",Supplement,True,False,False
285,54,7,0,Bryan Chen,moderator,Japanese people don't say thing in this way.,Supplement,True,False,False
286,54,8,0,Bryan Chen,moderator,You should translate it to tonight.,Supplement,True,False,False
287,54,9,0,Bryan Chen,moderator,The moon is so pretty.,Supplement,True,False,False
288,54,10,0,Bryan Chen,moderator,That's oh. Chinese people say I love you.,Supplement,True,False,False
289,54,11,0,Bryan Chen,moderator,We don't say I love you directly.,Supplement,True,False,False
290,54,12,0,Bryan Chen,moderator,"So there are some cultural considerations that probably appear illogical or irrational to AI, yeah.",Supplement,True,False,False
291,55,0,0,Urania,participant,Totally agree. This is very typical and important factors that related to culture.,,,,
292,56,0,0,Bryan Chen,moderator,"Yeah. Yeah. Okay, cool.",All Utility,False,False,True
293,56,1,0,Bryan Chen,moderator,Thanks for sharing from the linguistic side.,All Utility,False,False,True
294,56,2,0,Bryan Chen,moderator,"Now, Jen, do you have anything you would like to share?",Probing,True,False,False
295,56,3,0,Bryan Chen,moderator,Do you feel threatened or anxious because you can potentially be automatic or replaced by AI.,Probing,True,False,False
296,57,0,0,Jane,participant,"Yeah, honestly, I'm not quite worried about that, because I think I'll be like a house teacher in future.",,,,
297,57,1,0,Jane,participant,"And also I I did an internship before my master program, and I met some students at the time, and after chatting with them, I found that some of them have had already used AI tools like Chat Gpt to prepare for language tests like arts.",,,,
298,57,2,0,Jane,participant,"And according to what they said, I found learning to use.",,,,
299,57,3,0,Jane,participant,AI is not an easy work.,,,,
300,57,4,0,Jane,participant,"And yeah. And they found and they used they use AI in a wrong way, and that might be an obstacle when they are preparing for arts.",,,,
301,57,5,0,Jane,participant,Test.,,,,
302,58,0,0,Bryan Chen,moderator,Okay. So you think that there are some element that human teacher can do but cannot easily be replaced by AI.,Probing,True,False,False
303,59,0,0,Jane,participant,"Yeah. And sometimes when students felt frustrated about the process, when they when they are preparing for the language test, the teacher can can encourage them.",,,,
304,59,1,0,Jane,participant,But I don't think AI can provide emotional like like this kind of emotional support for them.,,,,
305,60,0,0,Bryan Chen,moderator,"Okay, I think marine say they can.",Supplement,True,False,False
306,60,1,0,Bryan Chen,moderator,So I think there's a disagreement here.,Interpretation,True,False,False
307,60,2,0,Bryan Chen,moderator,I can provide emotional support and sounds like you can't.,Confronting,True,False,False
308,60,3,0,Bryan Chen,moderator,But that's we can probably discuss that in the next questions.,Instruction,False,True,False
309,60,4,0,Bryan Chen,moderator,"Let's see if, Stacey, do you have anything you want to share.",Probing,True,True,False
310,61,0,0,CiCi,participant,"Oh, yeah, I for me, my major is marketing.",,,,
311,61,1,0,CiCi,participant,I think in there are 3 areas.,,,,
312,61,2,0,CiCi,participant,One is content marketing.,,,,
313,61,3,0,CiCi,participant,"digital marketing and events for content marketing, or where marketers always need to write the script.",,,,
314,61,4,0,CiCi,participant,"You have to have a idea you have to think about the product or people, or where people use this product in their daily life.",,,,
315,61,5,0,CiCi,participant,And then you have to write a script to tell the story about your products.,,,,
316,61,6,0,CiCi,participant,For this one. I think AI could provide some good idea about it.,,,,
317,61,7,0,CiCi,participant,"But for the details that is happening in our life, I think marketers should have their observation to think about the benefits of the products and for the events.",,,,
318,61,8,0,CiCi,participant,And I think a AI could come up with a good event about this brand or product.,,,,
319,61,9,0,CiCi,participant,"But during the event we should to communicate with the customers, and in in in this way we should have I and contacting body.",,,,
320,61,10,0,CiCi,participant,We should have body language.,,,,
321,61,11,0,CiCi,participant,"AI don't have this, don't have a eye content and body language.",,,,
322,61,12,0,CiCi,participant,"So in this way, human is very important in the marketing events.",,,,
323,61,13,0,CiCi,participant,But for digital marketing.,,,,
324,61,14,0,CiCi,participant,We also do the SEO that is so.,,,,
325,61,15,0,CiCi,participant,"That is, such such.",,,,
326,62,0,0,Bryan Chen,moderator,Doing optimization.,Supplement,True,False,False
327,63,0,0,CiCi,participant,"Yeah, that is for this one.",,,,
328,63,1,0,CiCi,participant,We also need to grab the data.,,,,
329,63,2,0,CiCi,participant,The AI is a good good way to grab the data.,,,,
330,63,3,0,CiCi,participant,"But during this way we need to analyze the data, the traffic.",,,,
331,63,4,0,CiCi,participant,"Why, it is important where we could make some improvement.",,,,
332,63,5,0,CiCi,participant,"Ai just a tool for marketers, but for the reason why it is good or not, that is our opinion.",,,,
333,63,6,0,CiCi,participant,Our insights.,,,,
334,64,0,0,Bryan Chen,moderator,"Hmm! Interesting actually, my friend, he just joined a company based in Melbourne, called Brand ninja.",Supplement,True,False,True
335,64,1,0,Bryan Chen,moderator,So they are like a new company started company.,Supplement,True,False,False
336,64,2,0,Bryan Chen,moderator,They do brand marketing.,Supplement,True,False,False
337,64,3,0,Bryan Chen,moderator,"And they just like trial and using generative model or AI, or something like Chatgpt to do the content marketing.",Supplement,True,False,False
338,64,4,0,Bryan Chen,moderator,Yeah. So I think that associate related to what you are doing.,Interpretation,True,False,True
339,64,5,0,Bryan Chen,moderator,"You might, if you are interested, might be you could search out the Comp the company.",Instruction,False,False,True
340,64,6,0,Bryan Chen,moderator,Okay? Maybe we can move on to leads these.,Instruction,False,True,False
341,64,7,0,Bryan Chen,moderator,Do you have any thought or idea?,Probing,True,False,False
342,64,8,0,Bryan Chen,moderator,Or do you feel anxious about AI replacing your potential job in the future?,Probing,True,False,False
343,65,0,0,Liz,participant,"And actually, I have not.",,,,
344,65,1,0,Liz,participant,I have noted development of AI technology.,,,,
345,65,2,0,Liz,participant,Cause. I think. 1st of.,,,,
346,65,3,0,Liz,participant,"1st of all, I think I, okay, maybe I will go for some positions like researchers to promote to to explore the application of air technology.",,,,
347,65,4,0,Liz,participant,Or I will work as a a developer or designer of English language assessment.,,,,
348,65,5,0,Liz,participant,"I think in the in these 2 options, I think I I want the like a master or a developer to control, to promote, to make the AI technology more perfectly and more convenient for in our life.",,,,
349,65,6,0,Liz,participant,"So no to this, for this point I would think that the AI technology will threaten, threaten my my my career.",,,,
350,65,7,0,Liz,participant,"And so on the other side, that the second point is that I think the the relationship between people between human being and the development of AI technology is dynamic.",,,,
351,65,8,0,Liz,participant,"Yeah, as the development of the AI technology.",,,,
352,65,9,0,Liz,participant,Maybe some of the some of the positions which are which are done by human beings.,,,,
353,65,10,0,Liz,participant,Maybe we might vanish or disappear.,,,,
354,65,11,0,Liz,participant,But at the same time there will be be more and more positions will become available for human beings for people.,,,,
355,65,12,0,Liz,participant,So I I do think that as the application of the AI community.,,,,
356,65,13,0,Liz,participant,Most of our careers are positions will be threatened by by it.,,,,
357,66,0,0,Bryan Chen,moderator,"Okay, I think that's fair point.",All Utility,False,False,True
358,66,1,0,Bryan Chen,moderator,"As a researcher, you are always trying to bring in new innovations and new idea.",Interpretation,True,False,False
359,66,2,0,Bryan Chen,moderator,"So which is that aspect cannot be replaced by AI, because AI especially Beta, build upon the older data that we have, which is our past.",Probing,True,False,False
360,66,3,0,Bryan Chen,moderator,And so the past sometime doesn't include the novelty that you are going to build in the futures.,Supplement,True,False,False
361,66,4,0,Bryan Chen,moderator,"But I think there are also some research saying that they, I think recently Stanford had a research paper.",Supplement,True,False,False
362,66,5,0,Bryan Chen,moderator,"They compare AI researchers, the the new idea from AI, new research idea from AI researcher versus new research idea from Chatgpt.",Supplement,True,False,False
363,66,6,0,Bryan Chen,moderator,And then it asks human to make a judgment about which idea are more innovative or more creative.,Supplement,True,False,False
364,66,7,0,Bryan Chen,moderator,"I think I score higher than human, maybe, but I mean, how fair is a score I don't know.",Supplement,True,False,False
365,66,8,0,Bryan Chen,moderator,So it's just one of the recent paper.,Supplement,True,False,False
366,66,9,0,Bryan Chen,moderator,So interesting. Paper. Yeah.,All Utility,False,False,True
367,67,0,0,Liz,participant,No.,,,,
368,68,0,0,Bryan Chen,moderator,Another thing that you mentioned is about the human relations with AI which is leading to our questions.,Confronting,True,False,False
369,68,1,0,Bryan Chen,moderator,So how does AI influence our relationship between humans.,Probing,True,False,False
370,68,2,0,Bryan Chen,moderator,And how does the social interactions works when AI become more prevalent?,Probing,True,False,False
371,68,3,0,Bryan Chen,moderator,Cause? I I think I think many of you have mentioned about emotional support one way or another.,Interpretation,True,False,False
372,68,4,0,Bryan Chen,moderator,"Marine mentioned about how she used AI to be a conversational partner, and also, I think, one of the maybe Urania or Jen also also mentions kind of the the emotional aspect of AI.",Interpretation,True,False,False
373,68,5,0,Bryan Chen,moderator,So I think AI is pretty good in that aspect.,Supplement,True,False,False
374,68,6,0,Bryan Chen,moderator,"You're always trying to be considerate, trying to be mindful trying to make you feel comfortable.",Supplement,False,False,True
375,68,7,0,Bryan Chen,moderator,"But the concern is, once people get used to this way of communications.",Supplement,True,False,False
376,68,8,0,Bryan Chen,moderator,I'm not sure if people.,Probing,True,False,False
377,68,9,0,Bryan Chen,moderator,Is going to be.,Supplement,True,False,True
378,68,10,0,Bryan Chen,moderator,"is it? And I'm not sure if it's going to be harder for normal interaction between human to humans to happen, because human are impolite, arrogant, selfish.",Supplement,True,False,True
379,68,11,0,Bryan Chen,moderator,"And if you get used to the comfort level of AI, I'm not sure how human how people can get along with other humans.",Supplement,True,False,False
380,68,12,0,Bryan Chen,moderator,"So, marine, do you have any thought?",Probing,True,False,False
381,68,13,0,Bryan Chen,moderator,Do you think AI can help people interact better?,Probing,True,False,False
382,68,14,0,Bryan Chen,moderator,Or do you think people will be overly relying on AI emotionally?,Probing,True,False,False
383,69,0,0,Urania,participant,And.,,,,
384,70,0,0,Bryan Chen,moderator,Oh!,All Utility,False,False,True
385,71,0,0,Urania,participant,Main sorry.,,,,
386,72,0,0,Bryan Chen,moderator,"Oh, yeah, you can go.",Instruction,False,True,False
387,72,1,0,Bryan Chen,moderator,You can. Yeah.,Instruction,False,True,False
388,73,0,0,Urania,participant,"Yeah, for me. I I now I can think about the examples about the interaction or the relationship between different people using AI, but I think it is still possible to a replacement for the maybe like a role as a friend.",,,,
389,73,1,0,Urania,participant,For people cause if the as as the development.,,,,
390,73,2,0,Urania,participant,"AI, if it is developed as a like a listener, or just like a friend, and she can provide the emotional values mental values for for some people who are, maybe they they need some help.",,,,
391,73,3,0,Urania,participant,"Yeah, especially for some difficult time, like in troubles.",,,,
392,73,4,0,Urania,participant,"So if these people choose to rely on AI to express their maybe something unhappy, or like what we said at the sense of shame, something like that.",,,,
393,73,5,0,Urania,participant,And so it is possible to impact the relationship between differently.,,,,
394,73,6,0,Urania,participant,Yeah.,,,,
395,74,0,0,Bryan Chen,moderator,interested to know marine's view.,Probing,True,False,False
396,74,1,0,Bryan Chen,moderator,"Marine, are you there?",Probing,True,False,False
397,75,0,0,Marine,participant,"Yes, Anna, here.",,,,
398,76,0,0,Bryan Chen,moderator,"Interesting to know your view about, because because you say you work on this subject so interesting to view your view on the relationship between AI and a human.",Probing,True,False,False
399,76,1,0,Bryan Chen,moderator,Do you think? Can AI have a sorry?,Probing,True,False,False
400,76,2,0,Bryan Chen,moderator,Can human have a romantic relationship with AI.,Probing,True,False,False
401,77,0,0,Marine,participant,"Oh, that is a very interesting questions actually, for me, I I think there are some situations that if you talk to AI!",,,,
402,77,1,0,Marine,participant,"He he can give you some very a comfortable response, but somehow you can feel it didn't get your point.",,,,
403,78,0,0,Bryan Chen,moderator,"Oh, okay, but maybe that that part can be improved right?",Supplement,True,False,False
404,78,1,0,Bryan Chen,moderator,"But let's say that the AI can understand you and can give you support, but, like philosophically or conceptually, do you think AI can be a partner for human.",Probing,True,False,False
405,79,0,0,Marine,participant,"Actually, I think that human AI can be a partner.",,,,
406,80,0,0,Bryan Chen,moderator,You can be a partner.,Interpretation,True,False,False
407,80,1,0,Bryan Chen,moderator,Okay.,All Utility,False,False,False
408,81,0,0,Marine,participant,"Yes, I I always think to call agent for personal applications via the future directions.",,,,
409,81,1,0,Marine,participant,And I also believe the advancement of the of the complex reasoning of not language models.,,,,
410,81,2,0,Marine,participant,"I believe in this and in actually, actually, I really, I really.",,,,
411,81,3,0,Marine,participant,"I really appreciate. It's the appearance of AI, for example.",,,,
412,81,4,0,Marine,participant,Myself. I think I have some social difficulties.,,,,
413,81,5,0,Marine,participant,"For example, in yesterday's experiment.",,,,
414,81,6,0,Marine,participant,It was a group discussions without a meditor.,,,,
415,81,7,0,Marine,participant,It's also a matter like you.,,,,
416,82,0,0,Bryan Chen,moderator,Yeah.,All Utility,False,False,True
417,83,0,0,Marine,participant,"Yeah, yes. In in this case.",,,,
418,83,1,0,Marine,participant,"People like me, who are relatively introverted, tend to believe rather than speak up most of the time.",,,,
419,83,2,0,Marine,participant,I think it is not a problem.,,,,
420,83,3,0,Marine,participant,"But however, you can think, if this is a group, a group meeting during during a job interview without a without you, without",,,,
421,84,0,0,Bryan Chen,moderator,Moderator.,Probing,True,False,False
422,85,0,0,Marine,participant,"Yes, moderator, yes, without a moderator to notice me, or help to help me.",,,,
423,85,1,0,Marine,participant,Help me to polish polish my point of people like me will be overlooked.,,,,
424,86,0,0,Bryan Chen,moderator,Okay. I see.,All Utility,False,False,True
425,87,0,0,Marine,participant,Yeah.,,,,
426,88,0,0,Bryan Chen,moderator,But do you think that?,Probing,True,False,False
427,88,1,0,Bryan Chen,moderator,Would that be an issue if they say you don't want to social with people?,Probing,True,False,False
428,88,2,0,Bryan Chen,moderator,"But you kind of like to social with AI, and does it push you further away from people?",Probing,True,False,False
429,88,3,0,Bryan Chen,moderator,Because AI make you comfortable.,Interpretation,True,False,False
430,88,4,0,Bryan Chen,moderator,"But people don't. Do you think, would that be an issue for people like introvert people to make them even more introvert.",Probing,True,False,False
431,89,0,0,Marine,participant,"Oh, I think it is possible.",,,,
432,90,0,0,Bryan Chen,moderator,"It is impossible, right?",Probing,True,False,False
433,90,1,0,Bryan Chen,moderator,So.,All Utility,False,False,False
434,91,0,0,Marine,participant,"I used that shoe communicated with my friends, and tell tell them a lot of things.",,,,
435,91,1,0,Marine,participant,"But now I think now I have a not language based conversational partner, so I can say all things safe safe, and I can tell tell him everything.",,,,
436,92,0,0,Bryan Chen,moderator,"Yeah, yeah, which is maybe difficulty.",Supplement,True,False,False
437,92,1,0,Bryan Chen,moderator,Find a human to do that.,Instruction,False,True,False
438,92,2,0,Bryan Chen,moderator,A trustable human to do that.,Supplement,True,False,False
439,92,3,0,Bryan Chen,moderator,"Okay, let's see what other people think?",Probing,True,False,False
440,92,4,0,Bryan Chen,moderator,"CC, do you have any thought?",Probing,True,False,False
441,92,5,0,Bryan Chen,moderator,Do you think AI and human can become have a deeper relationship rather than just superficially kind of partner?,Probing,True,False,False
442,92,6,0,Bryan Chen,moderator,"Can it be like, actually like, become like a romantic partner.",Probing,True,False,False
443,93,0,0,CiCi,participant,"I think AI just like a friend that is, could be a partner, because for me, the partner that is not that is, doesn't just mean the emotional support that is also means that the the.",,,,
444,93,1,0,CiCi,participant,"the the companion, I think that is very important for me to have.",,,,
445,93,2,0,CiCi,participant,"We have to stay together, to do, to do some things, to choose some goods together.",,,,
446,93,3,0,CiCi,participant,"If I just share my life, or just share some ideas with chat or with AI, that is, the AI just can give me some emotional support.",,,,
447,93,4,0,CiCi,participant,Maybe they can understand my situation.,,,,
448,93,5,0,CiCi,participant,And you could provide some suggestions about about a certain situation that is very useful.,,,,
449,93,6,0,CiCi,participant,"That is so good for me, but for a partner, I think he he is, not only could provide some suggestions, but also could stay with me that he's a physic physical, that is, a physics that is not.",,,,
450,94,0,0,Bryan Chen,moderator,"Physical, physical presence to have the physical touch it.",Supplement,True,False,False
451,94,1,0,Bryan Chen,moderator,"You can feel that you can feel the body, the warm, the temperature.",Interpretation,False,False,True
452,95,0,0,CiCi,participant,"Yeah, that is a really important of important for me, for me how to partner.",,,,
453,95,1,0,CiCi,participant,I think maybe maybe in the future there might be robot.,,,,
454,95,2,0,CiCi,participant,"Yeah, maybe maybe I hope one day.",,,,
455,95,3,0,CiCi,participant,"But I really like real person, not just just just a robot.",,,,
456,95,4,0,CiCi,participant,I think that is so weird.,,,,
457,96,0,0,Bryan Chen,moderator,"Yeah, I think I agree with you some part, but probably not just a physical part.",Supplement,True,False,False
458,96,1,0,Bryan Chen,moderator,I feel it's really largely depending on how do you define what is a relationship?,Supplement,True,False,False
459,96,2,0,Bryan Chen,moderator,"So for me, relationship is not single way.",Supplement,True,False,False
460,96,3,0,Bryan Chen,moderator,"Because when we talk about AI like uranium, talk about it and also marine talk about it's like AI offer us comfort.",Interpretation,True,False,False
461,96,4,0,Bryan Chen,moderator,So we are playing the receiving or the supportive role we've been looked after by AI.,Interpretation,True,False,False
462,96,5,0,Bryan Chen,moderator,"But in relationship. We are, you know, trying to our our role is kind of double way, right?",Supplement,True,False,False
463,96,6,0,Bryan Chen,moderator,We receive someone's comfort and support.,Interpretation,True,False,False
464,96,7,0,Bryan Chen,moderator,"But we also have the moment that we give out, we supporting or helping someone.",Supplement,True,False,False
465,96,8,0,Bryan Chen,moderator,"So only when it's kind of two-way cycle foreign, you might have a stronger and deeper relationship.",Supplement,True,False,False
466,96,9,0,Bryan Chen,moderator,But but if AI is only single way helping you.,Supplement,True,False,False
467,96,10,0,Bryan Chen,moderator,I think that still cannot stay at the label as a tool for me it cannot.,Supplement,True,False,False
468,96,11,0,Bryan Chen,moderator,Born as a relationship.,Interpretation,True,False,False
469,96,12,0,Bryan Chen,moderator,"That's my thought. So I feel on that aspect human, because, like sometimes we say, sometimes we, we think human have weakness, and that weakness is bad.",Supplement,True,False,False
470,96,13,0,Bryan Chen,moderator,"But maybe it's the weakness that make us human, and that's the weakness make us to have a relationship with humans.",Supplement,True,False,True
471,96,14,0,Bryan Chen,moderator,So I think that for me that part is kind of irreplaceable.,Supplement,True,False,False
472,96,15,0,Bryan Chen,moderator,"But let's see what Jen, do you have any thought on this topic?",Probing,True,False,False
473,97,0,0,Jane,participant,"Yeah, I think. I think for me it's never possible for AI tools to replace the the interaction between human beings, because.",,,,
474,97,1,0,Jane,participant,"from my perspective, AI tools are just like like they're just the tools just like the computer or smartphone.",,,,
475,97,2,0,Jane,participant,"So it's hard for me to imagine that I have like, emotional connection with AI tools.",,,,
476,97,3,0,Jane,participant,See.,,,,
477,98,0,0,Bryan Chen,moderator,"But I think this may have happened before, because there were news that I feel, I think, like 2 weeks ago there was a guy who fall in love with one of the AI model.",Supplement,True,False,False
478,98,1,0,Bryan Chen,moderator,"and then somehow, he committed suicide because the AI just like fully supported, or whatever he said.",Supplement,True,False,False
479,98,2,0,Bryan Chen,moderator,"So he was saying something like, I can't remember exactly the detail.",Supplement,True,False,False
480,98,3,0,Bryan Chen,moderator,Maybe I can find the news later.,Supplement,True,False,False
481,98,4,0,Bryan Chen,moderator,"Yeah, okay, I think leads you haven't shared your thoughts?",Probing,True,False,False
482,98,5,0,Bryan Chen,moderator,Right? So what's your thought on?,Probing,True,False,False
483,98,6,0,Bryan Chen,moderator,You know deeper relationship between human and AI.,Probing,True,False,False
484,98,7,0,Bryan Chen,moderator,And how does that affect humans relationship?,Probing,True,False,False
485,98,8,0,Bryan Chen,moderator,"Lise, are you still there.",Probing,True,True,False
486,98,9,0,Bryan Chen,moderator,"Okay, I think she's probably away.",All Utility,False,True,False
487,98,10,0,Bryan Chen,moderator,It's okay. We can move on to our last questions.,Instruction,False,True,False
488,98,11,0,Bryan Chen,moderator,So I think we can just quickly show what I was here.,Instruction,False,True,False
489,98,12,0,Bryan Chen,moderator,Okay.,All Utility,False,True,False
490,99,0,0,Liz,participant,"Yeah, cause I I'm use.",,,,
491,99,1,0,Liz,participant,I'm using my mobile phone that zoom on my mobile phone.,,,,
492,99,2,0,Liz,participant,And what? When? Cause?,,,,
493,99,3,0,Liz,participant,"Yeah, it's some difference from their their laptop.",,,,
494,100,0,0,Bryan Chen,moderator,I can't hear you.,Instruction,False,True,False
495,101,0,0,Liz,participant,"Yeah, about the relationship between, like between the human beings and AI, yeah, I think, I feel that it could be a a good friend, a good friendship or personal relationship.",,,,
496,101,1,0,Liz,participant,"but it could not be a very deep relationship or a romantic relationship, because, according to my experience, this semester.",,,,
497,101,2,0,Liz,participant,"Because I took speaking language programmatics, this subject, this semester and some of my friends made their design.",,,,
498,101,3,0,Liz,participant,Their final projects is the Internet interaction between human being.,,,,
499,101,4,0,Liz,participant,"And in AI and Chat Gpt, yeah.",,,,
500,101,5,0,Liz,participant,"they found that, yes, are very friendly, is very friendly, and they and it can make very good organization of the like secret organization, like greeting, and give you a positive and a very nice, very kind responses when you are talking with it.",,,,
501,101,6,0,Liz,participant,"But but in to some extent, according to my experience, I came across some difficulties in my like, in my study planning and in my in interpersonal relationship.",,,,
502,101,7,0,Liz,participant,This method. I felt like I felt anxious.,,,,
503,101,8,0,Liz,participant,"I felt upset or frustrated, and I asked just gestures from Chatgpt.",,,,
504,101,9,0,Liz,participant,"Hmm, yeah, it's it was very comforting, comforting, and warm, very, very nice and very kind.",,,,
505,101,10,0,Liz,participant,But it's it is too positive.,,,,
506,101,11,0,Liz,participant,"Yeah, 2 of us.",,,,
507,101,12,0,Liz,participant,"Yeah, yeah, I I escalate.",,,,
508,101,13,0,Liz,participant,"Like, Oh, I I had a problem like that.",,,,
509,101,14,0,Liz,participant,That. What can I do next?,,,,
510,101,15,0,Liz,participant,What if I do this?,,,,
511,101,16,0,Liz,participant,"Actually, just I choose this option.",,,,
512,101,17,0,Liz,participant,"What will my interrupters, or what?",,,,
513,101,18,0,Liz,participant,"My, what the other, what other people around me think about this, or whether this, my decision or my choice, my option is proper or or not it.",,,,
514,101,19,0,Liz,participant,It always support. It always supported me.,,,,
515,101,20,0,Liz,participant,It's it's too positive.,,,,
516,101,21,0,Liz,participant,"And it always said that, yeah, you're correct.",,,,
517,101,22,0,Liz,participant,"Yeah, you can do it.",,,,
518,102,0,0,Bryan Chen,moderator,"It's too artificial. It's like a plastic right, too cheap, too, too.",Interpretation,True,False,False
519,102,1,0,Bryan Chen,moderator,"Possibly, like Pasta.",All Utility,False,False,True
520,103,0,0,Liz,participant,Too positive. It's not so.,,,,
521,103,1,0,Liz,participant,"Realistic. Yeah, yeah, sometimes to some extent, it will prevent you prevent you from from realizing or recognizing some potential challenges or risks.",,,,
522,103,2,0,Liz,participant,From the decision or the choices you made?,,,,
523,103,3,0,Liz,participant,"Yeah, because, yes, 2 perfect.",,,,
524,103,4,0,Liz,participant,"Yeah, that's my answer.",,,,
525,104,0,0,Bryan Chen,moderator,"Okay, I think now we are also almost about time.",Supplement,False,True,False
526,104,1,0,Bryan Chen,moderator,"But we have one more last question, so this probably can do it very fast.",Instruction,False,True,False
527,104,2,0,Bryan Chen,moderator,"So for the last question, I want people to just quickly, maybe answer with one single sentence, you can think about it for maybe 1 min how you want to answer that, like what other things you believe human have cannot be replaced by AI.",Probing,True,True,False
528,104,3,0,Bryan Chen,moderator,"Can you say that in one sentence, let's see.",Instruction,False,True,False
529,104,4,0,Bryan Chen,moderator,"this stuff from marine, do you?",Confronting,True,True,False
530,104,5,0,Bryan Chen,moderator,"Can you say in one sentence, like, what do you think human have that cannot be replaced by AI.",Probing,True,False,False
531,105,0,0,Marine,participant,"Oh, good question let me think you as you mentioned you said that that the natural language models can improve their impasse and the emotional intent intelligence.",,,,
532,105,1,0,Marine,participant,"Yes, I think this is correct.",,,,
533,105,2,0,Marine,participant,I think this may be a future direction.,,,,
534,105,3,0,Marine,participant,"However, as you know, sometimes we will set us 7.",,,,
535,105,4,0,Marine,participant,"Our text, our languages cannot convert, cannot convert all informations.",,,,
536,105,5,0,Marine,participant,"You know, some emotions are not only expressed by the language by the text, sometimes the the tale of voice, the body languages, and the some a sound herding informations are also crucial.",,,,
537,105,6,0,Marine,participant,I am not sure.,,,,
538,105,7,0,Marine,participant,Check that language. Models can handle this detailed information.,,,,
539,105,8,0,Marine,participant,"Yes, and I and the second point is that you mentioned that the brain store and the natural language models can.",,,,
540,105,9,0,Marine,participant,Think of some insights.,,,,
541,105,10,0,Marine,participant,Think of some ideas about the research.,,,,
542,105,11,0,Marine,participant,I also read that paper.,,,,
543,105,12,0,Marine,participant,"Yes, that's a but I but actually oh, I think like it would soaked.",,,,
544,105,13,0,Marine,participant,It was really shocked.,,,,
545,105,14,0,Marine,participant,"That that the insight, the ideas, multilingual models higher.",,,,
546,105,15,0,Marine,participant,I always think that people may have a more.,,,,
547,105,16,0,Marine,participant,Could we create creative ideas?,,,,
548,105,17,0,Marine,participant,"Yeah, that is.",,,,
549,106,0,0,Bryan Chen,moderator,"But I guess I think, like, how do you judge?",Probing,True,False,False
550,106,1,0,Bryan Chen,moderator,Creativity is another problem.,Supplement,True,False,False
551,106,2,0,Bryan Chen,moderator,"Right? So I feel that measurements probably not precise and also, maybe not fair.",Supplement,True,False,False
552,106,3,0,Bryan Chen,moderator,So I haven't looked into detail of that paper.,Supplement,True,False,False
553,106,4,0,Bryan Chen,moderator,"To be honest, though, we'll see.",Supplement,True,False,False
554,106,5,0,Bryan Chen,moderator,"Okay. CC, can you say?",Probing,True,True,False
555,106,6,0,Bryan Chen,moderator,"Maybe in one or 2 sentence, what do you think human have that cannot be replaced by AI.",Probing,True,False,False
556,107,0,0,CiCi,participant,"I think the social interaction that takes to be with the AI, because the social interaction that is based on the shared experience, and that just happened to human and human that is not human.",,,,
557,107,1,0,CiCi,participant,And AI.,,,,
558,108,0,0,Bryan Chen,moderator,"Hmm, hmm! I see.",All Utility,False,False,True
559,108,1,0,Bryan Chen,moderator,Urania do. Can you say?,Probing,True,False,False
560,108,2,0,Bryan Chen,moderator,One or 2 sentence.,Instruction,False,True,False
561,109,0,0,Urania,participant,"Yeah, I think it's that the problem related to firstly, emotion, and secondly, some complex culture.",,,,
562,110,0,0,Bryan Chen,moderator,And.,Probing,True,False,False
563,111,0,0,Urania,participant,"Thirdly, it depends on different context, because I think AI is based on a very, very large database.",,,,
564,111,1,0,Urania,participant,Although there was something similar to something creative.,,,,
565,111,2,0,Urania,participant,"But actually, it is worked based on the database.",,,,
566,111,3,0,Urania,participant,So yeah.,,,,
567,112,0,0,Bryan Chen,moderator,Cool. That's very nice.,All Utility,False,False,True
568,112,1,0,Bryan Chen,moderator,Summary. How about you?,Probing,True,False,False
569,112,2,0,Bryan Chen,moderator,Jen? Can you say one or 2 sentence?,Probing,True,True,False
570,112,3,0,Bryan Chen,moderator,How? What are the scene?,Probing,True,False,False
571,112,4,0,Bryan Chen,moderator,That human cannot be replaced by AI.,Supplement,True,False,False
572,113,0,0,Jane,participant,"Yeah, I think, AI cannot use the language as a way that human beings do.",,,,
573,113,1,0,Jane,participant,"Because, for example, for Scarism.",,,,
574,113,2,0,Jane,participant,"I don't think, given the context, AI will use Scarism, or they will do Scarism in the way that like human beings, do.",,,,
575,114,0,0,Bryan Chen,moderator,"Yeah, okay.",All Utility,False,False,True
576,115,0,0,Jane,participant,Let's see.,,,,
577,116,0,0,Bryan Chen,moderator,"Interesting. You mentioned the language part, and finally, Lise, can you share one or 2 sentence, and we can probably wrap it up.",Probing,True,True,False
578,117,0,0,Liz,participant,"Yes, and I I feel that I feel that the the original innovation for innovation of human beings and not will not be replaced by AI technology, because although apparently there are some with their AI technology, AI can do something better like in designing and the arts, or in create in creating something but creative ideas.",,,,
579,117,1,0,Liz,participant,"But I think. and like the advantage of AI, is that they can deal with thousands of data.",,,,
580,117,2,0,Liz,participant,So those ideas much faster than people they can.,,,,
581,117,3,0,Liz,participant,"What you can do is is organizing, collecting, organizing, synthesizing thousands of ideas on the Internet from the Internet, and then.",,,,
582,117,4,0,Liz,participant,"and then generator of produce, one State.",,,,
583,117,5,0,Liz,participant,"But compared with the creativity or innovation for human, of the of the ideas in the in people's brain in people's mind.",,,,
584,117,6,0,Liz,participant,"I think human being, we human beings can do better than the AI technology.",,,,
585,118,0,0,Bryan Chen,moderator,"I see. So I think you guys have mentioned emotions, capability, social interaction, and maybe innovation, creativity and all that.",Interpretation,True,False,False
586,118,1,0,Bryan Chen,moderator,And also language skill.,Supplement,True,False,False
587,118,2,0,Bryan Chen,moderator,But I personally think all of those things you guys have mentioned can potentially be overcome in the future.,Supplement,True,False,False
588,118,3,0,Bryan Chen,moderator,"So I don't think I, personally, I think the biggest power of human.",Supplement,True,False,False
589,118,4,0,Bryan Chen,moderator,"If you ask me to summarize in one sentence, is the power, the superpower, or the capability to create meaning, because human is an animal of meaning.",Supplement,True,False,False
590,118,5,0,Bryan Chen,moderator,So you go to.,Supplement,True,False,False
591,118,6,0,Bryan Chen,moderator,"So you spend money to buy expensive clothes like it's expensive shoes or expensive scene, not because they about not just because of their quality.",Supplement,True,False,False
592,118,7,0,Bryan Chen,moderator,"It's also because of brand the meaning behind it, the story behind it.",Supplement,True,False,False
593,118,8,0,Bryan Chen,moderator,"And also that's the reason why people fight for country people fight for religions, people fight for different causes.",Supplement,True,False,False
594,118,9,0,Bryan Chen,moderator,"It's because of the scene that generate meaning and usually generating meaning doesn't mean that you have to provide the best or the biggest or the fast human, are very complicated about where the meaning is coming from.",Supplement,True,False,False
595,118,10,0,Bryan Chen,moderator,And it's also our unique superpower of creating meaning.,Supplement,True,False,False
596,118,11,0,Bryan Chen,moderator,So I think the human superpower and that AI cannot easily replace is creating meaning.,Supplement,True,False,False
597,118,12,0,Bryan Chen,moderator,That's probably my conclusions.,Interpretation,True,False,False
598,118,13,0,Bryan Chen,moderator,"So yeah, I think we'll probably just read out today here today.",Instruction,False,True,False
599,118,14,0,Bryan Chen,moderator,Thanks everyone for your participation and thanks for your time.,All Utility,False,True,True
600,118,15,0,Bryan Chen,moderator,"And again, just, you know, supporting us for our research.",All Utility,False,False,True
601,118,16,0,Bryan Chen,moderator,"Yeah, we'll just close it now.",Instruction,False,True,False
