,turn_index,sent_index,segment,speaker,role,text,dialogue_act,informational motive,coordinative motive,social motive
0,0,0,0,jessica,participant,"He was oops sorry he wasn't in the office all the time, so I normally I need to plan and work with other team.",,,,
1,0,1,0,jessica,participant,And so once per month he will have a meeting with me.,,,,
2,0,2,0,jessica,participant,But sometime. sometimes we feel like after one.,,,,
3,0,3,0,jessica,participant,Once per month I got a meeting with him.,,,,
4,0,4,0,jessica,participant,"I reported why, I have a dumb in past one month, so sometimes we will give him the feedback like.",,,,
5,0,5,0,jessica,participant,That's not the the thing he want.,,,,
6,1,0,0,Elda,participant,Yeah.,,,,
7,2,0,0,jessica,participant,"So like I was like, Oh, my God!",,,,
8,2,1,0,jessica,participant,But we have really short.,,,,
9,2,2,0,jessica,participant,I can catch up to to fix the other thing so every.,,,,
10,2,3,0,jessica,participant,"I will feel like every state I take really long process to meeting, to follow on and to update.",,,,
11,3,0,0,Bryan Chen,moderator,Hmm.,All Utility,False,False,True
12,4,0,0,jessica,participant,So for me. It's a little piece called In In Act Fiction.,,,,
13,5,0,0,Bryan Chen,moderator,Right.,All Utility,False,False,True
14,6,0,0,jessica,participant,Yeah.,,,,
15,7,0,0,Elda,participant,"Oh, you think it's more efficient.",,,,
16,8,0,0,jessica,participant,No other. Formation is not affections.,,,,
17,9,0,0,Elda,participant,Not. It's not efficient.,,,,
18,10,0,0,jessica,participant,"Yes, compared with the Asian culture.",,,,
19,10,1,0,jessica,participant,"So it's if in Asia culture, so we even every morning we will have a meeting, and you need to go the right direct extension to do the right thing like that.",,,,
20,11,0,0,Elda,participant,"when give a humanly, when given too much freedom, it can be not efficient is what I mean.",,,,
21,11,1,0,Elda,participant,"oh, okay, thank you.",,,,
22,11,2,0,Elda,participant,"I think Peggy, Peggy has her hand.",,,,
23,12,0,0,Peggy,participant,"Yeah, yeah, I have my hands up.",,,,
24,12,1,0,Peggy,participant,It depends on the industry.,,,,
25,12,2,0,Peggy,participant,Because when I was in Taiwan we usually not communicate landmark with my manager.,,,,
26,12,3,0,Peggy,participant,"We usually like have a review the meeting Quarterly or every 6 months, but when I came to Uk, I'm working Uk now.",,,,
27,12,4,0,Peggy,participant,My manager. I experience a lot of miniature.,,,,
28,12,5,0,Peggy,participant,"I don't know. Somehow they just switch a lot position things, some miniature.",,,,
29,12,6,0,Peggy,participant,We have a 1 on one meeting weekly.,,,,
30,12,7,0,Peggy,participant,"So we have a lot of time to communication, so I feel like it's a little bit different with Jessica.",,,,
31,12,8,0,Peggy,participant,"So that's why I raised my hand, and but in later 1 1 meeting.",,,,
32,12,9,0,Peggy,participant,We usually don't talk a lot of technical things like what direction I should do something to detail.,,,,
33,12,10,0,Peggy,participant,They will likely just generally checking.,,,,
34,12,11,0,Peggy,participant,Are you okay right now?,,,,
35,12,12,0,Peggy,participant,And do you facing any difficulty?,,,,
36,12,13,0,Peggy,participant,"And while we want to retrieving like, if we are in the middle of promotion, what else I should do to me to next level.",,,,
37,12,14,0,Peggy,participant,So I feel that's good in Taiwan.,,,,
38,12,15,0,Peggy,participant,"We, when your manager says we need to have a some meetings, you, either in a big trouble, or you did very good job.",,,,
39,12,16,0,Peggy,participant,That's why I think.,,,,
40,12,17,0,Peggy,participant,yeah.,,,,
41,13,0,0,Elda,participant,Right.,,,,
42,14,0,0,Bryan Chen,moderator,"I see. Thank you, Peggy.",All Utility,False,False,True
43,14,1,0,Bryan Chen,moderator,And now I also have ever tat as well.,Instruction,False,True,False
44,14,2,0,Bryan Chen,moderator,Right? Everyone has everything.,All Utility,False,False,True
45,14,3,0,Bryan Chen,moderator,"Yeah. so I guess I they can all lead to our next questions like so sometime we, our our boss, might have, like different or manager, have a different cultural background.",Supplement,True,False,False
46,14,4,0,Bryan Chen,moderator,"But then? You know, like, but because you're also coming from different cultural background, you have potentially have some misalignment or different needs.",Interpretation,True,False,False
47,14,5,0,Bryan Chen,moderator,"And how do you kind of approach what we call up managing so, or up and upper management, which just means that you're trying to do something to influence your goals so that they can somehow do something that's infer in favor of you or in, you know, have some output that or outcome that you wanted to.",Probing,True,True,False
48,14,6,0,Bryan Chen,moderator,You want to. So have you done anything like that?,Probing,True,False,False
49,14,7,0,Bryan Chen,moderator,How you influence your manager to achieve this thing you want to achieve.,Probing,True,False,False
50,14,8,0,Bryan Chen,moderator,It can be either like some project that you want to put forward or some solution you want to propose.,Supplement,True,False,False
51,14,9,0,Bryan Chen,moderator,"Or maybe you just want to ask for, like, Cere, rice.",Probing,True,False,False
52,14,10,0,Bryan Chen,moderator,Yeah. So anyone have a good taste that how they influence their manager of both.,Probing,True,False,False
53,14,11,0,Bryan Chen,moderator,"Hatty, do you have anything you want to share.",Probing,True,False,True
54,15,0,0,Hailey,participant,For me. I've worked in Japan for most of my career.,,,,
55,15,1,0,Hailey,participant,"So I know this is not everyone's cup of tea, but something that's really important in Japan is kind of going out for dinners and things like that with your team.",,,,
56,15,2,0,Hailey,participant,And so sometimes I spend private time hanging out with my managers.,,,,
57,15,3,0,Hailey,participant,It's not just for career advancement purposes.,,,,
58,15,4,0,Hailey,participant,"Of course, I genuinely enjoy sort of hanging out with them.",,,,
59,15,5,0,Hailey,participant,"But I think that's really helpful, for when you wanna, you know, make a suggestion or something like that.",,,,
60,15,6,0,Hailey,participant,That you have that personal relationship and trust as well.,,,,
61,16,0,0,Bryan Chen,moderator,Right.,All Utility,False,False,True
62,17,0,0,Elda,participant,Do you? Do you invite them?,,,,
63,17,1,0,Elda,participant,Do you invite your.,,,,
64,18,0,0,Hailey,participant,Last time.,,,,
65,19,0,0,Elda,participant,Lunch or dinner.,,,,
66,20,0,0,Hailey,participant,"Usually they invite me, but I at my last job.",,,,
67,20,1,0,Hailey,participant,"I've invited my seniors before, but I just switched jobs like less than a year ago, so I haven't done that for my current job yet.",,,,
68,21,0,0,Bryan Chen,moderator,"Okay. So do you think it's always kind of beneficial to have like personal relationship with your manager, or do things really depending on person, because that your private, your former manager, you you guys kind of have like a quite matching personality.",Probing,True,False,False
69,21,1,0,Bryan Chen,moderator,So you say it's good to.,Interpretation,True,False,False
70,21,2,0,Bryan Chen,moderator,"you know, like, build out some bounding, but like in some other cases, probably like like people just like keep a little bit of professional distance.",Supplement,True,False,False
71,21,3,0,Bryan Chen,moderator,What we call,Probing,True,False,False
72,22,0,0,Hailey,participant,"Yeah, I think it definitely depends on the personality of both you and your boss.",,,,
73,22,1,0,Hailey,participant,"Or managers. yeah, if they don't like spending, if they like to sort of keep a strict divide between private life and work life that might be kind of difficult.",,,,
74,23,0,0,Bryan Chen,moderator,"Yeah, yeah, yeah, I think some people they prefer that way.",Supplement,False,False,True
75,23,1,0,Bryan Chen,moderator,Some people they they for me.,Supplement,True,False,False
76,23,2,0,Bryan Chen,moderator,"I also quite kind of like, like, the way, how Haley is described that, you know, making a job or work, not simply just as something you do for money or but it's something sounds like a project that a group of people that you like or yeah.",Supplement,True,False,True
77,23,3,0,Bryan Chen,moderator,So we grew up here.,Supplement,False,False,True
78,23,4,0,Bryan Chen,moderator,"We are quite close, alive to kind of like achieve something together, like how feeling like how you know achieving thing together.",Supplement,False,False,True
79,23,5,0,Bryan Chen,moderator,"Feeling is quite enjoyable, in my in my opinion.",Supplement,True,False,True
80,23,6,0,Bryan Chen,moderator,But but I guess that's not everyone's cup of tea.,Supplement,True,False,False
81,23,7,0,Bryan Chen,moderator,Some people they have a very clear division of like private life and professional life.,Supplement,True,False,False
82,23,8,0,Bryan Chen,moderator,"Yeah. But yeah, so I think, yeah, building relationship and bounding with the leader is a very nice point.",Supplement,True,False,True
83,23,9,0,Bryan Chen,moderator,"Thank you, Hayley. Who else want to?",Probing,False,False,True
84,23,10,0,Bryan Chen,moderator,"Oh. Amy, I couldn't recognize you because you changed your name so.",Supplement,False,False,True
85,24,0,0,Elda,participant,"Mara, she's a capy power now.",,,,
86,25,0,0,Bryan Chen,moderator,"Yeah, Kevin found out.",All Utility,False,False,True
87,25,1,0,Bryan Chen,moderator,So do you have any advice how to influence your manager to achieve what you want.,Probing,True,False,False
88,26,0,0,ピン 王,participant,Hmm! I think I recently I used a technique.,,,,
89,26,1,0,ピン 王,participant,"Well, I call it like a technique.",,,,
90,26,2,0,ピン 王,participant,"But when I try to, you know inference.",,,,
91,26,3,0,ピン 王,participant,"my manager, or even my client, to do something I want to do.",,,,
92,26,4,0,ピン 王,participant,I depends on their personality.,,,,
93,26,5,0,ピン 王,participant,"So my previous clients, she's quite.",,,,
94,26,6,0,ピン 王,participant,"She's quite like like to do new things, innovate, be innovative.",,,,
95,26,7,0,ピン 王,participant,"So I would give her lots of ideas about oh, wait.",,,,
96,26,8,0,ピン 王,participant,Maybe we can try this.,,,,
97,26,9,0,ピン 王,participant,"Maybe we can try that, but let everything is what I want to do.",,,,
98,26,10,0,ピン 王,participant,so I will make.,,,,
99,26,11,0,ピン 王,participant,It sounds very exciting.,,,,
100,26,12,0,ピン 王,participant,and then she will jump into the direction that I'd like to go.,,,,
101,26,13,0,ピン 王,participant,But my previous clients he's more like insecure.,,,,
102,26,14,0,ピン 王,participant,"He's not sure what to do, so I have to.",,,,
103,26,15,0,ピン 王,participant,Prepare lots of data or explain every single detail why I should do this and why we should do that.,,,,
104,26,16,0,ピン 王,participant,So make him be more secure and make sure.,,,,
105,26,17,0,ピン 王,participant,"You know it's not just waste time and money to do is something for a purpose and good for the good, for the company or brand.",,,,
106,26,18,0,ピン 王,participant,"So I I think my tech technique, like technique, will be when I try to pursue somebody.",,,,
107,26,19,0,ピン 王,participant,I will depends on their personality.,,,,
108,26,20,0,ピン 王,participant,If they are more.,,,,
109,26,21,0,ピン 王,participant,"you know, secure and or insecure if they are more an adventure type of person, or they are more like conservative.",,,,
110,26,22,0,ピン 王,participant,"Yeah, that's my technique.",,,,
111,27,0,0,Bryan Chen,moderator,"I think, yeah, I think that's a very good point, like observing, first, st before you take the live and then before you take the actions.",Supplement,True,False,False
112,27,1,0,Bryan Chen,moderator,"Yeah. I think I have a similar experience, like when how to persuade people.",Interpretation,True,False,False
113,27,2,0,Bryan Chen,moderator,"So the way, how I do it is like, sometime I have some idea, but I know this idea is a little bit how would you say?",Supplement,True,False,False
114,27,3,0,Bryan Chen,moderator,Innovative is a good way to say that there's a new idea.,Supplement,True,False,False
115,27,4,0,Bryan Chen,moderator,No one has tried it before.,Supplement,True,False,False
116,27,5,0,Bryan Chen,moderator,"So if I just like sometime I feel if I just straight away tell my manager or my boss say, Oh, I wanna try this.",Supplement,True,False,False
117,27,6,0,Bryan Chen,moderator,"I wanna try a they will say, this is a cute idea, but don't waste your time so, and then they will.",Supplement,True,False,False
118,27,7,0,Bryan Chen,moderator,"They will say something like, probably not so positive.",Supplement,True,False,False
119,27,8,0,Bryan Chen,moderator,"So. And then people, if you cannot, if I insist to do it like, you know, just like do my away, and then sometime have a good result.",Supplement,True,False,False
120,27,9,0,Bryan Chen,moderator,"I think it's kind of like, doesn't also, this still doesn't give them a good feeling, because, like you are late denied it.",Supplement,True,False,True
121,27,10,0,Bryan Chen,moderator,And then you it's like it's it's become like kind of like a competition.,Supplement,True,False,False
122,27,11,0,Bryan Chen,moderator,You're trying to prove it over them right?,Probing,True,False,False
123,27,12,0,Bryan Chen,moderator,"So, which is still even, you might.",All Utility,False,False,False
124,27,13,0,Bryan Chen,moderator,Still you might achieve your outcome.,Supplement,True,False,False
125,27,14,0,Bryan Chen,moderator,But you this is not making them feel feel good.,Supplement,True,False,False
126,27,15,0,Bryan Chen,moderator,"You just feel like you are very rebellion, I think a better way for me to do it is that if I have a idea A and I won't tell in, I won't tell in the idea so early.",Supplement,True,False,False
127,27,16,0,Bryan Chen,moderator,"I will probably just like run something secretly without a notice, and then just do some experiment by myself or some trial by myself, and then, if I have some good results, like like a sample or example, then I will present to them say, Hey, I have done something this, and then this is some of the good.",Supplement,True,False,False
128,27,17,0,Bryan Chen,moderator,"This result looks amazing, and it's good.",Supplement,True,False,True
129,27,18,0,Bryan Chen,moderator,Maybe we should go.,Instruction,False,True,False
130,27,19,0,Bryan Chen,moderator,"Take a little bit a few steps further to see how it goes, and then, most likely, if you show them some good evidence and good result, they will agree with you and support you, and then later on, if you, the result, turn out to be something that's even greater than you, you create account Field.",Supplement,True,False,False
131,27,20,0,Bryan Chen,moderator,and you achieve something together.,Supplement,True,False,False
132,27,21,0,Bryan Chen,moderator,"It's not because I it's better than like denying your proposal, and it's still keep going.",Interpretation,True,False,False
133,27,22,0,Bryan Chen,moderator,"And then and it kind of like slap land on their face and say, Hey, I proved myself, yeah.",Supplement,True,False,False
134,27,23,0,Bryan Chen,moderator,"So so I think, just like the older.",Supplement,True,False,False
135,27,24,0,Bryan Chen,moderator,"When do you prove your point, and how and when do you propose idea?",Probing,True,False,False
136,27,25,0,Bryan Chen,moderator,I think it's quite important.,Supplement,True,False,False
137,27,26,0,Bryan Chen,moderator,Based on my experience.,Supplement,True,False,False
138,27,27,0,Bryan Chen,moderator,"Yeah. Jessica. Oh, Shondo, do you have any one thing you want to share?",Probing,True,False,True
139,27,28,0,Bryan Chen,moderator,How to influence your manager?,Probing,True,False,False
140,28,0,0,Shunto,participant,I think I like the key is trust relationship with with our boss.,,,,
141,28,1,0,Shunto,participant,"And let's say. the technique I I can come up with some, but I think I guess the most easiest way is like going going to going to drink after party or dinner with your boss, I mean, so more communication with your boss.",,,,
142,28,2,0,Shunto,participant,I guess it's a very easy way to build a trust relationship.,,,,
143,28,3,0,Shunto,participant,"And if you if you have, if you have that.",,,,
144,28,4,0,Shunto,participant,"Maybe, like, it's easy.",,,,
145,28,5,0,Shunto,participant,It's easier to convince your boss in in a difficult situation.,,,,
146,28,6,0,Shunto,participant,So that's why I guess it's very important.,,,,
147,29,0,0,Elda,participant,So I have a question.,,,,
148,29,1,0,Elda,participant,For chinto.,,,,
149,30,0,0,Shunto,participant,Yeah.,,,,
150,31,0,0,Elda,participant,"You are talking about Japanese boss, or.",,,,
151,32,0,0,Shunto,participant,Even Western boss. I guess it's very key because we are like human.,,,,
152,32,1,0,Shunto,participant,"And we, we have emotion, we, we, we like some people.",,,,
153,32,2,0,Shunto,participant,We dislike some people.,,,,
154,32,3,0,Shunto,participant,"So the key, the key, is like, how you can be your bosses like people liking people.",,,,
155,32,4,0,Shunto,participant,"So in this, in in this view.",,,,
156,32,5,0,Shunto,participant,"I guess it doesn't matter if it's it's western or Eastern, I guess.",,,,
157,32,6,0,Shunto,participant,Like it's a like.,,,,
158,32,7,0,Shunto,participant,"It's a little bit different or different to do like how to how to communicate and like, maybe maybe you don't.",,,,
159,32,8,0,Shunto,participant,You don't need to do some kind of hierarchy things in the western boss in the Western culture.,,,,
160,32,9,0,Shunto,participant,"But I even even in this case, maybe you you use it.",,,,
161,32,10,0,Shunto,participant,It doesn't harm to go drinking or going dinner with your boss.,,,,
162,33,0,0,Elda,participant,And do you invite them by like from you or you.,,,,
163,34,0,0,Shunto,participant,"Oh, yes, I'm a sometimes I invite, invite, invite, invite my boss, because yeah, because because my boss doesn't.",,,,
164,34,1,0,Shunto,participant,My my boss generally doesn't.,,,,
165,34,2,0,Shunto,participant,Doesn't go ask. Ask me out.,,,,
166,34,3,0,Shunto,participant,Ask? Ask me out.,,,,
167,34,4,0,Shunto,participant,"But yeah, but yeah.",,,,
168,34,5,0,Shunto,participant,But I I believe it's it's very important even for him.,,,,
169,34,6,0,Shunto,participant,So that's why I I sometimes do it.,,,,
170,35,0,0,Bryan Chen,moderator,Let's see.,All Utility,False,True,False
171,36,0,0,ピン 王,participant,Sorry I have one question.,,,,
172,36,1,0,ピン 王,participant,"Oh, yep. is is for is for everybody.",,,,
173,36,2,0,ピン 王,participant,Each cause. After I heard about shinto shared.,,,,
174,36,3,0,ピン 王,participant,"Well, like cause. There's lots of say, we say, like, Okay, your caller is not your friend, so don't be friend with your anyone at your workplace.",,,,
175,36,4,0,ピン 王,participant,"Then how about your your manager, or who's leader above you like?",,,,
176,36,5,0,ピン 王,participant,"Would you guys, you know, happy to be friend with them?",,,,
177,36,6,0,ピン 王,participant,"Because, as what I've heard.",,,,
178,36,7,0,ピン 王,participant,"Hallie and she, until you guys hang out with your boss even in the private time.",,,,
179,36,8,0,ピン 王,participant,Right? So.,,,,
180,37,0,0,Shunto,participant,"Yeah. Oh, you you don't need to.",,,,
181,37,1,0,Shunto,participant,"You don't need to like sacrifice your like personal time, or you don't need to be.",,,,
182,37,2,0,Shunto,participant,You don't necessarily to be be friends with them.,,,,
183,37,3,0,Shunto,participant,"But if if you can, if you can be friends with your boss and you you become, you become that this.",,,,
184,37,4,0,Shunto,participant,"If the things will definitely go easier, that that's my point.",,,,
185,38,0,0,ピン 王,participant,"Clause. New York, oh, okay.",,,,
186,39,0,0,Shunto,participant,"Yes, yes.",,,,
187,40,0,0,Bryan Chen,moderator,"It's not necessary, though, because I know.",Supplement,True,False,False
188,41,0,0,Shunto,participant,"No, not yeah, not necessary.",,,,
189,41,1,0,Shunto,participant,"Yeah, exactly. I I don't.",,,,
190,41,2,0,Shunto,participant,I don't say like you should do it.,,,,
191,41,3,0,Shunto,participant,"But if you, if you feel comfortable with it.",,,,
192,41,4,0,Shunto,participant,And you you you you do it.,,,,
193,41,5,0,Shunto,participant,It's definitely makes things easier.,,,,
194,42,0,0,Bryan Chen,moderator,"True, but but I get I have her in some bigger company.",Supplement,True,False,False
195,42,1,0,Bryan Chen,moderator,And then they had.,Supplement,True,False,False
196,42,2,0,Bryan Chen,moderator,"you know, different groups of party.",Supplement,True,False,False
197,43,0,0,Shunto,participant,Hello!,,,,
198,44,0,0,Bryan Chen,moderator,Getting inside a company.,Supplement,True,False,False
199,44,1,0,Bryan Chen,moderator,So some of them they will.,Supplement,True,False,False
200,44,2,0,Bryan Chen,moderator,"For example, when you just join a company.",Supplement,True,False,False
201,45,0,0,Shunto,participant,Yeah.,,,,
202,46,0,0,Bryan Chen,moderator,The manager will actively be nice to you.,Supplement,True,False,False
203,46,1,0,Bryan Chen,moderator,And then just he or she actually intentionally want to pull you to her side or his side.,Supplement,True,False,False
204,47,0,0,Shunto,participant,Yeah.,,,,
205,48,0,0,Bryan Chen,moderator,Maybe in the future.,Supplement,True,False,False
206,48,1,0,Bryan Chen,moderator,"That cause, you know.",All Utility,False,False,False
207,48,2,0,Bryan Chen,moderator,Sometimes the company can divide the 2.,Supplement,True,False,False
208,48,3,0,Bryan Chen,moderator,There's like a few.,Supplement,True,False,False
209,49,0,0,Shunto,participant,Yeah.,,,,
210,50,0,0,Bryan Chen,moderator,"You know, big head.",All Utility,False,False,True
211,51,0,0,Shunto,participant,That's true.,,,,
212,52,0,0,Bryan Chen,moderator,"Dividing, supporting you. Are you the person?",Probing,True,False,False
213,52,1,0,Bryan Chen,moderator,"Are you, you know?",Probing,True,False,False
214,52,2,0,Bryan Chen,moderator,Are you supporting this guy or.,Probing,True,False,False
215,53,0,0,Shunto,participant,Yeah. So it's a big.,,,,
216,54,0,0,Bryan Chen,moderator,Party right? And then it's called.,Probing,True,False,False
217,55,0,0,Shunto,participant,It's pretty awesome.,,,,
218,56,0,0,Bryan Chen,moderator,Yeah.,All Utility,False,False,False
219,57,0,0,Shunto,participant,I I didn't consider over it.,,,,
220,57,1,0,Shunto,participant,"But I I just like it's just a general point, like a in simple situation.",,,,
221,58,0,0,Bryan Chen,moderator,So office politic can be something that's very.,Supplement,True,False,False
222,59,0,0,Shunto,participant,Yes. Yeah. Yeah.,,,,
223,60,0,0,Bryan Chen,moderator,So I don't know.,Supplement,True,False,False
224,60,1,0,Bryan Chen,moderator,"I if they don't work, play, people are overly nice to me.",Supplement,True,False,False
225,60,2,0,Bryan Chen,moderator,"I'll become very cautious about to me, is that, and then I guess I only if I feel comfortable, and if that person is genuine, just be a personal friend.",Supplement,False,False,True
226,60,3,0,Bryan Chen,moderator,No. not afraid of a group of people.,Supplement,False,False,True
227,61,0,0,Shunto,participant,"Yeah, yeah.",,,,
228,62,0,0,Bryan Chen,moderator,"I probably will. I wouldn't mind to have some personal relationship, because office politics can be very disgusting.",Supplement,True,False,False
229,62,1,0,Bryan Chen,moderator,Yeah. yeah.,All Utility,False,False,True
230,63,0,0,Shunto,participant,"Yeah, yeah.",,,,
231,64,0,0,Bryan Chen,moderator,Have like experience with politics.,Probing,True,False,False
232,64,1,0,Bryan Chen,moderator,I mean office politics.,Supplement,True,False,False
233,65,0,0,Shunto,participant,I don't.,,,,
234,66,0,0,Bryan Chen,moderator,Have you experienced anything like that?,Probing,True,False,False
235,66,1,0,Bryan Chen,moderator,"No, okay. People are all have having happy life.",Supplement,True,False,True
236,67,0,0,Elda,participant,Am I gonna share something.,,,,
237,68,0,0,Bryan Chen,moderator,"Yeah, go for it.",Instruction,False,False,True
238,69,0,0,Elda,participant,"So I I'm like, not into politics.",,,,
239,69,1,0,Elda,participant,And I it was within the company.,,,,
240,69,2,0,Elda,participant,And I I tend to just focus on my my work.,,,,
241,69,3,0,Elda,participant,"But I was told I I only knew, like later, that you know, actually, everyone, especially the the managers and the higher ups.",,,,
242,69,4,0,Elda,participant,They're actually really looking at everyone's behavior.,,,,
243,69,5,0,Elda,participant,"And during this drinking party, and people like they they would say, Oh, this so and so many Nani song, this, this person and this person.",,,,
244,69,6,0,Elda,participant,They must be like aiming for the next President's position.,,,,
245,69,7,0,Elda,participant,They must be like thinking this and that.,,,,
246,69,8,0,Elda,participant,So that's why they are doing this and that.,,,,
247,69,9,0,Elda,participant,And I was like.,,,,
248,69,10,0,Elda,participant,"Wow, how can you tell?",,,,
249,69,11,0,Elda,participant,"Like, how can you?",,,,
250,69,12,0,Elda,participant,"Just. you know, in in the meeting, whatever people say, and they can just sends that they have that kind of yeah, that.",,,,
251,69,13,0,Elda,participant,That's what they are like aiming for.,,,,
252,69,14,0,Elda,participant,"And from. And then I asked that question, and this team leader next to me she sit sits next to me.",,,,
253,69,15,0,Elda,participant,"She's like, Yeah, of course, like you have to choose side.",,,,
254,69,16,0,Elda,participant,Wisely. She told me that you have to like.,,,,
255,69,17,0,Elda,participant,"actually look for like the guy who is gonna help you in in the company, and who can give you the resources that you need.",,,,
256,69,18,0,Elda,participant,and you need to build a good relationship with that person.,,,,
257,69,19,0,Elda,participant,So in the future they will help you.,,,,
258,70,0,0,Shunto,participant,Yeah. Yes.,,,,
259,71,0,0,Elda,participant,"Was there. Oh, my gosh, they're so scary.",,,,
260,71,1,0,Elda,participant,Pull it. Other take.,,,,
261,71,2,0,Elda,participant,"Yeah, that I'm none of that.",,,,
262,71,3,0,Elda,participant,"I thought, Wow, these people, they actually, yeah, they're actually thinking about their future and their career.",,,,
263,71,4,0,Elda,participant,"Like when the in in Japan, the longer you stay in in the company the higher the chance of you getting promoted to the next hierarchy.",,,,
264,71,5,0,Elda,participant,But I guess it's quite different.,,,,
265,71,6,0,Elda,participant,"in in Western work workplace, because if you don't have.",,,,
266,71,7,0,Elda,participant,You don't show results.,,,,
267,71,8,0,Elda,participant,"There may be, no, no matter how long you work.",,,,
268,71,9,0,Elda,participant,"Yeah, you won't get promoted.",,,,
269,71,10,0,Elda,participant,"Maybe that's why it's It's not so so important to to make people on your side, even sacrificing your private life.",,,,
270,71,11,0,Elda,participant,I don't know I don't i i really can't say.,,,,
271,72,0,0,Bryan Chen,moderator,Yeah.,All Utility,False,False,True
272,73,0,0,Elda,participant,I've never worked in a Western yeah workplace.,,,,
273,73,1,0,Elda,participant,Yeah.,,,,
274,74,0,0,Bryan Chen,moderator,There are still a lot of politics there can.,Supplement,True,False,False
275,74,1,0,Bryan Chen,moderator,There still can be office politics in Western company.,Supplement,True,False,False
276,74,2,0,Bryan Chen,moderator,Of course.,Supplement,True,False,False
277,75,0,0,Elda,participant,Yeah.,,,,
278,76,0,0,Bryan Chen,moderator,I think it's not.,Supplement,True,False,False
279,76,1,0,Bryan Chen,moderator,It's not like exclusive to Asian company.,Supplement,True,False,False
280,76,2,0,Bryan Chen,moderator,I think it's kind of human nature.,Supplement,True,False,False
281,76,3,0,Bryan Chen,moderator,I just divided into party groups and having conflicts.,Interpretation,True,False,False
282,76,4,0,Bryan Chen,moderator,"And yeah, kill the other side.",Supplement,False,False,True
283,76,5,0,Bryan Chen,moderator,"Okay? yeah. So also, I think one thing that people haven't kind of well, people have talked about, but haven't talked about detail.",Interpretation,True,False,False
284,76,6,0,Bryan Chen,moderator,I think it's about communication.,Supplement,True,False,False
285,76,7,0,Bryan Chen,moderator,How do you communicate to your manager in both when you actually.,Probing,True,False,False
286,77,0,0,Elda,participant,70.,,,,
287,78,0,0,Bryan Chen,moderator,So I have a kind of a lesson I learned before.,Supplement,True,False,False
288,78,1,0,Bryan Chen,moderator,So that's all. My junior year 1st year working as a software engineer.,Supplement,True,False,False
289,78,2,0,Bryan Chen,moderator,"So when so, when I joined the company, they told me that they're going to kind of give me a performance review.",Supplement,True,False,False
290,78,3,0,Bryan Chen,moderator,"So which is like a review being how you how good you are, and deciding whether they're going to raise your salary right?",Supplement,True,False,False
291,78,4,0,Bryan Chen,moderator,So they're going to say they say you're going to give me a performance review.,Supplement,True,False,False
292,78,5,0,Bryan Chen,moderator,My I think like if like 6 months mark.,Supplement,True,False,False
293,78,6,0,Bryan Chen,moderator,"So after working 6 months, they go in to review me and then have a discussion about salary with me and on, but that was a small company, so the company was only around 20 people, and the boss himself is also the manager, so he's super busy.",Supplement,True,False,False
294,78,7,0,Bryan Chen,moderator,"So after 6 months he didn't mention anything about performance review, and then everything just like normal.",Supplement,True,False,False
295,78,8,0,Bryan Chen,moderator,He gave me jobs.,Supplement,True,False,False
296,78,9,0,Bryan Chen,moderator,"He asked me to do something, and then I know it was a time for the performance review, for to negotiate a higher salary by.",Supplement,True,False,False
297,78,10,0,Bryan Chen,moderator,But I was a junior.,Supplement,True,False,False
298,78,11,0,Bryan Chen,moderator,I feel like it was.,Supplement,True,False,False
299,78,12,0,Bryan Chen,moderator,It will make myself looks too greedy.,Supplement,True,False,False
300,78,13,0,Bryan Chen,moderator,"So I was quiet, and then only after maybe 3 or 4 months, and and the manager of the process suddenly realized, hey, Brian, I haven't done sounds like we haven't done your performance review, and then and then like, and then and then so why?",Supplement,True,False,False
301,78,14,0,Bryan Chen,moderator,Why? You didn't remind me.,Probing,True,False,False
302,78,15,0,Bryan Chen,moderator,And then we had the performance review.,Supplement,True,False,False
303,78,16,0,Bryan Chen,moderator,And I get like 30% salary rise.,Supplement,True,False,False
304,78,17,0,Bryan Chen,moderator,For after that review.,Supplement,True,False,False
305,78,18,0,Bryan Chen,moderator,So which means is that he actually had an intention to keeping me theory rise.,Supplement,True,False,False
306,78,19,0,Bryan Chen,moderator,But he was just too busy and didn't prioritize performance review for a junior like me.,Supplement,True,False,False
307,78,20,0,Bryan Chen,moderator,"So I guess I if I communicated more clearly and somehow use some technique to remind him to do performance review, I won't lose maybe a couple of 1,000 for those 4 months that has been delayed.",Supplement,True,False,False
308,78,21,0,Bryan Chen,moderator,"Yeah, I guess I to try to use some way to communicate your need or what you want to get clearly to your career manager.",Supplement,True,False,False
309,78,22,0,Bryan Chen,moderator,I think quite important.,Supplement,True,False,False
310,78,23,0,Bryan Chen,moderator,Maybe I don't know how that down is down in in Japan.,Probing,True,False,False
311,78,24,0,Bryan Chen,moderator,"But like, I guess, like in Western culture, you have to clearly kind of steady that, hey?",Supplement,True,False,False
312,78,25,0,Bryan Chen,moderator,I want this area.,Supplement,True,False,False
313,78,26,0,Bryan Chen,moderator,I want that package.,Supplement,True,False,False
314,78,27,0,Bryan Chen,moderator,Can we negotiate with it.,Probing,True,False,False
315,78,28,0,Bryan Chen,moderator,"So is it the same Japan like, if you want to have a promotion or you want to have a salary rise, adjustment.",Probing,True,False,False
316,79,0,0,Elda,participant,"No, no.",,,,
317,80,0,0,Bryan Chen,moderator,"Okay. so it's always like from the top down, like the manager have to say, Hey, Elda, you have been working very, very hard, and I want to give you this.",Supplement,True,False,False
318,80,1,0,Bryan Chen,moderator,I want to give you 10% right?,Probing,True,False,False
319,80,2,0,Bryan Chen,moderator,It's always like up to date.,Probing,True,False,False
320,81,0,0,Elda,participant,It's there! There is a system to how much you you should.,,,,
321,81,1,0,Elda,participant,"There is like a ranking in the in your, in your position, like everyone, has a rank in the company.",,,,
322,81,2,0,Elda,participant,and you have to clear it depends on your age.,,,,
323,81,3,0,Elda,participant,"It depends on your how many years you've worked in a company, and also the certifications that you have.",,,,
324,82,0,0,Bryan Chen,moderator,"Oh, okay.",All Utility,False,False,True
325,83,0,0,Elda,participant,Past that you have obtained.,,,,
326,83,1,0,Elda,participant,"Yeah, and also your work about evaluation.",,,,
327,83,2,0,Elda,participant,"So it's like, overall evaluation of like everything.",,,,
328,84,0,0,Bryan Chen,moderator,So it's like an automatic annual thing.,Interpretation,True,False,False
329,84,1,0,Bryan Chen,moderator,"It's not like, okay.",Interpretation,True,False,False
330,85,0,0,Shunto,participant,"And oh, yeah, sorry.",,,,
331,86,0,0,Elda,participant,"No, no, you go.",,,,
332,86,1,0,Elda,participant,You got.,,,,
333,87,0,0,Shunto,participant,"Oh, yeah, yeah. And let me add some context about like a Japan general specific environment.",,,,
334,87,1,0,Shunto,participant,"So basically, we we tend not to get the rates too often, because and the one of the reason is like.",,,,
335,87,2,0,Shunto,participant,it's hard for company to reduce reduce work workers wage so easily.,,,,
336,87,3,0,Shunto,participant,So if you if you reduce workers wage we without subject.,,,,
337,87,4,0,Shunto,participant,"Oh, sorry without objection.",,,,
338,87,5,0,Shunto,participant,"Subject 3. I forgot, maybe subjective objective.",,,,
339,87,6,0,Shunto,participant,I guess the object without object objectable and reasonable reason.,,,,
340,87,7,0,Shunto,participant,"And if the worker sue the company, the worker will likely win.",,,,
341,87,8,0,Shunto,participant,So that's why companies companies raise their wage.,,,,
342,88,0,0,Bryan Chen,moderator,"Hmm. I see. Hmm, okay, interesting.",All Utility,False,False,True
343,89,0,0,Elda,participant,"I guess in Western culture it's it's quite common, right.",,,,
344,89,1,0,Elda,participant,If you you think you deserve more.,,,,
345,89,2,0,Elda,participant,then it's.,,,,
346,90,0,0,Bryan Chen,moderator,"Yeah, you can initiate.",Instruction,False,True,False
347,91,0,0,Elda,participant,Common because I have people.,,,,
348,92,0,0,Bryan Chen,moderator,"I think it's more frequent, like people jump in between company.",Supplement,True,False,False
349,92,1,0,Bryan Chen,moderator,"So. If you're somehow indicating that if you don't give me pace rates and you, I'm going to.",Interpretation,True,False,False
350,92,2,0,Bryan Chen,moderator,Likely I'm going to go to another company.,Supplement,True,False,False
351,92,3,0,Bryan Chen,moderator,I think that case sometimes that happen as well.,Supplement,True,False,False
352,92,4,0,Bryan Chen,moderator,Yeah. But that also might affect your relationship with the company.,Supplement,True,False,True
353,92,5,0,Bryan Chen,moderator,"But I mean, I think it's it's always tricky place to negotiate your salary.",Supplement,True,False,False
354,92,6,0,Bryan Chen,moderator,"Yeah. Okay. Now, we have.",Instruction,False,True,False
355,93,0,0,Elda,participant,"I'm curious to know if Peggy or Jessica has such experience, like negotiating with your company about your pay condition, or like working condition.",,,,
356,94,0,0,jessica,participant,"For me. Personally, I don't have that experience yet.",,,,
357,94,1,0,jessica,participant,For me. I just jump between the different company to get a higher salary.,,,,
358,95,0,0,Bryan Chen,moderator,Hmm.,All Utility,True,False,False
359,96,0,0,jessica,participant,Yeah. But do you have.,,,,
360,97,0,0,Bryan Chen,moderator,Experience that you really like the current company.,Probing,True,False,False
361,97,1,0,Bryan Chen,moderator,But another company is offering a better salary.,Supplement,True,False,False
362,97,2,0,Bryan Chen,moderator,But so you kind of want to have the best of both.,Interpretation,True,False,False
363,97,3,0,Bryan Chen,moderator,So you will be somehow hinting your manager.,Supplement,True,False,False
364,97,4,0,Bryan Chen,moderator,"Say, Oh, I got this offer.",Interpretation,True,False,False
365,97,5,0,Bryan Chen,moderator,But I really really want to stay with you guys.,Supplement,True,False,True
366,97,6,0,Bryan Chen,moderator,Can you guys just raise the salary a little bit more so I can stay longer with you guys.,Probing,True,False,False
367,97,7,0,Bryan Chen,moderator,Have that happen to you?,Probing,True,False,False
368,98,0,0,jessica,participant,I heard I heard about my friend.,,,,
369,98,1,0,jessica,participant,"They they try to try to negotiate in the the Sara with the company, but for me personally.",,,,
370,98,2,0,jessica,participant,"No, I don't have that chance.",,,,
371,98,3,0,jessica,participant,"because my work parents is, I jump to the different career, so I don't have enough to the year experience to collect.",,,,
372,99,0,0,Bryan Chen,moderator,okay.,All Utility,False,True,False
373,100,0,0,Elda,participant,"Yeah, I I guess, even even with like, non.",,,,
374,100,1,0,Elda,participant,"Asian background people, even though it's more common, like I feel in in general cases that that that would not be like.",,,,
375,100,2,0,Elda,participant,I don't know the 1st thing that you do like.,,,,
376,100,3,0,Elda,participant,"People complain about their salary that not everyone, actually, you know, goes up and and ask for a raise.",,,,
377,100,4,0,Elda,participant,I don't know. I don't know just maybe they don't have the gods.,,,,
378,100,5,0,Elda,participant,I don't know.,,,,
379,101,0,0,Bryan Chen,moderator,"Yeah. okay, now, we kind of have our final questions.",Instruction,False,True,False
380,101,1,0,Bryan Chen,moderator,I think we had discussed about Western and Eastern.,Interpretation,True,True,False
381,101,2,0,Bryan Chen,moderator,But now we kind of want to talk about gender differences in leader style.,Supplement,True,True,False
382,101,3,0,Bryan Chen,moderator,"So I personally, I I had different bosses, like different supervisors, female and male, but I prefer female because I feel I feel female leaders or female manager like Haley mentioned earlier.",Supplement,True,False,False
383,101,4,0,Bryan Chen,moderator,"It's like they are more empathetic, empathetic.",Supplement,True,False,True
384,101,5,0,Bryan Chen,moderator,"They have more greater empathy and also trying to be more personal than male leader, because I feel male leader just like talk about what need to be done, or talk about seeing related to work and female leader.",Supplement,True,False,True
385,101,6,0,Bryan Chen,moderator,You feel your conversation.,Supplement,True,False,False
386,101,7,0,Bryan Chen,moderator,Conversation is more diverse with more personal content.,Supplement,True,False,False
387,101,8,0,Bryan Chen,moderator,"And then and then you yeah, I feel in general they are more gearing.",Supplement,True,False,True
388,101,9,0,Bryan Chen,moderator,and then they are not just like thinking about at least the 2 or 3 female leader I had in my career.,Supplement,True,False,True
389,101,10,0,Bryan Chen,moderator,"They are not just like thinking about how to get a work done, but they also think about like, how how you can advance your career.",Supplement,True,False,False
390,101,11,0,Bryan Chen,moderator,What? What you are currently now doing now can be beneficial for you.,Supplement,True,False,False
391,101,12,0,Bryan Chen,moderator,They actually care about your futures.,Supplement,True,False,False
392,101,13,0,Bryan Chen,moderator,"Yeah, I think they can all.",Interpretation,True,False,False
393,101,14,0,Bryan Chen,moderator,"So so I guess, like, there's a theory about why female leader?",Supplement,True,False,False
394,101,15,0,Bryan Chen,moderator,"So far I have made up much better than male leader, because maybe they are still gender biases in the industry.",Supplement,True,False,True
395,101,16,0,Bryan Chen,moderator,So for female leader for them to be cloud the ranking to eventually become leader.,Supplement,True,False,False
396,101,17,0,Bryan Chen,moderator,"They have a very, very smooth, and at the same time also very, very.",Supplement,True,False,False
397,101,18,0,Bryan Chen,moderator,How would you say?,Probing,True,False,False
398,101,19,0,Bryan Chen,moderator,"Something special about like it's like, so they're probably not the normal female.",Supplement,True,False,False
399,101,20,0,Bryan Chen,moderator,"We I kind of a special one that can be tough at the time, but also can be soft when handling people.",Supplement,True,False,True
400,101,21,0,Bryan Chen,moderator,"So yeah, maybe there's some biases there.",Supplement,True,False,False
401,101,22,0,Bryan Chen,moderator,Yeah. But I really appreciate the few female leader I had encounter.,Supplement,False,False,True
402,101,23,0,Bryan Chen,moderator,Yeah. anyone want to share like how they feel difference when they between male and female leaders or manager?,Probing,True,False,False
403,101,24,0,Bryan Chen,moderator,"Helly, do have some thought.",Probing,True,False,True
404,101,25,0,Bryan Chen,moderator,Haven't heard from you for a while.,Probing,True,False,True
405,102,0,0,Hailey,participant,All of my direct managers so far have been female to be honest.,,,,
406,102,1,0,Hailey,participant,"Even in New Zealand, where I only work for half a year.",,,,
407,102,2,0,Hailey,participant,"But yeah, maybe that's 1 of the reasons why I can actually kind of hang out with them as a friend.",,,,
408,102,3,0,Hailey,participant,I think that might be quite hard if I had a male manager to be honest.,,,,
409,102,4,0,Hailey,participant,"Because, like you said, I also find them to be really empathetic.",,,,
410,102,5,0,Hailey,participant,"and I had some non direct managers, so upper managers that were male.",,,,
411,102,6,0,Hailey,participant,"But yeah, I found it more difficult to talk to them about private stuff.",,,,
412,102,7,0,Hailey,participant,"So yeah, I also prefer female managers.",,,,
413,102,8,0,Hailey,participant,Personally.,,,,
414,103,0,0,Elda,participant,No.,,,,
415,104,0,0,Bryan Chen,moderator,"Yeah, people manager. I I just learned so much from them like, especially how they handle people, how they talk to people and communicate, and how to when to be tough, when to be critical, they can like down dance between the 2 spectrum to end on the spectrum.",Supplement,True,False,False
416,104,1,0,Bryan Chen,moderator,Yeah. So it's pretty.,All Utility,False,False,True
417,104,2,0,Bryan Chen,moderator,Learn a lot from them.,Supplement,True,False,False
418,104,3,0,Bryan Chen,moderator,"Peggy, do you have anything you want to say about female and male leadership?",Probing,True,False,True
419,105,0,0,Peggy,participant,"No, I don't have life experience.",,,,
420,105,1,0,Peggy,participant,All the line managers in my life are men.,,,,
421,106,0,0,Bryan Chen,moderator,"Oh, okay. Okay.",All Utility,False,False,True
422,107,0,0,Peggy,participant,Yeah.,,,,
423,108,0,0,Elda,participant,Do you? Do you wish it could have been female where you're happy with male managers?,,,,
424,109,0,0,Peggy,participant,"I don't know, actually, because I don't know what's different if I have a female miniature.",,,,
425,109,1,0,Peggy,participant,"But I see right now it works fine, and it's wireless.",,,,
426,109,2,0,Peggy,participant,I think I'm in our company.,,,,
427,109,3,0,Peggy,participant,We only have 3 or now it's 4 4 female engineers in hunter engineers.,,,,
428,109,4,0,Peggy,participant,So 10 parts by one.,,,,
429,110,0,0,Bryan Chen,moderator,"To, to. Yeah. Bob, how about you, Jessica?",Probing,True,False,False
430,110,1,0,Bryan Chen,moderator,Have you had? Different manager of different genders.,Probing,True,False,False
431,111,0,0,jessica,participant,"I think from I experience both the male and female manager, but I prefer female manager, I think, for Lalia more carry on.",,,,
432,111,1,0,jessica,participant,so they were to it.,,,,
433,111,2,0,jessica,participant,For for me mail manager is like from the up to down.,,,,
434,111,3,0,jessica,participant,So you will feel like a really really.,,,,
435,111,4,0,jessica,participant,"it's called heavy. The he, the the social hero, hero, hierarchy.",,,,
436,111,5,0,jessica,participant,Yeah. For the female.,,,,
437,111,6,0,jessica,participant,"You will feel like we work as a team, so they will more care about.",,,,
438,111,7,0,jessica,participant,How do you feel?,,,,
439,111,8,0,jessica,participant,"And then about your feedback, and be a good listener.",,,,
440,112,0,0,Bryan Chen,moderator,"That's true. Okay, how about you, Chantel?",Probing,True,False,False
441,112,1,0,Bryan Chen,moderator,"Do you have, like different manager with different gender.",Probing,True,False,False
442,113,0,0,Shunto,participant,"No, I only had female.",,,,
443,113,1,0,Shunto,participant,Sorry I I only have.,,,,
444,113,2,0,Shunto,participant,I only have had a male managers so far.,,,,
445,114,0,0,Bryan Chen,moderator,I see.,All Utility,False,False,True
446,115,0,0,Shunto,participant,"Yeah, yeah. So basically, I don't know the difference between them.",,,,
447,115,1,0,Shunto,participant,"But so far, so far, I'm comfortable with and their managers.",,,,
448,116,0,0,Bryan Chen,moderator,So what was your manager stuff?,Probing,True,False,False
449,116,1,0,Bryan Chen,moderator,Do you guys like talk about seeing outside work?,Probing,True,False,False
450,116,2,0,Bryan Chen,moderator,Or it's only you guys only focus on the work.,Probing,True,False,False
451,117,0,0,Shunto,participant,"We focus on work, we focus on work.",,,,
452,117,1,0,Shunto,participant,"But as I said, I sometimes ask, ask my boss to drink.",,,,
453,117,2,0,Shunto,participant,We drink. So Yeah.,,,,
454,117,3,0,Shunto,participant,"So in that case, I, I talk about my some partner stuff.",,,,
455,117,4,0,Shunto,participant,"So yeah, in that case, maybe like, if if it's mail, I guess it's easier to understand the foremost things.",,,,
456,118,0,0,Bryan Chen,moderator,I I also curious.,Supplement,True,False,False
457,118,1,0,Bryan Chen,moderator,I feel like cause.,Interpretation,False,False,True
458,118,2,0,Bryan Chen,moderator,"So so like, when you guys go out for drinking, hanging out.",Probing,True,False,False
459,118,3,0,Bryan Chen,moderator,What do you guys talk about?,Probing,True,False,False
460,119,0,0,Shunto,participant,"Oh, it's a very good question.",,,,
461,119,1,0,Shunto,participant,"But generally oh, it's a very big question, basically.",,,,
462,119,2,0,Shunto,participant,"My, I I trust my boss, my boss personality characteristics, and I feel I sense.",,,,
463,119,3,0,Shunto,participant,He he put the trust on me.,,,,
464,119,4,0,Shunto,participant,So that's that's why I guess I I am uncomfortable to talk about like my personal stuff like.,,,,
465,119,5,0,Shunto,participant,"it's very difficult. But like how I feel about like my friendship, or something like that.",,,,
466,120,0,0,Bryan Chen,moderator,"Oh, okay, wow, wow.",All Utility,False,False,True
467,120,1,0,Bryan Chen,moderator,You guys really have a deep relationship.,Supplement,False,False,True
468,120,2,0,Bryan Chen,moderator,Personally.,Supplement,False,False,True
469,121,0,0,Shunto,participant,"Yeah, yeah.",,,,
470,122,0,0,Bryan Chen,moderator,"I know I I did struggle with like building personal relationship with my male manager, male supervisors.",Supplement,False,False,True
471,122,1,0,Bryan Chen,moderator,I never let me think about it.,Supplement,True,False,False
472,122,2,0,Bryan Chen,moderator,"No, I never hang out or go out for dinner with.",Supplement,False,False,True
473,122,3,0,Bryan Chen,moderator,"Male leader or male manager, so I didn't have like dinner, or some more personal relation with my female leader or managers.",Supplement,True,False,True
474,123,0,0,Shunto,participant,"Oh, interesting!",,,,
475,124,0,0,Bryan Chen,moderator,It's like outside people.,All Utility,False,False,True
476,124,1,0,Bryan Chen,moderator,"Yeah. And so I wonder, like, because, you know, like, between guys, guys don't talk too much about personal stuff, even like friends.",Probing,True,False,False
477,124,2,0,Bryan Chen,moderator,We talk about gaming.,Supplement,False,False,True
478,124,3,0,Bryan Chen,moderator,"We talk about investment, but we don't really talk about like, oh, you know, how's your relationship going, how you feel?",Supplement,True,False,True
479,124,4,0,Bryan Chen,moderator,We don't talk about feeling.,Supplement,True,False,False
480,124,5,0,Bryan Chen,moderator,"We put more talk about facts and information, typical guys interactions.",Supplement,True,False,False
481,124,6,0,Bryan Chen,moderator,So.,All Utility,False,False,False
482,125,0,0,Shunto,participant,That's it.,,,,
483,126,0,0,Bryan Chen,moderator,But that doesn't mean that we don't have that need.,Supplement,True,False,True
484,126,1,0,Bryan Chen,moderator,So.,All Utility,False,False,False
485,127,0,0,Shunto,participant,"Yeah, yeah.",,,,
486,128,0,0,Bryan Chen,moderator,Yeah.,All Utility,False,False,True
487,129,0,0,Shunto,participant,"But but I guess, like like many people, talk about their their child or their wife about like in that drinking party, right during training parties.",,,,
488,129,1,0,Shunto,participant,"Yeah, I I guess that's that's kind of one of the topics that we can share in that process.",,,,
489,130,0,0,Bryan Chen,moderator,True.,Supplement,True,False,False
490,131,0,0,Shunto,participant,Yeah.,,,,
491,132,0,0,Bryan Chen,moderator,"Hello, Dutcham! Do you have any observations.",Probing,True,False,True
492,133,0,0,Elda,participant,Watch this. So my!,,,,
493,133,1,0,Elda,participant,"Oh, that's a good question, because I I just realized all my like manager, like direct managers have been.",,,,
494,133,2,0,Elda,participant,"No, no, that's not true.",,,,
495,133,3,0,Elda,participant,"No, it was. It was female before.",,,,
496,133,4,0,Elda,participant,"And this job is a guy, so hmm!",,,,
497,133,5,0,Elda,participant,"If I could choose, I I think I would still prefer female.",,,,
498,134,0,0,Bryan Chen,moderator,Okay.,All Utility,False,False,False
499,135,0,0,Elda,participant,"That just sucks, because in this world there are more male managers than females.",,,,
500,135,1,0,Elda,participant,So sometimes you can't choose.,,,,
501,135,2,0,Elda,participant,"But if I can choose, I would choose like a strong.",,,,
502,135,3,0,Elda,participant,"powerful female, but soft at the same time.",,,,
503,135,4,0,Elda,participant,"The reason why was because in in Japan, specifically like it's it will be like, even if I want to go drinking or like, you know, building personal relationship, it can be awkward because of gender difference, like I can't just like, invite my manager and be like, Hey, do you wanna go drinking after work?",,,,
504,135,5,0,Elda,participant,"And so it's it's kind of like, because before he was single.",,,,
505,135,6,0,Elda,participant,"and I was also single, and it can like potentially create like strange rumors in the in the company, even though you know there's no whatsoever like intention there that could be kind of awkward.",,,,
506,136,0,0,Bryan Chen,moderator,Yeah.,All Utility,False,False,False
507,137,0,0,Elda,participant,"So I think there, there's that reason.",,,,
508,137,1,0,Elda,participant,And also I I know that before me that my manager used to have only his subordinates are all guys.,,,,
509,138,0,0,Bryan Chen,moderator,Yeah.,All Utility,False,False,True
510,139,0,0,Elda,participant,He used to be like managing these these guys before me.,,,,
511,139,1,0,Elda,participant,"So he he was like really fierce and like when when he I guess trained these people, or like Mentor.",,,,
512,139,2,0,Elda,participant,These people like the way the way he like talked to them were like men's talk.,,,,
513,139,3,0,Elda,participant,You know.,,,,
514,140,0,0,Bryan Chen,moderator,"Oh, man!",All Utility,False,False,True
515,141,0,0,Elda,participant,"Yeah, yeah, like, really, like, really strong words.",,,,
516,141,1,0,Elda,participant,"and even can be like, really strong to the point that if if that person is a girl like she's gonna like cry, and that kind of strong strong.",,,,
517,141,2,0,Elda,participant,"Yes, I only heard that afterwards, because I I never really.",,,,
518,141,3,0,Elda,participant,"you know, had that directly.",,,,
519,141,4,0,Elda,participant,"but but later on, like.",,,,
520,141,5,0,Elda,participant,"you know, he started having female subordinates so like he, he told me, like sometimes that oh!",,,,
521,141,6,0,Elda,participant,"With like female subordinates, were like team players like you have to really be careful of like what you say, because sometimes people can can see like a really simple thing that you say can be considered as like harassment, like.",,,,
522,141,7,0,Elda,participant,"yeah, can be considered like, even even when you just praise s0me1.",,,,
523,141,8,0,Elda,participant,"0, your hair looks nice today.",,,,
524,142,0,0,Bryan Chen,moderator,It's.,All Utility,False,False,False
525,143,0,0,Elda,participant,Girl doesn't feel comfortable.,,,,
526,143,1,0,Elda,participant,"Then she she can tell him off, saying, You know I don't feel comfortable being praised as a girl like, that's sexual harassment.",,,,
527,143,2,0,Elda,participant,"And or yeah, when when when she feels like intimidation from the manager, she can always say, Oh, I'm being.",,,,
528,143,3,0,Elda,participant,I'm being harassed by by my boss like power harassment.,,,,
529,143,4,0,Elda,participant,Blah! Blah! So there!,,,,
530,143,5,0,Elda,participant,There's that I think I I know it could be.,,,,
531,143,6,0,Elda,participant,It's similarly difficult for him as a manager to deal with a female subordinate the same way as the opposite.,,,,
532,143,7,0,Elda,participant,Gender a subordinate to cope with.,,,,
533,143,8,0,Elda,participant,Him. So? Yeah.,,,,
534,144,0,0,Bryan Chen,moderator,Hmm.,All Utility,False,False,True
535,145,0,0,Elda,participant,What was the question?,,,,
536,145,1,0,Elda,participant,"Yeah, I prefer female.",,,,
537,145,2,0,Elda,participant,Yes.,,,,
538,146,0,0,Bryan Chen,moderator,"Yeah, you answer the question.",Interpretation,True,False,False
539,146,1,0,Bryan Chen,moderator,So once it's.,All Utility,False,False,False
540,147,0,0,Elda,participant,"Yeah, I know. What's the difference?",,,,
541,147,1,0,Elda,participant,"Yeah, like, what you guys said about like being flexible, strong and soft at the same time.",,,,
542,148,0,0,Bryan Chen,moderator,Yeah.,All Utility,False,False,True
543,149,0,0,Elda,participant,"And being able to to get closer, because.",,,,
544,149,1,0,Elda,participant,you know I can.,,,,
545,149,2,0,Elda,participant,I share more similarities.,,,,
546,149,3,0,Elda,participant,Being a woman like I can talk to her a little bit more about like personal stuff.,,,,
547,150,0,0,Bryan Chen,moderator,Hmm.,All Utility,True,False,False
548,151,0,0,Elda,participant,Yeah.,,,,
549,152,0,0,Bryan Chen,moderator,Hmm! I just had a hypolysis like.,Supplement,True,False,False
550,152,1,0,Bryan Chen,moderator,"Maybe only apply for me, but also, or maybe also apply for some other people or not just guide or girls.",Supplement,True,False,False
551,152,2,0,Bryan Chen,moderator,"Yeah, I mean. So my cause, like currently it sounds like we all prefer, somehow, our manager to be female.",Interpretation,True,False,False
552,152,3,0,Bryan Chen,moderator,"Right? Is that because that our upbringing, our childhood, and all that.",Probing,True,False,False
553,152,4,0,Bryan Chen,moderator,"The you know, the gender that plays a role as a as your mom, as your mother, as your teacher who gives you.",Supplement,True,False,False
554,152,5,0,Bryan Chen,moderator,You know the role that gives you instruction and comment.,Supplement,True,False,False
555,152,6,0,Bryan Chen,moderator,Where? Typically or mostly female.,Probing,True,False,False
556,152,7,0,Bryan Chen,moderator,"So and that that's so, it feels no more natural, like someone who gives instructions female.",Supplement,True,False,False
557,152,8,0,Bryan Chen,moderator,I don't know. It's just a very weird hypothesis sign.,Supplement,True,False,False
558,152,9,0,Bryan Chen,moderator,"Okay, this. Yeah. Don't don't mind me.",All Utility,False,False,True
559,152,10,0,Bryan Chen,moderator,"Okay, yeah. So anyone have anything you want to say?",Probing,True,False,True
560,152,11,0,Bryan Chen,moderator,I think that was our last question for today's conversations.,Supplement,False,True,False
561,152,12,0,Bryan Chen,moderator,"Oh, Amy, you haven't spoken for a while.",Probing,False,False,True
562,152,13,0,Bryan Chen,moderator,Do you want to share your thought on female and male manager.,Probing,True,False,True
563,153,0,0,ピン 王,participant,"Okay, I I think I kind of have quite different experience and working with male and female manager.",,,,
564,153,1,0,ピン 王,participant,"And I prefer male manager, probably because my previous experience working Taiwan.",,,,
565,153,2,0,ピン 王,participant,"my manager, she was nice.",,,,
566,153,3,0,ピン 王,participant,But cause we we work as like a friend.,,,,
567,153,4,0,ピン 王,participant,"So we share lots of thing, right?",,,,
568,153,5,0,ピン 王,participant,So lots of time I have to.,,,,
569,153,6,0,ピン 王,participant,I had to listen to she like a talk back to other colleagues or company.,,,,
570,153,7,0,ピン 王,participant,So there's lots of negative negative things we were sharing with.,,,,
571,153,8,0,ピン 王,participant,So I think this also kind of affects the way how I view Company and my colleague.,,,,
572,153,9,0,ピン 王,participant,"So eventually I felt like, Oh, can you just stop giving me so many share because I want to work longer like, I want to work as much as possible, but because I've heard lots of story.",,,,
573,153,10,0,ピン 王,participant,"I started to shift my perspective as well, and then I found when you share too many things to you be too vulnerable.",,,,
574,153,11,0,ピン 王,participant,"You couldn't really know when she will, or she will.",,,,
575,153,12,0,ピン 王,participant,"Well, other person will use this to against you.",,,,
576,153,13,0,ピン 王,participant,So I think maybe I think too much or too further.,,,,
577,153,14,0,ピン 王,participant,But for me I prefer to work with male cause.,,,,
578,153,15,0,ピン 王,participant,I don't need to share this kind of like really personal stuff to to them I can be.,,,,
579,153,16,0,ピン 王,participant,I feel more comfortable if I keep something still private.,,,,
580,153,17,0,ピン 王,participant,"I don't need to do like girly thing like we share secrets, so we become friends.",,,,
581,153,18,0,ピン 王,participant,I don't want to do that.,,,,
582,153,19,0,ピン 王,participant,Yeah. So that's just my personal experience.,,,,
583,154,0,0,Bryan Chen,moderator,"Yeah, yeah, I think that's also true, like you want to some.",Supplement,True,False,False
584,154,1,0,Bryan Chen,moderator,"Because I people, as I mentioned earlier, it's kind of the beginning of the office politics, right people treating you well.",Supplement,True,False,False
585,154,2,0,Bryan Chen,moderator,"And then you guys become close, and then he cannot.",Supplement,False,False,True
586,154,3,0,Bryan Chen,moderator,"He or she can use that kind of relationship to urge you, or to ask you to do something that you don't want to do.",Supplement,True,False,False
587,154,4,0,Bryan Chen,moderator,"Yeah. And then it can be tricky situation, especially if he or she is your manager.",Supplement,True,False,False
588,154,5,0,Bryan Chen,moderator,That's as I can assume.,Interpretation,True,False,False
589,154,6,0,Bryan Chen,moderator,That's a very painful feeling and difficult situation as well.,Supplement,False,False,True
590,154,7,0,Bryan Chen,moderator,Yeah. cool. So I think that was our last questions.,Instruction,False,True,False
591,154,8,0,Bryan Chen,moderator,"And I think that's also about time to wrap up, we almost 20 past 9.",Instruction,False,True,False
592,154,9,0,Bryan Chen,moderator,So today we have discussed people's view on leadership.,Interpretation,True,False,False
593,154,10,0,Bryan Chen,moderator,And I guess that we have a quite a bit.,Interpretation,True,True,False
594,154,11,0,Bryan Chen,moderator,"Quite a few good points like leadership is someone who have empathy that can you know, help people to bring the best off land and also leadership can coordinate a team to give Link guideline direction and versions and leader is different to managers.",Interpretation,True,False,False
595,154,12,0,Bryan Chen,moderator,"And we also can discuss like, compare some of personal experience between Eastern and Western style leadership.",Interpretation,True,False,False
596,154,13,0,Bryan Chen,moderator,"And and yeah, so and we talk about how to count influence our leader, and most of people say just making friends with them.",Supplement,True,False,False
597,154,14,0,Bryan Chen,moderator,"And then, now we talk about what would be the good thing, and also what may may be the concern having a private relationship with your managers.",Interpretation,True,False,False
598,154,15,0,Bryan Chen,moderator,"Yeah, I think we have a very solid conversation today.",Supplement,False,False,True
599,154,16,0,Bryan Chen,moderator,Thanks you guys for your participation.,All Utility,False,False,True
600,154,17,0,Bryan Chen,moderator,"And yeah, so I think that's it for today, anything or anyone.",Probing,True,True,False
601,154,18,0,Bryan Chen,moderator,"I mean, anyone want to bring out anything else before we refer to sessions.",Probing,True,True,False
602,154,19,0,Bryan Chen,moderator,If no thanks for participations.,All Utility,False,False,True
603,154,20,0,Bryan Chen,moderator,"and maybe we'll see you up to 2 weeks, I think.",Supplement,False,True,False
604,154,21,0,Bryan Chen,moderator,"Yeah, I don't think we have a session next week.",Supplement,False,True,False
605,154,22,0,Bryan Chen,moderator,Cool.,All Utility,False,False,True
606,155,0,0,ピン 王,participant,Do have survey after this.,,,,
607,156,0,0,Bryan Chen,moderator,"Yeah, I have survey.",Supplement,True,False,False
608,156,1,0,Bryan Chen,moderator,Let me bring it up.,Instruction,False,True,False
