,turn_index,sent_index,segment,speaker,role,text,dialogue_act,informational motive,coordinative motive,social motive
0,0,0,0,Bryan(host),moderator,"So today, we're going to talk about a topic.",Instruction,False,True,False
1,0,1,0,Bryan(host),moderator,Are you superstitutious? Why do people believe in weird things?,Probing,True,False,False
2,0,2,0,Bryan(host),moderator,"So I think in our society, and also in our culture.",Supplement,True,False,False
3,0,3,0,Bryan(host),moderator,"There are a lot of things that's, you know, beyond our rational or logical understanding.",Supplement,True,False,False
4,0,4,0,Bryan(host),moderator,"People either build, not just religions, but also a lot of like other other stuff or other components that people believe in.",Supplement,True,False,False
5,0,5,0,Bryan(host),moderator,"Like. For example, sometime people might be believing in the star sign, or sometimes people might be believing some taboo that you can't you?",Supplement,True,False,False
6,0,6,0,Bryan(host),moderator,You shouldn't do whistling to the moon.,Supplement,True,False,False
7,0,7,0,Bryan(host),moderator,"Or sometimes, you know, people have like believe that you know today you have a lucky color, and you should wear your lucky color so you might meet a girl that you like.",Supplement,True,False,False
8,0,8,0,Bryan(host),moderator,"So there are, you know all kind of like weird or interesting superstitions.",Supplement,True,False,False
9,0,9,0,Bryan(host),moderator,"So today, we're just going to talk about like, what are some of the scene that you have experienced?",Probing,True,False,False
10,0,10,0,Bryan(host),moderator,Do you have any your own belief?,Probing,True,False,False
11,0,11,0,Bryan(host),moderator,"And also, what is the kind of scientific foundation like?",Probing,True,False,False
12,0,12,0,Bryan(host),moderator,"Why, people believing in that, and also whether this thing are good or bad to to us as individual or to the society.",Probing,True,False,False
13,0,13,0,Bryan(host),moderator,"Okay? So we were just going to start our 1st questions, which is pretty straightforward.",Supplement,False,True,False
14,0,14,0,Bryan(host),moderator,We just want people to share that.,Supplement,True,False,False
15,0,15,0,Bryan(host),moderator,"Do you personally believe in something that you think other people don't, or something that you know other people might consider as superstitious superticians.",Probing,True,False,False
16,0,16,0,Bryan(host),moderator,"So, for for example, myself, I I'm a very scientific person, I believe, but sometimes I still watch those kind of star sign forecasting like telling me how good my weeks is going to be.",Supplement,True,False,False
17,0,17,0,Bryan(host),moderator,"I don't think IA strong believer in that, but I still kind of spend some time reading those kind of a post or article online.",Supplement,True,False,False
18,0,18,0,Bryan(host),moderator,"Yeah, so yeah, I'm not sure anyone here have something interesting just to share.",Probing,True,False,False
19,0,19,0,Bryan(host),moderator,Maybe we can start from Emma.,Instruction,False,True,False
20,0,20,0,Bryan(host),moderator,"Emma, do you have anything you like to share?",Probing,True,False,False
21,0,21,0,Bryan(host),moderator,"Some tell me that you believe some certifications, or any interesting thing that you believe in.",Probing,True,False,False
22,1,0,0,Emma,participant,"Basically, I'm a really, really superstitious person.",,,,
23,1,1,0,Emma,participant,"I believe in every can every kind of gods like Chinese God, Western gods.",,,,
24,1,2,0,Emma,participant,I visit like temples Chinese temples during the New Year to pray for some better life.,,,,
25,1,3,0,Emma,participant,Happiness like. I hope my life could go smoothly as as much as possible.,,,,
26,1,4,0,Emma,participant,"Yeah. So basically, I think it gives me power sometimes, while facing the difficulties, when I in some trouble believing God makes me stronger.",,,,
27,1,5,0,Emma,participant,"I think it's really positive for me, and also I don't know what to how to choose.",,,,
28,1,6,0,Emma,participant,I'm uncertain when I'm uncertain about my future I would go to a fortune tailor.,,,,
29,1,7,0,Emma,participant,"Yeah, I went to all kinds of Fountain, Taylor, whether they're doing like like traditional Chinese one or Western one.",,,,
30,1,8,0,Emma,participant,"There's tarot cards yeah, all sorts of things, and also in my like, in my daily life.",,,,
31,1,9,0,Emma,participant,I just play some music which there's some the sound of the water flowing.,,,,
32,1,10,0,Emma,participant,It brings it. I think it would bring me like good luck.,,,,
33,2,0,0,Bryan(host),moderator,"Hmm! I see. So you're not picky about what you believe in, just like whatever like potentially can help me.",Interpretation,True,False,False
34,2,1,0,Bryan(host),moderator,"I'll just and see if this, God help me, or that God can help me.",Probing,True,False,False
35,2,2,0,Bryan(host),moderator,Is that how you approach it?,Probing,True,False,False
36,3,0,0,Emma,participant,"No, it's not. It's not self-centered.",,,,
37,3,1,0,Emma,participant,It's it's about God-centered.,,,,
38,3,2,0,Emma,participant,"You know what God-centered is, not because you want a God to help you.",,,,
39,3,3,0,Emma,participant,It's about you. Respect every God.,,,,
40,4,0,0,Bryan(host),moderator,"Oh, okay. But what if the God conflict like this?",Probing,True,False,False
41,4,1,0,Bryan(host),moderator,"God, you know, don't want you to follow different God, or you kind of contract, and what do you do with it?",Probing,True,False,False
42,5,0,0,Emma,participant,"Well, I don't know this sort of thing, for now.",,,,
43,6,0,0,Bryan(host),moderator,"Okay, that's very interesting.",All Utility,False,False,True
44,7,0,0,Emma,participant,But I don't need every God.,,,,
45,7,1,0,Emma,participant,"I when I went to went to a church like last week, I don't need them, and whichever Temple.",,,,
46,7,2,0,Emma,participant,"I went in. I don't need some money, so I think they love.",,,,
47,7,3,0,Emma,participant,I think all of them would love me.,,,,
48,8,0,0,Bryan(host),moderator,"Okay, cool for your sharing.",All Utility,False,False,True
49,8,1,0,Bryan(host),moderator,That's very interesting inside.,Supplement,False,False,True
50,8,2,0,Bryan(host),moderator,"Let's see if Andrew, do you have any thing that you believe in, or any substitutions, or maybe other people's like you have windows before.",Probing,True,False,False
51,8,3,0,Bryan(host),moderator,"are you there, man?",Probing,False,True,False
52,9,0,0,Andrew,participant,"Yeah, yeah. Sorry. I don't have.",,,,
53,9,1,0,Andrew,participant,I don't follow much of a belief system to be honest.,,,,
54,9,2,0,Andrew,participant,"Because based on my life experience, all of the difficult times in my life I kind of survived or because of my own efforts to be honest, so I have never put my faith into any deity, so to speak.",,,,
55,9,3,0,Andrew,participant,"I respect these deities, but being a native Chinese.",,,,
56,9,4,0,Andrew,participant,We the way I interpret deities and causes like well.,,,,
57,9,5,0,Andrew,participant,they're gonna do something for us to to win our trust to win our faith.,,,,
58,9,6,0,Andrew,participant,"Otherwise it's just like, why the hell should I put all my faith in you?",,,,
59,9,7,0,Andrew,participant,"And why should I contribute a huge amount of effort in my life to these gods, to me they don't exist, or maybe they do.",,,,
60,9,8,0,Andrew,participant,It's just that they gotta find a way to manifest themselves at least.,,,,
61,9,9,0,Andrew,participant,"But I do believe in luck in and also, I believe in all the coincidences in life, like, Yeah.",,,,
62,10,0,0,Bryan(host),moderator,But I think it's not probably not just about religions.,Supplement,True,False,False
63,10,1,0,Bryan(host),moderator,"But sometimes they people just have this kind of like superstitution, like, you know if today, by wearing this color, or I have my watch, which is, I don't know, and it might probably bring bring luck to me.",Supplement,True,False,False
64,10,2,0,Bryan(host),moderator,This kind of thing doesn't have to be like religion or Yeah.,Supplement,True,False,False
65,11,0,0,Andrew,participant,"Right, yeah, yeah.",,,,
66,12,0,0,Bryan(host),moderator,"I totally understand your perspective, like you feel yourself is probably the only one you can look after or control the scene that's surrounding you.",Interpretation,False,False,True
67,12,1,0,Bryan(host),moderator,"And then maybe there's God, or maybe there's something superpower.",Supplement,True,False,False
68,12,2,0,Bryan(host),moderator,But it's out of your control and out of your understanding.,Interpretation,True,False,True
69,12,3,0,Bryan(host),moderator,"Yeah, okay, that's fair enough.",All Utility,False,False,True
70,12,4,0,Bryan(host),moderator,"In perspective. Let's say, Christine, do you have anything to say about belief or superstitutions?",Probing,True,False,False
71,13,0,0,Christine,participant,"Yeah, I think, like, actually, I think, like, everyone, have some sort of religious or cultural specifications like at least influenced by one but if you 1 min to talk about something like someone may not believe I want to share a superstition in Taiwan like, especially for the high tech industrial, because we have like a snack called that means, actually, it means well behave.",,,,
72,13,1,0,Christine,participant,"So basically, we'll put this food be beside the machine, and we believe that, put it beside the machine can make them behave well.",,,,
73,13,2,0,Christine,participant,and that I think that is only food we can put in the server room.,,,,
74,13,3,0,Christine,participant,"It's like pretty interesting, because I think this only in Taiwan we have this kind of building and like it, it is really popular in Taiwan, especially in high tech industrial.",,,,
75,13,4,0,Christine,participant,I don't know why.,,,,
76,13,5,0,Christine,participant,"But yeah, it's pretty interesting.",,,,
77,14,0,0,Bryan(host),moderator,"Yeah, I think sometimes those kind of coincidence kind of leading that to become like a you can call it culture, or something like it's no longer just like one or 2 incident.",Interpretation,True,False,False
78,14,1,0,Bryan(host),moderator,But it's like when a lot of people doing the same thing that become like a momentum or cultures.,Supplement,True,False,False
79,14,2,0,Bryan(host),moderator,"Yeah, it's interesting to think about it.",All Utility,False,False,True
80,14,3,0,Bryan(host),moderator,"Yeah, what about you?",Probing,True,False,False
81,14,4,0,Bryan(host),moderator,"Jodi, do you have anything you want to share.",Probing,True,False,False
82,15,0,0,Jodie,participant,Yeah. I think I do have some like superstitious thing.,,,,
83,15,1,0,Jodie,participant,Yeah. When I was in high school each time we had had an exam.,,,,
84,15,2,0,Jodie,participant,"We will received a candidate number, and I believe that certain number will bring me good luck and some numbers just bring me bad luck.",,,,
85,16,0,0,Bryan(host),moderator,Sorry you mean certain number for for what is it for.,Probing,True,False,False
86,17,0,0,Jodie,participant,Canada's number you will receive like a candidates.,,,,
87,17,1,0,Jodie,participant,"Number. Okay, okay.",,,,
88,18,0,0,Bryan(host),moderator,"I see, cause I have a similar experience, but it's more in like choosing the number in multiple choice, like you got 1, 2, 3, 4, or a, BCD, you will be like, Okay, see?",Supplement,False,False,True
89,18,1,0,Bryan(host),moderator,It's my lucky character.,Supplement,False,False,True
90,18,2,0,Bryan(host),moderator,Today I'll choose all the answer to be C.,All Utility,False,False,True
91,19,0,0,Jodie,participant,Yeah.,,,,
92,20,0,0,Bryan(host),moderator,"Okay, yeah, sorry. Carry on.",Instruction,False,True,False
93,20,1,0,Bryan(host),moderator,I was in interrupting you.,All Utility,False,False,True
94,21,0,0,Jodie,participant,"So so and like when I received my the candidates number such as if it if it was like 14 or 13 or 4, 8, 4.",,,,
95,21,1,0,Jodie,participant,"That would definitely bring me some bad luck, because there has a 4.",,,,
96,21,2,0,Jodie,participant,Yeah.,,,,
97,22,0,0,Bryan(host),moderator,"Yeah, I think some hospital people, you know, in Asia especially, I know in Taiwan, some hospital.",Supplement,True,False,False
98,22,1,0,Bryan(host),moderator,"They don't have the label for, because it's just pronounced the sound just very similar to deaf.",Supplement,True,False,False
99,22,2,0,Bryan(host),moderator,"Yeah, it's probably similar logic.",Interpretation,True,False,False
100,22,3,0,Bryan(host),moderator,"Yeah. But do you think, does it actually work?",Probing,True,False,False
101,22,4,0,Bryan(host),moderator,"Do you have experience that you actually receive bad number, and then that lead you to bad result.",Probing,True,False,False
102,23,0,0,Jodie,participant,"Yeah, definitely.",,,,
103,24,0,0,Bryan(host),moderator,"Okay, okay, so it's actually true for you.",Interpretation,True,False,False
104,24,1,0,Bryan(host),moderator,"Okay, yeah. cool. How about you, Leo?",Probing,True,False,False
105,24,2,0,Bryan(host),moderator,Do you have any experience?,Probing,True,False,False
106,24,3,0,Bryan(host),moderator,Or what's your view on superstitutions?,Probing,True,False,False
107,25,0,0,Leo,participant,Yeah.,,,,
108,26,0,0,Bryan(host),moderator,Shows.,Probing,True,False,False
109,27,0,0,Leo,participant,"Basically, I'm a atheist.",,,,
110,27,1,0,Leo,participant,I don't believe in any God in in that regard.,,,,
111,27,2,0,Leo,participant,So and I I think the the way I approach.,,,,
112,27,3,0,Leo,participant,It is per logical and scientific.,,,,
113,27,4,0,Leo,participant,So actually like I remember my my grandma used to told me so.,,,,
114,27,5,0,Leo,participant,"Basically back in the day, like in China when we don't have this but the ones the medical.",,,,
115,27,6,0,Leo,participant,What do we do?,,,,
116,27,7,0,Leo,participant,"It's a way, pray.",,,,
117,27,8,0,Leo,participant,And we have this kind of a traditional it and stuff to hope the delays goes away.,,,,
118,27,9,0,Leo,participant,"But as the technology progresses as the economy, I mean booming up, and we have a more sophisticated approach to cure the disarm.",,,,
119,27,10,0,Leo,participant,Then people start stop doing that.,,,,
120,27,11,0,Leo,participant,So that's kind of my thoughts on that.,,,,
121,27,12,0,Leo,participant,And I think people become superstitious.,,,,
122,27,13,0,Leo,participant,Because we don't. We don't have a explanation to certain things.,,,,
123,27,14,0,Leo,participant,And we wanted explanation to certain things.,,,,
124,27,15,0,Leo,participant,And that's where people came to.,,,,
125,27,16,0,Leo,participant,This canoa approach.,,,,
126,28,0,0,Bryan(host),moderator,"That's interesting. I'm interested to know, like, how do when you recall your childhood or your background?",Probing,True,False,True
127,28,1,0,Bryan(host),moderator,Do you think? How did your perspective atheist form.,Probing,True,False,False
128,28,2,0,Bryan(host),moderator,Is it like? From the very early stage of your life you always has been atheist?,Probing,True,False,False
129,28,3,0,Bryan(host),moderator,Or is it like something happened?,Probing,True,False,False
130,28,4,0,Bryan(host),moderator,"And then gradually you learn more knowledge, and you eventually.",Probing,True,False,False
131,28,5,0,Bryan(host),moderator,but I gradually become acous.,Probing,True,False,False
132,29,0,0,Leo,participant,"Yeah, I think it's more of a social and education.",,,,
133,29,1,0,Leo,participant,"See? So basically, when I was child.",,,,
134,29,2,0,Leo,participant,"I kind of believe in, there might be a a Buddha, or like a traditional Chinese god or something.",,,,
135,29,3,0,Leo,participant,"But as I learn more about science, about knowledge.",,,,
136,29,4,0,Leo,participant,and how it got generated.,,,,
137,29,5,0,Leo,participant,I like stopped believing like All this up superstitious stuff.,,,,
138,30,0,0,Bryan(host),moderator,"Yeah, I understand. But I think, like sometimes there's still like, I feel like my personal view, probably more closer to Andrew, like, I think there's a lot of things cannot be explained by science.",Supplement,False,False,True
139,30,1,0,Bryan(host),moderator,"There's also a lot of things can be explained, but life is too long.",Supplement,True,False,False
140,30,2,0,Bryan(host),moderator,"Well, it's too big.",All Utility,False,False,True
141,30,3,0,Bryan(host),moderator,And what can be very explained by science is still very little.,Supplement,True,False,False
142,30,4,0,Bryan(host),moderator,"So yeah, but I totally understand your view.",Supplement,False,False,True
143,30,5,0,Bryan(host),moderator,"okay, let's see. Yan yu?",Probing,True,True,False
144,30,6,0,Bryan(host),moderator,Do you have any thought or any insight you would like to share.,Probing,True,False,False
145,31,0,0,YY,participant,"Yeah, thank you. I think I'm not superstitious for certain things or religious.",,,,
146,31,1,0,YY,participant,But sometimes when I had some difficult issue in my life.,,,,
147,31,2,0,YY,participant,"For example, when I have a important exam, like interview or big decision.",,,,
148,31,3,0,YY,participant,"I always go to temples, pray to the God, I think.",,,,
149,31,4,0,YY,participant,Just ask them for some wisdom and calm to guide me through a difficulty or depression.,,,,
150,31,5,0,YY,participant,"I think I inherited these habits from my family, from my parents.",,,,
151,31,6,0,YY,participant,Even though I do like to pray to God.,,,,
152,31,7,0,YY,participant,"But I rarely ask for fortune sticks, because I know some people like to ask for that.",,,,
153,31,8,0,YY,participant,"But there was a story about about that I can tell about I remember around 1012 years ago I went to a super famous temple in Taiwan, called with my friend.",,,,
154,31,9,0,YY,participant,and he wanted his is there any chance to get back with his ex-girlfriend?,,,,
155,31,10,0,YY,participant,So as for a fortune sticks.,,,,
156,31,11,0,YY,participant,"and it shows that that the broken mirror mirror couldn't go back to be wrong again, and I think it really answered his question.",,,,
157,31,12,0,YY,participant,So it showed me the like.,,,,
158,31,13,0,YY,participant,The superpower of the god.,,,,
159,32,0,0,Bryan(host),moderator,"Yeah, yeah, I think sometimes those kind of moment happen.",Supplement,False,False,True
160,32,1,0,Bryan(host),moderator,So I also have seen my experience.,Supplement,False,False,True
161,32,2,0,Bryan(host),moderator,"I never believe in anything like tallowed, or any like, you know, fortune telling, until one day, while my friend also just like, do a just like she was approaching a very peaceful kind of manner, and then and then we have a few conversation, and then she just she just suddenly feels something, and then and then just like Tell, and just like told me something that that was reading on my mind.",Supplement,False,False,True
162,32,3,0,Bryan(host),moderator,And then that really shocked me.,Supplement,False,False,True
163,32,4,0,Bryan(host),moderator,"Because that's very, very precise, very, very accurate.",Supplement,True,False,False
164,32,5,0,Bryan(host),moderator,"And then that also gave me a very, very strong relief.",Supplement,False,False,True
165,32,6,0,Bryan(host),moderator,"So yeah, I think sometimes that this kind of moment happened that this, which is very interesting.",Interpretation,True,False,False
166,32,7,0,Bryan(host),moderator,Yeah.,All Utility,False,False,True
167,33,0,0,YY,participant,"Yeah, I agree.",,,,
168,34,0,0,Bryan(host),moderator,"Okay, I think we also have yelling.",Supplement,False,True,False
169,34,1,0,Bryan(host),moderator,I think you haven't you?,Probing,True,False,False
170,34,2,0,Bryan(host),moderator,You haven't sure do you have anything you want to share regarding to superstitions?,Probing,True,False,False
171,35,0,0,Yelin,participant,"Yeah, yeah, actually, I'm not a typical, very typical kind of superstitious person.",,,,
172,35,1,0,Yelin,participant,But I think I could.,,,,
173,35,2,0,Yelin,participant,"I I could say, sometimes I'm I'm just quite superstitious like.",,,,
174,35,3,0,Yelin,participant,I'm not sure. Whether has everybody heard heard of astrology?,,,,
175,35,4,0,Yelin,participant,Because that is something related to like?,,,,
176,35,5,0,Yelin,participant,"Sometimes it could be related to tarot cards, and sometimes it could be related to like constellation, like, my constellation is cancer.",,,,
177,35,6,0,Yelin,participant,I know it's it may sounds not very auspicious.,,,,
178,35,7,0,Yelin,participant,"But yeah, it's the English English version of the constellation type.",,,,
179,35,8,0,Yelin,participant,"And sometimes I'm I'm just to be honest, I I won't like Do Europe pray like some religious praying, but sometimes I I will go to the fortune teller, especially when I when I'm gone, when I'm going to have a test.",,,,
180,35,9,0,Yelin,participant,"or there's an extreme, extremely important time period in my life that is going to happen.",,,,
181,35,10,0,Yelin,participant,"For example, maybe next year I will apply for a Phd study, and this is the time I will go to the fortune teller and to say, what is my fortune for next year, and I will just believe you know what the person said, but but most of the time I just just believe the the good things he, he or she said, and not the best thing.",,,,
182,36,0,0,Bryan(host),moderator,Okay.,All Utility,False,False,False
183,37,0,0,Yelin,participant,"Yeah, I know it's it's.",,,,
184,38,0,0,Bryan(host),moderator,How many.,Probing,True,False,False
185,39,0,0,Yelin,participant,"Yeah, it's super subjective.",,,,
186,39,1,0,Yelin,participant,But sometimes it just brings me a kind of like confidence.,,,,
187,39,2,0,Yelin,participant,"I can say confidence, because sometimes you know the things are not physical.",,,,
188,39,3,0,Yelin,participant,"But if you if you believe it, then it's gonna be happen.",,,,
189,39,4,0,Yelin,participant,"I think, yeah. Sounds like a kind of like superstacious thing.",,,,
190,40,0,0,Bryan(host),moderator,"Yeah, yeah. I mean, like, as long as they say something good.",Supplement,False,False,True
191,40,1,0,Bryan(host),moderator,"Yeah, happy with it.",All Utility,False,False,True
192,40,2,0,Bryan(host),moderator,It doesn't doesn't matter.,All Utility,False,False,True
193,40,3,0,Bryan(host),moderator,"It's true or bad, I mean true of those as something that sounds good, that can potentially, I mean at least it kill you, cheer you up right at least.",Interpretation,False,False,True
194,41,0,0,Yelin,participant,"Yeah, yeah, yeah, yeah, true.",,,,
195,42,0,0,Bryan(host),moderator,Yeah. cool thanks for everyone sharing.,All Utility,False,False,True
196,42,1,0,Bryan(host),moderator,"I think my overall, if you provide very interesting perspective.",Supplement,False,False,True
197,42,2,0,Bryan(host),moderator,And now we move on to the next question.,Instruction,False,True,False
198,42,3,0,Bryan(host),moderator,"So I think now, as Leo and maybe some other people mentioned our education, our society become more and more scientific and more and more rational.",Interpretation,True,False,False
199,42,4,0,Bryan(host),moderator,"But you know this kind of belief, and also citizens, still exist in our society, and not exist as a minority.",Supplement,True,False,False
200,42,5,0,Bryan(host),moderator,"But I think, if they still have a quite a major influence over the populations in our day society.",Supplement,True,False,False
201,42,6,0,Bryan(host),moderator,"So so I just interest to know what like, what do you think?",Probing,True,False,False
202,42,7,0,Bryan(host),moderator,What do you guys think?,Probing,True,False,False
203,42,8,0,Bryan(host),moderator,What do you guys think about?,Probing,True,False,False
204,42,9,0,Bryan(host),moderator,"Why, why is that happening like why people still believe in so you know, sophistication.",Probing,True,False,False
205,42,10,0,Bryan(host),moderator,"God religions. So, Leo, do you wanna give a go?",Probing,True,True,False
206,42,11,0,Bryan(host),moderator,What's your view on?,Probing,True,False,False
207,42,12,0,Bryan(host),moderator,Okay? Hopefully in institutions.,Probing,True,False,False
208,42,13,0,Bryan(host),moderator,And yeah.,All Utility,False,False,True
209,43,0,0,Leo,participant,"Yeah, yeah. Sure. I think because because it, it provides you a simple solution with good result, like, we need comfort.",,,,
210,43,1,0,Leo,participant,So we're looking for this currency.,,,,
211,43,2,0,Leo,participant,That's the word. I think.,,,,
212,44,0,0,Bryan(host),moderator,So you said simple answers.,Interpretation,True,False,False
213,44,1,0,Bryan(host),moderator,So if.,Probing,True,False,False
214,45,0,0,Leo,participant,"Yeah. Yeah. And if we actually like a dive deep into the problem, it it gets up complicated very quickly.",,,,
215,46,0,0,Bryan(host),moderator,Hmm.,All Utility,True,False,False
216,47,0,0,Leo,participant,I don't have a concrete example for for this.,,,,
217,47,1,0,Leo,participant,But does that sound?,,,,
218,47,2,0,Leo,participant,What kind of my thoughts on that.,,,,
219,48,0,0,Bryan(host),moderator,"I think in some sense, I agree with you like it does like make people feel okay for these questions or for the challenge I'm facing having those kind of believe makes things looks easier.",Supplement,True,False,False
220,48,1,0,Bryan(host),moderator,"But but but there are also moments where people make things also more complicated because they are also study about gala theology, and also, like yelling mentioned, people do actually spend a lot amazing amount of effort in studying like horoscope or study star sign.",Supplement,True,False,False
221,48,2,0,Bryan(host),moderator,"So maybe in some other perspective, it doesn't necessarily make thing looks easy.",Supplement,True,False,False
222,48,3,0,Bryan(host),moderator,It actually bring a lot of detail and discussion in under the under.,Supplement,True,False,False
223,48,4,0,Bryan(host),moderator,You know the topic.,Instruction,False,True,False
224,48,5,0,Bryan(host),moderator,So yeah.,All Utility,True,False,False
225,49,0,0,Leo,participant,"Yeah, yeah. But I.",,,,
226,49,1,0,Leo,participant,But I also want to point out that that would be the minority in the let's religion group like there will only be like very small amount of people will doing that.,,,,
227,49,2,0,Leo,participant,And most people are going to take the I think they programmatic approach.,,,,
228,49,3,0,Leo,participant,"But you've been, yeah.",,,,
229,50,0,0,Bryan(host),moderator,"Yeah, I kind of agree as well, I think in church.",Supplement,True,False,False
230,50,1,0,Bryan(host),moderator,I went to church before I think in church.,Supplement,True,False,False
231,50,2,0,Bryan(host),moderator,There are some serious people.,Supplement,True,False,False
232,50,3,0,Bryan(host),moderator,"They discuss the theology and philosophy, but most of people just like Go there.",Supplement,True,False,False
233,50,4,0,Bryan(host),moderator,They just want to have the peace they want to just have the blessed from the God.,Supplement,True,False,False
234,50,5,0,Bryan(host),moderator,"Very straightforward. Yeah, totally agree.",Supplement,True,False,True
235,50,6,0,Bryan(host),moderator,"let's see, Emma, do you have any thought like, why do you think like people believe even in now, with this very scientific society.",Probing,True,False,False
236,51,0,0,Emma,participant,"I mean, 1st of all, sense cannot explain everything.",,,,
237,51,1,0,Emma,participant,That's why we need universities and Phd students to explore the unknown.,,,,
238,51,2,0,Emma,participant,"And also, I think it can.",,,,
239,51,3,0,Emma,participant,"it's there. Indeed! The world, indeed has some something, some phenomena you cannot explain.",,,,
240,51,4,0,Emma,participant,Only with science. And I think believing these things not not just to not just it can give you some mental support where it supports you.,,,,
241,51,5,0,Emma,participant,It encourages you when you face some difficulties also it.,,,,
242,51,6,0,Emma,participant,"give you a direction when you feel when you feel uncertain about yourself, your future, or or even other people's future it.",,,,
243,51,7,0,Emma,participant,"Sometimes it gives you a clear, clear direction how this, how the thing will go and what might be the reason behind this current situation.",,,,
244,51,8,0,Emma,participant,"And I think it's really I think it's really helpful for me, and also for me, for me when I pray for something in most of the case.",,,,
245,51,9,0,Emma,participant,In most cases I get what I want in the end.,,,,
246,51,10,0,Emma,participant,"I don't know, because I don't know if it is because it's sort of a mental help to encourage me to get get to these results, or there, indeed, has some superpower helped me to get the updates.",,,,
247,51,11,0,Emma,participant,"Positive results. I I, yeah, that's what I want to say.",,,,
248,52,0,0,Bryan(host),moderator,"Okay, yeah, I think that's very interesting.",All Utility,False,False,True
249,52,1,0,Bryan(host),moderator,"Basically, you are saying that having that will give you a sense of directions and sense of guidance.",Interpretation,True,False,False
250,52,2,0,Bryan(host),moderator,"And maybe with that, maybe it's true or not.",Supplement,True,False,False
251,52,3,0,Bryan(host),moderator,But at least you have that psychology buffer or psychology support that can move you forward so that you can.,Interpretation,True,False,False
252,52,4,0,Bryan(host),moderator,"You can achieve something just by you know, perhaps with the superstitions, I think that's what you.",Interpretation,True,False,False
253,52,5,0,Bryan(host),moderator,That's how I understand what you just said.,Interpretation,True,False,False
254,53,0,0,Emma,participant,"It doesn't. When you pray for something, it doesn't mean that you you pray that you can get that without any effort.",,,,
255,53,1,0,Emma,participant,It it does. It does not mean that you you are after something.,,,,
256,53,2,0,Emma,participant,You wish to get this effortlessly.,,,,
257,53,3,0,Emma,participant,It. It means you want that.,,,,
258,53,4,0,Emma,participant,"And you tell the god and the God hear you, and it helped you in in some.",,,,
259,53,5,0,Emma,participant,"In some way you cannot explicitly tell, say it, and in the and it worked.",,,,
260,53,6,0,Emma,participant,"but sometimes sometimes, indeed, it didn't work, and my friend, my friend told me that it was just some sort of psychologist psychology, psychological therapy you are getting, but I to some extent it it was it, indeed was because I went to some like some fortune teller in and they told.",,,,
261,53,7,0,Emma,participant,They told me a lot of wrong things.,,,,
262,53,8,0,Emma,participant,They explained my situation in a very wrong way some.,,,,
263,53,9,0,Emma,participant,"Some of them were not scientific and untrue, but I think most of them are good, and encourage people to fight for what they want.",,,,
264,53,10,0,Emma,participant,"Encourage people to have a good heart, be positive.",,,,
265,54,0,0,Bryan(host),moderator,In life.,All Utility,False,False,False
266,55,0,0,Emma,participant,Yeah.,,,,
267,56,0,0,Bryan(host),moderator,"Okay, yeah. How about Jodi?",Probing,True,False,True
268,56,1,0,Bryan(host),moderator,Do you have anything to say?,Probing,True,False,False
269,56,2,0,Bryan(host),moderator,Why do you think people believe.,Probing,True,False,False
270,57,0,0,Jodie,participant,"Yeah. I think. Probably in ancient times people who were proved to have close connection to gods, or whatever like something like this.",,,,
271,57,1,0,Jodie,participant,"They will. They? They had superior positions or rights over the other people, I think.",,,,
272,57,2,0,Jodie,participant,"yeah, by now there are.",,,,
273,57,3,0,Jodie,participant,There is still something that cannot be explained by technology and science.,,,,
274,57,4,0,Jodie,participant,"So there are some people they don't want to lose their superior position were rights like yeah, this they use this, I mean.",,,,
275,57,5,0,Jodie,participant,use this kind of things to like to empower themselves.,,,,
276,57,6,0,Jodie,participant,I think.,,,,
277,58,0,0,Bryan(host),moderator,"So I think in general, what I've heard so far is like, people want a kind of a sense of like certainty, or a sense of like direction.",Interpretation,True,False,False
278,58,1,0,Bryan(host),moderator,Because I I understand some people want to have like scientific evidence for everything.,Supplement,True,False,False
279,58,2,0,Bryan(host),moderator,But the life's pretty short and also our resources.,Supplement,True,False,False
280,58,3,0,Bryan(host),moderator,Our technology is also quite limited.,Supplement,True,False,False
281,58,4,0,Bryan(host),moderator,"So eventually we, we come back, like all our life decisions supported by scientific evidence, because gathering, collecting scientific evidence and doing analysis that also costs money and time, like, now, I'm hosting the conversation because I am trying to collect scientific evidence, right?",Supplement,True,False,False
282,58,5,0,Bryan(host),moderator,So it's also taking a lot of time.,Supplement,True,False,False
283,58,6,0,Bryan(host),moderator,But life is short.,Supplement,True,False,False
284,58,7,0,Bryan(host),moderator,You don't. You can't make that all the times.,Supplement,True,False,False
285,58,8,0,Bryan(host),moderator,"So people probably try to do something like, why, you just you guys just describe to help them to make their decision with competence, I guess.",Interpretation,True,False,False
286,58,9,0,Bryan(host),moderator,"Yeah, maybe. Just listen.",All Utility,False,False,True
287,58,10,0,Bryan(host),moderator,A few more. Regarding to these questions.,Probing,True,False,False
288,58,11,0,Bryan(host),moderator,"Yan, you do you have anything you want to talk understood about?",Probing,True,False,False
289,58,12,0,Bryan(host),moderator,Why people believe.,Probing,True,False,False
290,59,0,0,YY,participant,"Yeah, I think I can relate to Emma and Judy, like there are so many things that science could or even medicine couldn't explain.",,,,
291,59,1,0,YY,participant,"So I just it just remind me, every time when my mom or my elderly relatives they are talking about some people who got cancer or kind of severe disease, even though they are, has the people has been healthy for a long time, so there is no reason why they got the disease.",,,,
292,59,2,0,YY,participant,So the my parents or my relatives always explain it with bad luck.,,,,
293,59,3,0,YY,participant,or let there's something wrong.,,,,
294,59,4,0,YY,participant,So let's look punishment right?,,,,
295,59,5,0,YY,participant,Because medicine couldn't explain why they got the disease.,,,,
296,59,6,0,YY,participant,"And even on nowadays, I think people still can be superstitious, I think, because nowadays people still have lot of issue to solve with like some like need, some mental support, because sometimes I read the news about court like like a court in South Korea, I think their follow.",,,,
297,59,7,0,YY,participant,"The follow followers of the code are very young like, even though some of them are very highly educated.",,,,
298,59,8,0,YY,participant,"even rich people the followers lost their money, even though the big amount of assets.",,,,
299,59,9,0,YY,participant,"I think the story just show that isn't, especially in our days, people when people get stressed, depressed.",,,,
300,59,10,0,YY,participant,They need the mental support from somewhere.,,,,
301,59,11,0,YY,participant,Yeah.,,,,
302,60,0,0,Bryan(host),moderator,"I think that's a very interesting observation, because I I know, like in the last few decades, the population of Christianity declined.",Supplement,True,False,False
303,60,1,0,Bryan(host),moderator,There are less and less.,Supplement,True,False,False
304,60,2,0,Bryan(host),moderator,"People believe in Christianity, especially in Western society.",Supplement,True,False,False
305,60,3,0,Bryan(host),moderator,"But as you mentioned that also the rise of population, believing in different other kind of new code or new religions or and then you can see in Melbourne today there are also a lot of shops that's selling something about mentor support counseling, or something like something therapy.",Supplement,True,False,False
306,60,4,0,Bryan(host),moderator,"You know the word therapy can appear very, very often, and then I magic stone or carol.",Supplement,True,False,False
307,60,5,0,Bryan(host),moderator,So so my conclusion.,Interpretation,True,False,False
308,60,6,0,Bryan(host),moderator,"What I'm trying to say is, I feel like people rejecting Christianity as a form of like people rejecting traditions.",Interpretation,True,False,False
309,60,7,0,Bryan(host),moderator,But the people rejecting tradition doesn't mean that people are rejecting superstitions.,Supplement,True,False,False
310,60,8,0,Bryan(host),moderator,So they are shifting their superstitions demand or need to other different things.,Supplement,True,False,False
311,60,9,0,Bryan(host),moderator,"So yeah, so there will have been some people saying, oh, people are just become more and more scientific.",Supplement,True,False,False
312,60,10,0,Bryan(host),moderator,No one's believing Christianity.,Supplement,True,False,False
313,60,11,0,Bryan(host),moderator,But I kind of take a different view.,Supplement,True,False,False
314,60,12,0,Bryan(host),moderator,"I feel people still believe in something, but probably just not a traditional one, but they are still believe in something.",Supplement,True,False,False
315,60,13,0,Bryan(host),moderator,Yeah.,All Utility,False,False,True
316,61,0,0,YY,participant,"Yeah, yeah, I agree.",,,,
317,62,0,0,Bryan(host),moderator,"Yeah, I think there's a need in human gene.",Supplement,True,False,False
318,62,1,0,Bryan(host),moderator,"Because I remember, there was a research about the gene of believing or gene of religions, so so human, tend to have human, have this kind of power of abstract thinking.",Supplement,True,False,False
319,62,2,0,Bryan(host),moderator,So you are thinking beyond what you see and feel.,Interpretation,False,False,True
320,62,3,0,Bryan(host),moderator,"And then I feel this abstract thinking has a cost, because it might make you over.",Supplement,True,False,False
321,62,4,0,Bryan(host),moderator,Think about some situations.,Supplement,True,False,False
322,62,5,0,Bryan(host),moderator,"and my explanation why my personal explanation, wise religion, or solicitation still exists is because that this thing kind of give you a relief and explanation so that can help you to temporary stop thinking.",Supplement,True,False,False
323,62,6,0,Bryan(host),moderator,Stop overthinking. So you can just stay more focused on what's in front of you.,Supplement,True,False,False
324,62,7,0,Bryan(host),moderator,"Yeah. okay, cool. So maybe you can move on to our next question unless someone else have something that really want to say about why people want to believe.",Instruction,True,True,False
325,62,8,0,Bryan(host),moderator,"Oh, we can move on to the next.",Instruction,False,True,False
326,62,9,0,Bryan(host),moderator,"Oh, Christine, you want to say something.",Probing,True,False,False
327,62,10,0,Bryan(host),moderator,Okay.,Instruction,False,True,False
328,63,0,0,Christine,participant,"Yeah, I want to show a little bit like, I think, like everyone always say, like, there's still something that you cannot explain.",,,,
329,63,1,0,Christine,participant,"And people just say, like the end of science, actually, is theology.",,,,
330,63,2,0,Christine,participant,"So I think, like also sometimes, because, like the super station, is like the summarization of experience, like people say, like, like elder people always say you don't need.",,,,
331,63,3,0,Christine,participant,You don't go swimming in July of the lunar calendar is like a ghost ghost month.,,,,
332,63,4,0,Christine,participant,"So maybe it's because, like sometimes, when people swim in the summer sometimes leads to some accident.",,,,
333,63,5,0,Christine,participant,So the superstition is actually some kind of warning like experience warning.,,,,
334,63,6,0,Christine,participant,So that's how it still exists.,,,,
335,63,7,0,Christine,participant,"And sometimes like. basically, it's like 2 side of the coin, like science and theology.",,,,
336,64,0,0,Bryan(host),moderator,"Okay, okay, I get what I mean.",Interpretation,True,False,False
337,64,1,0,Bryan(host),moderator,"So you're trying to say, like, sometimes the natural phenomenon has kind of become translated into into some superstitution.",Interpretation,True,False,False
338,64,2,0,Bryan(host),moderator,"So, for example, in July, maybe in Asia is typical, the typhoon season.",Supplement,True,False,False
339,64,3,0,Bryan(host),moderator,"So there's a higher risk, if of that of death or exit accident, if you go swimming and using any kind of co-relay with the superstition that don't go swimming in July.",Interpretation,True,False,False
340,64,4,0,Bryan(host),moderator,So like kind of also helping the people to stay safe.,Supplement,True,False,False
341,65,0,0,Christine,participant,"Yeah, yeah.",,,,
342,66,0,0,Bryan(host),moderator,"Yeah, yeah, yeah, I think that's a very interesting perspective as well.",Supplement,False,False,True
343,66,1,0,Bryan(host),moderator,"And I guess, like in the ancients, time, there's like no formal or systematic science, so they have to pass on their wisdom or their observations in one way or another to help people to survive.",Supplement,True,False,False
344,66,2,0,Bryan(host),moderator,"So so I guess I know all the substitution are bad, I think some of them, even though not directly.",Supplement,True,False,False
345,66,3,0,Bryan(host),moderator,Probably some of them are still very supportive and also very beneficial.,Supplement,True,False,False
346,66,4,0,Bryan(host),moderator,"So I think that lead to our questions like so we, when we usually typically associate sophistication as kind of like ignore them, or naive.",Probing,True,False,False
347,66,5,0,Bryan(host),moderator,But but I believe substitutions sometimes can have positive effect on people.,Supplement,True,False,False
348,66,6,0,Bryan(host),moderator,"So so like, I see, I guess, like some people, some someone some people here already mentioned that they get a confidence, they get a comfort.",Interpretation,True,False,False
349,66,7,0,Bryan(host),moderator,So just want to share.,Instruction,True,True,False
350,66,8,0,Bryan(host),moderator,Ask people about what kind of what?,Probing,True,False,False
351,66,9,0,Bryan(host),moderator,What kind of benefit do you get from the sophistications that you have experienced?,Probing,True,False,False
352,66,10,0,Bryan(host),moderator,"Let's see, Andrew, do you have anything you want to share?",Probing,True,False,True
353,66,11,0,Bryan(host),moderator,Do you think.,Probing,True,False,False
354,67,0,0,Andrew,participant,Okay.,,,,
355,68,0,0,Bryan(host),moderator,That people can get from sophistication or belief.,Probing,True,False,False
356,69,0,0,Andrew,participant,"I think you know, when I wouldn't say superposition.",,,,
357,69,1,0,Andrew,participant,"But I would say, you know this kind of belief system like, if you tend to believe in something.",,,,
358,69,2,0,Andrew,participant,Probably this kind of belief will help you get through some really difficult times in life.,,,,
359,70,0,0,Bryan(host),moderator,Hmm.,All Utility,False,False,False
360,71,0,0,Andrew,participant,"Or I don't know when you are experiencing huge trauma or anything similar that somehow supports you through this journey, I think.",,,,
361,71,1,0,Andrew,participant,"And also it's it's it's also the way to you know, it's it's a way to get by in life.",,,,
362,71,2,0,Andrew,participant,you know. There are a lot of things.,,,,
363,71,3,0,Andrew,participant,"You know, we we we humans, we are still 3 dimensional existence.",,,,
364,71,4,0,Andrew,participant,You see what I mean just that you can't travel back in time.,,,,
365,71,5,0,Andrew,participant,You can't. You can't see more than what you can see in front of you.,,,,
366,72,0,0,Bryan(host),moderator,So,All Utility,False,False,False
367,73,0,0,Andrew,participant,I really believe that you know.,,,,
368,73,1,0,Andrew,participant,"Whether it's it's a strong belief in the Deity, or it's just this kind of supertitious perspective of this world.",,,,
369,73,2,0,Andrew,participant,It really helps you just live a certain life.,,,,
370,74,0,0,Bryan(host),moderator,Do you understand?,Probing,True,False,False
371,75,0,0,Andrew,participant,"Yeah, because it's not how we.",,,,
372,75,1,0,Andrew,participant,Yeah.,,,,
373,76,0,0,Bryan(host),moderator,"Yeah, I guess it's probably also help people to stay humble in some way.",Supplement,True,False,False
374,76,1,0,Bryan(host),moderator,I guess.,Supplement,True,False,False
375,77,0,0,Andrew,participant,"Oh, 100%.",,,,
376,78,0,0,Bryan(host),moderator,"Yeah, because you have a sense, something much larger than the human power in your own being, and they kind of humble your mind to say I'm.",Supplement,True,False,False
377,79,0,0,Andrew,participant,Yep. Yeah.,,,,
378,80,0,0,Bryan(host),moderator,I think that's very perspective.,Supplement,False,False,True
379,80,1,0,Bryan(host),moderator,"Yeah, Lin, do you have anything you would like to share like, what do you think?",Probing,True,False,True
380,80,2,0,Bryan(host),moderator,What's the benefit that we get from our belief or sophistications.,Probing,True,False,False
381,81,0,0,Yelin,participant,"Yeah, I think positive effects do exist like, recently, I have read some really interesting posts related to manifestation on a Chinese social media called red.",,,,
382,81,1,0,Yelin,participant,I know. Maybe some of you maybe have used it used this app so like for manifestation.,,,,
383,81,2,0,Yelin,participant,"It means like putting strong, positive beliefs will definitely make things that you wish like come true in the future.",,,,
384,81,3,0,Yelin,participant,"So, for example, if I strongly believe that I will get good grades for the current semester in university or like, I will become a millionaire, or even a billionaire in the near future.",,,,
385,81,4,0,Yelin,participant,"And I repetitively think about think about it every day and night, and such things will definitely become manifested in real life.",,,,
386,81,5,0,Yelin,participant,"I know it sounds a little bit ridiculous, but who knows?",,,,
387,81,6,0,Yelin,participant,"Like what if it indeed happens in the near future, right?",,,,
388,82,0,0,Bryan(host),moderator,"So I think I heard something that very similar, like the power of Well, and then there was a book called Secret, as in.",Supplement,True,False,False
389,83,0,0,Yelin,participant,"Yeah, yeah, yeah.",,,,
390,84,0,0,Bryan(host),moderator,Very many years ago.,Supplement,True,False,False
391,85,0,0,Yelin,participant,"Yeah, I think manifestation is just like a kind of like, make things come true.",,,,
392,85,1,0,Yelin,participant,"And yeah, it's just related to personal beliefs.",,,,
393,86,0,0,Bryan(host),moderator,So have you tried that and you feel it's beneficial for you so far.,Probing,True,False,False
394,87,0,0,Yelin,participant,"Yeah, I have tried.",,,,
395,87,1,0,Yelin,participant,But but currently just nothing come true.,,,,
396,87,2,0,Yelin,participant,I'm still waiting. Still waiting.,,,,
397,87,3,0,Yelin,participant,Okay? Okay.,,,,
398,88,0,0,Bryan(host),moderator,Yeah deal. What's your view on that?,Probing,True,False,False
399,88,1,0,Bryan(host),moderator,Do you think that maybe you know God or this belief are not true?,Probing,True,False,False
400,88,2,0,Bryan(host),moderator,Don't have a scientific evidence.,Supplement,True,False,False
401,88,3,0,Bryan(host),moderator,But do you think that?,Probing,True,False,False
402,88,4,0,Bryan(host),moderator,Do? Do they actually still have some like benefit for the people or the society.,Probing,True,False,False
403,89,0,0,Leo,participant,Yeah. Yeah. Sure.,,,,
404,90,0,0,Bryan(host),moderator,"I mean, you can say no, there's no assumption.",Probing,True,False,False
405,91,0,0,Leo,participant,"No, no, I'm trying to like thinking about whole answer.",,,,
406,91,1,0,Leo,participant,It definitely has some benefits for people.,,,,
407,91,2,0,Leo,participant,"I think one thing comes to my mind, is about the sense of a community.",,,,
408,92,0,0,Bryan(host),moderator,"Oh, yeah, that's a very nice.",Supplement,False,False,True
409,92,1,0,Bryan(host),moderator,That's very nice.,Supplement,False,False,True
410,93,0,0,Leo,participant,"Yeah, yeah.",,,,
411,94,0,0,Bryan(host),moderator,Yeah.,All Utility,False,False,True
412,95,0,0,Leo,participant,"Because I, I know, like a in.",,,,
413,95,1,0,Leo,participant,"I guess Western society people come to the church every Sunday, or.",,,,
414,95,2,0,Leo,participant,"like a come together, have a kind of group.",,,,
415,96,0,0,Bryan(host),moderator,Activities.,Supplement,True,False,False
416,97,0,0,Leo,participant,"And help people getting together, which is a condom liking in modern society.",,,,
417,97,1,0,Leo,participant,That's why I think.,,,,
418,97,2,0,Leo,participant,We observe the canva increase the loneliness in in modern world.,,,,
419,97,3,0,Leo,participant,And then that's kind of what social structures in that religion can help us.,,,,
420,98,0,0,Bryan(host),moderator,"Yeah, yeah, I I totally agree.",Supplement,False,False,True
421,98,1,0,Bryan(host),moderator,There was a moment.,Supplement,False,False,True
422,98,2,0,Bryan(host),moderator,I think last year one of my friend in Japan.,Supplement,True,False,True
423,98,3,0,Bryan(host),moderator,"So so I I asked her to, because in Japan you have this kind of I don't know this kind of thing you can get from the temple that can bring you good luck, and you have to go to the.",Supplement,True,False,False
424,98,4,0,Bryan(host),moderator,"You have to physically go to the Temple to get and to do the prayer, and then you will receive that pendant, or whatever that they called it.",Supplement,True,False,False
425,98,5,0,Bryan(host),moderator,"So I usually don't do that by myself, because I don't believe in their God.",Supplement,True,False,True
426,98,6,0,Bryan(host),moderator,"But but I asked my friend to do that for me this year, and my friend was like wondering like, Oh, you don't believe in those God, and why you want me to, you know.",Supplement,True,False,True
427,98,7,0,Bryan(host),moderator,"Do the prayer, and want me to have that those pendant for you, and then my answer for that is like.",Supplement,True,False,True
428,98,8,0,Bryan(host),moderator,I think it's probably whether those God is true or not.,Supplement,True,False,True
429,98,9,0,Bryan(host),moderator,It's probably not so important.,Supplement,True,False,True
430,98,10,0,Bryan(host),moderator,And what I really want is that when you're praying for me and in your heart.,Interpretation,False,False,True
431,98,11,0,Bryan(host),moderator,"So I want that kind of community bounding, feeling like when when people doing praying for others like Leo said, it doesn't probably, whether the guy's real or not exist or not, it's probably sometime not so clear.",Interpretation,True,False,True
432,98,12,0,Bryan(host),moderator,But what what is so clear is that in the community people do care about each other.,Interpretation,True,False,True
433,98,13,0,Bryan(host),moderator,People support and pray to each other.,Supplement,True,False,False
434,98,14,0,Bryan(host),moderator,I think one of the biggest kind of benefit and support we get through religions or faith or sophistications and culture.,Supplement,True,False,False
435,98,15,0,Bryan(host),moderator,"Yeah, so I think that's a very nice point.",Supplement,True,False,True
436,99,0,0,Leo,participant,"Yeah, yeah.",,,,
437,100,0,0,Bryan(host),moderator,How about Jodi? Do you have anything to say?,Probing,True,False,False
438,100,1,0,Bryan(host),moderator,Do you think what's a good thing about believing.,Probing,True,False,False
439,101,0,0,Jodie,participant,"Yeah, I think for for me, like believing something can make me feel I'm special.",,,,
440,101,1,0,Jodie,participant,And at the same time I just special as an individual and also normal as an individual.,,,,
441,101,2,0,Jodie,participant,Because this happens to everybody.,,,,
442,102,0,0,Bryan(host),moderator,that's also a very interesting perspective making you feel specials.,Supplement,True,False,True
443,102,1,0,Bryan(host),moderator,is it this? Where?,Probing,True,False,False
444,102,2,0,Bryan(host),moderator,Where's that special feeling coming from?,Probing,True,False,False
445,102,3,0,Bryan(host),moderator,"Is it, because, like you have a abounding with the ones of God, because I know in Christianity, like people, are saying that everyone is a Son of God.",Probing,True,False,False
446,102,4,0,Bryan(host),moderator,"Once you become a Christian, you are, you are also the Son of God.",Supplement,True,False,False
447,102,5,0,Bryan(host),moderator,"So you have that kind of relations with the God, and you feel special.",Interpretation,True,False,False
448,102,6,0,Bryan(host),moderator,You feel like you receive a grace from the the Almighty God.,Supplement,True,False,False
449,102,7,0,Bryan(host),moderator,So there's a so where's that special feeling coming from?,Probing,True,False,False
450,102,8,0,Bryan(host),moderator,Can you explain more.,Probing,True,False,False
451,103,0,0,Jodie,participant,"I think the special feeling comes from like I was, I would think, like I'm the I had.",,,,
452,103,1,0,Jodie,participant,I have most. I have the closest relationship to God.,,,,
453,104,0,0,Bryan(host),moderator,I see. I see.,All Utility,False,False,True
454,104,1,0,Bryan(host),moderator,Yeah. So it's kind of like a imagine or feeling of relation with something that's defined.,Interpretation,True,False,False
455,104,2,0,Bryan(host),moderator,"Yeah, I totally understand that.",All Utility,False,False,True
456,104,3,0,Bryan(host),moderator,"Okay, cool. How about you, Emma?",Probing,True,False,True
457,104,4,0,Bryan(host),moderator,"What do you think is a benefit of believing, as you kind of mentioned that earlier?",Probing,True,False,False
458,104,5,0,Bryan(host),moderator,"But you can say again, in short.",Instruction,True,False,False
459,105,0,0,Emma,participant,"I think it can encourage you when you are uncertain about your future, your career, anything.",,,,
460,105,1,0,Emma,participant,"And also, yeah it can make you bring you some mental support.",,,,
461,105,2,0,Emma,participant,I don't know how to say that.,,,,
462,105,3,0,Emma,participant,Oh.,,,,
463,106,0,0,Bryan(host),moderator,Yeah.,All Utility,False,False,True
464,107,0,0,Emma,participant,"I don't know how to summarize my my point, because.",,,,
465,108,0,0,Bryan(host),moderator,"Too many benefit, too many God, too many benefits cool.",All Utility,False,False,True
466,108,1,0,Bryan(host),moderator,I think I personally want to share one benefit.,Supplement,True,False,False
467,108,2,0,Bryan(host),moderator,"I think no one have have mentioned for me, because I, when I was young, I was growing up in a Christian environment, so I grew up as a Christian, but my mind become more critical in my later life stage, so I cannot become less dedicated, no longer no longer a faithful Christians.",Supplement,True,False,False
468,108,3,0,Bryan(host),moderator,But there was some point I was feel.,Supplement,False,False,True
469,108,4,0,Bryan(host),moderator,"I feel a little bit kind of like, angry or sad, that a lot of time of my life has been spent in religions.",Supplement,False,False,True
470,108,5,0,Bryan(host),moderator,"In my early child in my early teenagehood, and also in my early life.",Supplement,True,False,False
471,108,6,0,Bryan(host),moderator,"But now I feel this thing is actually not a bad thing, because I actually, religion helped me to think, have that have that perspective and angle to think beyond myself.",Supplement,True,False,False
472,108,7,0,Bryan(host),moderator,"I think that's a very, very important point for my personal characteristic and also personality building.",Supplement,True,False,False
473,108,8,0,Bryan(host),moderator,"Because if you don't have a religion, you don't believe in God, you don't.",Supplement,True,False,False
474,108,9,0,Bryan(host),moderator,"You don't have that many opportunity to think about life to think about death to think about, you know, seeing as like much greater and abstract.",Supplement,True,False,False
475,108,10,0,Bryan(host),moderator,"But because I was in that religion environment, I had that opportunity and also a lot of moment to ponder deeper into my life.",Supplement,True,False,False
476,108,11,0,Bryan(host),moderator,"So I think that's 1 of the important perspective that religions or superstitions or faith, whatever you call it, that have brought to me.",Supplement,True,False,False
477,108,12,0,Bryan(host),moderator,"Okay, that sounds thanks.",All Utility,False,False,True
478,108,13,0,Bryan(host),moderator,"Everyone's contributions. Now, we kind of going to have our final questions.",Instruction,False,True,False
479,108,14,0,Bryan(host),moderator,So now we're going to talk about.,Instruction,False,True,False
480,108,15,0,Bryan(host),moderator,Let me talk about a bit.,Supplement,True,False,False
481,108,16,0,Bryan(host),moderator,The kind of obviously there are some harmful religions and harmful superstitions and belief.,Supplement,True,False,False
482,108,17,0,Bryan(host),moderator,"Right? So so how can we distinguish, then how do we find that least religions or list believe can potentially be harmful or discriminatory?",Probing,True,False,False
483,108,18,0,Bryan(host),moderator,"Not sure if any one of you have experienced something, because, like, I think, you mentioned about code, right?",Confronting,True,False,False
484,108,19,0,Bryan(host),moderator,How do you distinguish between code and religions?,Probing,True,False,False
485,108,20,0,Bryan(host),moderator,Then you do want to give a start.,Instruction,False,True,False
486,108,21,0,Bryan(host),moderator,How do you find the bad believe or bear these superstitions?,Probing,True,False,False
487,109,0,0,YY,participant,"This is really hard question, because I'm I'm not I I don't.",,,,
488,109,1,0,YY,participant,"I didn't grow up in a very religious family, so I think I'm not.",,,,
489,109,2,0,YY,participant,I don't have many experience to stay.,,,,
490,109,3,0,YY,participant,"But recently, one of my friends, she decide to join a religious group.",,,,
491,109,4,0,YY,participant,But me and other friends.,,,,
492,109,5,0,YY,participant,We are very concerned because that group are have I could.,,,,
493,109,6,0,YY,participant,I don't. I don't know how to say like.,,,,
494,109,7,0,YY,participant,it's a we. We have concern because the group has like against Lgbtq.,,,,
495,109,8,0,YY,participant,The right of Lgbtq.,,,,
496,109,9,0,YY,participant,So we have a difficult conversation with my friend to tell her.,,,,
497,109,10,0,YY,participant,"If you want to join, you need to make sure you can agree with the the behavior, or the thing they did before.",,,,
498,109,11,0,YY,participant,"So for for me, like when I want to.",,,,
499,109,12,0,YY,participant,I think how can I say.,,,,
500,110,0,0,Bryan(host),moderator,"9, okay.",All Utility,False,False,True
501,111,0,0,YY,participant,"Yeah, I think like, to distinguish between harmless, superstitious and beliefs, I think.",,,,
502,111,1,0,YY,participant,it depends on. Can we argue or clarify or have a discuss with their core value or the principles of behaviors.,,,,
503,111,2,0,YY,participant,"If the group. all the beliefs they couldn't accept this kind of debate or discussion, I think for me.",,,,
504,111,3,0,YY,participant,Let's that's not good.,,,,
505,111,4,0,YY,participant,"Yeah, yeah.",,,,
506,112,0,0,Bryan(host),moderator,So I think openness or transparency is one of the features to distinguish.,Supplement,True,False,False
507,112,1,0,Bryan(host),moderator,Okay.,All Utility,False,False,True
508,113,0,0,YY,participant,Yes.,,,,
509,114,0,0,Bryan(host),moderator,"Cool. How about you, Leo?",Probing,False,False,True
510,114,1,0,Bryan(host),moderator,Have you recent? Have you encountered any kind of religious group?,Probing,True,False,False
511,114,2,0,Bryan(host),moderator,"And then you found it dodgy or not, you know, kind of like suspicious, or what's how do you?",Probing,True,False,False
512,114,3,0,Bryan(host),moderator,"How do you distinguish, or do you have any experience to share.",Probing,True,False,False
513,115,0,0,Leo,participant,So I guess I don't.,,,,
514,115,1,0,Leo,participant,I don't have anything come to my mind about the like super like radical believers.,,,,
515,115,2,0,Leo,participant,Yeah. So I I don't think I have that that in that regard.,,,,
516,115,3,0,Leo,participant,But I think we we do have a lot of news coming up in recent years about the like extreme Muslim activist.,,,,
517,115,4,0,Leo,participant,like a human bomb and that kind of stuff and also like back in the day when people became like a extreme in believing one card they they tend to at home.,,,,
518,115,5,0,Leo,participant,Try to eliminate others like this happened in history.,,,,
519,115,6,0,Leo,participant,"A lot, for example, Christian Christian has that, and I believe Buddhism also has that the like.",,,,
520,115,7,0,Leo,participant,We are also experience that right now in Muslim as well.,,,,
521,115,8,0,Leo,participant,So that kind of danger.,,,,
522,115,9,0,Leo,participant,"It's a I guess not from religion itself, but from how, how we practice it.",,,,
523,116,0,0,Bryan(host),moderator,"Right? Yeah, I think that you kind of bring that the complexity to another level I feel those conflict arise, I think, partly it's also due to I think some sometimes not just about the religions and the belief itself, sometimes also due to the historical context.",Supplement,True,False,False
524,116,1,0,Bryan(host),moderator,"because what happened in history is that very often the human leader want to blend his ambitions with the religion, so he or she is using the religion as a tool to achieve he or her goal.",Supplement,True,False,False
525,116,2,0,Bryan(host),moderator,"And then, you know, and then trying to using another tool to manipulate or to initiate conflicts.",Supplement,True,False,False
526,116,3,0,Bryan(host),moderator,"So so when we're looking back to humanist history is always very complicated, and also there are other parts that you know the religions are doing well, because I well, I remember when I was traveling in Spanish in Spain.",Supplement,True,False,False
527,116,4,0,Bryan(host),moderator,"I remember the Tour guide told me that there was, because, like, you know, Spain used to be ruled by Muslim people, and then Muslim people, I think, rule probably 3 or 400 years, and they could kick out like Christians.",Supplement,True,False,False
528,116,5,0,Bryan(host),moderator,So they have. So in that region.,Supplement,True,False,False
529,116,6,0,Bryan(host),moderator,"There's like an interchange between Muslim and Christian, and there were also sometime, these 2 groups that kind of coexist or co-leve together.",Supplement,True,False,False
530,116,7,0,Bryan(host),moderator,So they were some historical building.,Supplement,True,False,False
531,116,8,0,Bryan(host),moderator,They were like some sign that there were good kings that tried to do treat the 2 different population fair and try to live peacefully.,Supplement,True,False,False
532,116,9,0,Bryan(host),moderator,They are. They were also back in.,Supplement,True,False,False
533,116,10,0,Bryan(host),moderator,They try to kill one another.,Supplement,True,False,False
534,116,11,0,Bryan(host),moderator,"So it's complicated. Yeah, I think cool.",All Utility,True,False,True
535,116,12,0,Bryan(host),moderator,But exactly.,All Utility,False,False,True
536,117,0,0,Leo,participant,I mean.,,,,
537,118,0,0,Bryan(host),moderator,Yeah. But I think that's like just a tactic as you mentioned but I think that's a good point.,Supplement,True,False,True
538,118,1,0,Bryan(host),moderator,When belief and human ambitions blend together.,Supplement,True,False,False
539,118,2,0,Bryan(host),moderator,It always turned out to be a little bit nasty.,Supplement,True,False,False
540,118,3,0,Bryan(host),moderator,Yeah.,All Utility,False,False,True
541,119,0,0,Leo,participant,"Yeah, exactly.",,,,
542,120,0,0,Bryan(host),moderator,"Okay. Emma, interesting to your view.",Probing,True,False,False
543,120,1,0,Bryan(host),moderator,Some potential. Because you have said a lot of good things about bully and superstitions.,Probing,True,False,False
544,120,2,0,Bryan(host),moderator,I want to see your view on what are some of the potential bad thing?,Probing,True,False,False
545,120,3,0,Bryan(host),moderator,Or how do you find this kind of belief might be harmful.,Probing,True,False,False
546,121,0,0,Emma,participant,"Yeah, there are definitely some bad effects, some bad aspects about like being superstitious like.",,,,
547,121,1,0,Emma,participant,sometimes I approve like 1.,,,,
548,121,2,0,Emma,participant,"2 years ago, I think.",,,,
549,121,3,0,Emma,participant,I rely too much on this 14 Taylors how to say that story.,,,,
550,121,4,0,Emma,participant,"Their comments, their predictions for my life.",,,,
551,121,5,0,Emma,participant,I rely too much on it.,,,,
552,121,6,0,Emma,participant,"But but but I think some one footing tailor I I really I really like liked her, because when I 1st went to her.",,,,
553,121,7,0,Emma,participant,He she gave her.,,,,
554,121,8,0,Emma,participant,"She gave me exactly right prediction of my current situation, of my current situation at that time, so I I believed in her so much.",,,,
555,121,9,0,Emma,participant,But I relied too too heavily.,,,,
556,121,10,0,Emma,participant,I relied heavily on her her things.,,,,
557,121,11,0,Emma,participant,How the thing will go!,,,,
558,121,12,0,Emma,participant,What would be the current situation.,,,,
559,121,13,0,Emma,participant,But in the end it was What he says was was wrong or mean.,,,,
560,121,14,0,Emma,participant,I mean most of her predictions in instead of the 1st very right prediction.,,,,
561,121,15,0,Emma,participant,So you have. I think the the you don't you?,,,,
562,121,16,0,Emma,participant,"You don't want to rely too much on this, and you have some judgment by yourself.",,,,
563,122,0,0,Bryan(host),moderator,"So you feel like, if it's so, you seem like, if it makes you become overly addictive or obsessive.",Interpretation,True,False,True
564,122,1,0,Bryan(host),moderator,This is a sign of like it potentially can be humble to you.,Interpretation,True,False,False
565,123,0,0,Emma,participant,"Humble, humble. It depends on what questions you ask.",,,,
566,124,0,0,Bryan(host),moderator,Okay.,All Utility,False,False,True
567,125,0,0,Emma,participant,Actually.,,,,
568,126,0,0,Bryan(host),moderator,"Yeah, cool. That's a interesting story to hear.",Supplement,False,False,True
569,127,0,0,Emma,participant,"And this also I wanted to add something like, if you want to.",,,,
570,127,1,0,Emma,participant,and sort of professional phone tailor.,,,,
571,127,2,0,Emma,participant,it's very likely that she will give you some wrong answers.,,,,
572,128,0,0,Bryan(host),moderator,So how can you tell what is professional?,Probing,True,False,False
573,128,1,0,Bryan(host),moderator,What is unprofessional? Because I never tried fortune teller.,Probing,True,False,False
574,128,2,0,Bryan(host),moderator,"So I what if so, you're you sounds very experienced in this.",Probing,True,False,False
575,128,3,0,Bryan(host),moderator,How can you tell what is a good one?,Probing,True,False,False
576,128,4,0,Bryan(host),moderator,What is a bad one?,Probing,True,False,False
577,129,0,0,Emma,participant,"Well, well, one bad formula.",,,,
578,129,1,0,Emma,participant,I guess I meant it was.,,,,
579,129,2,0,Emma,participant,she's a she's a master's student.,,,,
580,129,3,0,Emma,participant,"she just in in your email, she just do it for for some pocket money.",,,,
581,130,0,0,Bryan(host),moderator,Oh!,All Utility,False,False,True
582,131,0,0,Emma,participant,And she what what she she!,,,,
583,131,1,0,Emma,participant,She only know she only know how to use the Tarot card.,,,,
584,131,2,0,Emma,participant,"She only know that, and she doesn't have much experience.",,,,
585,131,3,0,Emma,participant,"And I think for a lot of a lot of like, there's tarot cards and you can grab a stick from the bottle that tell your fate, and a lot of techniques can foretell your fate, and but she only know she only know 1 1 of them, and don't have much experience on that.",,,,
586,131,4,0,Emma,participant,So it's very easy to tell.,,,,
587,131,5,0,Emma,participant,It's very easy whatever.,,,,
588,131,6,0,Emma,participant,"Oh, sorry when when you get your Tarot card results it there.",,,,
589,131,7,0,Emma,participant,There are a lot of ways to explain it.,,,,
590,131,8,0,Emma,participant,"and some of them the I think, the not very professional, when they would guess what you would like to hear.",,,,
591,131,9,0,Emma,participant,"They would guess from what what you said, and try to explain the situation in the same way in your mind.",,,,
592,131,10,0,Emma,participant,"I think it's not very ideal situation, and it's.",,,,
593,132,0,0,Bryan(host),moderator,"Hmm, okay. So it's just based on their behavior and their knowledge.",Interpretation,True,False,False
594,132,1,0,Bryan(host),moderator,You can tell they are professional or not.,Interpretation,True,False,False
595,132,2,0,Bryan(host),moderator,"Okay. Cool. Jodi, do you have anything you want to share, do?",Probing,True,False,True
596,132,3,0,Bryan(host),moderator,How do you identify like a bad belief or bad sophistications?,Probing,True,False,False
597,133,0,0,Jodie,participant,"Yeah, more for me.",,,,
598,133,1,0,Jodie,participant,"I'm not sure about this, I think.",,,,
599,133,2,0,Jodie,participant,"Is, depend on it's more like, if you regard yourself, you regard that superstitious beliefs as part part of yourself, or you devoted you all of yourself to that superstitious beliefs, and you just ignore other perspectives.",,,,
600,134,0,0,Bryan(host),moderator,"See? Yeah, I think one thing is, I think one thing you you guys probably have mentioned is the conflict of interest.",Interpretation,True,False,False
601,134,1,0,Bryan(host),moderator,"In my opinion, if if it's obviously that belief or that thing trying to get a benefit out of you like money, your attention, or your body.",Supplement,True,False,False
602,134,2,0,Bryan(host),moderator,then it's probably can.,Supplement,True,False,False
603,134,3,0,Bryan(host),moderator,"It is probably likely to be something that's suspicious, because my personal experience is that the best fortune teller I have ever seen in my life?",Supplement,True,False,False
604,134,4,0,Bryan(host),moderator,"There was only one, and she was just my friend, so she doesn't do it for money.",Supplement,True,False,True
605,134,5,0,Bryan(host),moderator,She only do it once in a while.,Supplement,True,False,False
606,134,6,0,Bryan(host),moderator,She doesn't break about it.,Supplement,True,False,False
607,134,7,0,Bryan(host),moderator,She doesn't just like she doesn't try to.,Supplement,True,False,False
608,134,8,0,Bryan(host),moderator,"You know, like make people praise her or to show it off.",Supplement,True,False,False
609,134,9,0,Bryan(host),moderator,"She's just like she only can name when you have a very low mood, and try to kind of give you some support and confidence.",Supplement,False,False,True
610,134,10,0,Bryan(host),moderator,"And she was but her fortune telling it's very, very precise.",Supplement,True,False,False
611,134,11,0,Bryan(host),moderator,So I was very shocked when she did that to me.,Supplement,True,False,False
612,134,12,0,Bryan(host),moderator,"So so I think like, if you can identify, there was a clear conflict interest.",Supplement,True,False,False
613,134,13,0,Bryan(host),moderator,I think sometimes there's a science of suspicious belief or suspicious thing happening.,Supplement,True,False,False
614,134,14,0,Bryan(host),moderator,"Yeah, Christine, do you have anything you want to say?",Probing,True,False,False
615,135,0,0,Christine,participant,"Oh, okay. So as I just say, like, I think, like some, some details, some negative stereotype about other people, and even cause the war like really just sporting the history.",,,,
616,135,1,0,Christine,participant,And I've seen the documentary on athletes about Korean code.,,,,
617,135,2,0,Christine,participant,So that was really terrible.,,,,
618,135,3,0,Christine,participant,"So I feel like, just don't go too much, and don't let you believe home order, and don't harm yourself, and.",,,,
619,136,0,0,Bryan(host),moderator,It can be that.,Supplement,False,False,True
620,136,1,0,Bryan(host),moderator,"Yeah, I feel sometimes like relationship as well, like romantic relationship.",Supplement,True,False,True
621,136,2,0,Bryan(host),moderator,Some of the religions religious.,Supplement,True,False,False
622,136,3,0,Bryan(host),moderator,How do you call that sanguine is like some of the religious liar they know.,Probing,True,False,False
623,136,4,0,Bryan(host),moderator,"Use those kind of pick out artist skills, try to make you worried and try to get your attention and try to eventually try to get you to pay the money.",Supplement,True,False,False
624,136,5,0,Bryan(host),moderator,"And yeah, so this I see some of those signed kind of or be as an apparent.",Supplement,True,False,False
625,136,6,0,Bryan(host),moderator,"Okay, Andrew, do you have anything you want to share.",Probing,True,False,False
626,137,0,0,Andrew,participant,I think I agree with everything you guys just said.,,,,
627,137,1,0,Andrew,participant,And I think I'm more.,,,,
628,137,2,0,Andrew,participant,"I'm kind of with Leo on this like something you mentioned as well like any kind of superstition or belief system, or any form of religion.",,,,
629,137,3,0,Andrew,participant,I think it shouldn't be a tool for for oppression or domination.,,,,
630,137,4,0,Andrew,participant,so I don't. I don't generally believe that there should be a hierarchy system built upon this.,,,,
631,137,5,0,Andrew,participant,"So for those non-believers like you're not favored by the Deity celebrated in this very specific religion, and therefore we have every single reason to do anything cruel to you.",,,,
632,137,6,0,Andrew,participant,"I think it's just wrong, like morally wrong.",,,,
633,138,0,0,Bryan(host),moderator,"Yeah, yeah. so yeah, as as we discussed earlier sometimes be used as the tool to create the hierarchy or to manipulate people.",Interpretation,True,False,False
634,138,1,0,Bryan(host),moderator,Yeah. I think that's probably all the questions we have covered today.,Interpretation,False,True,False
635,138,2,0,Bryan(host),moderator,We are supposed to cover today.,Supplement,False,True,False
636,138,3,0,Bryan(host),moderator,Anyone else have something that you would like to say about superstitions or regarding our last questions.,Probing,True,False,False
637,138,4,0,Bryan(host),moderator,"If no, we probably can.",Instruction,False,True,False
638,138,5,0,Bryan(host),moderator,Can red part here.,Instruction,False,True,False
639,138,6,0,Bryan(host),moderator,"So today, we kind of talk about a lot of things about sophistication and belief.",Interpretation,True,False,True
640,138,7,0,Bryan(host),moderator,"We talk about a good thing about it, different kind of belief.",Interpretation,True,False,False
641,138,8,0,Bryan(host),moderator,"And eventually we talk about like, what kind of bully can be harmful and also how to identify the harmful bully or superstitions.",Interpretation,True,False,False
642,138,9,0,Bryan(host),moderator,"So yeah, again, thanks.",All Utility,False,False,True
643,138,10,0,Bryan(host),moderator,Everyone's contributions. And I think that's it.,Supplement,False,False,True
644,138,11,0,Bryan(host),moderator,For tonight's discussions. We will finish here.,Instruction,False,True,False
645,138,12,0,Bryan(host),moderator,Thank you.,All Utility,False,False,True
