,turn_index,sent_index,segment,speaker,role,text,dialogue_act,informational motive,coordinative motive,social motive
0,0,0,0,Bryan Chen,moderator,Welcome everyone. So today we're going to talk about the topic romantic relationship in modern society.,All Utility,False,True,True
1,0,1,0,Bryan Chen,moderator,"So I guess, like, during this discussion, we want to explore how contemporary love and different definition or relationship are evolving in response to different, you know, societal change.",Supplement,True,False,False
2,0,2,0,Bryan Chen,moderator,and also like from the increasing possibility of the exception of Gptq.,Supplement,True,False,False
3,0,3,0,Bryan Chen,moderator,And also many different new concept comes into our life.,Supplement,True,False,False
4,0,4,0,Bryan Chen,moderator,"I think people, the way how people interact and building their relationship can can have become very, very much more diverse than our previous generations.",Supplement,True,False,False
5,0,5,0,Bryan Chen,moderator,So I think it's a very interesting topic.,Supplement,False,False,True
6,0,6,0,Bryan Chen,moderator,And also it's a also a very important topic that's relating to you know the life of everyone of of ourselves.,Supplement,True,False,False
7,0,7,0,Bryan Chen,moderator,"So, starting from the 1st questions, how do dating practice and expectation differ between generation and what are the main factors driving these differences?",Probing,True,False,False
8,0,8,0,Bryan Chen,moderator,So so I guess I like what?,Probing,True,False,False
9,0,9,0,Bryan Chen,moderator,"So you say in a simple way, I was thinking about this question is that more probably more about like, why people want to have a relationship nowadays, and why people do dating.",Probing,True,False,False
10,0,10,0,Bryan Chen,moderator,"Is it different to the older generation like your parents, I guess, like in the older generations, people are probably want to have relationship mainly because of they want to get married.",Supplement,True,False,False
11,0,11,0,Bryan Chen,moderator,But but nowadays I think it's kind of different.,Supplement,True,False,False
12,0,12,0,Bryan Chen,moderator,"And people probably have different view, like, why they want to date or why they don't want to date.",Supplement,True,False,False
13,0,13,0,Bryan Chen,moderator,"Yeah. So who want to go first.st John, do you wanna Johnson?",Instruction,False,True,False
14,0,14,0,Bryan Chen,moderator,Do you wanna go first?,Probing,False,True,False
15,0,15,0,Bryan Chen,moderator,st Do you have anything you would like to share.,Probing,True,False,False
16,1,0,0,Johnson,participant,"Oh, okay. Oh. so I mean, since you've mentioned about Lgbtq, I think, like above, from relationships, I would say because we need to respect others well, their Gen.",,,,
17,1,1,0,Johnson,participant,"Gender identities. So I mean, even though this is a very sensitive topic, I mean trying to ask someone about their gen gender identity is something that probably gonna have to like, spend some few conversations before knowing this this person.",,,,
18,1,2,0,Johnson,participant,"So I mean, even though there are some stereotypes, I mean, not stereotypes, but just some appearance, that it is some signals about their gender identity.",,,,
19,1,3,0,Johnson,participant,"So above. From these I would say, like to respect others, even though their values are very different from yours.",,,,
20,1,4,0,Johnson,participant,"But I mean, after all, she have to be respectful.",,,,
21,2,0,0,Bryan Chen,moderator,"Yeah, so we were going to talk about that topic, probably later in today's conversations.",Supplement,True,True,False
22,2,1,0,Bryan Chen,moderator,"But back to the question like, like from your point of view, like, why you want to date someone, or what?",Probing,True,False,False
23,2,2,0,Bryan Chen,moderator,What do you see?,Probing,True,False,False
24,2,3,0,Bryan Chen,moderator,The purpose of having relationship in the nowadays?,Probing,True,False,False
25,2,4,0,Bryan Chen,moderator,Society.,Probing,True,False,False
26,3,0,0,Johnson,participant,Well for my perspective.,,,,
27,3,1,0,Johnson,participant,"well, to be honest, I'm much more conservative in sense, and the values are much more valued are like traditional values.",,,,
28,3,2,0,Johnson,participant,"So well, I would say, I'm much more looking, or to have valued long term relationships instead in terms of like open relationships.",,,,
29,3,3,0,Johnson,participant,"Because I mean, like.",,,,
30,3,4,0,Johnson,participant,"currently, I mean, in this generation, I mean, there's like a great ratio of open relationships where like not like probably like guys or or like women's.",,,,
31,3,5,0,Johnson,participant,"I mean, they have different perspectives or their selections relationships.",,,,
32,3,6,0,Johnson,participant,"Right? So. But for me myself, I'm much more valued, like traditional relationships where you have long term ones.",,,,
33,3,7,0,Johnson,participant,"And because in a long term relationships, or I mean, I would say we could share like different values.",,,,
34,3,8,0,Johnson,participant,"And we have much more deeper thoughts, discussions about and every anything, every topics.",,,,
35,3,9,0,Johnson,participant,"So yeah, I mean, that is what I value.",,,,
36,3,10,0,Johnson,participant,"But I mean, everyone's gonna value.",,,,
37,3,11,0,Johnson,participant,The same things.,,,,
38,4,0,0,Bryan Chen,moderator,"Sure. Yeah, what do you?",Probing,True,False,False
39,4,1,0,Bryan Chen,moderator,"So in terms of the long term relationship, like one of the scene that you feel is the most important for you.",Probing,True,False,False
40,4,2,0,Bryan Chen,moderator,"Is it the companion, or is it like economy, benefit?",Probing,True,False,False
41,4,3,0,Bryan Chen,moderator,"Or is it like other thing like sexual drive, or some other?",Probing,True,False,False
42,4,4,0,Bryan Chen,moderator,"What what do you think is like the most important thing, for in a long term relationship.",Probing,True,False,False
43,5,0,0,Johnson,participant,"And like, like, yeah, I mean, it's kind of like the same I mean, like before or like before.",,,,
44,5,1,0,Johnson,participant,"Then the relationships I mean the to try to respect each other's like the values, and well, other than like, I mean, because that's just how I mean, humans should respect.",,,,
45,5,2,0,Johnson,participant,Be respectful with others.,,,,
46,5,3,0,Johnson,participant,"Right? Because, you know, I mean, that is like a moral kind of standard for myself.",,,,
47,5,4,0,Johnson,participant,"And well, other than that, it's probably like trust or very valid things in a relationship, right?",,,,
48,5,5,0,Johnson,participant,Because you need to trust others.,,,,
49,5,6,0,Johnson,participant,"And you hopefully, you can trust on others.",,,,
50,5,7,0,Johnson,participant,"Yeah. maybe I'd say, trust, yeah.",,,,
51,6,0,0,Bryan Chen,moderator,I agree with you.,Supplement,False,False,True
52,6,1,0,Bryan Chen,moderator,"I think life is a long journey, and having someone to walk with you for a long time is a great pressure.",Supplement,True,False,True
53,6,2,0,Bryan Chen,moderator,Anyone else who want to share their thought or opinion about why they what's the purpose of relationship for them?,Probing,True,False,False
54,6,3,0,Bryan Chen,moderator,If I if no one else.,Probing,True,False,False
55,6,4,0,Bryan Chen,moderator,"Here, I'm going to call someone more about Urania.",Probing,False,False,True
56,6,5,0,Bryan Chen,moderator,Do you have anything you want to share about?,Probing,True,False,False
57,6,6,0,Bryan Chen,moderator,What what do you think is the purpose of dating or having relationship in.,Probing,True,False,False
58,7,0,0,Urania,participant,"Yeah. Cause I think there are lots of aspects that between this generation and our parents and for example, like when they when they are asked to date.",,,,
59,7,1,0,Urania,participant,"Maybe they are arranged by their parents just to, you know.",,,,
60,7,2,0,Urania,participant,"Maybe mostly they are for the purpose of get married, but for the new generation.",,,,
61,7,3,0,Urania,participant,"When the couple going to a date, maybe they are not have a strong purpose to whether they're going to get married or not or not.",,,,
62,7,4,0,Urania,participant,Maybe just want to.,,,,
63,7,5,0,Urania,participant,Have an experience.,,,,
64,8,0,0,Bryan Chen,moderator,And like to go to.,Instruction,False,True,False
65,9,0,0,Urania,participant,"Go for travel something like that, or have a just just want to have a dinner together to learn more about a new friend, and then to decide whether he or she is a you know of her partner, for the next step is is know the yeah.",,,,
66,10,0,0,Bryan Chen,moderator,"Oh, okay, I see.",All Utility,False,False,True
67,10,1,0,Bryan Chen,moderator,"How about you, Evan?",Probing,True,False,False
68,10,2,0,Bryan Chen,moderator,Do you have any thought you would like to share.,Probing,True,False,False
69,11,0,0,Evan,participant,"Yeah, yeah. And they are good answers.",,,,
70,11,1,0,Evan,participant,"And I think the normal relationship between the 2 peoples, whether the male and male, female and female and male and female.",,,,
71,11,2,0,Evan,participant,"There are some points they need to pay attention to, and the 1st is they need to respect each other, and the Johnson exercise to respect each other and include thoughts, feelings, and needs, and they need to avoid getting too involved their lives and privacy they need to respect each other's family and friends, and other people's relative term, and giving them the care and attention they deserve.",,,,
72,11,3,0,Evan,participant,"This is the 1st things, and the second point is, they need to.",,,,
73,11,4,0,Evan,participant,They need to make more communication.,,,,
74,11,5,0,Evan,participant,"and don't be afraid to express their own feelings and needs and learn to listen to each other's and I think in communication, the 2 peoples should learn to put themselves in others shows and understand each other's position and feelings.",,,,
75,11,6,0,Evan,participant,"And this is important for the 2 people's relationship, and the 3rd is, they need to remain.",,,,
76,11,7,0,Evan,participant,"The independent both men or women should be independent, have their own lives and interest, and don't rely on each other too much, and give each other enough trust and space to develop great, because I thought in our reality lives.",,,,
77,11,8,0,Evan,participant,"I thought many couples because they don't trust each others, and they doubt they doubt them, you know.",,,,
78,11,9,0,Evan,participant,Maybe they have other peoples and the trust are breaking.,,,,
79,11,10,0,Evan,participant,"and yes, and the 4th is need to support each other.",,,,
80,11,11,0,Evan,participant,"So, whether in the living or in working or in studying.",,,,
81,11,12,0,Evan,participant,"because after the 2 peoples can become the couple they are the 2, the close relationships in current situations, and they need to give more support and care each other, and to help each others to solve the problems or overcome some difficulties.",,,,
82,11,13,0,Evan,participant,"And so, yes, and the 5, th I think, the 2 people.",,,,
83,11,14,0,Evan,participant,"The 2 peoples need to keep the romantic as you said, the romantic, maybe, is the gold the good things to keep the romantic relationship between the 2 people.",,,,
84,11,15,0,Evan,participant,"Yes, and I. Yes, I think this is the normal normal values and beliefs for the the the normal relationship in romantic and others, I think the and the Johnson side.",,,,
85,11,16,0,Evan,participant,Johnson just said the Lg Lgbtq.,,,,
86,11,17,0,Evan,participant,"I think this is a normal phenomena, because, the current, the current situations to the freedom, love, and whether the male and the female male and the male and the female and female.",,,,
87,11,18,0,Evan,participant,But the Lgbtq is.,,,,
88,11,19,0,Evan,participant,it's a politics. It's a politics nouns.,,,,
89,11,20,0,Evan,participant,And we need to divide into the perceptions.,,,,
90,11,21,0,Evan,participant,"Yeah, and don't regard the Idpq as a weapon between the different parties in some elections.",,,,
91,11,22,0,Evan,participant,"Yes, it's only the normal phenomena.",,,,
92,11,23,0,Evan,participant,"Seeing our situation, you know our current current situations, romantic relationships.",,,,
93,11,24,0,Evan,participant,"Yes, that's my yeah, that's my.",,,,
94,12,0,0,Bryan Chen,moderator,That's a very complete overview.,Supplement,False,False,True
95,13,0,0,Evan,participant,"Yeah, yeah.",,,,
96,14,0,0,Bryan Chen,moderator,"Good point. But I think one thing that's interesting, and then people always talking about is about being independent.",Supplement,True,False,False
97,14,1,0,Bryan Chen,moderator,"So for that point, somehow I found it a little bit contradictory, because if someone is very independent, fully independent, then what is the purpose, and or what is the need of finding another partners right?",Confronting,True,False,False
98,14,2,0,Bryan Chen,moderator,"So if your life is complete, if your life is fully independent, rely on yourself, then what what is the thing you want to get from another person's.",Probing,True,False,False
99,14,3,0,Bryan Chen,moderator,So I'm not sure if anyone else can answer these questions.,Probing,True,False,False
100,14,4,0,Bryan Chen,moderator,"And. Felicia, do you have any thought?",Probing,True,False,False
101,14,5,0,Bryan Chen,moderator,"If someone who's independent and what is, what is the scene he or maybe you want to get from the relationship.",Probing,True,False,False
102,15,0,0,Evan,participant,"Yeah, this is a tip.",,,,
103,15,1,0,Evan,participant,"Oh, sorry.",,,,
104,16,0,0,Bryan Chen,moderator,"Oh, sorry. Yeah. Yeah.",All Utility,False,False,True
105,17,0,0,Jane,participant,"Yep, no, you can.",,,,
106,17,1,0,Jane,participant,You can speak first.st,,,,
107,18,0,0,Bryan Chen,moderator,"Yeah, you. At first, st I can go, yeah.",All Utility,False,False,True
108,19,0,0,Jane,participant,Okay. So I think for me.,,,,
109,19,1,0,Jane,participant,"If I can be independent, I prefer to have like more emotional support from my boyfriend because I think nowadays people are facing more and more mental pressure in their work.",,,,
110,19,2,0,Jane,participant,So I think it's quite important to like for me.,,,,
111,19,3,0,Jane,participant,It's quite important to get emotional support from.,,,,
112,19,4,0,Jane,participant,My boyfriend. Yeah.,,,,
113,20,0,0,Bryan Chen,moderator,"Yeah, I think I totally agree.",Supplement,True,False,True
114,20,1,0,Bryan Chen,moderator,"Yeah. So I guess, like, so so based on your my understanding from your insights that we might be independent in some aspect, but we want to find someone who can help us to kind of like fulfill some other aspect, that we are not as independent, because some people, they are probably the opposite side.",Interpretation,True,False,False
115,20,2,0,Bryan Chen,moderator,"They are emotionally independent, but they are financially not independent.",Interpretation,True,False,False
116,20,3,0,Bryan Chen,moderator,"But yeah. So so I guess, like, it's also probably finding the right niche or the right match, like people can support each other in one way or or another.",Interpretation,True,False,False
117,20,4,0,Bryan Chen,moderator,"Yeah. Oh, I think people have a lot of good answers.",All Utility,False,False,True
118,20,5,0,Bryan Chen,moderator,Anyone else want to share some thought on these questions.,Probing,True,False,False
119,20,6,0,Bryan Chen,moderator,"Felicia, do you have anything you want to say?",Probing,True,False,True
120,21,0,0,Felicia,participant,"Yeah, I would say about the one of the biggest fix.",,,,
121,21,1,0,Felicia,participant,"The difference between of the romantic relationship between the past and present in that is in the past, and when people are dating they are really shy to like the handy hand, the word case in public, and they think it's not good for their public and appearance, and but now and people are, and are more willing to show their love to their friends or family members.",,,,
122,21,2,0,Felicia,participant,and I think it's and it's a good thing to say.,,,,
123,22,0,0,Bryan Chen,moderator,Hmm.,All Utility,False,False,True
124,23,0,0,Felicia,participant,And and I also have a and I have different idea of the emotional support.,,,,
125,24,0,0,Bryan Chen,moderator,Hmm.,All Utility,True,False,False
126,25,0,0,Felicia,participant,"Like the last question, because from my perspective.",,,,
127,25,1,0,Felicia,participant,"and if you are independent and economic, and you wanna get the emotional support from your partner, and but if you it, it means maybe, and you are not in the same status.",,,,
128,26,0,0,Bryan Chen,moderator,And.,All Utility,False,False,False
129,27,0,0,Felicia,participant,Yeah. Cause. Because maybe.,,,,
130,27,1,0,Felicia,participant,"hey, he or she and just can give you emotional support.",,,,
131,27,2,0,Felicia,participant,But there is a big gap between the and the economic.,,,,
132,27,3,0,Felicia,participant,So you may have some hmm different ideals about this.,,,,
133,28,0,0,Bryan Chen,moderator,"Hmm, hmm. Then then what's your view on the that independent question.",Probing,True,False,False
134,28,1,0,Bryan Chen,moderator,"So if, say, someone who is financially independent and also emotionally independent, when what then?",Probing,True,False,False
135,28,2,0,Bryan Chen,moderator,What else does the person want from a relationship?,Probing,True,False,False
136,28,3,0,Bryan Chen,moderator,From your point of view?,Probing,True,False,False
137,29,0,0,Felicia,participant,And I think because because you are financially independent and you want to get emotional support from the your partner.,,,,
138,29,1,0,Felicia,participant,But if if he or she cannot give you the emotional support anymore.,,,,
139,29,2,0,Felicia,participant,"And you may think, Oh.",,,,
140,29,3,0,Felicia,participant,"we cannot. And I, I may give up this relationship because I cannot get what I want.",,,,
141,30,0,0,Bryan Chen,moderator,Okay. True. Yeah. I guess.,All Utility,False,False,True
142,30,1,0,Bryan Chen,moderator,"Why, it's complicated. Yeah, it's complicated.",Supplement,False,False,True
143,30,2,0,Bryan Chen,moderator,"Cece, do you have anything you would like to share.",Probing,True,False,False
144,31,0,0,CiCi,participant,"Oh, I think the emotional support that is the most important thing in a serious relationship, because you need to trust each other in in the in nowadays, because, these days are really hard.",,,,
145,31,1,0,CiCi,participant,"We have a lot of challenge tasks to address, and during this way we also feel upside outside.",,,,
146,31,2,0,CiCi,participant,"When you some someone to express our feeling, I think the partner is the best one to share our feelings and for the financial supports, I think sometimes a lot of people think they could get some financial support from their partner.",,,,
147,31,3,0,CiCi,participant,"to be honest, some people get the financial support.",,,,
148,31,4,0,CiCi,participant,But for some girls they did.,,,,
149,31,5,0,CiCi,participant,"They don't get the financial support, because the boys are always.",,,,
150,31,6,0,CiCi,participant,always find that they also have financial concerns.,,,,
151,31,7,0,CiCi,participant,So I think financial support.,,,,
152,31,8,0,CiCi,participant,That is not isn't the important thing in the relationship.,,,,
153,32,0,0,Bryan Chen,moderator,"Yeah, yeah, I guess, like, now, the kind of the the society changed because I I guess, like in the earlier age.",Supplement,True,False,False
154,32,1,0,Bryan Chen,moderator,"Because female usually don't have that many work, opportunity or professional.",Supplement,True,False,False
155,32,2,0,Bryan Chen,moderator,"so traditionally in the female account, economically rely on the male.",Supplement,True,False,False
156,32,3,0,Bryan Chen,moderator,But now it's like everyone is working doesn't matter if you are female or male.,Supplement,True,False,False
157,32,4,0,Bryan Chen,moderator,People are all kind of self-reliant on their own money.,Supplement,True,False,False
158,32,5,0,Bryan Chen,moderator,So so I guess I heard a lot of people sharing that financial or economy aspect is not the top one.,Interpretation,True,False,False
159,32,6,0,Bryan Chen,moderator,"And, as you, many of you mentioned, maybe emotional support has become a higher priority.",Interpretation,True,False,False
160,32,7,0,Bryan Chen,moderator,in relative to financial conditions.,Interpretation,True,False,False
161,32,8,0,Bryan Chen,moderator,Yeah. So I guess we can move on to the next questions.,Instruction,False,True,False
162,32,9,0,Bryan Chen,moderator,"I think the next question is, safety is also very interesting.",Instruction,False,True,False
163,32,10,0,Bryan Chen,moderator,It's like so we now we have discussed some different between the different generations.,Interpretation,True,False,False
164,32,11,0,Bryan Chen,moderator,But you still have the relationship with your parents.,Probing,True,False,False
165,32,12,0,Bryan Chen,moderator,Right? So how do you.,Probing,True,False,False
166,32,13,0,Bryan Chen,moderator,I'm not sure how.,Supplement,True,False,False
167,32,14,0,Bryan Chen,moderator,What's your parents view and or interaction regarding your relationship?,Probing,True,False,False
168,32,15,0,Bryan Chen,moderator,I know some parent.,Supplement,True,False,False
169,32,16,0,Bryan Chen,moderator,They are very open.,Supplement,True,False,False
170,32,17,0,Bryan Chen,moderator,"They just let you do whatever you want to do, what you think is the best for you.",Supplement,True,False,False
171,32,18,0,Bryan Chen,moderator,"But some parent they'll give you advice, give you guidance, or say, Oh, you need to find someone who can wash the dishes something like that.",Supplement,False,False,True
172,32,19,0,Bryan Chen,moderator,"So I just seem to know how you guys like kind of get along with you, with your parents?",Probing,True,False,False
173,32,20,0,Bryan Chen,moderator,Do you listen to land?,Probing,True,False,False
174,32,21,0,Bryan Chen,moderator,"Do you take your layer of advice, or do you just like, do your own way?",Probing,True,False,False
175,32,22,0,Bryan Chen,moderator,Any wonder any interesting story from you guys?,Probing,True,False,False
176,32,23,0,Bryan Chen,moderator,"let me see. Jen, do you have any interesting story like, what's your parents?",Probing,True,False,False
177,32,24,0,Bryan Chen,moderator,Your interaction with your parents regarding to romance?,Probing,True,False,False
178,33,0,0,Jane,participant,"Yeah, I think for me, it's both because I think it's better to hear to listen to my parents advice, because sometimes they are right but I will also have my own opinion about a romantic relationship, because I think my parents they just want me to find find a person who who is really supportive financially.",,,,
179,33,1,0,Jane,participant,But I think for me.,,,,
180,33,2,0,Jane,participant,"I can. I can, because I can work.",,,,
181,33,3,0,Jane,participant,So I think it's more important to find someone who has who can help.,,,,
182,33,4,0,Jane,participant,"Like has the same hall base, or can have the weekend chat like like that.",,,,
183,33,5,0,Jane,participant,"And I I don't want a person who just like gives me financial support, and we cannot like talk with each other, because we have different opinions.",,,,
184,34,0,0,Bryan Chen,moderator,"But do you never give you pressure regarding to your relationship, or do they try to import.",Probing,True,False,False
185,35,0,0,Jane,participant,"Yeah, I think because for my for me, I'm about 20, 4 years old now, and my parents want me to get married before like 30.",,,,
186,35,1,0,Jane,participant,"So if I don't get married like when when 30 years old, they might be very nervous, and you know, like many people think.",,,,
187,35,2,0,Jane,participant,"Oh, if oh, if a woman don't get married doesn't get married when he when she is 3 years old!",,,,
188,35,3,0,Jane,participant,"Oh. she must be very terrible, or something like that.",,,,
189,35,4,0,Jane,participant,But if you are a man.,,,,
190,35,5,0,Jane,participant,you will not have this kind of issues.,,,,
191,35,6,0,Jane,participant,Yeah.,,,,
192,36,0,0,Bryan Chen,moderator,"Yeah, I heard some like similar feeling and story from my friend as well.",Supplement,False,False,True
193,36,1,0,Bryan Chen,moderator,"Felicia, do you have any similar experience?",Probing,True,False,False
194,36,2,0,Bryan Chen,moderator,Or do you take a different view.,Probing,True,False,False
195,37,0,0,Felicia,participant,"Yeah, I totally agree with.",,,,
196,38,0,0,Bryan Chen,moderator,No problem.,All Utility,False,False,True
197,39,0,0,Felicia,participant,"Yeah, cause last week I talked about this topic with my with my mother, and I said, Don't urge me to get married?",,,,
198,39,1,0,Felicia,participant,"And and they didn't worry about it now, and I'm I'm a i'm about 23 years old.",,,,
199,39,2,0,Felicia,participant,"and they said they they're not afraid of of my marriage, and but when I get to maybe 27, or 8, and they would urge me to get married, I said, No, never, no way, and so I. I let them know in advance that don't push me.",,,,
200,39,3,0,Felicia,participant,"Okay. So and I said, This is one.",,,,
201,39,4,0,Felicia,participant,"This is the only requirement for for the for my parents, and I just have this one request.",,,,
202,40,0,0,Bryan Chen,moderator,So you draw the clear line.,Interpretation,True,False,False
203,40,1,0,Bryan Chen,moderator,Say I have my like own thought and own feeling and own decision.,Interpretation,False,False,True
204,40,2,0,Bryan Chen,moderator,Don't cross the line.,Instruction,False,True,False
205,41,0,0,Felicia,participant,"Yeah, cause. Because I say, if if you continuous, urge me to get married and I I feel really stressful, I may find I may find a find a person readily and get married.",,,,
206,41,1,0,Felicia,participant,You know it's good or bad for me.,,,,
207,41,2,0,Felicia,participant,It's it's totally bad for me.,,,,
208,41,3,0,Felicia,participant,"It's it may influence my whole life, you know, and they so I stressed so many times for them.",,,,
209,42,0,0,Bryan Chen,moderator,"Okay, this here one male perspective.",Instruction,True,True,False
210,42,1,0,Bryan Chen,moderator,"John Johnson, do you have any?",Probing,True,False,False
211,42,2,0,Bryan Chen,moderator,Have you talked about with your parent?,Probing,True,False,False
212,42,3,0,Bryan Chen,moderator,About your relationship romance.,Probing,True,False,False
213,42,4,0,Bryan Chen,moderator,What's your view? How do you interact with them?,Probing,True,False,False
214,43,0,0,Johnson,participant,"Well, there's there's a very interesting thing.",,,,
215,43,1,0,Johnson,participant,"There's a oh, sorry.",,,,
216,43,2,0,Johnson,participant,"That's my siri. Okay, so there's a funny thing saying like this.",,,,
217,43,3,0,Johnson,participant,"It's like, if a child doesn't obey the the parents command, then presumably the child's going to be success, and vice versa, meaning that if every command is followed by the parents, then the child may not be success.",,,,
218,43,4,0,Johnson,participant,"So I mean, that's just a joke.",,,,
219,43,5,0,Johnson,participant,"Right? So I think the the main saying of this is like, I mean.",,,,
220,43,6,0,Johnson,participant,"all the the child should have their own opinions on things, and have their own decisions on things.",,,,
221,43,7,0,Johnson,participant,"They have their own thoughts about things their own taking a responsibly about, I mean different different selections on things so well.",,,,
222,43,8,0,Johnson,participant,In my own case.,,,,
223,43,9,0,Johnson,participant,"I do understand their they're considerations, or they're whether they're worrying about.",,,,
224,43,10,0,Johnson,participant,"But I think is to have like respect on theirs, opinions, and their values, because that's what I mean in their generations.",,,,
225,43,11,0,Johnson,participant,"Right? They grow up in that kind of values and their expectations, and I mean, their values are.",,,,
226,43,12,0,Johnson,participant,"I mean, from there parents.",,,,
227,43,13,0,Johnson,participant,"So I think, for my side of thinking about this issue is like to come up with something that is like in the middle between both of parties right?",,,,
228,43,14,0,Johnson,participant,"Because you have your own thoughts about things, but you find you or you select something else that they understand it.",,,,
229,43,15,0,Johnson,participant,"And well, it's not but it's also your own decisions on things.",,,,
230,43,16,0,Johnson,participant,Yeah.,,,,
231,44,0,0,Bryan Chen,moderator,"So I guess, like what I'm trying to say is the emphasize of respect like you mentioned earlier.",Interpretation,True,False,True
232,44,1,0,Bryan Chen,moderator,"I feel it's like sometimes, maybe the parents is not.",Interpretation,True,False,True
233,44,2,0,Bryan Chen,moderator,"It's not trying to change your decision, but they want to feel that their concern, their voice has been heard.",Interpretation,True,False,True
234,44,3,0,Bryan Chen,moderator,"and then, if we acknowledge them, or if we pretend that we just like, don't listen to them, they will try to.",Interpretation,False,False,True
235,44,4,0,Bryan Chen,moderator,"Sometimes they react even harder, trying to get your attention like, oh, I'm your parent, you should listen to me.",Interpretation,True,False,True
236,44,5,0,Bryan Chen,moderator,So this kind of a competition of attentions.,Interpretation,False,False,True
237,44,6,0,Bryan Chen,moderator,"That's that's why. Sometimes I I feel, even though my parents are actually quite open-minded.",Supplement,False,False,True
238,44,7,0,Bryan Chen,moderator,"They will say something about my relationship, but in the end they will.",Interpretation,False,False,True
239,44,8,0,Bryan Chen,moderator,"They will just say something like, Oh, you, you know better than us.",Interpretation,True,False,True
240,44,9,0,Bryan Chen,moderator,You know what you want.,Supplement,False,False,True
241,44,10,0,Bryan Chen,moderator,"You just make your decision, but we will.",Interpretation,True,False,False
242,44,11,0,Bryan Chen,moderator,"Still, we will. Still, Susanian.",Interpretation,True,False,True
243,44,12,0,Bryan Chen,moderator,We will still say something.,All Utility,False,False,False
244,44,13,0,Bryan Chen,moderator,Yeah. But anyone want to anyone else want to share on these questions?,Probing,True,False,False
245,44,14,0,Bryan Chen,moderator,Otherwise we'll move on to next questions.,Instruction,False,True,False
246,45,0,0,Urania,participant,Yeah.,,,,
247,46,0,0,Bryan Chen,moderator,Go for it.,Instruction,False,True,False
248,47,0,0,Urania,participant,"Cause actually, I didn't have any advices about romance from my parents, because I think, unfortunately, in our country there is a lack of romance education from many traditional families like my parents haven't taught anything about romance, especially when I was in middle school or undergraduate period.",,,,
249,47,1,0,Urania,participant,But they just want for me to have some like And that is the romance relationship after graduation.,,,,
250,47,2,0,Urania,participant,"So I often think, oh, what happened or what's the problem?",,,,
251,47,3,0,Urania,participant,And you didn't support me to date during the earlier period.,,,,
252,47,4,0,Urania,participant,"But just want me have have a stable relationship just after the graduation, because sometimes they will say that you should have a you know, to some degree a stable relationship to create a new family in certain times like the age of 20, maybe after 25 or before 30.",,,,
253,47,5,0,Urania,participant,Yeah. But I think there's still a lack of some education from them.,,,,
254,47,6,0,Urania,participant,"Because you know, for example, for my family.",,,,
255,47,7,0,Urania,participant,"I know, I know that.",,,,
256,47,8,0,Urania,participant,"Actually, there are many interesting things between my mom and my dad.",,,,
257,47,9,0,Urania,participant,Cause you know. I was told from my grandmother.,,,,
258,47,10,0,Urania,participant,She taught me that actually several years ago my father.,,,,
259,47,11,0,Urania,participant,"My father taught my mother, that today is my birthday.",,,,
260,47,12,0,Urania,participant,"So just just for this reason, can you date with me like something like that?",,,,
261,47,13,0,Urania,participant,"I think it's very interesting, but you know I never heard these things.",,,,
262,47,14,0,Urania,participant,"Oh, from the 2 people or themselves.",,,,
263,47,15,0,Urania,participant,"They they never talk talked about these things to me, so I didn't get aspects from didn't get the suggestion from these aspects.",,,,
264,47,16,0,Urania,participant,I think it's a payday in.,,,,
265,47,17,0,Urania,participant,"you know this, this this kind of educational mode or family?",,,,
266,47,18,0,Urania,participant,"Madon. So, yeah. And.",,,,
267,48,0,0,Bryan Chen,moderator,"Yeah, I agree with you a lot, because I I feel sometimes I also have a similar experience.",Supplement,True,False,True
268,48,1,0,Bryan Chen,moderator,"I wish my parents they could told me more about how to handle relationship, how to ask girls out how to, you know, prepare a good dating experience something like that.",Supplement,False,False,True
269,48,2,0,Bryan Chen,moderator,But but Linsa also didn't have a lot of dating experience as well.,Supplement,False,False,True
270,48,3,0,Bryan Chen,moderator,"So I feel maybe if the parents are not too pushing toward the goals, but actually more focused on emphasizing on giving their advice or help giving, you know, like trying to give us some skills or some techniques.",Supplement,True,False,False
271,48,4,0,Bryan Chen,moderator,I feel the children will be more welcome welcoming to for parents to get involved into their life if it's not to go orientated.,Interpretation,True,False,True
272,48,5,0,Bryan Chen,moderator,And so I think uranium has been a very interesting and also very important points.,Supplement,True,False,True
273,48,6,0,Bryan Chen,moderator,"Yeah, thank you a lot for that.",All Utility,False,False,True
274,48,7,0,Bryan Chen,moderator,It's for that inside.,All Utility,False,False,True
275,48,8,0,Bryan Chen,moderator,So now we're going to move on to the next question.,Instruction,False,True,False
276,48,9,0,Bryan Chen,moderator,So also about like modern romance.,Supplement,True,True,False
277,48,10,0,Bryan Chen,moderator,"So I think now, we have some.",Instruction,False,True,False
278,48,11,0,Bryan Chen,moderator,Some people have been start using dating app or some other online platform to.,Interpretation,True,False,True
279,48,12,0,Bryan Chen,moderator,"So this, this kind of new way of meeting people, have transformed the way people meet and form relationship.",Supplement,True,False,False
280,48,13,0,Bryan Chen,moderator,So and but what are the positive and the negative side of using those online platform or dating app.,Probing,True,False,False
281,48,14,0,Bryan Chen,moderator,"So not sure if anyone have experience and we're into sure here, Cissy, do you have any thought on that.",Probing,True,False,False
282,48,15,0,Bryan Chen,moderator,What's your view on that in our online platform?,Probing,True,False,False
283,49,0,0,CiCi,participant,"Okay, I I use dating.",,,,
284,49,1,0,CiCi,participant,I've several several times.,,,,
285,49,2,0,CiCi,participant,"I think that is a good way to know some new people, especially for local people, because, you know.",,,,
286,49,3,0,CiCi,participant,But I think there are a lot of Chinese.,,,,
287,49,4,0,CiCi,participant,You always chat and start with with Chinese that is really hard to set a relationship with the local people.,,,,
288,49,5,0,CiCi,participant,So this is the main reason for me to use dating app.,,,,
289,49,6,0,CiCi,participant,But I think some people use dating app just for have one nice stand that is really common in dating app.,,,,
290,49,7,0,CiCi,participant,They they don't focus on the emotional support.,,,,
291,49,8,0,CiCi,participant,They don't focus on the deep conversation.,,,,
292,49,9,0,CiCi,participant,They just share some.,,,,
293,49,10,0,CiCi,participant,"I think when you meet a lot of people that is a little boring, because you just talk about the same topics, just like, Are you dog, person or cat person.",,,,
294,49,11,0,CiCi,participant,How long have you stay in map?,,,,
295,49,12,0,CiCi,participant,And what is your favorite movies?,,,,
296,49,13,0,CiCi,participant,I think you just like to practice your else topics when you're dating with some people that is so boring.,,,,
297,49,14,0,CiCi,participant,But I should I should.,,,,
298,49,15,0,CiCi,participant,I should say that is a dating app.,,,,
299,49,16,0,CiCi,participant,"That is a good way to know some people, but I don't think that is a wonderful way to to be in a relationship.",,,,
300,50,0,0,Bryan Chen,moderator,"Okay, okay. So you're saying, it's good to know people like.",Interpretation,True,False,False
301,50,1,0,Bryan Chen,moderator,But you've seen the pool or the population.,Interpretation,True,False,False
302,50,2,0,Bryan Chen,moderator,There is not too serious about getting into a relationship.,Interpretation,True,False,False
303,50,3,0,Bryan Chen,moderator,That's why get from.,Interpretation,True,False,False
304,50,4,0,Bryan Chen,moderator,That's why I understand from your instance.,Interpretation,True,False,False
305,50,5,0,Bryan Chen,moderator,"Okay, yeah. I think I kind of agree as well.",Supplement,False,False,True
306,50,6,0,Bryan Chen,moderator,"I I don't use them, that the dating app, often, maybe throughout the year, maybe have meet people one or 2 times but didn't go very far, so probably need some people sharing?",Probing,True,False,False
307,50,7,0,Bryan Chen,moderator,"Regarding to these questions, Evan, do you have any thought or experience on dating app?",Probing,True,False,False
308,51,0,0,Evan,participant,"Yes, the dating app.",,,,
309,51,1,0,Evan,participant,"To be honest, I seldom use the dating app to meet or know the new people.",,,,
310,51,2,0,Evan,participant,"Because I think that dating app they we meet in the dating app, and it adds some a fantasy, the feeling of fancy and I think in reality to meet some people.",,,,
311,51,3,0,Evan,participant,It it gave me give me some confidence and some trust.,,,,
312,51,4,0,Evan,participant,"And yeah, but but now but the current situations that the dating app is like the globalization.",,,,
313,51,5,0,Evan,participant,And it has some advantages for the dating.,,,,
314,51,6,0,Evan,participant,"The 1st date. It widens, encounter possibilities and the social media, like the red books, or the Weibo or Wechat, has expanded, have expanded the search for love by breaking down the boundaries of geographical space and making it easy to connect with people all over the world.",,,,
315,51,7,0,Evan,participant,Whether the in in international or in the domestic.,,,,
316,51,8,0,Evan,participant,"And however, this infinity possibility also brings the confusion of choice.",,,,
317,51,9,0,Evan,participant,"Because in the face of a large number of potential partners, people begin to sift through the the the team which affect the cherish of the relationship to a certain extent.",,,,
318,51,10,0,Evan,participant,"Yeah, yeah. And.",,,,
319,52,0,0,Bryan Chen,moderator,Please give me. It's good.,Instruction,False,True,False
320,52,1,0,Bryan Chen,moderator,"Yeah, I understand. Yeah.",All Utility,False,False,True
321,53,0,0,Evan,participant,"Yeah, yeah, yeah. And others reasons.",,,,
322,53,1,0,Evan,participant,I. I don't like it because this the dating app speeds up the speedization of emotion.,,,,
323,53,2,0,Evan,participant,"You know, the immediacy of the immediacy of social media has made emotional communication fast and frequent, but it has also let accelerate the speedization of emotions.",,,,
324,53,3,0,Evan,participant,"A relationship can quickly unreveil over a misunderstanding or argument, and people are more inclined to move on to their next partner rather than patient work or solve the problem.",,,,
325,53,4,0,Evan,participant,So behind the phenomena is the pursuit of instant gratification and the neglect of deep emotional connection.,,,,
326,53,5,0,Evan,participant,So I think the 2 reasons let me to sell them to use the dating app.,,,,
327,53,6,0,Evan,participant,And but this is a tendency of the current romantic relationship between the young people.,,,,
328,53,7,0,Evan,participant,"So yeah, this is myself.",,,,
329,54,0,0,Bryan Chen,moderator,"Yeah, I guess I it's also because of the the living style of the modern society forcing people to use dating app, because I feel like in my normal life.",Interpretation,True,False,False
330,54,1,0,Bryan Chen,moderator,Cycle is very difficult to meet new female.,Supplement,True,False,False
331,54,2,0,Bryan Chen,moderator,"because, like, if you well, if you just like randomly ask someone on the street.",Supplement,True,False,False
332,54,3,0,Bryan Chen,moderator,"It's kind of awkward, and I guess I have one benefit on.",Supplement,False,False,True
333,54,4,0,Bryan Chen,moderator,The dating app is like the people you meet there.,Interpretation,True,False,False
334,54,5,0,Bryan Chen,moderator,"As soon as you are met, you have the you both have the, you know, the mutual expectation that you are looking for partner, so people can be more straightforward about it in comparison to your normal life cycle.",Supplement,True,False,False
335,54,6,0,Bryan Chen,moderator,"They say you have a new colleague, and you found it like interesting.",Supplement,True,False,False
336,54,7,0,Bryan Chen,moderator,And then but you are not sure if he or she have that motivation.,Supplement,True,False,False
337,54,8,0,Bryan Chen,moderator,"You have to spend weeks, or even Mom trying to figure it out if she or he's single issues, or she's interested in a relationship.",Supplement,True,False,False
338,54,9,0,Bryan Chen,moderator,"So so as as Evan say anything, I kind of like accelerate speed up thing.",Interpretation,True,False,False
339,54,10,0,Bryan Chen,moderator,But that spinning us pattern also kind of culture.,Supplement,True,False,False
340,54,11,0,Bryan Chen,moderator,"People's habit to to just hike, like to have like something just fast and quick and fast and fun.",Supplement,True,False,False
341,54,12,0,Bryan Chen,moderator,"Yeah. anyone else have experience with dating app, and would like to share.",Probing,True,False,True
342,55,0,0,Urania,participant,"Yeah, I have a little different.",,,,
343,56,0,0,Bryan Chen,moderator,But Urania.,Probing,True,False,False
344,57,0,0,Urania,participant,"Yeah, it remind. It reminds me that there is a romance pattern.",,,,
345,57,1,0,Urania,participant,That is the long distance relationship.,,,,
346,57,2,0,Urania,participant,Yeah. Cause the use of social media.,,,,
347,57,3,0,Urania,participant,Many people they knew online and still keep in touch with each other online.,,,,
348,57,4,0,Urania,participant,So it caused the long distance relationship.,,,,
349,57,5,0,Urania,participant,"But for me, I think that If you want a stable relationship, you still need to.",,,,
350,57,6,0,Urania,participant,"You know, get touch face to face other than keep in.",,,,
351,57,7,0,Urania,participant,Keep in the situation of the long distance relationship.,,,,
352,57,8,0,Urania,participant,Maybe it can exercise the 2 people there views or some solving the the patterns of solving problems in life and meeting challenges what they will do.,,,,
353,57,9,0,Urania,participant,"In, I think, for this aspect.",,,,
354,57,10,0,Urania,participant,That they are not.,,,,
355,57,11,0,Urania,participant,They cannot get familiar.,,,,
356,57,12,0,Urania,participant,"If we only just keep in touch with each other online, just use the social media.",,,,
357,57,13,0,Urania,participant,"So it means that maybe social media is the 1st step for the couple for many couples, but they will still need some company in real life.",,,,
358,57,14,0,Urania,participant,I think it's like that.,,,,
359,58,0,0,Bryan Chen,moderator,I think that's a good point.,Supplement,False,False,True
360,58,1,0,Bryan Chen,moderator,"And also talking about like online platform, I think it's not just about dating app.",Supplement,True,False,False
361,58,2,0,Bryan Chen,moderator,"But it's also like a online communication tool, because I feel long-term distance has become more and more common in these generations, especially people are going overseas to have education to work so.",Supplement,True,False,False
362,58,3,0,Bryan Chen,moderator,"And people still use, like some way of like online communication to keep in touch with their loved ones.",Supplement,True,False,False
363,58,4,0,Bryan Chen,moderator,And it's it's definitely difficult.,Supplement,True,False,False
364,58,5,0,Bryan Chen,moderator,But but using this platform and this technology make it also make it possible.,Supplement,True,False,False
365,58,6,0,Bryan Chen,moderator,"I guess. Yeah, cool.",All Utility,False,False,True
366,58,7,0,Bryan Chen,moderator,"I think, yeah, anything else you would like to say.",Probing,True,False,False
367,58,8,0,Bryan Chen,moderator,"okay, yeah, I think that's very interesting discussion.",Supplement,False,False,True
368,58,9,0,Bryan Chen,moderator,"So far, I think people has been contributing really well.",Interpretation,False,True,True
369,58,10,0,Bryan Chen,moderator,and I think now we can move on to the next questions.,Instruction,False,True,False
370,58,11,0,Bryan Chen,moderator,"So the next question, we want to probably specifically talk about exponential of the genders role.",Instruction,True,True,False
371,58,12,0,Bryan Chen,moderator,"So in contrast to like traditional gender, as we know we had in in kind of like Chinese culture.",Supplement,True,False,False
372,58,13,0,Bryan Chen,moderator,"You have the kind of expectation like, you know, female work inside the house and male go outside the house to work, and this kind of expectation have changed and evolve over time.",Supplement,True,False,False
373,58,14,0,Bryan Chen,moderator,So. And also I but like so interesting to know what's your guys feel about?,Probing,True,False,True
374,58,15,0,Bryan Chen,moderator,Are there difference between the role of male and female in relationship in your own opinion?,Probing,True,False,False
375,58,16,0,Bryan Chen,moderator,"Is there any expectation like guys should do something more or or female, should do something else, or or something like guys should be the one providing emotional support vice versa or so.",Probing,True,False,False
376,58,17,0,Bryan Chen,moderator,What's your guys? Point of view.,Probing,True,False,False
377,58,18,0,Bryan Chen,moderator,"or you can also say there's no difference between male or female in your view of, in your ideal view of relationship.",Probing,True,False,False
378,58,19,0,Bryan Chen,moderator,"Johnson, do you have anything you would like to share?",Probing,True,False,False
379,58,20,0,Bryan Chen,moderator,Do you think there's still some different expectation between male or female gender in a relationship in modern relationship.,Probing,True,False,False
380,59,0,0,Johnson,participant,"Oh, well, I think the core idea right now to to strive for like female rights, like from different I'm from, I mean, from the news, or or I mean everywhere else, from my interpretation about this is like.",,,,
381,59,1,0,Johnson,participant,I think we need to acknowledge something which is the difference between female and males.,,,,
382,59,2,0,Johnson,participant,"Right? Because I mean, based on biological.",,,,
383,59,3,0,Johnson,participant,"biologic, I mean differences.",,,,
384,59,4,0,Johnson,participant,I mean the the the.,,,,
385,59,5,0,Johnson,participant,It's just different. So to look for a bounce between.,,,,
386,59,6,0,Johnson,participant,"The difference is something is the core idea of striving for, I mean female, the right female rights.",,,,
387,59,7,0,Johnson,participant,"Right? So, for example, like guys don't have periods.",,,,
388,59,8,0,Johnson,participant,Right? Females have periods.,,,,
389,59,9,0,Johnson,participant,So we're like this need to acknowledge and to find a balance or find something that can bounce between the I mean the both genders.,,,,
390,59,10,0,Johnson,participant,"I mean, this is just a general.",,,,
391,59,11,0,Johnson,participant,"What I think about the the this I mean this human rights, or I mean female rights.",,,,
392,60,0,0,Bryan Chen,moderator,And.,All Utility,True,False,False
393,61,0,0,Johnson,participant,"Sorry, what? What was yours?",,,,
394,62,0,0,Bryan Chen,moderator,But do you have any?,Probing,True,False,False
395,62,1,0,Bryan Chen,moderator,Do you think there's a different internal expectation about a different role in a relationship.,Probing,True,False,False
396,63,0,0,Johnson,participant,"Oh, yeah.",,,,
397,64,0,0,Bryan Chen,moderator,"Adding to male female, Yeah.",Supplement,True,False,False
398,65,0,0,Johnson,participant,"So I think like right now, as I mean, there's I mean in the past or in in the old society.",,,,
399,65,1,0,Johnson,participant,"I mean that I would say it's kind of like a stereotype, right?",,,,
400,65,2,0,Johnson,participant,"Because based on like the old Sati rules, or like family rules or family values, I mean, those are, I would say, those are like stereotypes.",,,,
401,65,3,0,Johnson,participant,"But right now, since I mean, basically, we think what we want is like to have respect on others.",,,,
402,65,4,0,Johnson,participant,"So if your significant other are tired at this moment, probably you could do more on chores, or like cleaning up, or do the chores, or or something else.",,,,
403,65,5,0,Johnson,participant,"So it's like, there's no actual rule.",,,,
404,65,6,0,Johnson,participant,"like, who's gonna clean the house?",,,,
405,65,7,0,Johnson,participant,Who's gonna do work.,,,,
406,65,8,0,Johnson,participant,But I think that the core idea of this is just trying to have empathy on others on your significant other.,,,,
407,65,9,0,Johnson,participant,"So I mean, there's there's no like actual or or or or rules on like, Oh, guys have to work, or or or girls have to do like, do the chores?",,,,
408,65,10,0,Johnson,participant,"It's not that, in my opinion.",,,,
409,65,11,0,Johnson,participant,Yeah.,,,,
410,66,0,0,Bryan Chen,moderator,"Yeah, okay, that's fair enough.",Supplement,False,False,True
411,66,1,0,Bryan Chen,moderator,"I think. Yeah, I feel like, now, people are more kind of like depending on their own context.",Supplement,True,False,False
412,66,2,0,Bryan Chen,moderator,Some people that probably some male.,Supplement,True,False,False
413,66,3,0,Bryan Chen,moderator,They are better at cooking.,Supplement,True,False,False
414,66,4,0,Bryan Chen,moderator,They are more willing to take the job of cooking than their female partner.,Supplement,True,False,False
415,66,5,0,Bryan Chen,moderator,Some female probably earn more money then that's also fine.,Supplement,True,False,False
416,66,6,0,Bryan Chen,moderator,"So I for myself, I also take.",Supplement,True,False,False
417,66,7,0,Bryan Chen,moderator,"But I'm not saying, I guess, like so far we kind of like have been framing the the last generation's expectation as stereotype, or even as something like a negative thing.",Interpretation,True,False,False
418,66,8,0,Bryan Chen,moderator,"But I, personally don't think that's a fully negative.",Supplement,True,False,False
419,66,9,0,Bryan Chen,moderator,I feel some of the stereotype.,Supplement,True,False,False
420,66,10,0,Bryan Chen,moderator,They exist because of some of the.,Supplement,True,False,False
421,66,11,0,Bryan Chen,moderator,"There were some reason why such stereotype stood in that generation, because our economy, structure, or whatever other factors.",Supplement,True,False,False
422,66,12,0,Bryan Chen,moderator,"So, and it's often seen that from the older generation might still be still be beneficial, you know, even nowadays.",Supplement,True,False,False
423,66,13,0,Bryan Chen,moderator,"So so well, just to clarify.",Interpretation,True,False,False
424,66,14,0,Bryan Chen,moderator,"I'm not trying to frame me and say, any certain perspective is bad or good.",Interpretation,False,False,True
425,66,15,0,Bryan Chen,moderator,I just feel want to hear different people's point out view.,Probing,True,False,False
426,66,16,0,Bryan Chen,moderator,"Yeah. Jen, do you think?",Probing,True,False,False
427,66,17,0,Bryan Chen,moderator,"Do you feel, Jen?",Probing,True,False,True
428,66,18,0,Bryan Chen,moderator,"So, Jen, earlier you talk about you mentioned about emotional support?",Probing,True,False,False
429,66,19,0,Bryan Chen,moderator,Right? But do you think you have a different expectation about providing emotional support regarding to different gender.,Probing,True,False,False
430,66,20,0,Bryan Chen,moderator,"for example, feel like guys or male should be the stronger one mentally in relative to girls.",Probing,True,False,False
431,67,0,0,Jane,participant,"Well, I think it's the same.",,,,
432,67,1,0,Jane,participant,"So for me, I think because I think because of my my family, and I think my father doesn't give my mother enough respect, and in the emotional aspect, or say he doesn't give my mother enough mental support, things like that.",,,,
433,67,2,0,Jane,participant,"So I so I think just for me, I want to.",,,,
434,67,3,0,Jane,participant,I think it's it means to be equal for me just ask for more.,,,,
435,67,4,0,Jane,participant,Emotional support from maybe my boyfriend.,,,,
436,67,5,0,Jane,participant,Things like that.,,,,
437,68,0,0,Bryan Chen,moderator,And.,All Utility,False,False,False
438,69,0,0,Jane,participant,"Yeah. I think. Yeah, I think it's the same.",,,,
439,69,1,0,Jane,participant,"So I asked for something from my boyfriend, and I also I will also give him like enough emotional support.",,,,
440,69,2,0,Jane,participant,"So I'm I mean, I maybe I just want to like respect, respect.",,,,
441,70,0,0,Bryan Chen,moderator,"Hmm, cool. How about like other thing like house?",Probing,True,False,False
442,70,1,0,Bryan Chen,moderator,Where like. do you guys kind of how do you share the load?,Probing,True,False,False
443,70,2,0,Bryan Chen,moderator,Or how do you kind of like code parade?,Probing,True,False,False
444,70,3,0,Bryan Chen,moderator,"Okay, so let's see.",Instruction,False,True,False
445,70,4,0,Bryan Chen,moderator,"CC, do you have anything you would like to share?",Probing,True,False,False
446,70,5,0,Bryan Chen,moderator,"What's your view, or different expectation of like role between male or female.",Probing,True,False,False
447,70,6,0,Bryan Chen,moderator,in a relationship.,Confronting,True,False,False
448,71,0,0,CiCi,participant,"I think. the male and female, they should take the same responsibilities.",,,,
449,71,1,0,CiCi,participant,"And just like the 1st question we mentioned before, the emotional support that is.",,,,
450,71,2,0,CiCi,participant,I think males should give some emotional support to female females.,,,,
451,71,3,0,CiCi,participant,"I also provide the emotional to males, and I think I I think there are not much difference between them.",,,,
452,72,0,0,Bryan Chen,moderator,but do you do you still have like?,Probing,True,False,False
453,72,1,0,Bryan Chen,moderator,Do you have any kind of expectation?,Probing,True,False,False
454,72,2,0,Bryan Chen,moderator,Beside we emotional support?,Probing,True,False,False
455,72,3,0,Bryan Chen,moderator,We also kind of talk about like financial role.,Supplement,True,False,False
456,72,4,0,Bryan Chen,moderator,Do you seem like this also kind of play equally?,Probing,True,False,False
457,72,5,0,Bryan Chen,moderator,Or do you seem like there are some still some variance of expectations between different gender.,Probing,True,False,False
458,73,0,0,CiCi,participant,"Okay for this question, I think now, should should take a little more than females, because the in our society of Female females, and I think they are not in a good good position.",,,,
459,73,1,0,CiCi,participant,"They have a lot of stress, for example, just like they have to to to to to nature a kid that has spent a lot of time and energy, although father always takes some responsible responsibilities to take care of a kid.",,,,
460,73,2,0,CiCi,participant,"But I think, mother mom also take the a lot of responsibilities from these perspectives.",,,,
461,73,3,0,CiCi,participant,I think if males should take some financial supports a little more than male females.,,,,
462,74,0,0,Bryan Chen,moderator,"I think that's reasonable, I guess, cause I even though I think the idea, like gender equality and all that have been around 4 years, but like based on like statistical survey, and the the overall male salary is still quite significantly higher than female.",Supplement,True,False,False
463,74,1,0,Bryan Chen,moderator,"So I mean, if you're just like looking at stats.",Interpretation,True,False,False
464,74,2,0,Bryan Chen,moderator,"Maybe perhaps females, I mean, male probably still can share a little bit more financial burdens.",Supplement,True,False,False
465,74,3,0,Bryan Chen,moderator,"Yeah. okay. Anyone else have any other thought on this question that I want to share, at least count a little bit abstract questions.",Probing,True,False,True
466,74,4,0,Bryan Chen,moderator,"Yeah, okay, now, we have our last questions.",Instruction,False,True,False
467,74,5,0,Bryan Chen,moderator,So this is something that we kind of mentioned earlier about your.,Interpretation,True,False,False
468,74,6,0,Bryan Chen,moderator,It's personal observation or experience with the LGBT group.,Probing,True,False,False
469,74,7,0,Bryan Chen,moderator,And what have you found?,Probing,True,False,False
470,74,8,0,Bryan Chen,moderator,"The differences? And what have you observed and do, and what are the challenges?",Probing,True,False,False
471,74,9,0,Bryan Chen,moderator,"And it probably just like sharing in general, because for my experiment on personal experience, I feel in the last 5 or 10 years.",Supplement,True,False,False
472,74,10,0,Bryan Chen,moderator,Many of my friends who belong to the Lgbtq community they are.,Supplement,True,False,False
473,74,11,0,Bryan Chen,moderator,They're more become more and more comfortable and just more relax to share their experience or share their opinion with you.,Supplement,True,False,True
474,74,12,0,Bryan Chen,moderator,"So they, I guess, like, become more and more like every like everyone else.",Supplement,True,False,False
475,74,13,0,Bryan Chen,moderator,"So I don't. I, personally don't find anything else different besides their gender preferences.",Supplement,True,False,False
476,74,14,0,Bryan Chen,moderator,I feel they become.,Supplement,True,False,True
477,74,15,0,Bryan Chen,moderator,"Yeah, they just become very, very more common, and they are very friendly, and we are anyone else.",Interpretation,False,False,True
478,74,16,0,Bryan Chen,moderator,"Have any? John, do you want to have anything you want to talk on this topic?",Probing,True,False,False
479,75,0,0,Johnson,participant,"Me, right. This is John.",,,,
480,75,1,0,Johnson,participant,This is Johnson. Okay.,,,,
481,76,0,0,Bryan Chen,moderator,Yeah. Johnson. Sorry.,All Utility,False,False,True
482,77,0,0,Johnson,participant,"Yeah, no worries. Well, okay.",,,,
483,77,1,0,Johnson,participant,So I can share my 2 weird experience when I moved here to Melbourne.,,,,
484,77,2,0,Johnson,participant,"So there's 1 time when I was waiting for a tram around like midnight, and I've been hit by hit on by an Irish guy before.",,,,
485,78,0,0,Bryan Chen,moderator,Wow!,All Utility,False,False,True
486,79,0,0,Johnson,participant,"Yep. Well, I mean, it's just trying to share some like crazy stories, that's I mean.",,,,
487,79,1,0,Johnson,participant,"Well, I would say there's like for, like these communities, there are more and more.",,,,
488,79,2,0,Johnson,participant,"And I mean, it's a very natural thing, especially here in Australia, I would say.",,,,
489,79,3,0,Johnson,participant,"And they recognize, like different communities, different identity genders.",,,,
490,79,4,0,Johnson,participant,Lgbtq plus. So you have varieties of genders.,,,,
491,79,5,0,Johnson,participant,"But I think, like other than like these, like preferences, or I mean their sexual identities.",,,,
492,79,6,0,Johnson,participant,"I think, like the base core moral thing would be like to respect on others, right?",,,,
493,79,7,0,Johnson,participant,"Because, like I mean in in the past, in the old generations, probably like people, would kind of feel nervous, I mean, as we'll probably dislike these kind of, or or think of these as some kind of disease.",,,,
494,79,8,0,Johnson,participant,"But I mean, I I I don't think there's like like like that.",,,,
495,79,9,0,Johnson,participant,So I have a lot of gay friends.,,,,
496,79,10,0,Johnson,participant,"Yeah, but I mean, just we're all people man, we're just all humans.",,,,
497,79,11,0,Johnson,participant,"I mean, we have different preferences.",,,,
498,79,12,0,Johnson,participant,"So in my understanding or in my values, I respect them.",,,,
499,79,13,0,Johnson,participant,"I have a lot of different gay friends and but it's just, I mean, upon your own preferences, I would say, just the basic which is trying to respect on others.",,,,
500,79,14,0,Johnson,participant,"I mean, you have your own values, you have your own preferences, but you cannot judge on others, their identities on, on.",,,,
501,79,15,0,Johnson,participant,on their own sex.,,,,
502,79,16,0,Johnson,participant,"Right? So I mean, that's how it is.",,,,
503,79,17,0,Johnson,participant,"So, yeah, that's my opinion.",,,,
504,80,0,0,Bryan Chen,moderator,"As you know as well, said.",Interpretation,True,False,False
505,80,1,0,Bryan Chen,moderator,I also have a lot of friends.,Supplement,False,False,True
506,80,2,0,Bryan Chen,moderator,They are. We have been.,Supplement,False,False,True
507,80,3,0,Bryan Chen,moderator,They have been around we have known each other for a while.,Supplement,False,False,True
508,80,4,0,Bryan Chen,moderator,"But only fairly recently, while Blend told me that he's beyond to the community.",Supplement,False,False,True
509,80,5,0,Bryan Chen,moderator,But I wasn't surprised.,Supplement,False,False,True
510,80,6,0,Bryan Chen,moderator,It's like I just he.,All Utility,False,False,True
511,80,7,0,Bryan Chen,moderator,He was expecting me to have a big reaction.,Supplement,True,False,True
512,80,8,0,Bryan Chen,moderator,But I but have like I didn't have any much of this reaction.,Supplement,False,False,True
513,80,9,0,Bryan Chen,moderator,I just feel it's pretty normal saying it just happened.,Supplement,False,False,True
514,80,10,0,Bryan Chen,moderator,And it's just still him thinking.,Supplement,True,False,False
515,80,11,0,Bryan Chen,moderator,"And yeah. but I also personally kind of kind of glad, or in a way that people are more relaxed about it, more acceptable about it.",Supplement,True,False,True
516,80,12,0,Bryan Chen,moderator,"And a lot of people, because for them, for us it's probably just like.",Supplement,False,False,True
517,80,13,0,Bryan Chen,moderator,"like, you know whether you are, whether you find it strange or not, but for them is a lot of like big is a big life decision for them to tell, to share that aspect of their life to other people.",Supplement,True,False,True
518,80,14,0,Bryan Chen,moderator,It's only until recently become more open than acceptable.,Supplement,True,False,False
519,80,15,0,Bryan Chen,moderator,I think anyone else have any story or thought want to share on these questions.,Probing,True,False,True
520,80,16,0,Bryan Chen,moderator,"Evan, do you have anything you want to say or.",Probing,True,False,False
521,81,0,0,Evan,participant,I'm so sorry that because I have a little research and contact and have a little attention to the grope.,,,,
522,81,1,0,Evan,participant,"Yeah. Yeah. And I think, because this is the the group is being used as a politic weapon or other things, and it I think it's to research them it cannot help.",,,,
523,81,2,0,Evan,participant,"For to the the gentle equality and the gender equality, yeah.",,,,
524,81,3,0,Evan,participant,And so I have no interest in there.,,,,
525,82,0,0,Bryan Chen,moderator,"Okay, cool. Anyone else have any thoughts?",Probing,True,False,False
526,82,1,0,Bryan Chen,moderator,"Cece, do you have any thought on this topic, or.",Probing,True,False,False
527,83,0,0,CiCi,participant,Oh! For this topic I have no idea to share.,,,,
528,84,0,0,Bryan Chen,moderator,"Okay, how about Urania?",Probing,True,False,False
529,84,1,0,Bryan Chen,moderator,"Anything like, have any?",Probing,True,False,False
530,84,2,0,Bryan Chen,moderator,Do you have any thought on this topic?,Probing,True,False,False
531,85,0,0,Urania,participant,"Yes, so I I also didn't have many experience like this.",,,,
532,85,1,0,Urania,participant,But I have a a friend which is one member of Lgbtq.,,,,
533,85,2,0,Urania,participant,"And firstly, of course, I show respect for all the things about him.",,,,
534,85,3,0,Urania,participant,But I think he's still relatively difficult for him compared to other people to establish a relationship between him and his partner.,,,,
535,85,4,0,Urania,participant,And so I just think we should respect for them.,,,,
536,85,5,0,Urania,participant,Yeah.,,,,
537,86,0,0,Bryan Chen,moderator,Cool. I think that's probably all of our questions for today.,Supplement,False,True,False
538,86,1,0,Bryan Chen,moderator,"So we'll just like, rip it out here.",Instruction,False,True,False
539,86,2,0,Bryan Chen,moderator,Yeah. Anyone else have any other question they want to share regarding to romance relationship.,Probing,True,False,False
540,86,3,0,Bryan Chen,moderator,I mean sorry modern romance or modern relationship.,Supplement,True,False,False
541,86,4,0,Bryan Chen,moderator,"If no, we are just going to rip out the session today.",Instruction,False,True,False
542,86,5,0,Bryan Chen,moderator,"And and thank you guys, participation today and your time, I really appreciate it.",All Utility,False,False,True
543,86,6,0,Bryan Chen,moderator,M. I think we'll down here cool.,Instruction,False,True,False
