,turn_index,sent_index,segment,speaker,role,text,dialogue_act,informational motive,coordinative motive,social motive
0,0,0,0,Elda (host),moderator,alright. yeah. So today's topic is how to deal with stress.,Instruction,False,True,False
1,0,1,0,Elda (host),moderator,So in today's fast paced world stress is a common challenge that impacts our wellbeing and productivity.,Supplement,True,False,False
2,0,2,0,Elda (host),moderator,And no one likes stress.,Supplement,False,False,True
3,0,3,0,Elda (host),moderator,"I mean, maybe some people do.",Supplement,False,False,True
4,0,4,0,Elda (host),moderator,But it's usually not the most.,Interpretation,True,False,True
5,0,5,0,Elda (host),moderator,"yeah, not not the the most you know, desired thing.",All Utility,False,False,True
6,0,6,0,Elda (host),moderator,"So yeah, today, we like to take this opportunity to share our different experiences and see how we can.",Supplement,True,False,True
7,0,7,0,Elda (host),moderator,"Yeah, find solutions for different stresses and perhaps share tips on how to yeah, support each other and and developing healthier coping mechanisms.",Supplement,True,False,True
8,0,8,0,Elda (host),moderator,I'm just reading off the Instagram post for those who didn't notice.,Supplement,False,False,True
9,0,9,0,Elda (host),moderator,"So yeah, just to to break the eyes to the beginning.",Supplement,False,False,True
10,0,10,0,Elda (host),moderator,"1st question, what are the most common sources of stress in your life.",Probing,True,True,False
11,0,11,0,Elda (host),moderator,And how do they affect you?,Probing,True,False,False
12,0,12,0,Elda (host),moderator,"And perhaps, yeah, if you can share how normally you would deal with stress in your life.",Probing,True,False,False
13,0,13,0,Elda (host),moderator,"Oh, hey, Amy, there are 2 foxes.",All Utility,False,False,True
14,0,14,0,Elda (host),moderator,That's that's pretty cute.,All Utility,False,False,True
15,0,15,0,Elda (host),moderator,"Who who would like to start Brian, would would you like to to share this quickly?",Probing,True,True,False
16,1,0,0,Bryan Chen,participant,Sure. Yeah. So I guess like for me.,,,,
17,1,1,0,Bryan Chen,participant,I see my. because my life is as a researcher in the university.,,,,
18,1,2,0,Bryan Chen,participant,So it's relatively flexible.,,,,
19,1,3,0,Bryan Chen,participant,"So I mean, one thing I mean by flexible is that I can arrange a lot, allow my own time.",,,,
20,1,4,0,Bryan Chen,participant,and also in terms of financial stability.,,,,
21,1,5,0,Bryan Chen,participant,"We don't earn a lot of money, but we do have a lot of We we have enough money for our for ourselves to just, you know, just for the living.",,,,
22,1,6,0,Bryan Chen,participant,So we don't have too much financial concern as well.,,,,
23,1,7,0,Bryan Chen,participant,"But I guess, like my major source of stress will be coming from the research itself.",,,,
24,1,8,0,Bryan Chen,participant,"And as we, I think doing research is very different to doing courses, because courses.",,,,
25,1,9,0,Bryan Chen,participant,You are pretty much like following the content from from your teacher or from your instructor.,,,,
26,1,10,0,Bryan Chen,participant,As long as you pay the effort you can have something in return.,,,,
27,1,11,0,Bryan Chen,participant,But research is more like working the forest in a dark forest by yourself.,,,,
28,1,12,0,Bryan Chen,participant,"You don't know what's coming there when you don't know what's there, and also especially in the research of AI, because AI is very popular these days, so it's very competitive.",,,,
29,1,13,0,Bryan Chen,participant,"Very often you have one idea today, then you try to do it, and after one month you feel you find out.",,,,
30,1,14,0,Bryan Chen,participant,"People already have published very similar idea to your work, and you feel, oh, I'm behind, or your your idea has been doing so.",,,,
31,1,15,0,Bryan Chen,participant,This kind of stress happen a lot.,,,,
32,2,0,0,Elda (host),moderator,Yeah.,All Utility,False,False,False
33,3,0,0,Bryan Chen,participant,"My work. Yeah, also, recently, yeah.",,,,
34,4,0,0,Elda (host),moderator,So it comes from the nature of your work.,Interpretation,True,False,False
35,5,0,0,Bryan Chen,participant,"Yeah, contra of my work.",,,,
36,6,0,0,Elda (host),moderator,"So you just have to deal with it like, suck it up, or how do you?",Probing,True,True,False
37,6,1,0,Elda (host),moderator,How do you balance it off.,Probing,True,False,False
38,7,0,0,Bryan Chen,participant,"With your life. I guess it's it's sometimes very difficult, because because I it's a lot of things.",,,,
39,7,1,0,Bryan Chen,participant,No control by yourself.,,,,
40,7,2,0,Bryan Chen,participant,"Yeah, I guess I is.",,,,
41,7,3,0,Bryan Chen,participant,Have to try not to make your mental state fall into the rabbit hole.,,,,
42,7,4,0,Bryan Chen,participant,"What I mean by rabbit hole is like this kind of always thinking about, because the thing about research is that the line between your life and your work is very, very blurred.",,,,
43,7,5,0,Bryan Chen,participant,"So sometime, even after the working hours, still thinking about your research, and then you can be stressed out the whole day even after hours.",,,,
44,7,6,0,Bryan Chen,participant,"So I guess I to handle this stress is like, I think I have to force myself to do something else and talk to people that's not in in my research cycle research.",,,,
45,8,0,0,Elda (host),moderator,A couple.,Supplement,False,False,True
46,9,0,0,Bryan Chen,participant,So. So we know there's something else out there.,,,,
47,9,1,0,Bryan Chen,participant,There's a lot of different meaning of life.,,,,
48,9,2,0,Bryan Chen,participant,And then.,,,,
49,10,0,0,Elda (host),moderator,We don't.,All Utility,False,False,False
50,11,0,0,Bryan Chen,participant,And then and then take the consider research more like a marathon than like a short term sprint.,,,,
51,12,0,0,Elda (host),moderator,And who.,Probing,True,False,False
52,13,0,0,Bryan Chen,participant,Yeah.,,,,
53,14,0,0,Elda (host),moderator,"Right? Yeah, I I think that's that's a really good point.",Supplement,False,False,True
54,14,1,0,Elda (host),moderator,"Like, actually remind yourself that you know that the world is not just about the stress and the research is not.",Supplement,True,False,True
55,15,0,0,Bryan Chen,participant,"Yeah, like.",,,,
56,16,0,0,Elda (host),moderator,Think.,All Utility,False,False,False
57,17,0,0,Bryan Chen,participant,And.,,,,
58,18,0,0,Elda (host),moderator,"Yeah, and just.",All Utility,False,False,True
59,19,0,0,Bryan Chen,participant,"Yeah, I think a lot of stress coming from what do you consider as a loss?",,,,
60,19,1,0,Bryan Chen,participant,And what do you consider as a gain?,,,,
61,19,2,0,Bryan Chen,participant,And then your kind of expectation is framed by certain conditions.,,,,
62,19,3,0,Bryan Chen,participant,"Then your mood and your emotions swank a lot, swing a lot, and then you have a lot of stress.",,,,
63,20,0,0,Elda (host),moderator,"Great. Well, thank you for sharing Brian.",All Utility,False,False,True
64,20,1,0,Elda (host),moderator,"how about mandy, would you like to share what would be your common sources of stress.",Probing,True,False,True
65,20,2,0,Elda (host),moderator,And how do you?,Probing,True,False,False
66,20,3,0,Elda (host),moderator,How do you handle them?,Probing,True,False,False
67,21,0,0,Mandy,participant,Okay. So I think my common.,,,,
68,21,1,0,Mandy,participant,"so serious of stress in my life, I think it's basically work.",,,,
69,21,2,0,Mandy,participant,Actually. So I think like.,,,,
70,21,3,0,Mandy,participant,"Recently, I just enter a new entering a new company.",,,,
71,21,4,0,Mandy,participant,So everything for me is very new.,,,,
72,21,5,0,Mandy,participant,so like try to catch up all the thing and try to improve on myself.,,,,
73,21,6,0,Mandy,participant,"Maybe a little walking, a book, working skills, or something like that.",,,,
74,21,7,0,Mandy,participant,So that sometimes made me feel very stressful.,,,,
75,21,8,0,Mandy,participant,But not all that thing.,,,,
76,21,9,0,Mandy,participant,"So let's kind of trace try me to, you know, improve myself.",,,,
77,21,10,0,Mandy,participant,"And so now, always, I think.",,,,
78,21,11,0,Mandy,participant,But this kind of stress on sometime came into my come into my dream as well.,,,,
79,22,0,0,Elda (host),moderator,So I like.,All Utility,False,False,True
80,23,0,0,Mandy,participant,So I might similar dream.,,,,
81,23,1,0,Mandy,participant,which I think I have some source of detail from my daily life.,,,,
82,23,2,0,Mandy,participant,"So sometimes you feel very tired, because I think my my friend always try to figure out something the whole time.",,,,
83,24,0,0,Elda (host),moderator,Do you talk to your friends about your work and.,Probing,True,False,False
84,25,0,0,Mandy,participant,Do you talk soon.,,,,
85,26,0,0,Elda (host),moderator,So friends.,Probing,True,False,False
86,27,0,0,Mandy,participant,"Yeah. But like recently, I just say, I'm very busy, or something like that.",,,,
87,27,1,0,Mandy,participant,It's too busy to take.,,,,
88,27,2,0,Mandy,participant,Give them to some details.,,,,
89,27,3,0,Mandy,participant,"I think maybe it's just because I trying to like being a new company or new environment, so should be good in in the future.",,,,
90,27,4,0,Mandy,participant,So just try to attack it as a pass.,,,,
91,27,5,0,Mandy,participant,"None, none that passive try to be positive.",,,,
92,27,6,0,Mandy,participant,"So to handle my stress, I usually actually, I usually like Google another Google, like like search, calm, calm music on Youtube.",,,,
93,27,7,0,Mandy,participant,and like always listening.,,,,
94,27,8,0,Mandy,participant,"The very calm music, like piano music or something.",,,,
95,27,9,0,Mandy,participant,Just try to feel myself is not in like in the whole work.,,,,
96,27,10,0,Mandy,participant,Think so like. It seems like this kind of like listening to other music can also help yourself to relate your realize you have left brain or something like that.,,,,
97,27,11,0,Mandy,participant,"You know, out.",,,,
98,28,0,0,Elda (host),moderator,"Also white. And yeah, background.",Interpretation,True,False,False
99,29,0,0,Mandy,participant,Yes.,,,,
100,30,0,0,Elda (host),moderator,"Like white noise. yeah, it sounds like, it sounds like, correct me, if i'm wrong, but it it sounds like, you're the type who like tries to handle the stress by yourself.",Interpretation,True,False,False
101,30,1,0,Elda (host),moderator,Rather.,Interpretation,True,False,False
102,31,0,0,Mandy,participant,But then like.,,,,
103,32,0,0,Elda (host),moderator,Sharing with other people.,Interpretation,True,False,False
104,32,1,0,Elda (host),moderator,Is that right? But you.,Probing,True,False,False
105,33,0,0,Mandy,participant,Oh!,,,,
106,34,0,0,Elda (host),moderator,Able to handle it by yourself most of the time.,Probing,True,False,False
107,35,0,0,Mandy,participant,"I think, like I also talked to my friend.",,,,
108,35,1,0,Mandy,participant,"But like nowadays, like, everyone's very busy.",,,,
109,35,2,0,Mandy,participant,"So like, I cannot.",,,,
110,35,3,0,Mandy,participant,"Yeah, I cannot like my my my friend, my friends to them, be handy all the time.",,,,
111,35,4,0,Mandy,participant,like. In the moment I want them to be there.,,,,
112,35,5,0,Mandy,participant,But oh. I think they always layer.,,,,
113,35,6,0,Mandy,participant,"but like so if I need something immediately, I would just like Google, it.",,,,
114,36,0,0,Elda (host),moderator,Yeah.,All Utility,False,False,True
115,37,0,0,Mandy,participant,Listen to the music.,,,,
116,37,1,0,Mandy,participant,It will be a quick way to do so.,,,,
117,38,0,0,Elda (host),moderator,"I see. Well, thank you for sharing actually, we in in our survey of of this.",All Utility,False,False,True
118,38,1,0,Elda (host),moderator,the session we did a quick survey in the.,Supplement,True,False,False
119,38,2,0,Elda (host),moderator,"in the question, in the questions and I would like to share, what are the top ranked sources of stress?",Supplement,True,False,False
120,38,3,0,Elda (host),moderator,"the 1st one is work, related stress.",Supplement,True,False,False
121,38,4,0,Elda (host),moderator,and the second one is human relationship and money.,Supplement,True,False,False
122,38,5,0,Elda (host),moderator,So these these are the top top 2.,Supplement,True,False,False
123,38,6,0,Elda (host),moderator,"And I think that kind of reflects also our age cause we we are at the age of like, you know.",Supplement,True,False,False
124,38,7,0,Elda (host),moderator,Career is kind of the our biggest thing in our life.,Supplement,True,False,False
125,38,8,0,Elda (host),moderator,"For most of us, I think.",Supplement,True,False,False
126,38,9,0,Elda (host),moderator,So that that's where where we find stressful.,Interpretation,True,False,False
127,38,10,0,Elda (host),moderator,"yeah, most of the time.",All Utility,True,False,False
128,38,11,0,Elda (host),moderator,Yeah. Okay. And how about Jessica?,Probing,True,False,False
129,38,12,0,Elda (host),moderator,Would you like to share?,Probing,True,False,False
130,38,13,0,Elda (host),moderator,What? What would be your common source of stress?,Probing,True,False,False
131,38,14,0,Elda (host),moderator,And how do you?,Probing,True,False,False
132,38,15,0,Elda (host),moderator,How do you handle them?,Probing,True,False,False
133,39,0,0,jessica,participant,I think for me.,,,,
134,39,1,0,jessica,participant,They're just as you mentioned.,,,,
135,39,2,0,jessica,participant,"I think it's about a money money trouble my finance, I think, because for me I think that in the different edge different stage of the line we got a different stress.",,,,
136,40,0,0,Elda (host),moderator,Yeah.,All Utility,False,False,True
137,41,0,0,jessica,participant,"From high school community, and now.",,,,
138,41,1,0,jessica,participant,after graduate for more than 10 years.,,,,
139,41,2,0,jessica,participant,"But for me, I'm still like developing my career and trying to find a balance between the salary and the thing.",,,,
140,41,3,0,jessica,participant,What I what what's the thing I would like to do?,,,,
141,41,4,0,jessica,participant,"So I recently just resigned from the previous job, because I that's a good payment.",,,,
142,41,5,0,jessica,participant,But I don't find really interesting.,,,,
143,41,6,0,jessica,participant,"I mean, so that's cause I think the big stress for me in past 6 months.",,,,
144,41,7,0,jessica,participant,So that that I but in that I didn't realize.,,,,
145,41,8,0,jessica,participant,"But sometime, I found, I couldn't sleep well during the night, and I always need to check the phone during the weekend reply the message.",,,,
146,41,9,0,jessica,participant,"So after that, I I do find out that is a little bit affect my kind of like a mental health.",,,,
147,41,10,0,jessica,participant,So I decided to take a break and slow down to resign from this job.,,,,
148,42,0,0,Elda (host),moderator,"I see. So even even you know, it was a really good pay job.",Interpretation,True,False,False
149,43,0,0,jessica,participant,Yeah.,,,,
150,44,0,0,Elda (host),moderator,"But you decided to quit, because, you know, it's affecting you physically and mentally.",Interpretation,True,False,True
151,45,0,0,jessica,participant,Yeah.,,,,
152,46,0,0,Elda (host),moderator,"Yeah, that that's a really brave yeah thing to do, because a lot of times.",Supplement,False,False,True
153,46,1,0,Elda (host),moderator,"you know, people don't don't have that strength strength to to quit.",Supplement,False,False,True
154,46,2,0,Elda (host),moderator,Yeah. So you're taking a break from from work right now.,Probing,True,False,True
155,47,0,0,jessica,participant,"Yes, so now I just I I do find my like happiness.",,,,
156,47,1,0,jessica,participant,"Recently I'm going to do Pilates yoga, and then be healthy and like more regularly.",,,,
157,47,2,0,jessica,participant,"I think I slowly recover, because I do find the privilege are kind of pull me down made me feel like I can't do anything.",,,,
158,47,3,0,jessica,participant,I can't do anything good I kind of like burnt out to.,,,,
159,47,4,0,jessica,participant,I only came every time to think how to make the thing better.,,,,
160,47,5,0,jessica,participant,"So now it's already a month, so i i i feel like I'm slowly recovered.",,,,
161,48,0,0,Elda (host),moderator,That's that's really good to know.,Supplement,False,False,True
162,48,1,0,Elda (host),moderator,"Yeah. And why would you say, money is is your stress because you're not working now.",Probing,True,False,False
163,49,0,0,jessica,participant,"Yeah, yeah, because, see, I also think if Paypal depend on the stage for but for my like, like the current stage, my, I do.",,,,
164,49,1,0,jessica,participant,I have some like financial pre pressure.,,,,
165,50,0,0,Elda (host),moderator,"Right, yeah.",All Utility,False,False,False
166,51,0,0,jessica,participant,"Yes, if if maybe in the early twenties without any job, and then you still can, because you have like a mini minimum spent.",,,,
167,51,1,0,jessica,participant,"You don't need to worry too much, but in the in the middle of 30, so I have a list and everything a lot of things need to pay out.",,,,
168,51,2,0,jessica,participant,So yeah.,,,,
169,52,0,0,Elda (host),moderator,"Exactly. But yeah, now, at least, you you don't have to suffer from.",Interpretation,False,False,True
170,52,1,0,Elda (host),moderator,"You know, previous kind of stresses.",Interpretation,False,False,True
171,52,2,0,Elda (host),moderator,"Yeah. wow, well, thank you for for sharing.",Supplement,False,False,True
172,52,3,0,Elda (host),moderator,"Yeah, I hope. Yeah.",All Utility,False,False,True
173,52,4,0,Elda (host),moderator,At your next stage you can.,Supplement,False,False,True
174,52,5,0,Elda (host),moderator,You can find we can secure a good job with with a good pay.,Supplement,False,False,True
175,53,0,0,jessica,participant,Thank you.,,,,
176,54,0,0,Elda (host),moderator,"Okay, so so it's, it's quite common.",Supplement,True,False,True
177,54,1,0,Elda (host),moderator,What we just talked about like to to deal with stress is.,Interpretation,True,False,False
178,54,2,0,Elda (host),moderator,"oh, Mandy just changed her face.",All Utility,False,False,True
179,54,3,0,Elda (host),moderator,"Yeah, to to listen to music, to find a solution to the problem, to talk to people and yeah, to to try to handle it yourself if you can't find a solution, or help from other people.",Supplement,True,False,False
180,54,4,0,Elda (host),moderator,"So yeah, so these are kind of considered as like normal coping mechanisms.",Supplement,True,False,False
181,54,5,0,Elda (host),moderator,"And the next question that I would like to raise is, how how would you handle stress when you're unable to use your usual coping mechanisms like, Are there times in your life where?",Probing,True,False,False
182,54,6,0,Elda (host),moderator,"You found yourself that you couldn't deal with this anymore, or like you couldn't handle this special kind of situation with your common sense anymore, that you had to actually jump out of your normal ways of coping it.",Probing,True,False,False
183,54,7,0,Elda (host),moderator,"And yeah, to to actually gain new skills put in that way.",Supplement,True,False,False
184,54,8,0,Elda (host),moderator,"So to to start off, I'd like to share my personal experience.",Supplement,True,False,True
185,54,9,0,Elda (host),moderator,"actually, I had a really really close friend.",Supplement,True,False,True
186,54,10,0,Elda (host),moderator,who was suffering from depression.,Supplement,True,False,True
187,54,11,0,Elda (host),moderator,and the depression was so bad that I thought it was okay initially.,Supplement,True,False,False
188,54,12,0,Elda (host),moderator,But I didn't understand how bad it would be when it hits.,Supplement,True,False,False
189,54,13,0,Elda (host),moderator,So it was at that time when we plan to go where do we to go?,Supplement,True,False,False
190,54,14,0,Elda (host),moderator,We plan to go?,Supplement,True,False,False
191,54,15,0,Elda (host),moderator,"I think, Usj, or like yeah, we were like saying, Oh, we should go out to to to this place the next day, and the next day comes.",Supplement,True,False,False
192,54,16,0,Elda (host),moderator,"And She was like, Oh, no, I can't.",Supplement,True,False,False
193,54,17,0,Elda (host),moderator,I can't do it anymore.,Supplement,True,False,False
194,54,18,0,Elda (host),moderator,Like. because I just can't do it anymore.,Supplement,False,False,True
195,54,19,0,Elda (host),moderator,"And I was like, oh, okay, so what should I do?",Probing,True,False,False
196,54,20,0,Elda (host),moderator,"And she's like, you can't help me like I can't help myself.",Interpretation,False,False,True
197,54,21,0,Elda (host),moderator,And you can't help me.,Supplement,False,False,True
198,54,22,0,Elda (host),moderator,And basically she just shuts out and like wouldn't let me help.,Supplement,True,False,False
199,54,23,0,Elda (host),moderator,And I was that that was like the the beginning of At that point I realized that.,Interpretation,True,False,True
200,54,24,0,Elda (host),moderator,you know this is something serious like I I didn't know depression because that that was like my 1st time.,Interpretation,True,False,False
201,54,25,0,Elda (host),moderator,You know who I'm in my life.,All Utility,False,False,True
202,54,26,0,Elda (host),moderator,To have someone close to me.,Interpretation,True,False,False
203,54,27,0,Elda (host),moderator,"Who has depression. So later on, it really really suffered.",Supplement,True,False,True
204,54,28,0,Elda (host),moderator,I really really suffered from this kind of kind of helplessness like I didn't know what to do.,Supplement,False,False,True
205,54,29,0,Elda (host),moderator,Because this is something completely new in my life.,Supplement,False,False,True
206,54,30,0,Elda (host),moderator,this kind of situation.,Supplement,True,False,False
207,54,31,0,Elda (host),moderator,"So I was like, hey?",Supplement,True,False,False
208,54,32,0,Elda (host),moderator,I I heard that people go to counselors.,Supplement,True,False,False
209,54,33,0,Elda (host),moderator,"If you have depression, you go talk to counselors, and I was like, Oh, I'm I don't have depression.",Supplement,True,False,False
210,54,34,0,Elda (host),moderator,But maybe I can talk to.,Supplement,True,False,False
211,55,0,0,Bryan Chen,participant,So.,,,,
212,56,0,0,Elda (host),moderator,A counselor and ask them how to help me or help my friend.,Supplement,True,False,False
213,56,1,0,Elda (host),moderator,and that's that's when I talk to a counselor the 1st time.,Supplement,True,False,False
214,56,2,0,Elda (host),moderator,"And it really, it really helped me to to realize the issue, to clarify the issue, that it wasn't my problem.",Supplement,True,False,False
215,56,3,0,Elda (host),moderator,"It was my friend's problem, and she has to deal with it.",Interpretation,True,False,False
216,56,4,0,Elda (host),moderator,and because it comes from a 3rd person's point of view.,Interpretation,True,False,False
217,56,5,0,Elda (host),moderator,So it it actually.,Interpretation,True,False,False
218,56,6,0,Elda (host),moderator,"the message was really clear, like the the counselor wasn't biased towards anyone.",Supplement,True,False,False
219,56,7,0,Elda (host),moderator,"You know. The the counselor didn't know me or my friend personally, so it sounded.",Supplement,True,False,False
220,56,8,0,Elda (host),moderator,They had more more power in the in the message.,Supplement,True,False,False
221,56,9,0,Elda (host),moderator,"And I thought, it's really helpful to yeah, just to talk to someone who is completely irrelevant, to the situation and who's professional.",Supplement,True,False,False
222,56,10,0,Elda (host),moderator,So just wondering if if any of you guys had this kind of experience where you had to actually jump off your normal ways.,Probing,True,False,False
223,56,11,0,Elda (host),moderator,"Yeah, to to do something about your problems or your stresses.",Probing,True,False,False
224,56,12,0,Elda (host),moderator,maybe Peggy or or Amy.,Probing,True,False,False
225,57,0,0,Peggy Lin,participant,Yeah. I see if I met a stress I cannot handle myself best.,,,,
226,57,1,0,Peggy Lin,participant,Strategy is leave actually just leave like.,,,,
227,58,0,0,Elda (host),moderator,Mountains.,All Utility,False,False,False
228,59,0,0,Peggy Lin,participant,"Interest, but.",,,,
229,60,0,0,Elda (host),moderator,If.,Probing,True,False,False
230,61,0,0,Peggy Lin,participant,Actually kind of to ideally.,,,,
231,61,1,0,Peggy Lin,participant,"You can do this, too.",,,,
232,61,2,0,Peggy Lin,participant,"in your real life, because all my stress is most from my job.",,,,
233,61,3,0,Peggy Lin,participant,So I another person to leave my job.,,,,
234,61,4,0,Peggy Lin,participant,So in letters I remember actually just I see previous last few months ago.,,,,
235,61,5,0,Peggy Lin,participant,"I just have a very, very stressful for my project, and they're very time daylight, and I can't make it so.",,,,
236,61,6,0,Peggy Lin,participant,"In that case I speak to a lot of my colleague, my tech tech lead my manager, my Pm.",,,,
237,61,7,0,Peggy Lin,participant,To talk to Len.,,,,
238,61,8,0,Peggy Lin,participant,"I come Monday before late daylight, so how can we do this?",,,,
239,61,9,0,Peggy Lin,participant,"And should we just pull more people in this project to helping me deal with late time late day, night.",,,,
240,61,10,0,Peggy Lin,participant,or should we focus on only men go for it?,,,,
241,61,11,0,Peggy Lin,participant,"But I think, yeah, talk to people because you can't deal by yourself, so just don't suffer yourself.",,,,
242,61,12,0,Peggy Lin,participant,Pull other people suffer as well.,,,,
243,61,13,0,Peggy Lin,participant,Yeah.,,,,
244,62,0,0,Elda (host),moderator,"And yeah, so it sounds like you're seeking help from your advisors or your managers.",Interpretation,True,False,False
245,62,1,0,Elda (host),moderator,Yeah. And then try to solve the problems.,Interpretation,True,False,False
246,62,2,0,Elda (host),moderator,And do you think they they are supportive.,Probing,True,False,False
247,62,3,0,Elda (host),moderator,or you have you have to like?,Probing,True,False,False
248,62,4,0,Elda (host),moderator,"Push them to, to support you.",Probing,True,False,False
249,63,0,0,Peggy Lin,participant,"Yeah, I think that's supportive.",,,,
250,63,1,0,Peggy Lin,participant,"And if I cannot medit, let all know why.",,,,
251,63,2,0,Peggy Lin,participant,"And later, maybe kind of thing is not my fault, because actually, a lot of things happen in that project in less minutes.",,,,
252,63,3,0,Peggy Lin,participant,So it's really not my fault.,,,,
253,63,4,0,Peggy Lin,participant,But I still very stressful for the timeline.,,,,
254,63,5,0,Peggy Lin,participant,"So I think it's important to let your colleague or your friend know why, why and why you are facing right now, and they will kind of knowing you is not.",,,,
255,63,6,0,Peggy Lin,participant,"Oh, why you are so cold!",,,,
256,63,7,0,Peggy Lin,participant,"You don't talk to anyone now, or why you just not hang out with me.",,,,
257,63,8,0,Peggy Lin,participant,But if they know what situation you are in.,,,,
258,63,9,0,Peggy Lin,participant,Then you will kind of understanding.,,,,
259,63,10,0,Peggy Lin,participant,"You are stressful, and you have no.",,,,
260,63,11,0,Peggy Lin,participant,"you are too busy and cannot go off then, and your manager will know they shouldn't give you more project or more work in this time.",,,,
261,63,12,0,Peggy Lin,participant,"Yeah, kind of good things to let people know.",,,,
262,64,0,0,Elda (host),moderator,"Yeah, that's that's actually really good advice.",Supplement,False,False,True
263,64,1,0,Elda (host),moderator,"I mean, even even sometimes I forget to do that is, when you are so busy.",Supplement,False,False,True
264,64,2,0,Elda (host),moderator,"You're kind of just stuck in it, and you know you don't.",Supplement,False,False,True
265,64,3,0,Elda (host),moderator,"Even then you would have time to to tell people that you're busy or like what you're busy with, and those around you.",Supplement,True,False,False
266,64,4,0,Elda (host),moderator,"They'll be like oh, why, why, she is like.",Supplement,False,False,True
267,64,5,0,Elda (host),moderator,"you know, refusing us, or like to to go hang out, or you know why she's pulling this face at work?",Supplement,False,False,True
268,64,6,0,Elda (host),moderator,Because she's like freaking busy.,Interpretation,False,False,True
269,64,7,0,Elda (host),moderator,yeah. So that's that's a really good idea to to voice out.,Supplement,False,False,True
270,64,8,0,Elda (host),moderator,"You know why, you're busy and what you're actually facing.",Interpretation,True,False,True
271,64,9,0,Elda (host),moderator,"So they can. Yeah, for those who are like who have the authority.",Supplement,True,False,False
272,64,10,0,Elda (host),moderator,They can know how to help you that that's a good strategy.,Supplement,True,False,True
273,64,11,0,Elda (host),moderator,How about Amy? Would you like to share?,Probing,True,False,True
274,64,12,0,Elda (host),moderator,How? If you have any examples of like how you would cope with stress.,Probing,True,False,False
275,64,13,0,Elda (host),moderator,That's like unusually stressful.,Supplement,False,False,True
276,65,0,0,Amy,participant,"Okay. I did encounter that like super stressful situation, I have never met before when I was writing my dissertation.",,,,
277,65,1,0,Amy,participant,"And yeah, it just hidden me cause there is a you know, Timeline, that for you to finish your dissertation.",,,,
278,65,2,0,Amy,participant,And when I realized that I fell behind with a schedule and I started to panic.,,,,
279,65,3,0,Amy,participant,But because dissertation is so so spatial is like your own work.,,,,
280,65,4,0,Amy,participant,"So you couldn't really find other like, maybe your classmates to help you or cause it's just like your own stuff.",,,,
281,65,5,0,Amy,participant,So I was quite struggling at the beginning.,,,,
282,65,6,0,Amy,participant,And then this stress situation keep company.,,,,
283,65,7,0,Amy,participant,Continued come to new in.,,,,
284,65,8,0,Amy,participant,and then I found out I could.,,,,
285,65,9,0,Amy,participant,"It affect me in a lot of different way in my life, and I never because I never experienced it before, so I didn't realize it actually led to depression in the end.",,,,
286,65,10,0,Amy,participant,So I like cried every single day.,,,,
287,65,11,0,Amy,participant,"I think there's probably 2 weeks I was like super stressful, and then lead to depression.",,,,
288,65,12,0,Amy,participant,I cried every single day when I was during like during the shower cause.,,,,
289,65,13,0,Amy,participant,it would be too loud.,,,,
290,66,0,0,Elda (host),moderator,Wash it off. I'm gonna wash it off with.,All Utility,False,False,True
291,67,0,0,Amy,participant,"I know, because it's so loud.",,,,
292,67,1,0,Amy,participant,"And because in Uk, the the building, they are like a mood building.",,,,
293,67,2,0,Amy,participant,So it's a mood.,,,,
294,67,3,0,Amy,participant,"Yeah. Oh, sorry. Yeah.",,,,
295,67,4,0,Amy,participant,"Good building. So it's so easy to hear every single sounds, even you just fart or something.",,,,
296,67,5,0,Amy,participant,"So yes, and I couldn't like I couldn't function at all.",,,,
297,67,6,0,Amy,participant,"I avoided all of my social activities, and I I don't know why I didn't lose my appetize or I can still sleep, but I just felt.",,,,
298,67,7,0,Amy,participant,"I just felt so heavy when I tried to sit down in front of my desk, and then, when I tried to move my finger, I just couldn't type any words at all.",,,,
299,67,8,0,Amy,participant,But there's still time clicking right?,,,,
300,67,9,0,Amy,participant,"You still have. You probably have to fight to write like 100 words every single day, or at least like 500 single 500 words every day.",,,,
301,67,10,0,Amy,participant,"And then my friends suggest So I found out, like the every the first.st How does that the 1st every time every 1st time I filed?",,,,
302,67,11,0,Amy,participant,This is not me like this is too weird.,,,,
303,67,12,0,Amy,participant,And then I talked to my flatmate.,,,,
304,67,13,0,Amy,participant,"They recommended me to see the the therapy, so I got I got into the I don't know how to say it.",,,,
305,67,14,0,Amy,participant,The nhs. So I lead ended up.,,,,
306,67,15,0,Amy,participant,I literally met a a doctor like a psychologist.,,,,
307,67,16,0,Amy,participant,And then they told me so.,,,,
308,67,17,0,Amy,participant,"Okay, so lots of students, they will.",,,,
309,67,18,0,Amy,participant,"You know, go through this kind of stressful and depression period during the dissertation.",,,,
310,67,19,0,Amy,participant,So it's not your problem.,,,,
311,67,20,0,Amy,participant,"It's so common that people you know, help need this kind of extra help.",,,,
312,67,21,0,Amy,participant,So that really helped me to go through.,,,,
313,67,22,0,Amy,participant,"you know, realize the problem and learn how to deal with it.",,,,
314,67,23,0,Amy,participant,"And and in the end I can, you know, finish I my dinotation.",,,,
315,67,24,0,Amy,participant,So that's our long story.,,,,
316,68,0,0,Elda (host),moderator,"Oh, no, no. But yeah.",All Utility,False,False,True
317,69,0,0,Amy,participant,Well.,,,,
318,70,0,0,Elda (host),moderator,"We're sharing. Yeah, how?",All Utility,False,False,True
319,70,1,0,Elda (host),moderator,How? How should I?,Probing,True,False,False
320,70,2,0,Elda (host),moderator,"How should I say it like, what made you realize that it was unusual like that.",Probing,True,False,False
321,70,3,0,Elda (host),moderator,You needed help like.,Probing,True,False,False
322,70,4,0,Elda (host),moderator,What was the thing that liked.,Probing,True,False,False
323,71,0,0,Amy,participant,"Yeah, I guess the 1st symptom is that I just cried a lot because I I never cried that hard in my life seriously.",,,,
324,71,1,0,Amy,participant,and I just felt like helpless.,,,,
325,71,2,0,Amy,participant,I didn't know how and who I can.,,,,
326,71,3,0,Amy,participant,"I can search like search for help, for I know.",,,,
327,71,4,0,Amy,participant,"So I guess yeah, just like I said, if you're like super stressful and your depression, you unconsciously you don't want to meet any people in your life.",,,,
328,71,5,0,Amy,participant,So try to distance yourself from people.,,,,
329,71,6,0,Amy,participant,"So let's also yeah, a very obvious, Simpson, that you probably, you know.",,,,
330,71,7,0,Amy,participant,"have depression. And if you feel like, Oh, maybe I'm I am.",,,,
331,71,8,0,Amy,participant,But maybe I'm not.,,,,
332,71,9,0,Amy,participant,"I'm not sure there's lots of like checklists online, you can check.",,,,
333,71,10,0,Amy,participant,How's your stress level?,,,,
334,71,11,0,Amy,participant,"Is that his stress can be like you can, you know, deal deal with it by doing exercise, or, you know, just have a rest, or break or talk to your friend.",,,,
335,71,12,0,Amy,participant,"But if that leads to depression, depression is kind of mood disorder, so it couldn't really soothe smooth or comforting by, you know.",,,,
336,71,13,0,Amy,participant,Just talk to people you have to fight the you know.,,,,
337,71,14,0,Amy,participant,"Extra cynical helps from doctor, or something.",,,,
338,71,15,0,Amy,participant,Yeah. Yeah.,,,,
339,72,0,0,Elda (host),moderator,Yeah. So you you looked at the checklist and and.,Interpretation,True,False,False
340,73,0,0,Amy,participant,"Yes. And so, yeah, cause like England, they have quite a strict system.",,,,
341,73,1,0,Amy,participant,"If you are not like that severe, they won't let you to see the doctor for immediately.",,,,
342,73,2,0,Amy,participant,They will probably put you into the wait list.,,,,
343,73,3,0,Amy,participant,"But when I did the the survey my stress level was quite high, and they say, like, Okay, you have to see the doctor immediately.",,,,
344,73,4,0,Amy,participant,"So I got the appointment just next day or next day later, so that I could talk to the doctor immediately, and just, you know.",,,,
345,73,5,0,Amy,participant,got the help from them.,,,,
346,73,6,0,Amy,participant,Yeah.,,,,
347,74,0,0,Elda (host),moderator,"well, thank you for sharing.",All Utility,False,False,True
348,74,1,0,Elda (host),moderator,"I didn't. I didn't expect that coming from you, but I imagine.",Supplement,False,False,True
349,75,0,0,Amy,participant,"Yeah, miss.",,,,
350,76,0,0,Elda (host),moderator,"Lot of stress. Yeah, to complete your visitation and your degree.",Interpretation,False,False,True
351,77,0,0,Amy,participant,Yeah.,,,,
352,78,0,0,Bryan Chen,participant,Using what the doctor said.,,,,
353,78,1,0,Bryan Chen,participant,I helped you to move on from your situation.,,,,
354,79,0,0,Amy,participant,So there's a like in total.,,,,
355,79,1,0,Amy,participant,They have like 6 sessions.,,,,
356,79,2,0,Amy,participant,"So 1st session, they just want you to talk through how you feel that way.",,,,
357,79,3,0,Amy,participant,"And how. So they actually give you some tools like, okay, so don't picture dissertation is like, you know, is it's like something like mission impossible project.",,,,
358,79,4,0,Amy,participant,"Just break them like, break them into like small tasks and tasks.",,,,
359,79,5,0,Amy,participant,"Yeah, so they actually give quite a general advice.",,,,
360,79,6,0,Amy,participant,If I.,,,,
361,80,0,0,Elda (host),moderator,If I.,All Utility,False,False,False
362,81,0,0,Amy,participant,"Yeah, if I like.",,,,
363,81,1,0,Amy,participant,"Say it honest, say it honestly, but it just it just help you to feel like you're not alone unless it's super like a normal situation.",,,,
364,81,2,0,Amy,participant,"Everybody will feel, and they they help you to walk through the every single difficulty when you doing your dissertation.",,,,
365,82,0,0,Bryan Chen,participant,Okay. Yeah.,,,,
366,83,0,0,Amy,participant,"But they they won't teach you how to write, but they will teach you.",,,,
367,84,0,0,Elda (host),moderator,Rehears.,Supplement,True,False,False
368,85,0,0,Amy,participant,"How, what kind of tools you can use when you encounter.",,,,
369,85,1,0,Amy,participant,"So when I said, Oh, I felt like super stressful.",,,,
370,85,2,0,Amy,participant,I couldn't even open my laptop.,,,,
371,85,3,0,Amy,participant,"So they would say, Okay, so imagine you are not.",,,,
372,85,4,0,Amy,participant,"You are not, you know.",,,,
373,85,5,0,Amy,participant,"You just tell yourself you only need to write 10 words, or you just only need to think about the topic.",,,,
374,85,6,0,Amy,participant,"You don't need to, you know, put into the action immediately.",,,,
375,85,7,0,Amy,participant,Just don't stress you out.,,,,
376,85,8,0,Amy,participant,"Yeah, something something like that.",,,,
377,85,9,0,Amy,participant,Yeah.,,,,
378,86,0,0,Bryan Chen,participant,You think? What's the difference between your conversation with the doctor and your conversation with a friend?,,,,
379,86,1,0,Bryan Chen,participant,I tried to help you.,,,,
380,87,0,0,Amy,participant,"Oh, I think yeah.",,,,
381,87,1,0,Amy,participant,"Gosh, that's a super good question, cause I think, doctor, they are more like they don't give you answer.",,,,
382,87,2,0,Amy,participant,They guide you to figure out the the answer by yourself.,,,,
383,87,3,0,Amy,participant,"But if you're but if you consulate like, if you talk to your friend, friend will probably judge you.",,,,
384,87,4,0,Amy,participant,"friend, will like cause they really want to help you.",,,,
385,87,5,0,Amy,participant,"So they probably, you know, too urgent to say, Okay, you should do this.",,,,
386,87,6,0,Amy,participant,"You should do that, but they even don't know what is right or wrong answer, and they probably can guide you to another, you know.",,,,
387,87,7,0,Amy,participant,Wrong direction. Yeah. So I don't know.,,,,
388,87,8,0,Amy,participant,And so it's a safe place to share everything.,,,,
389,87,9,0,Amy,participant,Right? Yeah. So.,,,,
390,88,0,0,Elda (host),moderator,"Yeah, that's that's a good point.",Supplement,False,False,True
391,88,1,0,Elda (host),moderator,Yeah. They talking to a professional that's good because they're not biased.,Supplement,True,False,False
392,88,2,0,Elda (host),moderator,And you know they're not there to to give you answers.,Supplement,True,False,False
393,88,3,0,Elda (host),moderator,"And yeah, that's I think that's what what makes it good cause they they can see things more objectively.",Interpretation,True,False,False
394,88,4,0,Elda (host),moderator,Yes. yeah. I I feel there's definitely strategies of like how to handle different situations.,Supplement,True,False,False
395,88,5,0,Elda (host),moderator,"But when we're like stuck in that situation, we, you know, we kind of forget about how to do it, because we see so many inspirational posts online, like, oh, these are the 5 things you should do to keep yourself healthy, or these other things to keep yourself away from stress.",Supplement,True,False,False
396,88,6,0,Elda (host),moderator,"But when you're when you're actually in that, you know moment, you don't.",Supplement,True,False,False
397,88,7,0,Elda (host),moderator,You kind of forget everything.,Interpretation,True,False,False
398,88,8,0,Elda (host),moderator,"Yeah, I'd just like to quickly share.",Supplement,True,False,False
399,88,9,0,Elda (host),moderator,there are different languages to How?,Supplement,True,False,False
400,88,10,0,Elda (host),moderator,How your body responds to to stress.,Supplement,True,False,False
401,88,11,0,Elda (host),moderator,There are 4 F's I I showed it on Instagram story last night.,Supplement,True,False,False
402,88,12,0,Elda (host),moderator,and one is fight.,Supplement,True,False,False
403,88,13,0,Elda (host),moderator,so is your body is preparing to fight the stress to fight the danger.,Supplement,True,False,False
404,88,14,0,Elda (host),moderator,"And that's when you become frustrated, you become even aggressive.",Supplement,True,False,False
405,88,15,0,Elda (host),moderator,"You could become irritable and like, kind of just yeah.",Supplement,True,False,False
406,88,16,0,Elda (host),moderator,"Really just angry, or your energy is like building up kind of thing.",Supplement,True,False,False
407,88,17,0,Elda (host),moderator,That's fight. So number 2 is flight.,Supplement,True,False,False
408,88,18,0,Elda (host),moderator,"which means your body is preparing also to fight a danger, but in the way that you are trying to escape from it.",Supplement,True,False,False
409,88,19,0,Elda (host),moderator,and in this situation you may feel anxious.,Supplement,True,False,False
410,88,20,0,Elda (host),moderator,You you feel restless.,Supplement,True,False,False
411,88,21,0,Elda (host),moderator,"You can't go to sleep, and you have to urge to just get out of there.",Supplement,True,False,False
412,88,22,0,Elda (host),moderator,"You don't want to be there any longer, so like what peggy said, if you you can't handle it, just walk away from it.",Interpretation,True,False,False
413,88,23,0,Elda (host),moderator,So it's that kind of a moment.,Interpretation,True,False,False
414,88,24,0,Elda (host),moderator,and that's flight. And number 3 is is freeze.,Supplement,True,False,False
415,88,25,0,Elda (host),moderator,So it means that you're feeling stuck.,Interpretation,True,False,False
416,88,26,0,Elda (host),moderator,"You're powerless. You're very overwhelmed, like what Amy shared like.",Interpretation,True,False,False
417,88,27,0,Elda (host),moderator,There's nothing you can do.,Supplement,True,False,False
418,88,28,0,Elda (host),moderator,"You you can only cry, or you feel.",Supplement,True,False,False
419,88,29,0,Elda (host),moderator,"you know, powerless. That's helpless, basically.",Supplement,True,False,False
420,88,30,0,Elda (host),moderator,And that's that's how your body responds to to stress as well.,Supplement,True,False,False
421,88,31,0,Elda (host),moderator,And Number 4 is perhaps a less acknowledged type of language.,Supplement,True,False,False
422,88,32,0,Elda (host),moderator,Is fawn which is spelled as FAWN this means that you try to keep everyone happy to make you feel safe.,Supplement,True,False,False
423,88,33,0,Elda (host),moderator,"You'll please other people, or do everything in your power to avoid making the situation worse to avoid conflict.",Supplement,True,False,False
424,88,34,0,Elda (host),moderator,"So I think that this is kind of less common because, yeah, this, this kind of like you thought, this is what you should do.",Supplement,True,False,False
425,88,35,0,Elda (host),moderator,"But actually, it's because you're under stress.",Interpretation,True,False,False
426,88,36,0,Elda (host),moderator,So that's how you how you're doing.,All Utility,False,False,True
427,88,37,0,Elda (host),moderator,I'll I'll put it in the in the thing in a chat.,Instruction,True,True,False
428,88,38,0,Elda (host),moderator,"yeah. So thank you all for sharing up to this point, let's move to next question.",Instruction,False,True,True
429,88,39,0,Elda (host),moderator,"So next, I would like to discuss with you guys about mental internal friction.",Instruction,True,True,False
430,88,40,0,Elda (host),moderator,Sorry I I made a translation that may sound a bit strange.,Interpretation,True,False,False
431,88,41,0,Elda (host),moderator,I translate as. but it's more like it should be a different term as shinglee.,Interpretation,True,False,False
432,88,42,0,Elda (host),moderator,"Nay, how? Which is a psychological term?",Supplement,True,False,False
433,88,43,0,Elda (host),moderator,"So, Brian, would you like to describe what is mental friction?",Probing,True,False,False
434,88,44,0,Elda (host),moderator,Internal friction.,Supplement,True,False,False
435,89,0,0,Bryan Chen,participant,Okay. So I guess I let me see if there's a official mental internal frictions.,,,,
436,89,1,0,Bryan Chen,participant,I can't find an official definition now.,,,,
437,89,2,0,Bryan Chen,participant,"But basically, it's just like it's the experience that you have.",,,,
438,89,3,0,Bryan Chen,participant,"You know. more than one thought or desire, you know, like they say you want to.",,,,
439,89,4,0,Bryan Chen,participant,"You want to please your boss, and also you also want to please your husband or your your wife, your partner.",,,,
440,89,5,0,Bryan Chen,participant,"and then you have been kind of like, you know, having kind of been contract between yourself and you are repeating asking similar questions.",,,,
441,89,6,0,Bryan Chen,participant,"So so, yeah, without doing anything without making any progress, you already consume a lot of your internal or cognitive energy.",,,,
442,89,7,0,Bryan Chen,participant,"So so, even before you start doing anything because of your conflicting solve or your contradiction contradiction between your desire or different ideas, and that already make you tired and exhausted.",,,,
443,89,8,0,Bryan Chen,participant,So that's the idea.,,,,
444,89,9,0,Bryan Chen,participant,"Internal frictions, mental frictions like, yeah.",,,,
445,90,0,0,Elda (host),moderator,"Yeah, it's kind of vague but simple.",Supplement,True,False,False
446,90,1,0,Elda (host),moderator,"You feel tired all the time, but you are doing nothing.",Supplement,True,False,False
447,91,0,0,Bryan Chen,participant,But I think there's a many.,,,,
448,92,0,0,Elda (host),moderator,Yeah.,All Utility,False,False,True
449,93,0,0,Bryan Chen,participant,Because you hire all the time.,,,,
450,93,1,0,Bryan Chen,participant,Without you you might be old.,,,,
451,94,0,0,Elda (host),moderator,Mila in your head.,Confronting,False,False,True
452,94,1,0,Elda (host),moderator,You're thinking a lot.,Supplement,False,False,True
453,95,0,0,Bryan Chen,participant,Hmm.,,,,
454,96,0,0,Elda (host),moderator,"Yeah. yeah, yeah, different definition.",Supplement,True,False,True
455,96,1,0,Elda (host),moderator,"yeah. Basically, it's like.",Interpretation,True,False,False
456,96,2,0,Elda (host),moderator,when you know you should.,Supplement,True,False,False
457,96,3,0,Elda (host),moderator,Maybe a a quick example is when you know you.,Supplement,True,False,False
458,96,4,0,Elda (host),moderator,You should go to sleep.,Supplement,True,False,False
459,96,5,0,Elda (host),moderator,but you just don't want to sleep.,Supplement,True,False,False
460,96,6,0,Elda (host),moderator,"It's like I feel tired, but I I feel also I need to stay awake.",Supplement,True,False,False
461,96,7,0,Elda (host),moderator,"so I can complete my day better, or even though you know you should go to sleep.",Supplement,True,False,False
462,96,8,0,Elda (host),moderator,It's it's good for you.,Supplement,False,False,True
463,96,9,0,Elda (host),moderator,but in in your in your head.,Supplement,True,False,False
464,96,10,0,Elda (host),moderator,There's this torn of 2 to powers like you know the the angel and the and the devil.,Supplement,True,False,False
465,97,0,0,Bryan Chen,participant,"Join. probably. Yeah. So let's I think that's 1 i thought, like you are saying about your desire.",,,,
466,97,1,0,Bryan Chen,participant,You want to earn more money.,,,,
467,97,2,0,Bryan Chen,participant,But you also think about what's the right for the society?,,,,
468,97,3,0,Bryan Chen,participant,What's right for the human or your your friends?,,,,
469,97,4,0,Bryan Chen,participant,"And then you can struggle between the 2, and then it cost you a lot of energy.",,,,
470,97,5,0,Bryan Chen,participant,But I think it's more scenario that can cause similar even like.,,,,
471,97,6,0,Bryan Chen,participant,So I think they have been a lot of research on the effect of stigmatizations.,,,,
472,97,7,0,Bryan Chen,participant,"So stigmatization means is like, you're giving someone a label.",,,,
473,97,8,0,Bryan Chen,participant,"Let's say, for example, like like a typical scenario baking America.",,,,
474,97,9,0,Bryan Chen,participant,It's like you. Some people will have discount stigmatization.,,,,
475,97,10,0,Bryan Chen,participant,"Say, you know, black kids or black student, they don't perform well academically.",,,,
476,97,11,0,Bryan Chen,participant,"So so they have round experiment that that you know, like they before the exam, they have 2 different set of 2 group group a group B, both grew out like black students.",,,,
477,97,12,0,Bryan Chen,participant,And then in one group they told them that.,,,,
478,97,13,0,Bryan Chen,participant,"Oh, the you know they have.",,,,
479,97,14,0,Bryan Chen,participant,"Some report says that black students don't perform that well, and the other one is just normal.",,,,
480,97,15,0,Bryan Chen,participant,They don't say anything so simply just saying that the the group the group that has been exposed to that kind of statement perform relatively bad in comparison to the the default setting group.,,,,
481,97,16,0,Bryan Chen,participant,The reason is because that when you just like say something like that they'll really trigger their thinking they will be while they are doing it.,,,,
482,97,17,0,Bryan Chen,participant,Then they have been consistently thinking about.,,,,
483,97,18,0,Bryan Chen,participant,"Oh, am I really that bad?",,,,
484,97,19,0,Bryan Chen,participant,"I need to prove this, and and really inferior.",,,,
485,97,20,0,Bryan Chen,participant,"And I need to, and really stupid, I need to prove I'm not.",,,,
486,97,21,0,Bryan Chen,participant,"And then just oh, just overthinking that.",,,,
487,97,22,0,Bryan Chen,participant,"And then, without actually dealing the problem in front of them, cause extra brain knowledge.",,,,
488,97,23,0,Bryan Chen,participant,And then they don't.,,,,
489,97,24,0,Bryan Chen,participant,And now they actually do perform worse than the control group.,,,,
490,97,25,0,Bryan Chen,participant,So that's kind of another scenario that related.,,,,
491,98,0,0,Elda (host),moderator,"yeah, I I found a article online.",Supplement,True,False,False
492,98,1,0,Elda (host),moderator,It's in Chinese. But I suppose everyone here reads Chinese.,Supplement,False,False,True
493,98,2,0,Elda (host),moderator,So it's like. when you have a lot going on your head.,Interpretation,True,False,False
494,98,3,0,Elda (host),moderator,"Yeah, can any anyone relate to this.",Probing,False,False,True
495,99,0,0,Bryan Chen,participant,Yay!,,,,
496,100,0,0,Elda (host),moderator,To understand. I I feel what Amy should is kind of similar to this.,Interpretation,True,False,False
497,100,1,0,Elda (host),moderator,"You give me the sense like, you know you should do your you should start writing, but you're like, Oh, but I I can't do it.",Interpretation,True,False,False
498,100,2,0,Elda (host),moderator,How should I do it?,Probing,True,False,False
499,100,3,0,Elda (host),moderator,They I have to do it.,Interpretation,True,False,False
500,100,4,0,Elda (host),moderator,"But no, what should I do?",Probing,True,False,False
501,100,5,0,Elda (host),moderator,Kind of? And we end up just stuck there.,Interpretation,True,False,True
502,100,6,0,Elda (host),moderator,And mentally. you're consuming your energy.,Supplement,True,False,False
503,100,7,0,Elda (host),moderator,Maybe.,All Utility,True,False,True
504,101,0,0,Amy,participant,Yeah. I think procrastinating carsonation carsonating is one of the quite obvious since then that you know.,,,,
505,102,0,0,Elda (host),moderator,It keeps.,All Utility,False,False,False
506,103,0,0,Amy,participant,"Doing something that you supposed not to do, but you still do it.",,,,
507,103,1,0,Amy,participant,Yeah.,,,,
508,104,0,0,Elda (host),moderator,Procrastination. Yeah. anyone would like to share any experience of procrastination and how you how you like realized.,Probing,True,False,True
509,104,1,0,Elda (host),moderator,you shouldn't procrastinate. I'm Peggy.,Confronting,True,False,True
510,104,2,0,Elda (host),moderator,You look like you're like moving a lot.,Probing,False,False,True
511,104,3,0,Elda (host),moderator,So I imagine you have something to share.,Probing,True,False,False
512,105,0,0,Peggy Lin,participant,I don't know how to handle it.,,,,
513,105,1,0,Peggy Lin,participant,I still try to deal with them.,,,,
514,105,2,0,Peggy Lin,participant,I cross neck a lot like when I stress from my job.,,,,
515,105,3,0,Peggy Lin,participant,"I just don't do anything, and in that time I think I need some external force to force me to do things like, Hey, you should do this, maybe from 9 Am.",,,,
516,105,4,0,Peggy Lin,participant,"To 10 Am. Something like that, just for me doing things in specific times, and do not allow me to do other things to just make me focus on the thing I supposed to folks do.",,,,
517,105,5,0,Peggy Lin,participant,That's how I deal with them.,,,,
518,106,0,0,Elda (host),moderator,And what would you say is the external force to help you like your friend?,Probing,True,False,False
519,106,1,0,Elda (host),moderator,"Or you said alarm or like, How do you do it?",Probing,True,False,False
520,107,0,0,Peggy Lin,participant,"I feel if there's another person with me, it will help like actually like this session.",,,,
521,107,1,0,Peggy Lin,participant,"I know I need to purchase my English, but I cannot purchase English by my own.",,,,
522,107,2,0,Peggy Lin,participant,"But you people here and you say, Okay, if 11 am on Sunday, me today, and I should just show up, because if I am not sure up, people will.",,,,
523,107,3,0,Peggy Lin,participant,"Just I will affect other people, not just me.",,,,
524,107,4,0,Peggy Lin,participant,"So I will just maybe okay, did you have time tomorrow, maybe afternoon, and we can go.",,,,
525,107,5,0,Peggy Lin,participant,"I will ask my friend just to have time, and we can go to coffee shop and do our own things, but I have to show up, because if I have a shot she will be alone like that.",,,,
526,108,0,0,Elda (host),moderator,"I see? Yeah. so that yeah, that's that's a good point.",All Utility,False,False,True
527,108,1,0,Elda (host),moderator,"Yeah, to have someone.",Supplement,False,False,True
528,108,2,0,Elda (host),moderator,It's like going to the gym or exercise.,Supplement,False,False,True
529,108,3,0,Elda (host),moderator,Sometimes it's better to do it with someone else together.,Supplement,True,False,True
530,108,4,0,Elda (host),moderator,"As like, join Buddy.",Supplement,False,False,True
531,109,0,0,Peggy Lin,participant,You know. Maybe. Yeah.,,,,
532,109,1,0,Peggy Lin,participant,And they go back to office because your body is left because we have a work from home policy.,,,,
533,109,2,0,Peggy Lin,participant,And it's not very stressed rule.,,,,
534,109,3,0,Peggy Lin,participant,"You have to go to office, or something like go to office, just actually, because my friend will go to office and I can have free lunch from the back.",,,,
535,110,0,0,Elda (host),moderator,"Okay, Jessica, I'll see you in 2 min.",Instruction,False,True,False
536,110,1,0,Elda (host),moderator,"I see. Well, that's that's yeah.",All Utility,False,False,True
537,110,2,0,Elda (host),moderator,That's a good point.,Supplement,True,False,True
538,110,3,0,Elda (host),moderator,To find an external force to like force you to to do things.,Supplement,True,False,False
539,110,4,0,Elda (host),moderator,"How about Mandy? Can you relate to internal friction, mental friction, or like procrastination because of stress?",Probing,True,False,False
540,110,5,0,Elda (host),moderator,And how do you?,Probing,True,False,False
541,110,6,0,Elda (host),moderator,How do you manage?,Probing,True,False,False
542,111,0,0,Mandy,participant,I'm self-strex.,,,,
543,112,0,0,Elda (host),moderator,Do you know.,Probing,True,False,False
544,113,0,0,Mandy,participant,I am.,,,,
545,114,0,0,Elda (host),moderator,Across.,Probing,True,False,False
546,115,0,0,Mandy,participant,"I loved. No, I do that all the time.",,,,
547,116,0,0,Elda (host),moderator,Okay.,All Utility,False,False,True
548,117,0,0,Mandy,participant,"And I realized, I sometimes realize it's it's because I want too much.",,,,
549,118,0,0,Elda (host),moderator,Bye.,All Utility,False,False,True
550,119,0,0,Mandy,participant,Like. I want to share like show.,,,,
551,119,1,0,Mandy,participant,"Why, where I have been.",,,,
552,119,2,0,Mandy,participant,where it's fun and what I experience.,,,,
553,119,3,0,Mandy,participant,And I also want to go out.,,,,
554,119,4,0,Mandy,participant,"and I want to do my job well, so like I want too many things.",,,,
555,119,5,0,Mandy,participant,and I might crush myself.,,,,
556,119,6,0,Mandy,participant,brush myself.,,,,
557,120,0,0,Elda (host),moderator,So you think it's not good to want too many things.,Probing,True,False,False
558,121,0,0,Mandy,participant,"Now, I think it's okay to want to do lot of things.",,,,
559,121,1,0,Mandy,participant,But I really need to prioritize which one I want to want the most so like and and I also like recall something like when I was younger.,,,,
560,121,2,0,Mandy,participant,"like i i i'm like kind of personality, like I I don't know why, but like I tend to, we try to please others.",,,,
561,121,3,0,Mandy,participant,"So sometimes, like. you know, like we, we couldn't please everyone like like make everyone likes you, but like, if you want to do so, you will be very tired, and you will lose yourself.",,,,
562,121,4,0,Mandy,participant,"So like sometimes, yeah.",,,,
563,121,5,0,Mandy,participant,"Just okay, you go with others.",,,,
564,121,6,0,Mandy,participant,"Actually, you don't want to go, or you have other things to do.",,,,
565,121,7,0,Mandy,participant,"and if you do so, you.",,,,
566,121,8,0,Mandy,participant,"You lost your time to do other things you want to do so like now, like I, I'm still learning how to all ties all the things.",,,,
567,121,9,0,Mandy,participant,"Now I try to more focus on myself now, like what I really want to do now.",,,,
568,121,10,0,Mandy,participant,So let them. Maybe so.,,,,
569,121,11,0,Mandy,participant,"So in that way I think even I, for close 90.",,,,
570,121,12,0,Mandy,participant,"Something. I don't feel like that at all, because when I was younger, like, I wanted to study like maybe language or something so like, and weekdays I was very busy at working, maybe had a lot of overtime until 10 every day.",,,,
571,121,13,0,Mandy,participant,"but like, I still want to study maybe language or something on the weekend.",,,,
572,121,14,0,Mandy,participant,I still want to go out.,,,,
573,121,15,0,Mandy,participant,and if I didn't study.,,,,
574,121,16,0,Mandy,participant,"I always feel so bad, you know, like we have a saying like, like, Send the book to do so like something like that, like a Ponto coming, or something like that.",,,,
575,121,17,0,Mandy,participant,So I feel I was very bad.,,,,
576,121,18,0,Mandy,participant,"But yes, yeah. yes.",,,,
577,121,19,0,Mandy,participant,"so like. I always complain with my friend, like I didn't study this weekend, too, or something.",,,,
578,121,20,0,Mandy,participant,"But, like my friends, say, Why do you want to study.",,,,
579,121,21,0,Mandy,participant,you need him relax on on the weekend.,,,,
580,121,22,0,Mandy,participant,"So like, after many times.",,,,
581,121,23,0,Mandy,participant,"I feel like, okay, maybe maybe it's not necessary.",,,,
582,121,24,0,Mandy,participant,So I I still need to do something that makes me feel relaxing.,,,,
583,121,25,0,Mandy,participant,So like. So even I don't do everything on time.,,,,
584,121,26,0,Mandy,participant,Still. I don't feel led there now.,,,,
585,121,27,0,Mandy,participant,And maybe it's because I'm more made new mutual nature more like adult.,,,,
586,121,28,0,Mandy,participant,"Now. Not, but.",,,,
587,122,0,0,Elda (host),moderator,Everything.,All Utility,False,False,True
588,123,0,0,Mandy,participant,Not a very bad thing as well.,,,,
589,124,0,0,Elda (host),moderator,"Yeah, I I think it takes time to to learn what your body can handle.",Supplement,False,False,True
590,124,1,0,Elda (host),moderator,"And yeah, I I can.",Interpretation,False,False,True
591,124,2,0,Elda (host),moderator,I can relate that to that to the point that you know I I also had the same experience of like wanting to.,Interpretation,False,False,True
592,124,3,0,Elda (host),moderator,I want to study.,Supplement,False,False,True
593,124,4,0,Elda (host),moderator,"I want to learn language, want to learn this instrument.",Supplement,True,False,True
594,124,5,0,Elda (host),moderator,"I want to do this and that, but I just don't have time.",Supplement,False,False,True
595,124,6,0,Elda (host),moderator,And like you said sometimes it's not just about time.,Interpretation,False,False,True
596,124,7,0,Elda (host),moderator,"It's also about your your physical ability, like your body is just too tired to to do anything, and I feel bad just like you.",Supplement,True,False,True
597,124,8,0,Elda (host),moderator,I feel bad for not doing anything on the weekend before.,Supplement,False,False,True
598,124,9,0,Elda (host),moderator,But now I'm just like man.,Supplement,False,False,True
599,124,10,0,Elda (host),moderator,I deserve this break.,Supplement,False,False,True
600,125,0,0,Mandy,participant,We earn money or something.,,,,
601,125,1,0,Mandy,participant,"We want a car or something not not only like at work, but also try to live our life every day is also a very important thing.",,,,
602,126,0,0,Elda (host),moderator,"Yeah, exactly. But if you yeah, if you look at it, you know kind of closely.",Supplement,False,False,True
603,126,1,0,Elda (host),moderator,"Maybe it. You know, it's not even about the weekend and how you spend it.",Supplement,True,False,False
604,126,2,0,Elda (host),moderator,"Also how to use your time more effectively, effectively on the weekday, maybe change in job or something.",Supplement,True,False,False
605,126,3,0,Elda (host),moderator,"So you. You can have yeah, more time for your private life.",Supplement,True,False,False
606,126,4,0,Elda (host),moderator,If that's what you want.,Interpretation,True,False,False
607,127,0,0,Mandy,participant,"Yes, like I think.",,,,
608,127,1,0,Mandy,participant,Play a lot of choice.,,,,
609,127,2,0,Mandy,participant,So like.,,,,
610,128,0,0,Elda (host),moderator,Present.,Interpretation,True,False,False
611,129,0,0,Mandy,participant,"Choices. Yes, so like even not now work for like a fortune, or something like a lot of money like to.",,,,
612,129,1,0,Mandy,participant,"I also have some friends that work themselves, maybe as an instrument in lost in Australia.",,,,
613,129,2,0,Mandy,participant,or something so like they work for themselves.,,,,
614,129,3,0,Mandy,participant,Even they get a visa from other company.,,,,
615,129,4,0,Mandy,participant,But basically like she can handle all of her time.,,,,
616,129,5,0,Mandy,participant,"So like, I think, yeah.",,,,
617,129,6,0,Mandy,participant,"lots of choice. This, just what you want to do at the moment.",,,,
618,130,0,0,Elda (host),moderator,Right.,All Utility,False,False,True
619,131,0,0,Mandy,participant,Yeah.,,,,
620,132,0,0,Elda (host),moderator,Yeah. And I think that the conflict happens when you want to do many things.,Supplement,True,False,False
621,132,1,0,Elda (host),moderator,But you don't know where to start.,Interpretation,True,False,False
622,132,2,0,Elda (host),moderator,That's that's where people get stuck initially.,Supplement,True,False,False
623,132,3,0,Elda (host),moderator,"Yeah, like you said, there there are many choices, you just have to to break down the tasks and find ways to start yeah.",Interpretation,True,False,False
624,133,0,0,Mandy,participant,Yes.,,,,
625,134,0,0,Elda (host),moderator,And thank you for sharing.,All Utility,False,False,True
626,134,1,0,Elda (host),moderator,"Yeah. Jessica, welcome back.",All Utility,False,False,True
627,134,2,0,Elda (host),moderator,"no, no worries. Just yeah.",All Utility,False,False,True
628,134,3,0,Elda (host),moderator,"Would you like to share how you can perhaps relate to internal friction, and perhaps procrastination.",Probing,True,False,False
629,134,4,0,Elda (host),moderator,Related to stress. And how do you manage in such situation?,Probing,True,False,False
630,135,0,0,jessica,participant,I think for me personally.,,,,
631,136,0,0,Elda (host),moderator,Hmm.,All Utility,False,False,True
632,137,0,0,jessica,participant,The war you mentioned.,,,,
633,137,1,0,jessica,participant,Just sorry. Just give me a second.,,,,
634,137,2,0,jessica,participant,"Do physical, mental, internal.",,,,
635,137,3,0,jessica,participant,"like flexion. Oh, yeah.",,,,
636,137,4,0,jessica,participant,"So I think, Sanders, everyone, I always have so many things wanna do for even for this year.",,,,
637,137,5,0,jessica,participant,I believe I'm not sure other people.,,,,
638,137,6,0,jessica,participant,But I do write on like we wanna achieve some goal for this year.,,,,
639,137,7,0,jessica,participant,"But for the in the beginning of the year, middle of the year, or every time end of the year.",,,,
640,137,8,0,jessica,participant,I I do. I do found out.,,,,
641,137,9,0,jessica,participant,I maybe just finish my point for 30 35%.,,,,
642,138,0,0,Elda (host),moderator,Yeah.,All Utility,False,False,True
643,139,0,0,jessica,participant,Yeah. So after that I kind of break to break it down like a small time.,,,,
644,139,1,0,jessica,participant,I not make a big go for a whole year.,,,,
645,139,2,0,jessica,participant,"Just write down. For one one thing I more plan for, like they think I will not defy for the 12 month and for for a week and for 7 days.",,,,
646,139,3,0,jessica,participant,So I think I find out that's more easier for me to plan for more detail.,,,,
647,139,4,0,jessica,participant,that.,,,,
648,140,0,0,Elda (host),moderator,"For example, like, How how much detail would you would you plan like.",Probing,True,False,False
649,141,0,0,jessica,participant,Dot.,,,,
650,142,0,0,Elda (host),moderator,"Time, or like.",Probing,True,False,False
651,143,0,0,jessica,participant,"Oh, so yeah, so like regularly, regularly, I intend to on the other language class every Wednesday.",,,,
652,143,1,0,jessica,participant,So like also go to the Tsami class every Monday.,,,,
653,143,2,0,jessica,participant,But I before I just write out.,,,,
654,143,3,0,jessica,participant,"Oh, I wanna to learn tsunami class this year.",,,,
655,143,4,0,jessica,participant,But I never done anything.,,,,
656,143,5,0,jessica,participant,and the the more to do.,,,,
657,143,6,0,jessica,participant,"List I collate. I will feel like, Oh, I I have so many things I want to do, and I couldn't do anything so start from, especially after I resign my job.",,,,
658,143,7,0,jessica,participant,"I say, Okay, i i i told myself, you have enough enough time to play print print plan to point.",,,,
659,144,0,0,Elda (host),moderator,"Yeah, you're you're planting.",Supplement,False,False,True
660,145,0,0,jessica,participant,Sorry.,,,,
661,146,0,0,Elda (host),moderator,Sorry I can. You say the last part again?,Probing,True,False,False
662,146,1,0,Elda (host),moderator,You have more time to.,Interpretation,False,False,True
663,147,0,0,jessica,participant,To flint so like before.,,,,
664,147,1,0,jessica,participant,I only can do after work.,,,,
665,147,2,0,jessica,participant,So. But now I can doing during the day.,,,,
666,147,3,0,jessica,participant,"And right, yeah. something like that.",,,,
667,148,0,0,Elda (host),moderator,"Yeah, it's it's all about actually taking the action and not stopping at just planning stage I feel, I really learned a lot from today's session just for myself to to actually put things into action.",Supplement,False,False,True
668,148,1,0,Elda (host),moderator,"Yeah, that's that's that's really good.",Supplement,False,False,True
669,148,2,0,Elda (host),moderator,Thank you for sharing Jessica.,All Utility,False,False,True
670,149,0,0,jessica,participant,Thank you.,,,,
671,150,0,0,Elda (host),moderator,"yeah. So I think, we've covered all the questions.",Supplement,False,True,False
672,150,1,0,Elda (host),moderator,"And yeah, to finish off the session.",Supplement,False,True,False
673,150,2,0,Elda (host),moderator,what advice would you give to someone who is struggling to manage their stress effectively.,Probing,True,False,False
674,150,3,0,Elda (host),moderator,"Amy, would you like to to share?",Probing,True,False,True
675,150,4,0,Elda (host),moderator,How would you give them advice?,Probing,True,False,False
676,151,0,0,Amy,participant,"Out sounds, of course, that's yeah.",,,,
677,151,1,0,Amy,participant,That's really helpful. And that was so.,,,,
678,151,2,0,Amy,participant,So one of the advice I got from the the doctor.,,,,
679,151,3,0,Amy,participant,"it's saying, you need to keep you.",,,,
680,151,4,0,Amy,participant,"Yeah, you need to do exercise, because it's really help your brand to produce some like a ha happy dopamine, because sometimes it's you stress out yourself.",,,,
681,151,5,0,Amy,participant,You you stuck yourself in that negative thoughts.,,,,
682,151,6,0,Amy,participant,"With the exercise, it can change your brain from inside your body.",,,,
683,151,7,0,Amy,participant,"So yeah, that's really helpful.",,,,
684,151,8,0,Amy,participant,"So regularly, you know, work out.",,,,
685,151,9,0,Amy,participant,"Yeah, that's really good.",,,,
686,152,0,0,Elda (host),moderator,Any kind of exercise.,Probing,True,False,False
687,152,1,0,Elda (host),moderator,Just walking is okay.,Supplement,True,False,False
688,153,0,0,Amy,participant,"Yeah. Walking, even walking.",,,,
689,153,1,0,Amy,participant,Just okay. Just put yourself in the nature.,,,,
690,153,2,0,Amy,participant,Go to work out.,,,,
691,153,3,0,Amy,participant,"Yeah, go work out.",,,,
692,153,4,0,Amy,participant,Hmm.,,,,
693,154,0,0,Elda (host),moderator,I see.,All Utility,False,False,True
694,155,0,0,Amy,participant,My advice.,,,,
695,156,0,0,Elda (host),moderator,But there's no nature in Tokyo.,Supplement,True,False,False
696,156,1,0,Elda (host),moderator,Where should I.,Probing,True,False,False
697,157,0,0,Amy,participant,"Can go to Yogiko in, or something.",,,,
698,158,0,0,Elda (host),moderator,Yes.,All Utility,False,False,True
699,159,0,0,Mandy,participant,We do. Don't say Hi!,,,,
700,160,0,0,Amy,participant,"You guys? Yeah. Oh, my, gosh.",,,,
701,161,0,0,Elda (host),moderator,It's too far.,Supplement,True,False,False
702,162,0,0,Amy,participant,"And I think, like I think everybody mentioned like, you guys have your like, only time to help you black out from the you know from the real world.",,,,
703,162,1,0,Amy,participant,because you have to pass your your brand to have a rest.,,,,
704,162,2,0,Amy,participant,"Yeah, for a while, and it also really help as well.",,,,
705,162,3,0,Amy,participant,So.,,,,
706,163,0,0,Elda (host),moderator,To have mean time.,Supplement,True,False,False
707,164,0,0,Amy,participant,"Yeah, and don't talk to your parents.",,,,
708,164,1,0,Amy,participant,"That's very stressful. Yeah, they won't help.",,,,
709,165,0,0,Elda (host),moderator,I see. Hey!,All Utility,False,False,True
710,166,0,0,Bryan Chen,participant,"Would you? Would you choose to talk to your friend, though you don't?",,,,
711,166,1,0,Bryan Chen,participant,You wouldn't choose to talk to your friend right.,,,,
712,167,0,0,Amy,participant,"No cause. I mean, if they understand you, if they were in that position before.",,,,
713,167,1,0,Amy,participant,"But if there's, you know, if like, they didn't know what you happen, what you're going through your life.",,,,
714,167,2,0,Amy,participant,"They couldn't really relate your experience, so I don't think that help for me.",,,,
715,167,3,0,Amy,participant,"I, personally, I found, is because you have to explain more to justify yourself why you're suffering from that.",,,,
716,167,4,0,Amy,participant,So yeah.,,,,
717,168,0,0,Bryan Chen,participant,"But do you think, having validation from someone else like your friend?",,,,
718,168,1,0,Bryan Chen,participant,What I mean by validation is that someone who recognize your suffering and the meaning of your suffering.,,,,
719,168,2,0,Bryan Chen,participant,Does that help to to give you some relief?,,,,
720,169,0,0,Amy,participant,"Yeah, but you have to find that super empathetic friend first.st",,,,
721,170,0,0,Bryan Chen,participant,Okay.,,,,
722,171,0,0,Amy,participant,Yeah.,,,,
723,172,0,0,Bryan Chen,participant,"Yeah, true.",,,,
724,173,0,0,Elda (host),moderator,Okay. Yeah. I hope you find that friend.,Supplement,False,False,True
725,173,1,0,Elda (host),moderator,One day Amy.,All Utility,False,False,True
726,174,0,0,Bryan Chen,participant,Are you not his?,,,,
727,174,1,0,Bryan Chen,participant,Are you not her empathetic friend?,,,,
728,174,2,0,Bryan Chen,participant,Elder.,,,,
729,175,0,0,Elda (host),moderator,I don't know. I don't have any like yeah messages.,All Utility,False,False,True
730,175,1,0,Elda (host),moderator,I don't. I didn't receive any messages from Amy.,Supplement,True,False,False
731,175,2,0,Elda (host),moderator,Anyway. How about Peggy.,Probing,True,False,False
732,175,3,0,Elda (host),moderator,"Well, advice would you give to people who is struggling with stress.",Probing,True,False,False
733,176,0,0,Peggy Lin,participant,"I will also say, just go all.",,,,
734,176,1,0,Peggy Lin,participant,Don't just stay at home.,,,,
735,176,2,0,Peggy Lin,participant,You'll make me feel more dispersed if I just stay at home.,,,,
736,176,3,0,Peggy Lin,participant,"You need some fresh air, some talk with other people, not just focus on your stressful things.",,,,
737,176,4,0,Peggy Lin,participant,"Because, yeah, just talk people about about any random things.",,,,
738,176,5,0,Peggy Lin,participant,Your daily life is chatty and maybe meditation.,,,,
739,176,6,0,Peggy Lin,participant,"I didn't believe meditation will help before, but I actually tried meditation just last year.",,,,
740,176,7,0,Peggy Lin,participant,You do just like Amy said.,,,,
741,176,8,0,Peggy Lin,participant,You need some time to empathy your soul.,,,,
742,176,9,0,Peggy Lin,participant,Just don't think about the thing.,,,,
743,176,10,0,Peggy Lin,participant,You are stressful. Yeah.,,,,
744,176,11,0,Peggy Lin,participant,Mistress.,,,,
745,177,0,0,Elda (host),moderator,That's that's good advice.,Supplement,False,False,True
746,177,1,0,Elda (host),moderator,Thank you. How about Mandy?,Probing,True,False,True
747,177,2,0,Elda (host),moderator,What advice would you give.,Probing,True,False,False
748,178,0,0,Mandy,participant,It really depends on the stress level.,,,,
749,178,1,0,Mandy,participant,So like whatever I quite.,,,,
750,178,2,0,Mandy,participant,"Amy has experience. It's very hard to give any suggestion that even even I might able to relate to for any field, but I think like just like what Elda said.",,,,
751,178,3,0,Mandy,participant,like of your friend on the other equation.,,,,
752,178,4,0,Mandy,participant,You don't know how to help her.,,,,
753,178,5,0,Mandy,participant,"Something like that. So, but I think so.",,,,
754,178,6,0,Mandy,participant,If the label is not high.,,,,
755,178,7,0,Mandy,participant,"maybe can encourage your friend to see what she has, or she has at the moment.",,,,
756,178,8,0,Mandy,participant,"Dong. just not. Just think a vowel high shoe doesn't have, or something like that.",,,,
757,178,9,0,Mandy,participant,So try to be a more positive thing.,,,,
758,178,10,0,Mandy,participant,or try to do something she or he never do before.,,,,
759,178,11,0,Mandy,participant,Like even choose a different path to walk or go to a different place.,,,,
760,178,12,0,Mandy,participant,My! My! Able to and I don't know.,,,,
761,178,13,0,Mandy,participant,It's been suicide or thing.,,,,
762,178,14,0,Mandy,participant,Like to leave your cell phone for a little bit.,,,,
763,178,15,0,Mandy,participant,Try to really look around the war like we can discover we might able to discover this world is still not like that.,,,,
764,178,16,0,Mandy,participant,"Oh, like we, we are still very lucky.",,,,
765,178,17,0,Mandy,participant,"like like, I think, like, we don't really have physical disable, something like less.",,,,
766,178,18,0,Mandy,participant,So like we are able.,,,,
767,178,19,0,Mandy,participant,"We? We have friends, or I. I don't know.",,,,
768,178,20,0,Mandy,participant,"We might sorry to make this conversation very like not very concrete, so like we might have friends.",,,,
769,178,21,0,Mandy,participant,"family, or like, just to know what we have and to see.",,,,
770,178,22,0,Mandy,participant,"Yeah, really try to know what we have might able to make ourselves not less hopeless.",,,,
771,179,0,0,Elda (host),moderator,Maybe.,All Utility,False,False,True
772,180,0,0,Mandy,participant,I measured.,,,,
773,181,0,0,Elda (host),moderator,"No, that's that's really good advice.",Supplement,False,False,True
774,181,1,0,Elda (host),moderator,"Yeah. I tried to be thankful, I think, is what perhaps, is the underlying message to be thankful of.",Interpretation,True,False,True
775,181,2,0,Elda (host),moderator,You know what you have.,Interpretation,True,False,False
776,181,3,0,Elda (host),moderator,and to look at the world in a different way.,Interpretation,False,False,True
777,181,4,0,Elda (host),moderator,Change perspective. I think that that helps to.,Interpretation,True,False,True
778,182,0,0,Mandy,participant,"Yeah, that's what I can think for.",,,,
779,182,1,0,Mandy,participant,Now.,,,,
780,183,0,0,Elda (host),moderator,Thank you. How about Jessica?,Probing,True,False,True
781,184,0,0,jessica,participant,I've.,,,,
782,185,0,0,Elda (host),moderator,Advice.,Probing,True,False,False
783,186,0,0,jessica,participant,"I think, exercise, because for me my, my always parents, before I don't like to do any exercise at all.",,,,
784,186,1,0,jessica,participant,and in the that period.,,,,
785,186,2,0,jessica,participant,"So I just go war and come home, and day by day I co collect more strikes.",,,,
786,186,3,0,jessica,participant,"But for now I start to try to do even just go for a little like little wrongly or walking, I find that's kind of help to I I don't know by how bustering just change.",,,,
787,186,4,0,jessica,participant,So now I frequently like to do exercise.,,,,
788,186,5,0,jessica,participant,I feel both more positive.,,,,
789,186,6,0,jessica,participant,"So one thing, I think, is exercise.",,,,
790,186,7,0,jessica,participant,Do help a lot.,,,,
791,186,8,0,jessica,participant,And another thing is I have the gen is called theory I write down the dairy every day.,,,,
792,186,9,0,jessica,participant,"So in sometime when I have a good thing happen, or I have a really sad happen or sad story.",,,,
793,186,10,0,jessica,participant,I I always write down everything.,,,,
794,186,11,0,jessica,participant,"So one series. After I go back to rewrite that period, I would do well find out like, oh, so that's that time that what kind of a negative thought I have, and how do I pass through all this time, so I think, write down the your feeling or emotion is kind of a help.",,,,
795,187,0,0,Elda (host),moderator,Thank you for sharing.,All Utility,False,False,True
796,187,1,0,Elda (host),moderator,It's a really good advice.,Supplement,False,False,True
797,187,2,0,Elda (host),moderator,I I hear from some of my friends.,Supplement,True,False,False
798,187,3,0,Elda (host),moderator,"They also practice that, too, like every every night before going to sleep they will write down how they feel today.",Supplement,True,False,False
799,187,4,0,Elda (host),moderator,"You know, what are the things they are going through.",Supplement,True,False,False
800,187,5,0,Elda (host),moderator,"And yeah, later on, when they come back to it, and you know they'll feel.",Supplement,True,False,False
801,187,6,0,Elda (host),moderator,"Oh, this this is nothing, you know I I can know what I've gone through.",Interpretation,True,False,True
802,187,7,0,Elda (host),moderator,And how I've grown.,Supplement,False,False,True
803,187,8,0,Elda (host),moderator,"So it's yeah, it's like keeping a record of your journey and that's that's really, really good.",Interpretation,False,False,True
804,187,9,0,Elda (host),moderator,"Okay, thank you for sharing.",All Utility,False,False,True
805,187,10,0,Elda (host),moderator,"to. Yeah, finish off Brian, would you like to add anything before we close off this session or advice?",Probing,True,True,False
806,187,11,0,Elda (host),moderator,If you have any.,Probing,True,False,False
807,188,0,0,Bryan Chen,participant,Let me think about it.,,,,
808,188,1,0,Bryan Chen,participant,"yeah, I guess IA lot of time stress is because of what you are thinking.",,,,
809,188,2,0,Bryan Chen,participant,"I mean, of course, there are some real stress that's now pushing you forward.",,,,
810,188,3,0,Bryan Chen,participant,But a lot of times lousyness we make up by ourselves.,,,,
811,188,4,0,Bryan Chen,participant,"Well, it's it's like the major monsters, and and then how to handle that major monsters, I guess, like like many other people, have said.",,,,
812,188,5,0,Bryan Chen,participant,you can find friends.,,,,
813,188,6,0,Bryan Chen,participant,"You can find, you know, go out to the nature, but I can say why important thing is to give meaning of it.",,,,
814,188,7,0,Bryan Chen,participant,So a lot of time we.,,,,
815,188,8,0,Bryan Chen,participant,"We have a lot of downtime and a lot of suffering, but I guess a lot of times sometime.",,,,
816,188,9,0,Bryan Chen,participant,"What make us feel depressed is not because of the effort we have spent, or the energy or the money that we we lost.",,,,
817,188,10,0,Bryan Chen,participant,"But it's because that we feel, after all this tiring process.",,,,
818,188,11,0,Bryan Chen,participant,"After all this effort, we don't achieve anything.",,,,
819,188,12,0,Bryan Chen,participant,"There's no response, there's no meaning of it.",,,,
820,188,13,0,Bryan Chen,participant,"So another time we feel what we're with doing like, say, maybe after you working for a long hour after you have, you know.",,,,
821,188,14,0,Bryan Chen,participant,fight for 5 years trying to get to a position.,,,,
822,188,15,0,Bryan Chen,participant,"But then you realize that oh, it's so meaningless, life is so meaningless.",,,,
823,188,16,0,Bryan Chen,participant,And then sometimes I do cause also cause a lot of stress.,,,,
824,188,17,0,Bryan Chen,participant,"But I guess, like, maybe.",,,,
825,188,18,0,Bryan Chen,participant,"how I think, like talking to different people and then trying to Brodding.",,,,
826,188,19,0,Bryan Chen,participant,"Wa. broaden your definition of meaning, can also help to kind of relieve your stress cause you all your suffering is probably not just meaningless.",,,,
827,188,20,0,Bryan Chen,participant,You probably doing that for something something that's probably more important and more meaningful than you originally thought.,,,,
828,188,21,0,Bryan Chen,participant,"Yeah, I guess.",,,,
829,189,0,0,Elda (host),moderator,"Wow, that's that's really deep.",All Utility,False,False,True
830,189,1,0,Elda (host),moderator,Yeah. perhaps that happens more after you have finished that stage.,Interpretation,True,False,False
831,190,0,0,Bryan Chen,participant,Yeah.,,,,
832,191,0,0,Elda (host),moderator,When you're we're in in the middle of it.,Supplement,True,False,False
833,191,1,0,Elda (host),moderator,At least for me.,Supplement,True,False,True
834,191,2,0,Elda (host),moderator,I I won't have the energy to think.,Interpretation,True,False,True
835,191,3,0,Elda (host),moderator,"Oh, what's the meaning of this.",Interpretation,True,False,False
836,191,4,0,Elda (host),moderator,"But yeah, after say, if you have a journal, and then you go back to it.",Interpretation,True,False,False
837,191,5,0,Elda (host),moderator,and maybe 3 months later.,Interpretation,True,False,False
838,192,0,0,Bryan Chen,participant,"That's also the reason why some people feel it's chelful when you write journal, because you are while you're.",,,,
839,192,1,0,Bryan Chen,participant,"But in a journal and a diary, that kind of you are reconstructing the meaning you feel like.",,,,
840,192,2,0,Bryan Chen,participant,"Oh, this! It's not just like painful, but it's something that you can reflect it later.",,,,
841,192,3,0,Bryan Chen,participant,So that gives you some meaning and help you to really.,,,,
842,193,0,0,Elda (host),moderator,"Yeah. Wow, that's that's really great.",All Utility,False,False,True
843,193,1,0,Elda (host),moderator,Thank you. Yeah. So that's that's all for today's session.,Instruction,False,True,True
844,193,2,0,Elda (host),moderator,And just before we we close.,Supplement,False,True,False
845,193,3,0,Elda (host),moderator,"If you could just spare 1 min to help us complete this survey for today, that would be really, really appreciated.",Instruction,False,True,True
846,193,4,0,Elda (host),moderator,"Yeah. So this, as mentioned before this online session.",Interpretation,True,True,False
847,193,5,0,Elda (host),moderator,"So Remy is for yeah, for this online community of mainly Taiwanese people, but also Chinese people, some of them overseas to practice English and to talk about different topics.",Supplement,True,False,False
848,193,6,0,Elda (host),moderator,That you wouldn't normally have the chance to a normal life.,Supplement,False,False,True
849,193,7,0,Elda (host),moderator,And yeah. hopefully gain confidence in speaking about different topics and with strangers.,Supplement,False,True,True
850,193,8,0,Elda (host),moderator,Even though we are not showing faces which I think helps when people are shy like me.,Supplement,False,False,True
851,193,9,0,Elda (host),moderator,"Okay, yeah, once you finish the survey, you are welcome to leave and hope to see you next time.",Instruction,False,True,False
852,193,10,0,Elda (host),moderator,"Okay, thank you guys for coming.",All Utility,False,False,True
853,194,0,0,jessica,participant,Yes. Thank you. Have a good night.,,,,
854,195,0,0,Elda (host),moderator,Have a good night.,All Utility,False,False,True
855,195,1,0,Elda (host),moderator,Have a good day bye.,All Utility,False,False,True
856,196,0,0,Mandy,participant,Yeah.,,,,
857,197,0,0,Bryan Chen,participant,Yeah.,,,,
858,198,0,0,Elda (host),moderator,"You, bye.",All Utility,False,False,True
859,199,0,0,Amy,participant,Good.,,,,
860,200,0,0,Elda (host),moderator,I you're longer. You're more younger.,All Utility,False,False,True
861,201,0,0,Bryan Chen,participant,Sml.,,,,
862,202,0,0,Amy,participant,Brian Chandlerwater.,,,,
863,203,0,0,Bryan Chen,participant,"Well, maybe just the no fine girl any.",,,,
864,204,0,0,Amy,participant,Let's just a male title option.,,,,
865,205,0,0,Elda (host),moderator,The General House Sale.,All Utility,False,False,False
866,206,0,0,Bryan Chen,participant,Yeah. But for.,,,,
867,207,0,0,Amy,participant,Hey!,,,,
868,208,0,0,Bryan Chen,participant,"In the recording, okay, start recording.",,,,
