,turn_index,sent_index,segment,speaker,role,text,dialogue_act,informational motive,coordinative motive,social motive
0,0,0,0,Bryan(Host),moderator,So welcome to the sessions.,All Utility,False,False,True
1,0,1,0,Bryan(Host),moderator,"So today, our topic is going to be about how to deal with stress.",Supplement,True,False,False
2,0,2,0,Bryan(Host),moderator,So stress is kind of like a very common and natural biological reactions towards some negative factors in your environment or in your mind.,Supplement,True,False,False
3,0,3,0,Bryan(Host),moderator,"Right? So often we see stress as a negative thing, but it actually a very important driver to push us moving forward or to push us trying to avoid the risk.",Supplement,True,False,False
4,0,4,0,Bryan(Host),moderator,So there's a there's a work called final fight.,Supplement,True,False,False
5,0,5,0,Bryan(Host),moderator,"So stress is kind of the same in your body that either you know, trigger you to escape the potential incidents.",Supplement,True,False,False
6,0,6,0,Bryan(Host),moderator,"or or, you know, push you forward to be brave, to be courageous, and to to to to chase after the scene that that's beneficial for you.",Supplement,True,False,False
7,0,7,0,Bryan(Host),moderator,but depend on different individual.,Supplement,True,False,False
8,0,8,0,Bryan(Host),moderator,Different people have different kind of stress and also different way of handle your stress.,Supplement,True,False,False
9,0,9,0,Bryan(Host),moderator,"So today, I think this discussion is going to be interesting, and also can be helpful for each one of individual here.",Supplement,True,False,True
10,0,10,0,Bryan(Host),moderator,"So, starting from the 1st questions, we want to talk about what's the most common source of stress in your life.",Probing,True,True,False
11,0,11,0,Bryan(Host),moderator,And also. how do they affect you so?,Probing,True,False,False
12,0,12,0,Bryan(Host),moderator,Maybe starting for myself?,Supplement,False,True,True
13,0,13,0,Bryan(Host),moderator,"For me, I feel the biggest stress in my life is uncertainty.",Supplement,True,False,False
14,0,14,0,Bryan(Host),moderator,because currently I'm a Phd student.,Supplement,True,False,False
15,0,15,0,Bryan(Host),moderator,And I'm doing my research.,Supplement,True,False,False
16,0,16,0,Bryan(Host),moderator,So I feel like doing research in comparison to coursework.,Supplement,True,False,False
17,0,17,0,Bryan(Host),moderator,The difference is that for the coursework.,Supplement,True,False,False
18,0,18,0,Bryan(Host),moderator,"As long as you spend your effort, you spend your time, you have you, you focus on the lecture, you do your assignment, and then you, you can, you know, expect to have certain good outcomes?",Supplement,True,False,False
19,0,19,0,Bryan(Host),moderator,"That's, you know, that you deserve.",Supplement,True,False,False
20,0,20,0,Bryan(Host),moderator,You pay off on your efforts right?,Supplement,True,False,False
21,0,21,0,Bryan(Host),moderator,"But research is kind of different, because there's a lot of saying that you don't know.",Supplement,True,False,False
22,0,22,0,Bryan(Host),moderator,"You might end up spending a lot of time, but you get some.",Supplement,True,False,False
23,0,23,0,Bryan(Host),moderator,You get nothing back.,Supplement,True,False,False
24,0,24,0,Bryan(Host),moderator,So for me. I think biggest stress in my life currently is the uncertainty in my research.,Supplement,True,False,False
25,0,25,0,Bryan(Host),moderator,I don't know where I'm doing the right thing.,Supplement,True,False,False
26,0,26,0,Bryan(Host),moderator,"I'm doing, not sure where I'm going.",Supplement,True,False,False
27,0,27,0,Bryan(Host),moderator,I'm not even sure.,Supplement,True,False,False
28,0,28,0,Bryan(Host),moderator,"After I finish my Phd, where I will be.",Supplement,True,False,False
29,0,29,0,Bryan(Host),moderator,"Yeah. And a supervisor they usually just only give me a big picture, but they don't give me a very detailed guideline.",Supplement,True,False,False
30,0,30,0,Bryan(Host),moderator,"So yeah, so that's my source of stress.",Supplement,True,False,False
31,0,31,0,Bryan(Host),moderator,"So, and it does kind of affect my life as well.",Supplement,True,False,False
32,0,32,0,Bryan(Host),moderator,"Sometime, probably, I become more.",Supplement,True,False,False
33,0,33,0,Bryan(Host),moderator,People say I become more introvert rather than extrovert.,Supplement,True,False,False
34,0,34,0,Bryan(Host),moderator,I choose to spend more time to just be myself rather than social.,Supplement,True,False,False
35,0,35,0,Bryan(Host),moderator,"I think that's something that happened to me in the last one or 2 years, and also people share from their perspective.",Supplement,False,False,True
36,0,36,0,Bryan(Host),moderator,How I have changed so far.,Supplement,True,False,False
37,0,37,0,Bryan(Host),moderator,"So yeah, so let's see this share.",Instruction,False,True,False
38,0,38,0,Bryan(Host),moderator,What kind of stress you have currently in your life.,Probing,True,False,False
39,0,39,0,Bryan(Host),moderator,"And also, how does it affect you?",Probing,True,False,False
40,0,40,0,Bryan(Host),moderator,Maybe we can start from velocity.,Instruction,True,True,False
41,0,41,0,Bryan(Host),moderator,"Do you have? I mean, stress currently.",Probing,True,False,False
42,1,0,0,Felicity,participant,"Yes, I'm I'm yeah.",,,,
43,1,1,0,Felicity,participant,I'm under a lot of stress.,,,,
44,1,2,0,Felicity,participant,"And they just just like you like you're doing your Phd, but I'm not doing a Phd.",,,,
45,1,3,0,Felicity,participant,"I'm doing a master, but it's a master of philosophy like I. I have to write a thesis.",,,,
46,2,0,0,Bryan(Host),moderator,It's.,All Utility,False,False,False
47,3,0,0,Felicity,participant,"Agree. And actually, I don't have much time to do the thesis at this moment, and I'm still like design, the experiment.",,,,
48,3,1,0,Felicity,participant,And you know it's there is an exist any.,,,,
49,3,2,0,Felicity,participant,"I mean, there isn't any perfect experiment design existing in the world.",,,,
50,4,0,0,Bryan(Host),moderator,Hmm.,All Utility,False,False,True
51,5,0,0,Felicity,participant,"Like, even if you have talked to your supervisor for hundreds of times, and you think you might, you have like designed a very perfect experiment when you stand in front of a lot of people and they become question you.",,,,
52,5,1,0,Felicity,participant,There are still a lot of weaknesses.,,,,
53,6,0,0,Bryan(Host),moderator,Yeah.,All Utility,False,False,True
54,7,0,0,Felicity,participant,"But that's it doesn't mean too much for me, because I think that's natural.",,,,
55,7,1,0,Felicity,participant,"The most like stressful part is, I had to do the presentation in Japanese.",,,,
56,8,0,0,Bryan(Host),moderator,"Oh, okay, so you're doing.",Probing,True,False,False
57,9,0,0,Felicity,participant,Yes.,,,,
58,10,0,0,Bryan(Host),moderator,"Only in Japan, currently.",Supplement,True,False,False
59,11,0,0,Felicity,participant,"Yes, yes, yes, and my!",,,,
60,11,1,0,Felicity,participant,My Japanese is not that good?,,,,
61,11,2,0,Felicity,participant,And I feel it very difficult to listen listening to others.,,,,
62,11,3,0,Felicity,participant,Words like they speak in a very fast speed.,,,,
63,11,4,0,Felicity,participant,"I don't really understand what they're saying, especially like when they're questioning.",,,,
64,12,0,0,Bryan(Host),moderator,"Yeah, I can imagine your life must be very difficult.",Supplement,False,False,True
65,12,1,0,Bryan(Host),moderator,"It sounds like it's a new environment to you, right?",Probing,True,False,True
66,12,2,0,Bryan(Host),moderator,How long have you been?,Probing,True,False,True
67,12,3,0,Bryan(Host),moderator,Japan?,Probing,True,False,False
68,13,0,0,Felicity,participant,Since last year. It's almost 2 years.,,,,
69,14,0,0,Bryan(Host),moderator,So it's still fairly new.,Interpretation,False,False,True
70,14,1,0,Bryan(Host),moderator,And you're still adapting to the new environment.,Interpretation,False,False,True
71,14,2,0,Bryan(Host),moderator,"And also I also heard people say, often like doing research masters can be more difficult than doing research.",Supplement,True,False,False
72,14,3,0,Bryan(Host),moderator,"Phd. Because, like Phd, at least, we have, like 3 or 2, 3 to 4 years to think about, to refine our experiment and design.",Supplement,True,False,False
73,14,4,0,Bryan(Host),moderator,"But masters like you, only have one shot.",Supplement,False,False,True
74,14,5,0,Bryan(Host),moderator,"You only have one year, if you don't do it well, you are kind of like, probably not sore positive about your further career yet, or, you know, true self, like.",Supplement,True,False,True
75,14,6,0,Bryan(Host),moderator,"Phd, yeah.",All Utility,True,False,False
76,15,0,0,Felicity,participant,"That's it. But fortunately we have 2 years, but unfortunately we have to do some kind of coursework while like writing a thesis.",,,,
77,16,0,0,Bryan(Host),moderator,Right.,All Utility,False,False,True
78,17,0,0,Felicity,participant,So we were like suggested to complete all the like subjects to get enough credit in the 1st year and focus on my thesis in the second year.,,,,
79,17,1,0,Felicity,participant,I'm still in the 1st year.,,,,
80,17,2,0,Felicity,participant,"It's too much subjects to do, and a lot lot of Japanese presentations.",,,,
81,17,3,0,Felicity,participant,And in the meanwhile I had to like design experiment.,,,,
82,17,4,0,Felicity,participant,So that's quite stressful.,,,,
83,18,0,0,Bryan(Host),moderator,"That's very tough. And and also, how do you think this stress kind of affect you?",Probing,True,False,True
84,18,1,0,Bryan(Host),moderator,Or how does that influence you?,Probing,True,False,False
85,18,2,0,Bryan(Host),moderator,Does it change your personality?,Probing,True,False,False
86,18,3,0,Bryan(Host),moderator,Or does it like change?,Probing,True,False,False
87,18,4,0,Bryan(Host),moderator,Some the way you are thinking?,Probing,True,False,False
88,18,5,0,Bryan(Host),moderator,Or how does it change your life?,Probing,True,False,False
89,19,0,0,Felicity,participant,Well chained it. I don't I don't really.,,,,
90,19,1,0,Felicity,participant,I'm not sure about.,,,,
91,19,2,0,Felicity,participant,"This is a very introverted person, and I think I still am an introverted person.",,,,
92,19,3,0,Felicity,participant,But I I've been learning to like talking and discussing with others about our.,,,,
93,20,0,0,Bryan(Host),moderator,Academic side of things.,Supplement,True,False,False
94,21,0,0,Felicity,participant,"Okay, well, I but I still don't like doing it, cause that's really annoying, because I think they they're a waste waste of my time.",,,,
95,21,1,0,Felicity,participant,"I'd rather sitting there and reading books, reading all the papers by myself.",,,,
96,22,0,0,Bryan(Host),moderator,I see? I see.,All Utility,False,False,True
97,22,1,0,Bryan(Host),moderator,"Yeah, I feel like doing research tend to make people become more introvert.",Supplement,False,False,True
98,23,0,0,Felicity,participant,"Yeah, that. That's it.",,,,
99,24,0,0,Bryan(Host),moderator,"Experience? As well, yeah.",Probing,True,False,False
100,25,0,0,Felicity,participant,Because everyone's paper focuses on different like.,,,,
101,26,0,0,Bryan(Host),moderator,Yeah.,All Utility,False,False,True
102,27,0,0,Felicity,participant,"Facts. It's not. There's no use to talk too much with others, because they can't help anything.",,,,
103,28,0,0,Bryan(Host),moderator,"Understand? Okay, cool thanks for your sharing.",All Utility,False,False,True
104,28,1,0,Bryan(Host),moderator,"Leo, what what do you say is your biggest stresses in your life?",Probing,True,False,False
105,28,2,0,Bryan(Host),moderator,Currently.,Probing,True,False,False
106,29,0,0,Leo,participant,Currency I don't know,,,,
107,30,0,0,Bryan(Host),moderator,"Or you have a peaceful life, easy.",Probing,True,False,False
108,31,0,0,Leo,participant,Like I as a I just graduated.,,,,
109,31,1,0,Leo,participant,So I was looking for the job.,,,,
110,31,2,0,Leo,participant,That period was kind of stressful.,,,,
111,31,3,0,Leo,participant,"But luckily agadware, so like there's no like big expectation from me for for life right now.",,,,
112,31,4,0,Leo,participant,So I think no big big stress.,,,,
113,32,0,0,Bryan(Host),moderator,So it sounds like you are still in your honeymoon period of your new job.,Interpretation,True,False,False
114,32,1,0,Bryan(Host),moderator,"Right? So you just you say you just found your job, and you just started a new job and.",Interpretation,True,False,False
115,33,0,0,Leo,participant,"Yeah, yeah, yeah.",,,,
116,34,0,0,Bryan(Host),moderator,Is there any kind of stress internal adapting to the new job or starting work.,Probing,True,False,False
117,35,0,0,Leo,participant,But no actually cause like I think I did a pretty good job.,,,,
118,36,0,0,Bryan(Host),moderator,Okay.,All Utility,False,False,False
119,37,0,0,Leo,participant,Of my of my work.,,,,
120,37,1,0,Leo,participant,So no stress on that.,,,,
121,37,2,0,Leo,participant,But I guess my other stressor is I'm trying to find a girlfriend.,,,,
122,38,0,0,Bryan(Host),moderator,That's a.,All Utility,False,False,True
123,39,0,0,Leo,participant,"Sometimes like a you're gonna be stressful if you are trying to like reach out, end up being rejected.",,,,
124,39,1,0,Leo,participant,But that's a hard.,,,,
125,39,2,0,Leo,participant,"Well, process, I guess.",,,,
126,40,0,0,Bryan(Host),moderator,Right? Right? Do you think it's a stress actually coming from you?,Probing,True,False,False
127,40,1,0,Bryan(Host),moderator,Or is it coming from other people like your friend or your.,Probing,True,False,False
128,41,0,0,Leo,participant,So.,,,,
129,42,0,0,Bryan(Host),moderator,Family that kind of expecting you to find a girlfriend something like that.,Probing,True,False,False
130,43,0,0,Leo,participant,The I mean the expectation.,,,,
131,43,1,0,Leo,participant,Yeah.,,,,
132,44,0,0,Bryan(Host),moderator,"No, no.",All Utility,False,False,True
133,45,0,0,Leo,participant,"Definitely, from myself.",,,,
134,46,0,0,Bryan(Host),moderator,Okay.,All Utility,False,False,True
135,47,0,0,Leo,participant,"Like I I believe all, all stress is coming from our like internal ex expectations.",,,,
136,48,0,0,Bryan(Host),moderator,Internal expectations. Okay.,Interpretation,True,False,False
137,49,0,0,Leo,participant,"Yeah, yeah, yeah.",,,,
138,50,0,0,Bryan(Host),moderator,"Perspective. So do you think, how does that change your behavior?",Probing,True,False,False
139,50,1,0,Bryan(Host),moderator,"Do you become more motivated, more active to initiate contact with people, with girls?",Probing,True,False,False
140,50,2,0,Bryan(Host),moderator,Or you.,Probing,True,False,False
141,51,0,0,Leo,participant,"yeah, sure, sure. Like, I studied it.",,,,
142,51,1,0,Leo,participant,"So basically like, no, no, every everyone there was a kind of voice.",,,,
143,52,0,0,Bryan(Host),moderator,Okay.,All Utility,False,False,True
144,53,0,0,Leo,participant,So I'm right now.,,,,
145,53,1,0,Leo,participant,"I'm trying to expanding my, I guess social cycle.",,,,
146,54,0,0,Bryan(Host),moderator,I see. So like you used to be.,Interpretation,True,False,False
147,54,1,0,Bryan(Host),moderator,Sounds like you used to be an introvert persons.,Interpretation,True,False,False
148,54,2,0,Bryan(Host),moderator,"But because all this stress or this kind of this desire, or willing, whatever you call it, and kind of push you to become more.",Interpretation,True,False,False
149,54,3,0,Bryan(Host),moderator,"Try to be small, social.",Instruction,False,True,False
150,54,4,0,Bryan(Host),moderator,Can you.,Probing,True,False,False
151,55,0,0,Leo,participant,"Yes, I think yes.",,,,
152,56,0,0,Bryan(Host),moderator,"I see. Okay, cool.",All Utility,False,False,True
153,56,1,0,Bryan(Host),moderator,"That's very interesting sharing Lee, could you?",Probing,True,False,True
154,56,2,0,Bryan(Host),moderator,Would you mind to share your experience with stress.,Probing,True,False,False
155,57,0,0,leyi,participant,"Yeah, actually, I'm someone who gets stressed easily.",,,,
156,57,1,0,leyi,participant,"For example, like, take part in this program.",,,,
157,57,2,0,leyi,participant,"So but currently, one of my biggest stress is about how to find a decent job.",,,,
158,57,3,0,leyi,participant,"Because, you know, my major is applied linguistics.",,,,
159,57,4,0,leyi,participant,"So our major is like we study how language influences our person a people's personality, and how we use language to communicate.",,,,
160,57,5,0,leyi,participant,"So it's like, it's like a common sense, right?",,,,
161,57,6,0,leyi,participant,"Sometimes, I would say, and sometimes it's just too theoretical, and I cannot apply it into real job markets and because, you know, I want to find Job in China, and I just find I just can't find a job that matches my field, you know.",,,,
162,57,7,0,leyi,participant,"Like companies. they seem seem to prefer candidates who is science backgrounds like those in the area, such as the It field, or some hydropower field.",,,,
163,57,8,0,leyi,participant,So it's like science background.,,,,
164,57,9,0,leyi,participant,But apply linguistic. It's just our background.,,,,
165,57,10,0,leyi,participant,So I can't really find a well decent job.,,,,
166,57,11,0,leyi,participant,So so that's currently my biggest distress.,,,,
167,57,12,0,leyi,participant,Yeah.,,,,
168,58,0,0,Bryan(Host),moderator,So it's like kind of like uncertainty towards the future.,Interpretation,True,False,False
169,58,1,0,Bryan(Host),moderator,"Not sure what's going to be the next step, and.",Interpretation,True,False,False
170,59,0,0,leyi,participant,"Yeah, say.",,,,
171,60,0,0,Bryan(Host),moderator,"Right? Okay? And and do you think, does that kind of make you affect your mood or affect your behavior a lot.",Probing,True,False,True
172,61,0,0,leyi,participant,"Yeah, yeah, definitely. So it's always make me feel anxious.",,,,
173,61,1,0,leyi,participant,And I always doubt myself.,,,,
174,61,2,0,leyi,participant,"Why, why would I spend a lot of money to study here.",,,,
175,61,3,0,leyi,participant,But even I study so hard.,,,,
176,61,4,0,leyi,participant,Even I invest a lot of money.,,,,
177,61,5,0,leyi,participant,But I still couldn't find a well decent job.,,,,
178,61,6,0,leyi,participant,What's the meaning of my life.,,,,
179,61,7,0,leyi,participant,"So you know, I always kind of like doubt myself.",,,,
180,61,8,0,leyi,participant,"and I always become very sad, especially at night.",,,,
181,61,9,0,leyi,participant,and I nowadays I find myself unable to sleep.,,,,
182,61,10,0,leyi,participant,"and I always think about my future, my my job.",,,,
183,61,11,0,leyi,participant,How can I find a job?,,,,
184,61,12,0,leyi,participant,"Yeah, you know, like this.",,,,
185,62,0,0,Bryan(Host),moderator,Wow! That that really does sounds very stressful.,All Utility,False,False,True
186,62,1,0,Bryan(Host),moderator,I feel I feel the pity for you.,Supplement,False,False,True
187,62,2,0,Bryan(Host),moderator,"So are you still currently in Melbourne, or are you.",Probing,True,False,False
188,63,0,0,leyi,participant,Yeah. Yeah. And I was because I want to escape.,,,,
189,63,1,0,leyi,participant,"You know, I don't want to go back to China to because what once I go back to China I have definitely to become to prepare for some exams and to attend some job interviews.",,,,
190,63,2,0,leyi,participant,I don't want to do that.,,,,
191,63,3,0,leyi,participant,So I want to stay here to have a rest.,,,,
192,63,4,0,leyi,participant,"And then, after I have a good rest, I have the energy to find a job like this, and because, you know, I always talk to my friends.",,,,
193,63,5,0,leyi,participant,"So if someone can give me a well decent job, I will be the happiest girl in the world, or something like this.",,,,
194,63,6,0,leyi,participant,Yeah.,,,,
195,64,0,0,Bryan(Host),moderator,I can feel you.,Supplement,False,False,True
196,64,1,0,Bryan(Host),moderator,I can feel you so.,Supplement,False,False,True
197,64,2,0,Bryan(Host),moderator,How long has this situation been?,Probing,True,False,False
198,64,3,0,Bryan(Host),moderator,"Is it just recently, or it has been a while.",Probing,True,False,True
199,65,0,0,leyi,participant,It has been a long while since I choose this subject.,,,,
200,65,1,0,leyi,participant,"Yeah, since I major in this subject since my since I failed my go call examination, since I choose the English major in my bachelor degree, since I choose the applied linguistic in my master degree, I always kind of like be haunted by this, but that such kind of anxiety, I think only when I got a well decent job I will feel better.",,,,
201,65,2,0,leyi,participant,Yeah.,,,,
202,66,0,0,Bryan(Host),moderator,Yeah. I hope that everything well goes well.,All Utility,False,False,True
203,66,1,0,Bryan(Host),moderator,So it seems like it has been a while.,Interpretation,True,False,False
204,66,2,0,Bryan(Host),moderator,"Then, probably, I think now it's probably a good transition point to move on to the next question about, how do we handle stressful situation also?",Instruction,True,True,False
205,66,3,0,Bryan(Host),moderator,Or how do we make relief?,Probing,True,False,False
206,66,4,0,Bryan(Host),moderator,"So so in the last few years you definitely have moment that you feel very, very stressful and anxious, and perhaps depressed.",Supplement,True,False,True
207,66,5,0,Bryan(Host),moderator,So how do you?,Probing,True,False,False
208,66,6,0,Bryan(Host),moderator,"How do you? You know, kind of survive with it.",Probing,True,False,True
209,66,7,0,Bryan(Host),moderator,How do you handle the center?,Probing,True,False,False
210,66,8,0,Bryan(Host),moderator,Handle? The fit? The strong feeling.,Probing,True,False,False
211,67,0,0,leyi,participant,Me!,,,,
212,68,0,0,Bryan(Host),moderator,Yeah.,All Utility,False,False,True
213,69,0,0,leyi,participant,"Oh, so sometimes I would exercise.",,,,
214,69,1,0,leyi,participant,I would like play in the badminton or just running like jogging to do some exercise to unwind but when I just when I how to say but I I think that didn't help me a lot.,,,,
215,69,2,0,leyi,participant,"When I finished this exercise, I still feel anxious, yeah, and also listening to some softer music, or just kept kept scrolling through the Tiktok.",,,,
216,69,3,0,leyi,participant,"Yeah, that one may feel better.",,,,
217,69,4,0,leyi,participant,I used to spend a lot of time on it.,,,,
218,69,5,0,leyi,participant,Yeah.,,,,
219,70,0,0,Bryan(Host),moderator,"To have them kind of mental escape, like not not thinking about this same, but like.",Interpretation,True,False,False
220,71,0,0,leyi,participant,"Yeah, yeah.",,,,
221,72,0,0,Bryan(Host),moderator,Just.,Supplement,True,False,False
222,73,0,0,leyi,participant,"Become. Yeah, just become absorbed into another field.",,,,
223,73,1,0,leyi,participant,Then I cannot think about my job.,,,,
224,74,0,0,Bryan(Host),moderator,"Oh, okay. But do you have, like someone who could like like a friend, to help you to share those feeling, or how to help you to go over these events.",Probing,True,False,True
225,75,0,0,leyi,participant,"Oh, well, actually, my friends have the same situation with me.",,,,
226,75,1,0,leyi,participant,Yeah. yeah. So we all anxious about our future.,,,,
227,75,2,0,leyi,participant,"Yeah, because we choose this, major, because it's just a niche major in China and in Australia.",,,,
228,75,3,0,leyi,participant,So it's really hard to find a job that matches our field.,,,,
229,75,4,0,leyi,participant,The best way we can do is to become an English teacher.,,,,
230,75,5,0,leyi,participant,Yeah. maybe you don't want to.,,,,
231,75,6,0,leyi,participant,Yeah.,,,,
232,76,0,0,Felicity,participant,Exactly.,,,,
233,77,0,0,leyi,participant,"Well, not because I want to, but because it's very competitive.",,,,
234,77,1,0,leyi,participant,"In China. If you want to be an English teacher, they would prefer the normal university, you know, like which in China we have a lot of normal university, they would prefer normal university students rather than someone who come to who study abroad.",,,,
235,77,2,0,leyi,participant,"Yeah. So it's very difficult for me to find English teacher, even though I got Master's degree in Melbourne, even though I got Master's degree in a flying in like the famous university in Australia.",,,,
236,77,3,0,leyi,participant,Yeah.,,,,
237,78,0,0,Bryan(Host),moderator,"Well, that's very tough situations.",Supplement,False,False,True
238,78,1,0,Bryan(Host),moderator,Philosophy do. Could you share some your way of handle stress or.,Probing,True,False,False
239,79,0,0,Felicity,participant,"I, yeah, I I really feel Lee.",,,,
240,79,1,0,Felicity,participant,"And her words she just said, because I experienced exactly the same period with her when I graduated with the master of applied linguistics.",,,,
241,79,2,0,Felicity,participant,"But fortunately, I I'm really interested in being becoming an English teacher, and I didn't find a job at school.",,,,
242,79,3,0,Felicity,participant,"I find a job in an English institution, and that might be much easier for someone who is seeking for position, seeking for a job in this field.",,,,
243,79,4,0,Felicity,participant,"But it could be really hard to find a like, find a job in a company unless you you're majorings.",,,,
244,79,5,0,Felicity,participant,But other sales. Yeah.,,,,
245,80,0,0,Bryan(Host),moderator,Right.,All Utility,False,False,False
246,81,0,0,Felicity,participant,"Now, currently, how I deal with my stress.",,,,
247,81,1,0,Felicity,participant,I think it's quite different from the stress that people have in a workplace.,,,,
248,81,2,0,Felicity,participant,I don't know how to express these situations like I tried.,,,,
249,81,3,0,Felicity,participant,"I think if I'm going to give a presentation, I need to do my best.",,,,
250,81,4,0,Felicity,participant,"and all the assessor, or like my lecturers, or either my lecturers or the professors.",,,,
251,81,5,0,Felicity,participant,"They were. They were as students when they are doing a master, and when they are doing their Phd.",,,,
252,81,6,0,Felicity,participant,So I think they know the feeling that I am experienced.,,,,
253,82,0,0,Bryan(Host),moderator,As well.,All Utility,False,False,True
254,83,0,0,Felicity,participant,So if I try my best they can understood.,,,,
255,83,1,0,Felicity,participant,"They can understand me in some ways, but I don't know how best is to try my best.",,,,
256,84,0,0,Bryan(Host),moderator,"Yeah, I think sometimes having those kind of cognitive mentorship is important to help you to not feeling as stressful.",Supplement,True,False,True
257,84,1,0,Bryan(Host),moderator,"So I, personally, I remember that when I just started my 1st job as an it engineer many years ago, my boss just assigned me a very, very difficult, almost impossible mission of Job.",Supplement,False,False,True
258,84,2,0,Bryan(Host),moderator,And and I feel really stressful.,Supplement,False,False,True
259,84,3,0,Bryan(Host),moderator,I didn't know what's the best.,Supplement,False,False,True
260,84,4,0,Bryan(Host),moderator,So this is kind of like a Research AI job.,Supplement,True,False,False
261,84,5,0,Bryan(Host),moderator,"And then no one I know have done it before, and I didn't know how to do it, and then I did it for one month, and I asked my boss, is it just for prototyping or experiment?",Supplement,True,False,False
262,84,6,0,Bryan(Host),moderator,"And he said, he's actually has signed a contract with the customer.",Supplement,True,False,False
263,84,7,0,Bryan(Host),moderator,"He's a businessman. He just signed a contract, so I was very stressful, like Whoa!",Supplement,False,False,True
264,84,8,0,Bryan(Host),moderator,They already signed a contract.,Supplement,True,False,False
265,84,9,0,Bryan(Host),moderator,"I can't get a scene down, but then, after a while, I kind of adjusted myself attitude I feel.",Supplement,True,False,False
266,84,10,0,Bryan(Host),moderator,even if this project fell.,Supplement,True,False,True
267,84,11,0,Bryan(Host),moderator,It's not my fault.,Supplement,False,False,True
268,84,12,0,Bryan(Host),moderator,It's the fault is not just my own responsibility.,Supplement,True,False,False
269,84,13,0,Bryan(Host),moderator,It's a the fault is also the manager's responsibility because he assigned a project to a Luki.,Supplement,True,False,False
270,84,14,0,Bryan(Host),moderator,"Right? So I just try my best, and as long as I try my best doesn't matter.",Supplement,True,False,True
271,84,15,0,Bryan(Host),moderator,It goes well or bad.,Supplement,False,False,True
272,84,16,0,Bryan(Host),moderator,It's it's not just my own fault.,Supplement,True,False,False
273,84,17,0,Bryan(Host),moderator,"It's like, you know, I already have time.",All Utility,False,False,True
274,84,18,0,Bryan(Host),moderator,"So so after that, I kind of like, just, you know, life became much, much more relaxed and much easier, because I feel, oh, just do whatever I can do.",Supplement,False,False,True
275,84,19,0,Bryan(Host),moderator,The rest is up to the manager.,Supplement,True,False,False
276,84,20,0,Bryan(Host),moderator,Yeah. So that's so.,All Utility,False,False,False
277,84,21,0,Bryan(Host),moderator,That's while my experience.,Supplement,True,False,False
278,84,22,0,Bryan(Host),moderator,"Oh, and also for Felicity, I guess, like, could you also share?",Probing,True,False,False
279,84,23,0,Bryan(Host),moderator,"So you say, you also have gone through that time.",Confronting,True,False,False
280,84,24,0,Bryan(Host),moderator,"When you just finish your apply, master, apply linguistic master, and you couldn't find Job and couldn't don't know what's your next step for the future.",Probing,True,False,False
281,84,25,0,Bryan(Host),moderator,"So how do you cope with the stress, or how do you cope with the difficulty at that time.",Probing,True,False,False
282,85,0,0,Felicity,participant,I just keep sending my resumes to the companies to all the.,,,,
283,86,0,0,Bryan(Host),moderator,Like English institutions.,Supplement,True,False,False
284,87,0,0,Felicity,participant,As long as they are recruiting a English teacher.,,,,
285,87,1,0,Felicity,participant,and I got rejected for many times because they they don't need me to be their teachers.,,,,
286,87,2,0,Felicity,participant,They just want an some kind of assistant.,,,,
287,87,3,0,Felicity,participant,That's ridiculous.,,,,
288,88,0,0,Bryan(Host),moderator,Was that Becky was that baking Australia or baking china.,Probing,True,False,False
289,89,0,0,Felicity,participant,Are they based in China.,,,,
290,90,0,0,Bryan(Host),moderator,"Oh, okay, I see.",All Utility,True,False,False
291,91,0,0,Felicity,participant,Because I I don't really want to stay in Australia at the time.,,,,
292,91,1,0,Felicity,participant,"I feel at that time I thought I don't like English, and they just a tool that I can use it to make money.",,,,
293,91,2,0,Felicity,participant,And I will use this money to go Japan to study further.,,,,
294,91,3,0,Felicity,participant,"Yeah. And even though I even though I don't earn enough money, my family will support me.",,,,
295,91,4,0,Felicity,participant,So that stress I had.,,,,
296,92,0,0,Bryan(Host),moderator,"A lot of stress, but not that much.",Interpretation,False,False,True
297,92,1,0,Bryan(Host),moderator,"Okay, okay, I see.",All Utility,False,False,True
298,92,2,0,Bryan(Host),moderator,But how did you handle the rejections?,Probing,True,False,False
299,92,3,0,Bryan(Host),moderator,And how do you handle like.,Probing,True,False,False
300,92,4,0,Bryan(Host),moderator,"Cause you, you say.",Probing,True,False,False
301,92,5,0,Bryan(Host),moderator,"do you find it stressful or very kind of yeah, at the.",Probing,True,False,False
302,93,0,0,Felicity,participant,"I mean at the very beginning I was really up absurd, because I think I'm like good good enough to I I think I'm good enough for this job, but it rejected me.",,,,
303,93,1,0,Felicity,participant,It's quite like frustrated.,,,,
304,93,2,0,Felicity,participant,But soon I find it's not my fault.,,,,
305,93,3,0,Felicity,participant,It's just that companies.,,,,
306,93,4,0,Felicity,participant,They are really ridiculous.,,,,
307,93,5,0,Felicity,participant,I just fine with it.,,,,
308,94,0,0,Bryan(Host),moderator,Yeah.,All Utility,False,False,True
309,95,0,0,Felicity,participant,"And I finally find a find a company it's a very small institution, and they value me a lot.",,,,
310,96,0,0,Bryan(Host),moderator,And.,All Utility,False,False,False
311,97,0,0,Felicity,participant,Yeah. So I think everyone will have a job.,,,,
312,97,1,0,Felicity,participant,It's just a time problem.,,,,
313,98,0,0,Bryan(Host),moderator,Let's see. Thanks for your sharing.,All Utility,False,False,True
314,98,1,0,Bryan(Host),moderator,"Let's at least ask Leo Leo, so probably beside like, find, the stress of finding girlfriend.",Probing,True,True,False
315,98,2,0,Bryan(Host),moderator,"But maybe, like the stress you have experienced before.",Probing,True,False,False
316,98,3,0,Bryan(Host),moderator,How do you handle your stress?,Probing,True,False,False
317,98,4,0,Bryan(Host),moderator,How do you relieve your stress.,Probing,True,False,False
318,99,0,0,Leo,participant,"Yeah, like, I can feel everyone's story here, because in there as well.",,,,
319,99,1,0,Leo,participant,But job seeking job hunting stuff.,,,,
320,100,0,0,Bryan(Host),moderator,Hmm.,All Utility,False,True,False
321,101,0,0,Leo,participant,"Like I feel like a lot of times, with only have the control of ourself, but not all other things, and the process of a funding like finding a job.",,,,
322,101,1,0,Leo,participant,"It's mostly depending like by others like other variables, not ourselves.",,,,
323,101,2,0,Leo,participant,So after I realized that I kind of just keep trying and accepting the rejection.,,,,
324,101,3,0,Leo,participant,I guess that helped me a lot.,,,,
325,102,0,0,Bryan(Host),moderator,But how do you help yourself to accept rejections?,Probing,True,False,False
326,102,1,0,Bryan(Host),moderator,"Because sometimes it's just, you know, to swallow.",Supplement,True,False,True
327,102,2,0,Bryan(Host),moderator,Yeah.,All Utility,False,False,True
328,103,0,0,Leo,participant,"Yeah, I guess so.",,,,
329,103,1,0,Leo,participant,"Just sometimes we feel painful being redacted because we kind of connect the rejection as we are not good enough, or anything or something really to like personal.",,,,
330,104,0,0,Bryan(Host),moderator,Hmm! I I.,All Utility,False,False,False
331,105,0,0,Leo,participant,"Sincome, if we kind of want.",,,,
332,105,1,0,Leo,participant,don't make that kind of connection.,,,,
333,106,0,0,Bryan(Host),moderator,Yeah.,All Utility,False,False,True
334,107,0,0,Leo,participant,"Believing ourselves, and then just realizing that the end result might not my like.",,,,
335,107,1,0,Leo,participant,It's out of our control.,,,,
336,108,0,0,Bryan(Host),moderator,I think that's a very interesting point.,Supplement,True,False,True
337,108,1,0,Bryan(Host),moderator,"So you are saying that a failure or a rejection objectively is just simply just a failure or rejections, but very often we can interpret it further, and then we can then, causing us to change our definition or our perceived meaning of ourselves, to become somewhat negative, and that negative effect is kind of prolonged or some sometime permanent, and we try to.",Interpretation,True,False,False
338,109,0,0,Leo,participant,"Yeah, yeah, the. I think I also want to share some of my like a, I guess scientific findings.",,,,
339,110,0,0,Bryan(Host),moderator,Okay.,All Utility,False,False,True
340,111,0,0,Leo,participant,Like So there is some podcaster called the Andrew Huberman.,,,,
341,111,1,0,Leo,participant,"Don't know whether you guys heard about it, but basically.",,,,
342,111,2,0,Leo,participant,and when you've been become stressful.,,,,
343,111,3,0,Leo,participant,"We kind of release this kind of a a corridor, a neural chemical released in your brain.",,,,
344,112,0,0,Bryan(Host),moderator,That we all like,All Utility,False,False,True
345,113,0,0,Leo,participant,"Make you like emotional, unstable, and also like a release.",,,,
346,113,1,0,Leo,participant,"Adrenaline, epinephrine, that kind of stuff.",,,,
347,113,2,0,Leo,participant,But there's actually a ways to like navigate that to escape from welcome state like a behavior protocols.,,,,
348,113,3,0,Leo,participant,"Okay, you can do a deep breath.",,,,
349,113,4,0,Leo,participant,a brief work. Meditation also works.,,,,
350,114,0,0,Bryan(Host),moderator,Hmm.,All Utility,False,False,False
351,115,0,0,Leo,participant,Exercise also works. What else?,,,,
352,115,1,0,Leo,participant,"Okay, I think. But nothing beats a good sleep like after you sleep you will all feel refreshed.",,,,
353,115,2,0,Leo,participant,because during the sleep process all the cortisol will be like removed from your brain.,,,,
354,116,0,0,Bryan(Host),moderator,"Hmm, yeah. Yeah. So have you tried since you mentioned meditation?",Probing,True,False,False
355,116,1,0,Bryan(Host),moderator,Have you tried meditation?,Probing,True,False,False
356,117,0,0,Leo,participant,I'm trying to add that to my like a daily routine.,,,,
357,117,1,0,Leo,participant,"But currently, like it's not.",,,,
358,117,2,0,Leo,participant,it's not like a consistent.,,,,
359,118,0,0,Bryan(Host),moderator,Okay. But do you think works for you just simply sitting there and meditate.,Probing,True,False,False
360,119,0,0,Leo,participant,Real. I don't have a I could.,,,,
361,119,1,0,Leo,participant,"I didn't observe anything, so I'm not sure whether it works.",,,,
362,120,0,0,Bryan(Host),moderator,"Or not, but I.",Probing,True,False,False
363,121,0,0,Leo,participant,I believe in science behind it.,,,,
364,121,1,0,Leo,participant,"And there's there's a lot of research paper support of that idea, that meditation like",,,,
365,122,0,0,Bryan(Host),moderator,Hope you calm down right?,All Utility,False,False,True
366,122,1,0,Bryan(Host),moderator,"I see. Yeah, I think a lot of time.",Supplement,True,False,False
367,122,2,0,Bryan(Host),moderator,"The source of the stress is about, how do you think about yourself so like like you mentioned, and maybe others also mentioned that when you have the rejection.",Supplement,True,False,False
368,122,3,0,Bryan(Host),moderator,"if the rejection make you think that oh, I am bad.",Supplement,True,False,False
369,122,4,0,Bryan(Host),moderator,"So that's why I get rejected, and that will cause you you know, have a very low emotions and very negative mood, and also probably make you become less energetic to go for longer futures.",Supplement,True,False,False
370,122,5,0,Bryan(Host),moderator,"Right? So I so I think sometimes, really, about how do you switch the thinking?",Supplement,True,False,False
371,122,6,0,Bryan(Host),moderator,And one way to kind of I can also share my experience.,Supplement,True,False,False
372,122,7,0,Bryan(Host),moderator,One way to make yourself feel better is to find people who are doing worse.,Supplement,True,False,False
373,123,0,0,leyi,participant,"This is, I know.",,,,
374,124,0,0,Bryan(Host),moderator,So so how? So?,Probing,True,False,False
375,124,1,0,Bryan(Host),moderator,There's a movie called Fight Club.,Supplement,True,False,False
376,124,2,0,Bryan(Host),moderator,I'm not sure if you know them.,Probing,True,False,False
377,124,3,0,Bryan(Host),moderator,It's a very old movie.,Supplement,True,False,False
378,124,4,0,Bryan(Host),moderator,So in the beginning of the movie.,Supplement,True,False,False
379,124,5,0,Bryan(Host),moderator,So I can't remember the detail.,Supplement,True,False,False
380,124,6,0,Bryan(Host),moderator,"But I remember somehow, like the the main character has a very depressed life like couldn't find Job.",Supplement,True,False,False
381,124,7,0,Bryan(Host),moderator,Nothing goes well. So what did he?,Probing,True,False,False
382,124,8,0,Bryan(Host),moderator,What he did to relieve his stress is like he joined the cancer Helping group.,Supplement,True,False,False
383,124,9,0,Bryan(Host),moderator,"You know, what was a cancer helping group.",Probing,True,False,False
384,124,10,0,Bryan(Host),moderator,"It's like a bunch of people, a group of people.",Supplement,True,False,False
385,124,11,0,Bryan(Host),moderator,"Each one of them got cancers, and once in a week they will have a dinner or something together, and then share their own story like, Oh, I have cancer, and my my parents are looking after me.",Supplement,True,False,True
386,124,12,0,Bryan(Host),moderator,"So it's like a you know, like a bunch of it's a society that people who, for people who have cancer and helping each other mentally.",Supplement,True,False,False
387,124,13,0,Bryan(Host),moderator,"So he joined this group, and then he didn't have cancer, obviously that he just pretended that he got cancer.",Supplement,True,False,False
388,124,14,0,Bryan(Host),moderator,And then he just joined a group to listen people's cancer story.,Supplement,True,False,False
389,124,15,0,Bryan(Host),moderator,"And then I make him feel that his life is not too bad, so so you could do that as well.",Supplement,True,False,True
390,124,16,0,Bryan(Host),moderator,"And I also tried similar thing when I was in undergrad My last year in university, I did a volunteer in person, so I in the prison.",Supplement,True,False,False
391,124,17,0,Bryan(Host),moderator,We do kind of facilitate some talking program.,Supplement,True,False,False
392,124,18,0,Bryan(Host),moderator,The person asking prisoner to have a conversation.,Supplement,True,False,False
393,124,19,0,Bryan(Host),moderator,So that was kind of also therapy to therapy to me as well.,Supplement,True,False,True
394,124,20,0,Bryan(Host),moderator,I was also had a panic that couldn't find a job something like that.,Supplement,False,False,True
395,124,21,0,Bryan(Host),moderator,"So but talking to them and also talking to wider people, you feel like, Okay.",Supplement,False,False,True
396,124,22,0,Bryan(Host),moderator,the well is not too small.,Supplement,True,False,False
397,124,23,0,Bryan(Host),moderator,There are people who doing weight worse than me.,Supplement,True,False,False
398,124,24,0,Bryan(Host),moderator,And then there are probably also other different kind of way and opportunity.,Supplement,True,False,False
399,124,25,0,Bryan(Host),moderator,"So I think, finding people who, doing worse than you is a good way to release your stress, in my opinion.",Supplement,True,False,False
400,124,26,0,Bryan(Host),moderator,"Yeah. so. And also, I wonder if you guys have experience helping other people to relieve your stress.",Probing,True,False,False
401,124,27,0,Bryan(Host),moderator,to briefly lay a stress.,Probing,True,False,True
402,124,28,0,Bryan(Host),moderator,So you might have friends who say who just break up.,Supplement,True,False,True
403,124,29,0,Bryan(Host),moderator,and you trying to do something to help them.,Probing,True,False,False
404,124,30,0,Bryan(Host),moderator,and how do you help them?,Probing,True,False,False
405,124,31,0,Bryan(Host),moderator,Not sure. If you if you guys have any experience.,Probing,True,False,False
406,124,32,0,Bryan(Host),moderator,maybe we can stop on lay again.,Instruction,False,True,False
407,124,33,0,Bryan(Host),moderator,Have you tried to help your.,Probing,True,False,False
408,124,34,0,Bryan(Host),moderator,I know you probably at a stage.,Supplement,True,False,True
409,124,35,0,Bryan(Host),moderator,You need some help on people.,Probing,True,False,False
410,124,36,0,Bryan(Host),moderator,But have you tried to help other your friend to relieve their difficult situations or stress.,Probing,True,False,False
411,125,0,0,leyi,participant,"Well, it's like what to say.",,,,
412,125,1,0,leyi,participant,so actually I think I'm kind of considerate.,,,,
413,125,2,0,leyi,participant,"So my friends always complain something to me to like to relieve their stress, and then I become to help them.",,,,
414,125,3,0,leyi,participant,I'll just say to figure out some solutions.,,,,
415,125,4,0,leyi,participant,To to help them unwind is like this.,,,,
416,125,5,0,leyi,participant,"For example, my friends, recently she has a kind of situationship with a man.",,,,
417,125,6,0,leyi,participant,"Yeah, but she don't know whether this man this boy will like her that she want to ask some advice from me, but I don't have such kind of experience that that I was trying to help her.",,,,
418,125,7,0,leyi,participant,How to say I was trying to try to find some evidence that the boy would probably like her.,,,,
419,125,8,0,leyi,participant,"But I failed. Yeah, but I failed.",,,,
420,125,9,0,leyi,participant,"But actually, I still told to my friends that that guy probably likes you.",,,,
421,125,10,0,leyi,participant,"Yeah, you should continue to like to to do this.",,,,
422,125,11,0,leyi,participant,"Yeah. And and another thing is that my friends always have the appearance, anxiety, appearance, stress.",,,,
423,125,12,0,leyi,participant,"Then I always told him, you're the best you're you look very good you.",,,,
424,125,13,0,leyi,participant,"You are the same like like the the actress to help them like, give some advice, but maybe not helpful.",,,,
425,125,14,0,leyi,participant,"Yeah, I will try my best.",,,,
426,126,0,0,Bryan(Host),moderator,"But how do you feel when you try to help in other tools, or when you're trying to separate?",Probing,True,False,True
427,126,1,0,Bryan(Host),moderator,"Do you feel tired, or do you feel?",Probing,True,False,False
428,126,2,0,Bryan(Host),moderator,"Yeah, yeah, happy. Or I think it kind of depend on personality.",Supplement,True,False,True
429,126,3,0,Bryan(Host),moderator,Yeah.,All Utility,False,False,True
430,127,0,0,leyi,participant,I think it depends on the stress on the type of stress.,,,,
431,127,1,0,leyi,participant,"For example, if my friends want to complain about her appearance, anxiety.",,,,
432,127,2,0,leyi,participant,"Then I normally, I feel it's not a big deal.",,,,
433,127,3,0,leyi,participant,I'm very happy to help her.,,,,
434,127,4,0,leyi,participant,It's like if she talk about something.,,,,
435,127,5,0,leyi,participant,If she continue to talk about something.,,,,
436,127,6,0,leyi,participant,"I'm not familiar, and I have told her many times I have helped her many times, and then I will feel like a sense of hopeless hopelessness, you know, because if like cause cause it cause it's like even though I I talked to her many times I try to help her many times, but next time she still asking me the same question ask about complain, the same situation.",,,,
437,127,7,0,leyi,participant,I will feel like it's really meaning.,,,,
438,127,8,0,leyi,participant,"It's really meaningless, right?",,,,
439,128,0,0,Bryan(Host),moderator,"Yeah, yeah, I can see.",All Utility,False,False,True
440,128,1,0,Bryan(Host),moderator,"Yeah, I totally understand.",All Utility,False,False,True
441,128,2,0,Bryan(Host),moderator,"When people feel anxious, they probably sometimes they don't really want to answer a solution from you.",Supplement,True,False,True
442,128,3,0,Bryan(Host),moderator,"They just want someone to listen, I guess.",Supplement,True,False,True
443,128,4,0,Bryan(Host),moderator,Yeah. But that also can cause you feel stressful as well.,Supplement,True,False,False
444,128,5,0,Bryan(Host),moderator,Sometimes stress or depression can be like a disease that pass on one person to people.,Supplement,True,False,True
445,128,6,0,Bryan(Host),moderator,"yeah. And then that you don't want that because, yeah, you're happy to help them as a friend, of course.",Interpretation,False,False,True
446,128,7,0,Bryan(Host),moderator,But you don't want to also make your life become negative.,Supplement,False,False,True
447,128,8,0,Bryan(Host),moderator,"Yeah, understand? How about you, Leo?",Probing,True,False,False
448,128,9,0,Bryan(Host),moderator,Do you think? Do you have friends who have gone through stressful situation or moments.,Probing,True,False,False
449,128,10,0,Bryan(Host),moderator,How did how did you help them?,Probing,True,False,False
450,129,0,0,Leo,participant,I I don't know.,,,,
451,129,1,0,Leo,participant,Actually like hmm us!,,,,
452,129,2,0,Leo,participant,"I guess the simple answer is, no.",,,,
453,130,0,0,Bryan(Host),moderator,"Okay, so you don't you?",Probing,True,False,False
454,130,1,0,Bryan(Host),moderator,"You there so like, when your friend you haven't had friend like, have a stressful moments, or need your companion or help?",Probing,True,False,False
455,130,2,0,Bryan(Host),moderator,Who's.,Probing,True,False,False
456,131,0,0,Leo,participant,"Well, I I guess.",,,,
457,131,1,0,Leo,participant,"Maybe I'm thinking from different perspective, like, when we have a problem.",,,,
458,131,2,0,Leo,participant,I'm trying to find a solution.,,,,
459,131,3,0,Leo,participant,Like a like a solution orientated.,,,,
460,131,4,0,Leo,participant,"It's a note not trying to like, I guess.",,,,
461,131,5,0,Leo,participant,Solve the the emotion.,,,,
462,132,0,0,Bryan(Host),moderator,Yeah.,All Utility,False,False,True
463,133,0,0,Leo,participant,No.,,,,
464,134,0,0,Bryan(Host),moderator,"The risk orientated can also be a way to reduce the stress right, because as soon as you solve the problem that is also solving this source of stress.",Supplement,True,False,False
465,134,1,0,Bryan(Host),moderator,"although not always. But it does, I say sometime.",Supplement,True,False,False
466,135,0,0,Leo,participant,Yep. Yep.,,,,
467,136,0,0,Bryan(Host),moderator,So your best way of supporting your friend is through helping them to solving the problem together.,Interpretation,True,False,False
468,137,0,0,Leo,participant,"Yeah, I guess I'm suggesting a solution.",,,,
469,138,0,0,Bryan(Host),moderator,"Okay, yeah, maybe.",Supplement,True,False,False
470,139,0,0,Leo,participant,Because that's a that's a voice like a don't talk about it.,,,,
471,139,1,0,Leo,participant,Don't talk about the emotion that much.,,,,
472,140,0,0,Bryan(Host),moderator,I think that's an interesting thing.,Supplement,True,False,False
473,140,1,0,Bryan(Host),moderator,"I cannot agree with you is that sometimes when I have those kind of low emotion, moment or email moment, and I agree with you.",Supplement,True,False,True
474,140,2,0,Bryan(Host),moderator,My 1st thought would not to find my male friend.,Supplement,True,False,False
475,140,3,0,Bryan(Host),moderator,I will go for my female friend.,Supplement,True,False,False
476,140,4,0,Bryan(Host),moderator,I feel as if female are better at listening and also helping you to reinterpretating your thinking and also your emotions.,Supplement,True,False,False
477,140,5,0,Bryan(Host),moderator,Yeah. So I totally agree with you.,Supplement,True,False,True
478,141,0,0,Leo,participant,So. Do you know?,,,,
479,141,1,0,Leo,participant,Why? Do you know why I don't like?,,,,
480,141,2,0,Leo,participant,Do you know why we don't.,,,,
481,142,0,0,Bryan(Host),moderator,Why?,Probing,True,False,False
482,143,0,0,Leo,participant,Do you wanna elaborate?,,,,
483,143,1,0,Leo,participant,"Okay, I don't know.",,,,
484,143,2,0,Leo,participant,"Like, I guess it feels good.",,,,
485,144,0,0,Bryan(Host),moderator,"Okay, okay, cool. That's okay.",All Utility,False,False,True
486,144,1,0,Bryan(Host),moderator,"velocity, velocity. Do you have, friend?",Probing,True,False,False
487,144,2,0,Bryan(Host),moderator,Who had a stressful moment?,Probing,True,False,False
488,144,3,0,Bryan(Host),moderator,And how did you help them?,Probing,True,False,False
489,145,0,0,Felicity,participant,"Yeah, I did have a lot I had.",,,,
490,145,1,0,Felicity,participant,"I once had a friend, and she she we grew up together, and we knew each other for over 20 years, and but now we don't contact with each other because I think she is too annoying.",,,,
491,145,2,0,Felicity,participant,"And he she came to me, and always for some emotional counseling.",,,,
492,145,3,0,Felicity,participant,"and I thought I was her private emotional counselor for over 4 years, and every time the problems were the same, like my boyfriend did what?",,,,
493,145,4,0,Felicity,participant,"What? What? And I think it's not appropriate, so I want broke up with her with him.",,,,
494,146,0,0,Bryan(Host),moderator,But.,All Utility,False,False,True
495,147,0,0,Felicity,participant,"Finally she didn't. No matter how many solutions I suggest, I think I'm also a solution.",,,,
496,147,1,0,Felicity,participant,Orient oriented person. She came to me so I thought she wants to like wanted to solve the problem right?,,,,
497,147,2,0,Felicity,participant,So I suggest my solutions.,,,,
498,147,3,0,Felicity,participant,"And actually, it seems like she doesn't need any solutions.",,,,
499,147,4,0,Felicity,participant,She just wants someone to listen to her experience.,,,,
500,147,5,0,Felicity,participant,But I don't want always I don't want.,,,,
501,147,6,0,Felicity,participant,Listen how I mean I don't want.,,,,
502,147,7,0,Felicity,participant,Listen what you did with your boyfriend.,,,,
503,147,8,0,Felicity,participant,"I don't care. I have my life, I have my stress.",,,,
504,147,9,0,Felicity,participant,I have a lot other things that are more important to do.,,,,
505,147,10,0,Felicity,participant,"So. Yeah, I think at the very beginning I was really willing to help her.",,,,
506,147,11,0,Felicity,participant,"because I find her in a very difficult situation where she did have some problem with her girlfriend, her, her boyfriend and I, and that the in the in that time.",,,,
507,147,12,0,Felicity,participant,I think she really wanted to solve these problems.,,,,
508,147,13,0,Felicity,participant,"But gradually, yeah.",,,,
509,148,0,0,Bryan(Host),moderator,"Then just drag on, and it could repeat and.",Supplement,True,False,False
510,149,0,0,Felicity,participant,"Yeah, yeah. And every time the same, I every time the problems were very same.",,,,
511,150,0,0,Bryan(Host),moderator,"Yeah, just.",All Utility,False,False,True
512,151,0,0,Felicity,participant,Keep happening. and you just don't want to solve the problem.,,,,
513,151,1,0,Felicity,participant,So what's the point of coming to me to say those words.,,,,
514,152,0,0,Bryan(Host),moderator,"Maybe you can plug in a chat, Gpt with your account and automatic reply to her.",Supplement,False,False,True
515,153,0,0,leyi,participant,"Yeah, oh, this.",,,,
516,154,0,0,Bryan(Host),moderator,"Oh, really you did that reply.",Supplement,False,False,True
517,155,0,0,leyi,participant,"For example, like when I, talking to some unfamiliar relatives, they ask me to come to their home to like something like this, and I thought, then I want to refuse, or I want to refuse their their request, and always ask Chatgpt to help me.",,,,
518,155,1,0,leyi,participant,Think about some words.,,,,
519,156,0,0,Felicity,participant,I'm single. That's a really like good way.,,,,
520,157,0,0,Bryan(Host),moderator,"Did it work? Well, though treachery say something.",Probing,True,False,False
521,157,1,0,Bryan(Host),moderator,Okay.,All Utility,False,True,False
522,158,0,0,leyi,participant,"Yeah, I think it works well that because when Chatgpt says this and I'll copy this, and then my relatives, they just don't want to invite me.",,,,
523,158,1,0,leyi,participant,Yeah.,,,,
524,159,0,0,Bryan(Host),moderator,"Okay, okay, yeah, I think that's interesting.",All Utility,False,False,True
525,159,1,0,Bryan(Host),moderator,Okay. But have you guys tried to?,Probing,True,False,False
526,159,2,0,Bryan(Host),moderator,I know some of my friends did when they feel stressful or depressed and couldn't find someone to talk to.,Supplement,True,False,False
527,159,3,0,Bryan(Host),moderator,"They actually tried to talk, to chatgpt, to just have a you know, deep chat or sound, like using.",Supplement,True,False,False
528,160,0,0,leyi,participant,"Yeah, same, same.",,,,
529,161,0,0,Bryan(Host),moderator,Does it? How do you find it?,Probing,True,False,False
530,161,1,0,Bryan(Host),moderator,Do you find is useful in that way?,Probing,True,False,False
531,161,2,0,Bryan(Host),moderator,Yeah.,All Utility,False,False,False
532,162,0,0,leyi,participant,"I found Chatgp is super useful, because if every time I talk to her I talked to him.",,,,
533,162,1,0,leyi,participant,"My situation, my experience, my situations have always be act like considerate, you know, like, because one day I talked about my achievements and my academic achievements, and he would say, oh, you're so great.",,,,
534,162,2,0,leyi,participant,"So it's like, yeah.",,,,
535,162,3,0,leyi,participant,Gpt says like this.,,,,
536,162,4,0,leyi,participant,And I feel like it.,,,,
537,162,5,0,leyi,participant,Isn't it a human?,,,,
538,162,6,0,leyi,participant,How can they be so considerate and caring?,,,,
539,162,7,0,leyi,participant,Yeah.,,,,
540,163,0,0,Bryan(Host),moderator,"Hmm, interesting. Yeah, I can feel that.",All Utility,False,False,True
541,163,1,0,Bryan(Host),moderator,"So, yeah, my friend.",All Utility,False,False,True
542,164,0,0,leyi,participant,Can even like imitate the tone of human.,,,,
543,164,1,0,leyi,participant,So I feel it's really warm hearted.,,,,
544,165,0,0,Bryan(Host),moderator,"Yeah, so you can actually give it a role.",Supplement,True,False,False
545,165,1,0,Bryan(Host),moderator,"Say, now, your role is a psychologist or a counselor, and then you can even give him some background settings.",Supplement,True,False,False
546,165,2,0,Bryan(Host),moderator,"Say, your role is a software engineer, and then your Mbti is imtj something like that.",Supplement,True,False,False
547,165,3,0,Bryan(Host),moderator,So you will actually try to.,Probing,True,False,False
548,165,4,0,Bryan(Host),moderator,"I'm not sure how accurate it's going to be, but it will try to do something that's very typical response of those people you describe, so you can change your strategy in that way.",Supplement,True,False,False
549,165,5,0,Bryan(Host),moderator,"Yeah. okay, I think that's probably almost all our discussion for today about stress.",Supplement,False,True,True
550,165,6,0,Bryan(Host),moderator,And I hope you guys did enjoy the conversations.,Supplement,False,False,True
551,165,7,0,Bryan(Host),moderator,I think there were some interesting insight and some interesting stories.,Supplement,True,False,False
552,165,8,0,Bryan(Host),moderator,"Anyone have anything else they want to share, or they want to say before we close out the session.",Probing,True,True,False
553,166,0,0,Leo,participant,"Yeah, I guess I will try chat gpt next time.",,,,
554,167,0,0,Bryan(Host),moderator,You have a you?,Probing,True,False,False
555,167,1,0,Bryan(Host),moderator,Could you find a job?,Probing,True,False,False
556,167,2,0,Bryan(Host),moderator,"You are the only one among us, for have the job.",Supplement,False,False,True
557,168,0,0,Leo,participant,I feel like Phd is basically a job.,,,,
558,169,0,0,Bryan(Host),moderator,"Kind of half and half, if you see.",Supplement,True,False,False
559,169,1,0,Bryan(Host),moderator,it's very stressful lifestyle and a lot of uncertainty.,Supplement,False,False,True
560,169,2,0,Bryan(Host),moderator,"And also. yeah, but we have a lot of freedom.",Supplement,False,False,True
561,169,3,0,Bryan(Host),moderator,That's the only one thing I kind of cherish.,Supplement,False,False,True
562,169,4,0,Bryan(Host),moderator,But yeah.,All Utility,False,False,True
563,170,0,0,Leo,participant,"Yeah, I can. I can feel like, when I see someone, I can feel whether he's a Phd student or not.",,,,
564,171,0,0,Bryan(Host),moderator,And.,All Utility,False,False,False
565,172,0,0,Leo,participant,By the looks of it.,,,,
566,173,0,0,Bryan(Host),moderator,"Oh, by the looks, yeah, sometimes.",Supplement,False,False,True
567,173,1,0,Bryan(Host),moderator,Yeah. By the looks.,All Utility,False,False,False
568,174,0,0,Leo,participant,Like,,,,
569,175,0,0,Bryan(Host),moderator,"Always ground, and also look like they are like thinking something deeply.",Supplement,True,False,False
570,176,0,0,Leo,participant,"Like I don't know the how to express that in English, but it's trying to but squeeze their eyebrows like a, you know, constantly.",,,,
571,176,1,0,Leo,participant,"Yeah, constant state.",,,,
572,177,0,0,Bryan(Host),moderator,"Okay, yeah. Now, you can feel my PIN.",All Utility,False,False,True
573,177,1,0,Bryan(Host),moderator,There.,All Utility,False,False,True
574,178,0,0,Leo,participant,"Yeah, yeah.",,,,
575,179,0,0,Bryan(Host),moderator,"Okay, thank you guys for your time.",All Utility,False,False,True
576,179,1,0,Bryan(Host),moderator,"If there's no nothing else you want to say, I'll just close the recording here.",Instruction,False,True,False
577,179,2,0,Bryan(Host),moderator,Thank you.,All Utility,False,False,True
578,180,0,0,Felicity,participant,Thank you.,,,,
