Unnamed: 0,turn_index,sent_index,segment,speaker,role,text,topic_cluster
1,0,1,0,Christine,participant,"Yeah. Oh, just before we started.",4
4,2,0,0,Christine,participant,"Oh, yeah, the major, the major.",4
10,7,0,0,Andrew,participant,"Oh, sorry I do myself teaching secondary.",4
16,11,0,0,Christine,participant,Oh!,4
18,13,0,0,Andrew,participant,"Create the channel. Oh, have a lot to.",4
30,23,0,0,Christine,participant,"Oh, yeah, sure. Are we going to follow the order of the sorry?",4
43,31,0,0,Andrew,participant,Oh! Perfect!,4
155,66,18,0,Andrew,participant,"oh, sorry or something like maybe a sentence starter or something but with chat gpt, you just, you know, as you know, the rest of the group has have suggested.",4
174,68,0,0,Andrew,participant,"This is like, Oh, have you.",4
189,75,0,0,Christine,participant,"Oh, yeah, yeah, maybe like an English practice.",4
195,78,1,0,Christine,participant,"Oh, I think like in the next question, cause I'm studying.",4
301,98,0,0,Holly,participant,"We we can just, oh, yeah.",4
302,99,0,0,Christine,participant,"Oh, so it's self-driving like.",4
303,100,0,0,Holly,participant,"Like we can. Oh, we can take a taxi like, and there is no driver, but we can also.",4
336,118,0,0,Holly,participant,"Like. Oh, I just said.",4
524,192,0,0,Christine,participant,Yeah. Oh.,4
532,194,1,0,Christine,participant,"But I'm not sure like what Jermaine about the question like, Oh.",4
548,201,0,0,Holly,participant,"Oh,",4
551,203,0,0,Holly,participant,"Oh, okay.",4
552,204,0,0,Christine,participant,"So. Oh, it's.",4
556,207,1,0,Holly,participant,"Sorry I'm sorry. So so maybe I I think it's the Oh, we we human beings own the authorities or the rights that robots AI cannot have.",4
