Unnamed: 0,turn_index,sent_index,segment,speaker,role,text,topic_cluster
9,6,0,0,Yelin,participant,I'm sorry. I think Andrew can go first.st,2
19,14,0,0,Emma,participant,"But I'm not good at speaking English, so I don't know if my.",2
25,18,2,0,Christine,participant,So I'm really interesting about like what people think about this topic today's topic.,2
33,24,1,0,Andrew,participant,Because I I don't think she has said much about.,2
52,37,0,0,Christine,participant,"The I think, like Andrew just covered that.",2
71,44,10,0,Emma,participant,I think AI is completely powerful.,2
84,51,1,0,leyi,participant,"So I think I also in academic writing, I think AI helps me a lot in academic writing, especially chat gpt, because I'm not a native speaker, and writing is one of the biggest challenges for me.",2
99,51,16,0,leyi,participant,I think he's really helped helpful.,2
104,53,1,0,Yelin,participant,So don't report me.,2
110,54,0,0,leyi,participant,"No, I don't think so.",2
111,54,1,0,leyi,participant,I think that is probably because you don't give the proper prompt to head to it.,2
118,56,2,0,Emma,participant,I think.,2
124,59,0,0,leyi,participant,I don't think so.,2
125,59,1,0,leyi,participant,I think Chatgpt. 4 0.,2
133,62,4,0,Holly,participant,Genre so I think it's kind of very convenient for me.,2
164,66,27,0,Andrew,participant,"This is our second language, but even with our modern tongue, or even with I don't know some writing stuff, or even just, you know.",2
167,66,30,0,Andrew,participant,So I don't know.,2
168,66,31,0,Andrew,participant,"I think it's I, I think, is a great reinvention, for sure it's just that.",2
172,67,1,0,Christine,participant,"Right? I think, like.",2
199,78,5,0,Christine,participant,"I don't think everybody will replace by AI, too, because.",2
201,78,7,0,Christine,participant,"So I think, like you still need some expertise to know, like when AI's run, or how to fix them like some kind of list, so I don't think that people will directly replaced by the AI right now.",2
202,79,0,0,Emma,participant,"Yeah, definitely, I think at least, AI scientists cannot be replaced by AI, because we all know that chat Gpt is not perfect tool right now.",2
216,79,14,0,Emma,participant,"But when you don't have to work, then then I I think the the what I'm talking about.",2
217,79,15,0,Emma,participant,If you don't have to work.,2
220,80,0,0,Christine,participant,I don't know how to say that.,2
225,81,3,0,Emma,participant,Engineer. So I think this this situation is under control.,2
226,81,4,0,Emma,participant,I think that's that's all I want.,2
233,82,5,0,Yelin,participant,"I'm saying, I think most of the company would not hire.",2
241,82,13,0,Yelin,participant,"So I think, maybe the field of translator and interpreter are facing such issues that they will be.",2
245,83,0,0,leyi,participant,"Yes, I think that's all.",2
247,83,2,0,leyi,participant,"So I think that like the translation field, I think in this field.",2
250,83,5,0,leyi,participant,I think that. I think robot will not easily take place.,2
253,83,8,0,leyi,participant,"Right? So I think in this, maybe in this field.",2
256,84,0,0,Holly,participant,"Yeah, sometimes I think AI absolutely can do great work for human beings.",2
271,87,6,0,Christine,participant,"I don't know. Fix them, and then know like what kind of mistake they may make.",2
272,87,7,0,Christine,participant,"So I think, like just for now I'm not.",2
276,87,11,0,Christine,participant,I think.,2
281,91,0,0,Christine,participant,I think.,2
287,92,5,0,Emma,participant,"Because I think. yeah, because, if you can, your ability is boost is boosted.",2
290,92,8,0,Emma,participant,"So I think in the workplace, they would create some distance between people.",2
293,92,11,0,Emma,participant,I think it can make people closer to each other.,2
294,92,12,0,Emma,participant,That's what I think upon this question.,2
311,104,3,0,Emma,participant,"In this case, I think.",2
312,105,0,0,Christine,participant,So you don't need to talk about like you don't need to chat with the driver.,2
323,111,3,0,Christine,participant,"So I think, just depend on how you use that tool.",2
325,111,5,0,Christine,participant,I think.,2
338,120,0,0,Christine,participant,"Action. I think, like America.",2
339,121,0,0,Holly,participant,I don't mean that.,2
346,124,0,0,Christine,participant,I think like maybe for safety reason.,2
367,136,0,0,Christine,participant,And what do ever I know?,2
368,136,1,0,Christine,participant,Think about this question?,2
369,136,2,0,Christine,participant,Cause I think so.,2
378,137,6,0,Andrew,participant,"I don't know. So basically it's it's like, you know, this, this the uploader.",2
381,138,0,0,Yelin,participant,I know. I know what you're talking.,2
389,142,0,0,Andrew,participant,"Machine, or I don't know something like that.",2
396,148,1,0,Andrew,participant,Let's see what I'm I think we're already witnessing that like.,2
405,150,5,0,Andrew,participant,Yeah. So I think it has really changed.,2
425,158,0,0,Andrew,participant,"Evolution in the future, don't you know.",2
428,160,0,0,Andrew,participant,We might really have to think about.,2
447,166,1,0,Christine,participant,"It's like, no, I don't know.",2
450,167,0,0,leyi,participant,"And then also, I think sometimes, like some translation tools, can make people become more closer, because, even though you don't know the language.",2
468,175,4,0,Yelin,participant,Yeah. So I think sometimes people cannot be totally replaced by the AI tools.,2
477,178,0,0,Emma,participant,I think that's my answer to this question.,2
481,179,3,0,leyi,participant,And I think that's really quite different.,2
487,180,4,0,Christine,participant,"at least as far I know, I don't think that robot can replace those kind of things.",2
488,181,0,0,Holly,participant,I think robots can just imitate human beings.,2
489,181,1,0,Holly,participant,"But the biggest difference between real human beings and and robots is, I think, is the personality that we we have.",2
501,186,1,0,Christine,participant,I do think about that.,2
508,187,6,0,Andrew,participant,So I think that's where the real craft is to be honest.,2
511,187,9,0,Andrew,participant,"You know, we are still.",2
529,193,4,0,Holly,participant,"I think, to figure out in when we figure out these questions that we need to think why AI or robots exist in our world.",2
530,193,5,0,Holly,participant,I don't know. That's what I think.,2
531,194,0,0,Christine,participant,I think for me it's still a really powerful tool.,2
535,195,0,0,Holly,participant,I think they up cause how to say that.,2
536,195,1,0,Holly,participant,I think the AI or robots are just.,2
543,198,1,0,Christine,participant,So don't need to be to worry about that.,2
