Unnamed: 0,turn_index,sent_index,segment,speaker,role,text,topic_cluster
2,0,2,0,Christine,participant,"Can I like, I'm just a little bit curious about everybody's background, like, Do, what subject do you guys study.",1
47,35,0,0,Christine,participant,Did anyone like open the the document just.,1
49,36,0,0,Yelin,participant,"Okay. like, the 1st question is, what are some of the most significant changes AI has brought to our personal and professional lives today?",1
58,42,0,0,Christine,participant,So who would like to start first?,1
61,44,0,0,Emma,participant,I would like to start 1st as a Phd.,1
62,44,1,0,Emma,participant,"Student. It actually changed my professional lives like completely, but not much about my personal life.",1
64,44,3,0,Emma,participant,So my task is about like reading literature and writing code.,1
66,44,5,0,Emma,participant,"For personal life. Do I have some questions like, where can I find good restaurants?",1
68,44,7,0,Emma,participant,How do I set my daily routine like if I wanted to?,1
75,45,0,0,Christine,participant,"Can I ask, like the the restaurant recommendation?",1
78,47,0,0,Christine,participant,"Like you say, like restaurant recommendation is that is that like really helpful.",1
85,51,2,0,leyi,participant,So every time when I write like academic paper.,1
93,51,10,0,leyi,participant,"Yeah, so like, I can give an example like, so I want to say.",1
100,52,0,0,Christine,participant,"Yeah, I totally agree, because, like chapter view, the translation of the chapter is like, mostly I use it mostly.",1
103,53,0,0,Yelin,participant,"Yeah, I also have the same experience, like last month when I when I was doing the final assignments like, I have to use chatgpt a lot, because for most of the time it was not used for plagiarism.",1
105,53,2,0,Yelin,participant,"It's just, for, like I used it to search most of the sentence structure and also synonyms.",1
106,53,3,0,Yelin,participant,But sometimes the answer it gives was just like.,1
107,53,4,0,Yelin,participant,"too machine like it's like the 1st glance at the 1st glance you can tell it is given from a machine like I asked asked it to make my writing more academic, and it will replace some simple words into rather complicated ways like I can remember like I I asked asked it to provide me some synonyms for the word delay and it just replaced the word by procrastinate.",1
109,53,6,0,Yelin,participant,So I think sometimes the answers given by Chat Gpt are too machine like it is not like a.,1
128,61,0,0,Christine,participant,How about like Andrea Holly.,1
134,63,0,0,Christine,participant,Okay. Like everybody. Just muted.,1
147,66,10,0,Andrew,participant,"If we don't really question the credibility, like the authenticity of the information, provided.",1
154,66,17,0,Andrew,participant,"Probably we have to go and search, maybe online, or use some reference books like like 100 strategies of classroom management, or.",1
171,67,0,0,Christine,participant,"Like, actually, I'm a little wondering, like everyone like Prepare for the question.",1
173,67,2,0,Christine,participant,"why are you guys like talking so long like, how can you guys just like talk for like whole paragraph cause at 1st thing like.",1
175,69,0,0,Christine,participant,"Something. But, like you guys, it's like a it's like an article already.",1
181,71,2,0,Christine,participant,"So. I'm like, Hello, tomorrow.",1
185,73,0,0,Christine,participant,"I was like, wow!",1
186,73,1,0,Christine,participant,"Everybody can like just chat it like article, as I.",1
187,74,0,0,Holly,participant,"Yeah, thank everybody. I've done such an experience like in some class.",1
188,74,1,0,Holly,participant,We did some discussion part like something like this.,1
190,75,1,0,Christine,participant,"And like speaking, you have to talk like 3 min or 5 min, like pretty warm.",1
197,78,3,0,Christine,participant,"So a lot of my friend asked me about the question like, Are they going to be replaced by the AI tool?",1
198,78,4,0,Christine,participant,I'm like. I don't think so like at least right now.,1
200,78,6,0,Christine,participant,"like not, every company has that budget resource to do AI and and they still make a lot of mistakes.",1
204,79,2,0,Emma,participant,"Gpt has a lot of competitors like what I mentioned that I mentioned before, like the cloud proposed by ansopic, and also other tools in not just in English countries.",1
209,79,7,0,Emma,participant,"But I think most of most most how to say that most labor can be replaced by AI right now, like like some just like.",1
221,80,1,0,Christine,participant,"It's definitely. Is that some issue, or like it's written human being, or I'm not sure why, what you want to say.",1
227,81,5,0,Emma,participant,I would like to say for this question.,1
228,82,0,0,Yelin,participant,"Yeah, saying, I, I agree with Emma like I can raise a good example on this issue.",1
229,82,1,0,Yelin,participant,So like one of my friends she majors in translation and before she wanted to come into this area.,1
231,82,3,0,Yelin,participant,It's more like the oral translation.,1
232,82,4,0,Yelin,participant,So like after the con after the chatgpt comes out.,1
234,82,6,0,Yelin,participant,or like pay too much to the translators.,1
236,82,8,0,Yelin,participant,Like. if you have.,1
242,82,14,0,Yelin,participant,"Maybe they will be replaced by the Chatgpt or other, like AI tools in the future, because it's really how to say it's it's really like, you don't have to.",1
244,82,16,0,Yelin,participant,"Maybe they can combine a little bit of knowledge of other areas like commerce or technology, or I don't know whatever, just like they can just make their knowledge base more plentiful.",1
257,84,1,0,Holly,participant,"But sometimes, like, if you are, if you're an artist or like like a writer.",1
262,84,6,0,Holly,participant,But AI. I think AI cannot convene some like deep ideas.,1
263,85,0,0,leyi,participant,"Yeah, like, critical. Thinking, right?",1
265,87,0,0,Christine,participant,"I feel like even even AI can get the task done faster or like, make it more efficiently.",1
266,87,1,0,Christine,participant,"It still cannot like replace all of the professional, because like.",1
267,87,2,0,Christine,participant,"So in the software engineering, there are so many AI can do like the coding or something.",1
270,87,5,0,Christine,participant,So it's that we still need like a professional to.,1
273,87,8,0,Christine,participant,"I'm not talking about the future just for now I don't think like they can replace, like son of the human labor.",1
278,89,0,0,Christine,participant,Are we going to move to next question like.,1
297,94,0,0,leyi,participant,"Yeah, like, automatic.",1
299,96,0,0,Holly,participant,"It's like something like uber, but they there is no driver, and they",1
307,103,0,0,Christine,participant,"So so do you think like it will make people more closer to each other, or like.",1
314,107,0,0,Holly,participant,"Yeah, it's like auto drive some words like that.",1
320,111,0,0,Christine,participant,"I think, like well, AI tool is just depend on how you use this tool, because, like AI can help like what we say before, like AI can help us translating a lot of thing, and then it can.",1
321,111,1,0,Christine,participant,"I don't know, broke down some berries, but somehow, like like holy.",1
322,111,2,0,Christine,participant,"Just say if they replace some human being like chat, some sometimes chat with AI can help you like meet your emotional need, so you don't need to chat with other.",1
324,111,4,0,Christine,participant,"It can help you like make it closer, or actually make it more distant.",1
329,113,0,0,Christine,participant,I'm not sure like.,1
340,122,0,0,Christine,participant,"I mean, I know, like American banned the the automot driving previous year because of, they need more testing about this because it's like really new technology.",1
343,122,3,0,Christine,participant,I I'm not sure if they banned it because of the like.,1
348,124,2,0,Christine,participant,But I didn't heard of like any country.,1
350,124,4,0,Christine,participant,I'll like search for the news more like.,1
360,130,0,0,Christine,participant,"But wait actually for die kangaroo, like even now, like the driver, don't don't need to.",1
375,137,3,0,Andrew,participant,"Yeah, so it's it's kind of like he falls in love with.",1
380,137,8,0,Andrew,participant,"Chatgpt to respond to her questions in a certain way, like in a rude way, but all, or just in a kind of like a persona.",1
423,156,2,0,Andrew,participant,It feels like there might be a.,1
438,162,0,0,Christine,participant,Actually like what you mentioned earlier.,1
439,162,1,0,Christine,participant,"Remind me, the new, a news is like, a Japan.",1
443,164,0,0,Christine,participant,"Yeah, like, it's crazy.",1
444,164,1,0,Christine,participant,Like.,1
448,166,2,0,Christine,participant,"Yeah. Like, food was like crazy like.",1
449,166,3,0,Christine,participant,"you cannot like, imagine more well-being in the future.",1
456,171,0,0,Yelin,participant,"I think, for the last question, like just like I mentioned before the translation, the translator and interpreter.",1
457,171,1,0,Yelin,participant,The careers like this.,1
460,171,4,0,Yelin,participant,So like there still has room for human human beings to.,1
464,175,0,0,Yelin,participant,"Yeah, and also like some creative work, because I think most of the AI tools, I'm not sure it's just my personal guess.",1
465,175,1,0,Yelin,participant,"Like most of the AI tools are established on a large base that is provided by, provided or collected from like human beings.",1
467,175,3,0,Yelin,participant,"Brain. So like, I think the creative, the creative capacity is rather wake compared with human beings like for some really good literature work, it still needs human to to write on it, to work on it.",1
473,176,4,0,Emma,participant,"It's I think it's sort of like a bad character, but it's it makes it makes the the the human is like.",1
484,180,1,0,Christine,participant,"Emma, like the the facial expression and the feeling of the company is like, it's hard to replace by the machine cause.",1
485,180,2,0,Christine,participant,"Yeah, like, humans still have like those kind of feelings like the machine.",1
486,180,3,0,Christine,participant,"It's really hard to like fake like they have those kind of feeling like if you have like a facial expression like smelling or not in your head, when when people are talking like those kind of things like no, I think like, for now.",1
491,182,0,0,Christine,participant,"Also, I think, like for the AI, you need to at least like define the problem or a task.",1
492,182,1,0,Christine,participant,"or like, even if there's a reinforcement learning.",1
494,182,3,0,Christine,participant,So I think like those kind of things like for human is like our that is the irreplaceable saying that AI cannot cannot do like.,1
495,182,4,0,Christine,participant,"They cannot think of what they want to do like like holy, say, personality like they cannot think like, Oh, today I want to finish this task.",1
504,187,2,0,Andrew,participant,"Ask humans, like teachers.",1
505,187,3,0,Andrew,participant,"For example. you, you can choose to study online but like.",1
512,187,10,0,Andrew,participant,"We are human beings, like human.",1
520,189,5,0,Andrew,participant,"But at the moment, probably it's still like we still have to do a lot of works by ourselves.",1
526,193,1,0,Holly,participant,"But AI or robots, they are more like more like tools to serve our lives.",1
533,194,2,0,Christine,participant,"you say, like human, and the relationship between human and AI like, what?",1
537,196,0,0,Christine,participant,Like.,1
547,200,1,0,Christine,participant,I'm like.,1
549,202,0,0,Christine,participant,"Yeah, I'm just thinking, like, we finished all the questions.",1
558,208,0,0,Christine,participant,"Yeah. So I just wondering, like, Are are we going to like, move on, or like chat more about this topic?",1
