Unnamed: 0,turn_index,sent_index,segment,speaker,role,text,dialogue_act,informational motive,coordinative motive,social motive,topic_cluster
24,1,5,0,CiCi,participant,"I think that is really helpful for my essays, and I also use AI to polish my English.",,,,,2
28,1,9,0,CiCi,participant,"Sometimes I also use AI to ask some basic questions just like, Oh, what vegetables that contain the vitamin C or BI think that is the basic that is so common knowledge in our life.",,,,,2
33,2,1,0,Bryan Chen,moderator,"Because I think nowadays, when people talk about AI people kind of associate it with like Chatgpt.",Supplement,True,False,False,2
34,2,2,0,Bryan Chen,moderator,But I think AI is kind of broader than chatgpt.,Supplement,True,False,False,2
45,7,0,0,CiCi,participant,"Oh, I think of I I I know it.",,,,,2
49,8,0,0,Bryan Chen,moderator,"I think it's become more and more common, and it's somehow like, I mean as a student, it's kind of.",Supplement,True,False,False,2
55,9,1,0,Marine,participant,I think I think now we can seek emotional support and guidance from Latin language models rather than rely on human relationships.,,,,,2
59,9,5,0,Marine,participant,"Application letters or research proposals and the uncertain and self-duberative, I think I need to all work.",,,,,2
64,9,10,0,Marine,participant,I think it offers me emotional stability.,,,,,2
68,10,2,0,Bryan Chen,moderator,Or do you use it as someone like a tool to help you to think about some worries or problems?,Probing,True,False,False,2
91,15,3,0,Liz,participant,"So I think that's a very important application of AI, you know, application in the assessment.",,,,,2
118,21,3,0,Liz,participant,"Yeah, I just think I'm on the other side, that maybe it might violate some of our, some of our security.",,,,,2
124,25,0,0,Urania,participant,"Yeah. I think, especially for the students.",,,,,2
129,25,5,0,Urania,participant,"And also there are some AI tools, I think, to especially for students to use it to, some summarize, some articles to no, to give us the main points like the study aim, or conclusion or limitation, something like that to show us a very clear direction of the whole of the whole article.",,,,,2
131,25,7,0,Urania,participant,"And then at the final period, I think, is the yeah language polishing, just as as just mentioned.",,,,,2
133,25,9,0,Urania,participant,"But I think there is a problem that if I do not to instruct a prompt, for like please do not change my my idea in this text or this paragraph.",,,,,2
140,25,16,0,Urania,participant,So I think it's a very clear for me to learn this maybe we can call it linguistics resources.,,,,,2
143,28,0,0,Bryan Chen,moderator,"Knowing that. Because I I think learning a language, you need to learn how to write.",Supplement,True,False,False,2
152,28,9,0,Bryan Chen,moderator,But do you think without it?,Probing,True,False,False,2
153,28,10,0,Bryan Chen,moderator,"Can you write in a similar, do you think?",Probing,True,False,False,2
159,31,1,0,Urania,participant,"I think it's helpful for me, and sometimes when I meet some like some expressions that I'm not sure, or I think I have mentioned these.",,,,,2
164,32,0,0,Bryan Chen,moderator,I think that's good cause.,Supplement,False,False,True,2
187,37,15,0,Jane,participant,"And I think the the most early AI tool I used maybe like caption tool or like siri in the smartphone, things like that.",,,,,2
190,40,0,0,Bryan Chen,moderator,I think churchity really has been kind of bye all the students using in our day.,Supplement,True,False,False,2
192,40,2,0,Bryan Chen,moderator,yeah. So I think that kind of also link us to the next questions.,Instruction,False,True,False,2
204,40,14,0,Bryan Chen,moderator,"And also, how do you have you think about any strategy?",Probing,True,False,False,2
226,43,6,0,Marine,participant,"So I think it is obvious it is obviously that with future advancements, AI can potentially replace many, many at least entry level programming positions.",,,,,2
232,45,2,0,Marine,participant,But the researchers still think they marker the true logical reasoning.,,,,,2
233,45,3,0,Marine,participant,"Yeah. Yes, I. And I think I think so much language models also have some limitations.",,,,,2
237,46,1,0,Bryan Chen,moderator,"and also recently, I have heard news, I think, well, the Major AI company, either I can't remember.",Supplement,True,False,False,2
244,46,8,0,Bryan Chen,moderator,"So yeah, so I think, like the coverage of automation has become higher and higher.",Supplement,True,False,False,2
246,47,0,0,Marine,participant,"Yes, exactly. I think maybe in the future, the the personal, the person the not language based agent for personal applications via there will be more and more.",,,,,2
255,52,1,0,Bryan Chen,moderator,Because I think kind of potentially might replace some of the applied linguistic associated role like marketing.,Supplement,True,False,False,2
267,53,9,0,Urania,participant,"I think it's about translation, because maybe because of the major.",,,,,2
271,53,13,0,Urania,participant,"And when I consider the major of translation, I think it's really a big challenge for that, major.",,,,,2
278,54,0,0,Bryan Chen,moderator,"I think talking about translation, I think translation sometimes is not just about word to word translations.",Supplement,True,False,False,2
296,57,0,0,Jane,participant,"Yeah, honestly, I'm not quite worried about that, because I think I'll be like a house teacher in future.",,,,,2
302,58,0,0,Bryan Chen,moderator,Okay. So you think that there are some element that human teacher can do but cannot easily be replaced by AI.,Probing,True,False,False,2
304,59,1,0,Jane,participant,But I don't think AI can provide emotional like like this kind of emotional support for them.,,,,,2
306,60,1,0,Bryan Chen,moderator,So I think there's a disagreement here.,Interpretation,True,False,False,2
311,61,1,0,CiCi,participant,I think in there are 3 areas.,,,,,2
314,61,4,0,CiCi,participant,"You have to have a idea you have to think about the product or people, or where people use this product in their daily life.",,,,,2
316,61,6,0,CiCi,participant,For this one. I think AI could provide some good idea about it.,,,,,2
317,61,7,0,CiCi,participant,"But for the details that is happening in our life, I think marketers should have their observation to think about the benefits of the products and for the events.",,,,,2
318,61,8,0,CiCi,participant,And I think a AI could come up with a good event about this brand or product.,,,,,2
338,64,4,0,Bryan Chen,moderator,Yeah. So I think that associate related to what you are doing.,Interpretation,True,False,True,2
345,65,2,0,Liz,participant,Cause. I think. 1st of.,,,,,2
346,65,3,0,Liz,participant,"1st of all, I think I, okay, maybe I will go for some positions like researchers to promote to to explore the application of air technology.",,,,,2
348,65,5,0,Liz,participant,"I think in the in these 2 options, I think I I want the like a master or a developer to control, to promote, to make the AI technology more perfectly and more convenient for in our life.",,,,,2
349,65,6,0,Liz,participant,"So no to this, for this point I would think that the AI technology will threaten, threaten my my my career.",,,,,2
350,65,7,0,Liz,participant,"And so on the other side, that the second point is that I think the the relationship between people between human being and the development of AI technology is dynamic.",,,,,2
352,65,9,0,Liz,participant,Maybe some of the some of the positions which are which are done by human beings.,,,,,2
355,65,12,0,Liz,participant,So I I do think that as the application of the AI community.,,,,,2
361,66,4,0,Bryan Chen,moderator,"But I think there are also some research saying that they, I think recently Stanford had a research paper.",Supplement,True,False,False,2
364,66,7,0,Bryan Chen,moderator,"I think I score higher than human, maybe, but I mean, how fair is a score I don't know.",Supplement,True,False,False,2
371,68,3,0,Bryan Chen,moderator,Cause? I I think I think many of you have mentioned about emotional support one way or another.,Interpretation,True,False,False,2
372,68,4,0,Bryan Chen,moderator,"Marine mentioned about how she used AI to be a conversational partner, and also, I think, one of the maybe Urania or Jen also also mentions kind of the the emotional aspect of AI.",Interpretation,True,False,False,2
373,68,5,0,Bryan Chen,moderator,So I think AI is pretty good in that aspect.,Supplement,True,False,False,2
381,68,13,0,Bryan Chen,moderator,Do you think AI can help people interact better?,Probing,True,False,False,2
382,68,14,0,Bryan Chen,moderator,Or do you think people will be overly relying on AI emotionally?,Probing,True,False,False,2
388,73,0,0,Urania,participant,"Yeah, for me. I I now I can think about the examples about the interaction or the relationship between different people using AI, but I think it is still possible to a replacement for the maybe like a role as a friend.",,,,,2
399,76,1,0,Bryan Chen,moderator,Do you think? Can AI have a sorry?,Probing,True,False,False,2
400,76,2,0,Bryan Chen,moderator,Can human have a romantic relationship with AI.,Probing,True,False,False,2
401,77,0,0,Marine,participant,"Oh, that is a very interesting questions actually, for me, I I think there are some situations that if you talk to AI!",,,,,2
404,78,1,0,Bryan Chen,moderator,"But let's say that the AI can understand you and can give you support, but, like philosophically or conceptually, do you think AI can be a partner for human.",Probing,True,False,False,2
405,79,0,0,Marine,participant,"Actually, I think that human AI can be a partner.",,,,,2
408,81,0,0,Marine,participant,"Yes, I I always think to call agent for personal applications via the future directions.",,,,,2
412,81,4,0,Marine,participant,Myself. I think I have some social difficulties.,,,,,2
419,83,2,0,Marine,participant,I think it is not a problem.,,,,,2
420,83,3,0,Marine,participant,"But however, you can think, if this is a group, a group meeting during during a job interview without a without you, without",,,,,2
426,88,0,0,Bryan Chen,moderator,But do you think that?,Probing,True,False,False,2
430,88,4,0,Bryan Chen,moderator,"But people don't. Do you think, would that be an issue for people like introvert people to make them even more introvert.",Probing,True,False,False,2
431,89,0,0,Marine,participant,"Oh, I think it is possible.",,,,,2
437,92,1,0,Bryan Chen,moderator,Find a human to do that.,Instruction,False,True,False,2
441,92,5,0,Bryan Chen,moderator,Do you think AI and human can become have a deeper relationship rather than just superficially kind of partner?,Probing,True,False,False,2
443,93,0,0,CiCi,participant,"I think AI just like a friend that is, could be a partner, because for me, the partner that is not that is, doesn't just mean the emotional support that is also means that the the.",,,,,2
444,93,1,0,CiCi,participant,"the the companion, I think that is very important for me to have.",,,,,2
449,93,6,0,CiCi,participant,"That is so good for me, but for a partner, I think he he is, not only could provide some suggestions, but also could stay with me that he's a physic physical, that is, a physics that is not.",,,,,2
453,95,1,0,CiCi,participant,I think maybe maybe in the future there might be robot.,,,,,2
456,95,4,0,CiCi,participant,I think that is so weird.,,,,,2
457,96,0,0,Bryan Chen,moderator,"Yeah, I think I agree with you some part, but probably not just a physical part.",Supplement,True,False,False,2
467,96,10,0,Bryan Chen,moderator,I think that still cannot stay at the label as a tool for me it cannot.,Supplement,True,False,False,2
469,96,12,0,Bryan Chen,moderator,"That's my thought. So I feel on that aspect human, because, like sometimes we say, sometimes we, we think human have weakness, and that weakness is bad.",Supplement,True,False,False,2
471,96,14,0,Bryan Chen,moderator,So I think that for me that part is kind of irreplaceable.,Supplement,True,False,False,2
473,97,0,0,Jane,participant,"Yeah, I think. I think for me it's never possible for AI tools to replace the the interaction between human beings, because.",,,,,2
477,98,0,0,Bryan Chen,moderator,"But I think this may have happened before, because there were news that I feel, I think, like 2 weeks ago there was a guy who fall in love with one of the AI model.",Supplement,True,False,False,2
483,98,6,0,Bryan Chen,moderator,You know deeper relationship between human and AI.,Probing,True,False,False,2
488,98,11,0,Bryan Chen,moderator,So I think we can just quickly show what I was here.,Instruction,False,True,False,2
495,101,0,0,Liz,participant,"Yeah, about the relationship between, like between the human beings and AI, yeah, I think, I feel that it could be a a good friend, a good friendship or personal relationship.",,,,,2
513,101,18,0,Liz,participant,"My, what the other, what other people around me think about this, or whether this, my decision or my choice, my option is proper or or not it.",,,,,2
527,104,2,0,Bryan Chen,moderator,"So for the last question, I want people to just quickly, maybe answer with one single sentence, you can think about it for maybe 1 min how you want to answer that, like what other things you believe human have cannot be replaced by AI.",Probing,True,True,False,2
530,104,5,0,Bryan Chen,moderator,"Can you say in one sentence, like, what do you think human have that cannot be replaced by AI.",Probing,True,False,False,2
531,105,0,0,Marine,participant,"Oh, good question let me think you as you mentioned you said that that the natural language models can improve their impasse and the emotional intent intelligence.",,,,,2
532,105,1,0,Marine,participant,"Yes, I think this is correct.",,,,,2
533,105,2,0,Marine,participant,I think this may be a future direction.,,,,,2
540,105,9,0,Marine,participant,Think of some insights.,,,,,2
541,105,10,0,Marine,participant,Think of some ideas about the research.,,,,,2
543,105,12,0,Marine,participant,"Yes, that's a but I but actually oh, I think like it would soaked.",,,,,2
546,105,15,0,Marine,participant,I always think that people may have a more.,,,,,2
549,106,0,0,Bryan Chen,moderator,"But I guess I think, like, how do you judge?",Probing,True,False,False,2
555,106,6,0,Bryan Chen,moderator,"Maybe in one or 2 sentence, what do you think human have that cannot be replaced by AI.",Probing,True,False,False,2
556,107,0,0,CiCi,participant,"I think the social interaction that takes to be with the AI, because the social interaction that is based on the shared experience, and that just happened to human and human that is not human.",,,,,2
557,107,1,0,CiCi,participant,And AI.,,,,,2
561,109,0,0,Urania,participant,"Yeah, I think it's that the problem related to firstly, emotion, and secondly, some complex culture.",,,,,2
563,111,0,0,Urania,participant,"Thirdly, it depends on different context, because I think AI is based on a very, very large database.",,,,,2
571,112,4,0,Bryan Chen,moderator,That human cannot be replaced by AI.,Supplement,True,False,False,2
572,113,0,0,Jane,participant,"Yeah, I think, AI cannot use the language as a way that human beings do.",,,,,2
574,113,2,0,Jane,participant,"I don't think, given the context, AI will use Scarism, or they will do Scarism in the way that like human beings, do.",,,,,2
579,117,1,0,Liz,participant,"But I think. and like the advantage of AI, is that they can deal with thousands of data.",,,,,2
584,117,6,0,Liz,participant,"I think human being, we human beings can do better than the AI technology.",,,,,2
585,118,0,0,Bryan Chen,moderator,"I see. So I think you guys have mentioned emotions, capability, social interaction, and maybe innovation, creativity and all that.",Interpretation,True,False,False,2
587,118,2,0,Bryan Chen,moderator,But I personally think all of those things you guys have mentioned can potentially be overcome in the future.,Supplement,True,False,False,2
588,118,3,0,Bryan Chen,moderator,"So I don't think I, personally, I think the biggest power of human.",Supplement,True,False,False,2
596,118,11,0,Bryan Chen,moderator,So I think the human superpower and that AI cannot easily replace is creating meaning.,Supplement,True,False,False,2
598,118,13,0,Bryan Chen,moderator,"So yeah, I think we'll probably just read out today here today.",Instruction,False,True,False,2
