Unnamed: 0,turn_index,sent_index,segment,speaker,role,text,topic_cluster
0,0,0,0,Christine,participant,So are are we going to install right now?,0
3,1,0,0,leyi,participant,"This semester, or the major.",0
5,3,0,0,leyi,participant,I study in the poly linguistics.,0
7,4,0,0,Andrew,participant,I do most of teaching.,0
8,5,0,0,leyi,participant,Sorry.,0
11,8,0,0,Yelin,participant,I also major in applied linguistics.,0
12,8,1,0,Yelin,participant,And the next semester is going to be my last semester.,0
13,8,2,0,Yelin,participant,Yeah. So I'm I'm currently just finished the 3rd semester and my branch is Tsol.,0
14,9,0,0,Christine,participant,Hmm.,0
15,10,0,0,Emma,participant,I'm doing medical science combined with AI.,0
17,12,0,0,Emma,participant,A Phd. Student.,0
20,15,0,0,Andrew,participant,All over.,0
21,16,0,0,Emma,participant,Some garbage data.,0
22,17,0,0,Andrew,participant,"No, no, no, you'll be fine.",0
23,18,0,0,Christine,participant,I'm I'm studying master of it.,0
24,18,1,0,Christine,participant,And I actually focus on AI.,0
26,19,0,0,Andrew,participant,So we're having 2 pros.,0
27,20,0,0,Christine,participant,No no actually.,0
28,21,0,0,Andrew,participant,"Yeah, cool. It's gonna gonna be a lot of insights into AI.",0
29,22,0,0,Yelin,participant,Then? Shall we start about the questions.,0
31,23,1,0,Christine,participant,I mean.,0
32,24,0,0,Andrew,participant,"Is, is holly still with us?",0
34,25,0,0,Holly,participant,"Yeah. Hello, everyone. I'm sorry.",0
35,25,1,0,Holly,participant,Just a little bit late.,0
36,26,0,0,Christine,participant,Hello!,0
37,27,0,0,Yelin,participant,It's okay. It's just Carol.,0
39,28,1,0,Andrew,participant,Holly?,0
40,29,0,0,Holly,participant,I was ever majoring in applied linguistics.,0
41,29,1,0,Holly,participant,Now I have graduated.,0
42,30,0,0,Yelin,participant,Whoa!,0
44,32,0,0,Yelin,participant,Congratulations.,0
45,33,0,0,Holly,participant,"Okay, sure, shall we start the questions, or do we have some questions here?",0
46,34,0,0,Yelin,participant,"I said, Thank God.",0
48,35,1,0,Christine,participant,or I need to find it.,0
50,36,1,0,Yelin,participant,And how do these changes enhance or complicate our daily activities?,0
51,36,2,0,Yelin,participant,And maybe I can copy this question to the comments area so that everyone can have a look of the.,0
54,38,1,0,Yelin,participant,Thank you.,0
56,40,0,0,Christine,participant,Thank you.,0
59,42,1,0,Christine,participant,st,0
60,43,0,0,Yelin,participant,Okay.,0
63,44,2,0,Emma,participant,So for professional life as a Phd student measuring in AI.,0
65,44,4,0,Emma,participant,"And it's more about academic writing and coding, and the AI can in particular, especially Chat Gpt can help me on both tasks, and it makes me more much more efficient, and can find the answer much quickly than before.",0
67,44,6,0,Emma,participant,Or where how to?,0
69,44,8,0,Emma,participant,"Like be more healthy or more energetic, or how should I set my workout plan and nutrition plan.",0
70,44,9,0,Emma,participant,AI can help me a lot with this general tasks.,0
72,44,11,0,Emma,participant,"everybody, and it changes the productivity.",0
73,44,12,0,Emma,participant,It changed. It improves people's productivity a lot.,0
74,44,13,0,Emma,participant,That's my thinking.,0
76,45,1,0,Christine,participant,Is that really helpful.,0
77,46,0,0,Emma,participant,What? What's recommendation?,0
79,48,0,0,Emma,participant,"Yeah, it's good. You use a search.",0
80,48,1,0,Emma,participant,"You use a web search, and you open a web search and you can choose your preferred flavors, and I think it's really helpful.",0
81,49,0,0,Christine,participant,Okay.,0
82,50,0,0,Emma,participant,"I hope one day I hope one day it it can help you to book the restaurant automatically, I and I I, although I haven't like used Claude much more much before, but I think Claude can do it right now.",0
83,51,0,0,leyi,participant,"Yeah, I have the same situation with Emma.",0
86,51,3,0,leyi,participant,I will always use my playing playing words to write.,0
87,51,4,0,leyi,participant,And then I asked.,0
88,51,5,0,leyi,participant,I gave some prompts to Chatgpt.,0
89,51,6,0,leyi,participant,"I asked him, I'm not a native speaker.",0
90,51,7,0,leyi,participant,"Please help me to revise it, to make it more academic, readable, and precise, and then, after that, you will receive.",0
91,51,8,0,leyi,participant,"I will receive a perfect answer from Chatgpt, and then I will always use some words and expressions, some synonyms or phrase it, or the structures to replace my original one.",0
92,51,9,0,leyi,participant,"So I think it's really effective, and I and every time I was wondering why Chatgpt is so smart, why, he can understand what I want to say, even though I didn't express in that way.",0
94,51,11,0,leyi,participant,"long time. No say is, is a changelish way, right?",0
95,51,12,0,leyi,participant,"But and nowadays people are accepted, and the original expression is be.",0
96,51,13,0,leyi,participant,would be. It would be a long time since we last.,0
97,51,14,0,leyi,participant,"So when I write these 2 sentences, and then I give it to Chatgpt and Chatgpt knows that I want to say that the original one is cubersome is this fact that I didn't even mention about this.",0
98,51,15,0,leyi,participant,But he can catch my point.,0
101,52,1,0,Christine,participant,This thing is the most helpful thing.,0
102,52,2,0,Christine,participant,Pull AI tool right now as a non-edgy speaker.,0
108,53,5,0,Yelin,participant,So that is such complex and not a very daily used one.,0
112,54,2,0,leyi,participant,So that's why it's kind of machine.,0
113,54,3,0,leyi,participant,"But if you can give the direct and proper prompt chat, Gpt will definitely give the answer you want.",0
115,55,0,0,Yelin,participant,"You're right, because yes, sometimes I'm too lazy.",0
116,56,0,0,Emma,participant,Yeah. Has anyone used Claude?,0
117,56,1,0,Emma,participant,There's a lot of AI to use?,0
120,57,1,0,leyi,participant,I used it to.,0
121,57,2,0,leyi,participant,Look up some references.,0
123,58,0,0,Emma,participant,Is it better than chatgpt or not?,0
126,59,2,0,leyi,participant,Is the best.,0
129,62,0,0,Holly,participant,"I think it's very convenient to work with, or just undo some, but just 2 days ago, and for example, 2 days ago.",0
130,62,1,0,Holly,participant,"I just want to write something like a teaching plan, because I it's been a long time I didn't.",0
131,62,2,0,Holly,participant,I didn't write such teaching plan.,0
132,62,3,0,Holly,participant,"So just to use AI app to just write an example for me, and so that I can know so that I can review the the text.",0
135,64,0,0,Andrew,participant,Music.,0
136,65,0,0,Christine,participant,Quickly!,0
137,66,0,0,Andrew,participant,"Yeah, what are some significant changes?",0
138,66,1,0,Andrew,participant,It's probably personal. personal.,0
139,66,2,0,Andrew,participant,I've heard from. I've heard and read from social media that AI could be really helpful for someone's life like.,0
140,66,3,0,Andrew,participant,The other day I came across this post saying that this person has some.,0
141,66,4,0,Andrew,participant,"This person doesn't feel so well so I kind of forgot it, he or she so he or she brought all these symptoms through Chatgpt and Chatgpt provided an answer that probably he or she had some heart issues.",0
142,66,5,0,Andrew,participant,So actually he she I'll just go with he.,0
143,66,6,0,Andrew,participant,"So he actually went to the hospital and talked to the doctor, and they found out that they, the person, actually had a very early stage of of a heart disease.",0
144,66,7,0,Andrew,participant,"So because of this, he posted on social media saying, Chatgpt saved my life.",0
145,66,8,0,Andrew,participant,"I don't have that kind of experience, but I'd assume in the future when AI becomes even more prevailing than it is now in our life.",0
146,66,9,0,Andrew,participant,It becomes a super powerful searching engine that we can interact with anytime anyplace which is which is pretty overwhelming to be honest.,0
148,66,11,0,Andrew,participant,"It can be a real game changer to be honest, and because it's more than just a searching engine.",0
149,66,12,0,Andrew,participant,"It's also a very helpful tool, so to speak, you know.",0
150,66,13,0,Andrew,participant,"So this this has something to do with, you know our professions?",0
151,66,14,0,Andrew,participant,"I do. I study I study, but I do most of teaching so we have a lot of lesson plans to design, you know, to to prepare for different materials for our lessons for secondary school students.",0
152,66,15,0,Andrew,participant,"So most of the time, you know, if it's before Chatgpt.",0
153,66,16,0,Andrew,participant,"It would be endless paperwork, just copy and paste, and, you know, try and come up with different activities when we actually run out of ideas.",0
156,66,19,0,Andrew,participant,"You just have to prompt correctly, and there will be endless numerous lesson plans coming out.",0
157,66,20,0,Andrew,participant,"So yeah, it's a super convenient.",0
158,66,21,0,Andrew,participant,It significantly boost our productivity.,0
159,66,22,0,Andrew,participant,"As to the changes, I think it has definitely complicated our daily activities in a sense that some of the some of our our capacity of, you know, conducting these tedious repetitive jobs.",0
160,66,23,0,Andrew,participant,Are kind of deprived from us.,0
161,66,24,0,Andrew,participant,I'm not saying that is a bad thing.,0
162,66,25,0,Andrew,participant,"I just I'm little bit concerned, because at the moment, you know, I begin to I begin to feel less confident in my own writing, because a lot of us.",0
163,66,26,0,Andrew,participant,Of course we are not native speakers.,0
165,66,28,0,Andrew,participant,generally crystallize our ideas.,0
166,66,29,0,Andrew,participant,"I might choose to tend to chat gpt, instead of fully relying on my own intelligence and my my, my knowledge bank, or anything like that.",0
169,66,32,0,Andrew,participant,I still cannot see through its consequences.,0
176,69,1,0,Christine,participant,How does this happen?,0
177,70,0,0,Andrew,participant,And I haven't found.,0
178,70,1,0,Andrew,participant,We've got some.,0
179,71,0,0,Christine,participant,Is already prepared for this chatting.,0
180,71,1,0,Christine,participant,cause I I do.,0
182,71,3,0,Christine,participant,I just just curious.,0
183,71,4,0,Christine,participant,Just curious.,0
184,72,0,0,Holly,participant,Absolutely not. I didn't prepare it at all.,0
192,77,0,0,Emma,participant,Or shall we move?,0
193,77,1,0,Emma,participant,To the next question?,0
194,78,0,0,Christine,participant,"Yeah, sure. Okay, so let me see.",0
196,78,2,0,Christine,participant,"AI, I just say, I study AI.",0
203,79,1,0,Emma,participant,"Obviously, it has the chat.",0
205,79,3,0,Emma,participant,"as in in China, there's a lot of Chinese, AI Llm is there?",0
206,79,4,0,Emma,participant,They are not. They are.,0
207,79,5,0,Emma,participant,They are far. They are far away from perfect.,0
208,79,6,0,Emma,participant,And they need a lot of engineers and scientists to improve it.,0
210,79,8,0,Emma,participant,if you need someone to polish your writing chat.,0
211,79,9,0,Emma,participant,Gpt can definitely replace that.,0
212,79,10,0,Emma,participant,"And also some programmer, the the come, the Internet the company needs less programmer than before to finish their tasks, and people become much more efficient than before.",0
213,79,11,0,Emma,participant,"It definitely would in my mind it would definitely cause some cause the loss of jobs and how we can the society, how how should the society implement some strategies to adapt this?",0
214,79,12,0,Emma,participant,"Well, if you don't have any job, you just stay at home.",0
215,79,13,0,Emma,participant,"It's a good thing, I think, if you have, like some income income to support you, maybe from your parents or the society, the country.",0
218,79,16,0,Emma,participant,Then then do not work.,0
219,79,17,0,Emma,participant,"Yeah. I mean, it definitely would cause some So.",0
222,81,0,0,Emma,participant,Some people would lose.,0
223,81,1,0,Emma,participant,"I think the major problem in my mind would be, some people would lose their job forever, because they are completely replaced by AI.",0
224,81,2,0,Emma,participant,But at least they can be prompt.,0
230,82,2,0,Yelin,participant,"Chatgpt has hasn't become that popular as currently so like, she she initially want wanted to be a good translator and also an inter interpreter.",0
235,82,7,0,Yelin,participant,"As they used to be, because for some simple translation work it can totally be done by Chatgpt or other like translation tools, but and also for some simple conversation translation.",0
237,82,9,0,Yelin,participant,If you if you are using an iphone and you have upgrade to Ios 18.,0
238,82,10,0,Yelin,participant,And if your system.,0
239,82,11,0,Yelin,participant,"Language is English. You will find, if you like, make a video recording audio recording, and there will be an automatic English version of translation, though it's not 100% accurate.",0
240,82,12,0,Yelin,participant,There actually exist. It actually exists.,0
243,82,15,0,Yelin,participant,"People. Sometimes machine can do better than humans in such areas as we can see that Chatgpt can also provide like perfect translation for most of the time, and also, I think, for those translators or interpreters.",0
246,83,1,0,leyi,participant,Yeah. I agree with you with yelling.,0
248,83,3,0,leyi,participant,"Maybe AI or tech air tools may may easily replace human places, but I think in other places like Labor market.",0
249,83,4,0,leyi,participant,"For example, if you let robot to handle, to move the goods?",0
251,83,6,0,leyi,participant,"Take place of the human, because, you know, in some developed in some developing country.",0
252,83,7,0,leyi,participant,The labor costs are significantly cheaper than robots.,0
254,83,9,0,leyi,participant,"And currently, AI won't easily take the place of human.",0
258,84,2,0,Holly,participant,"You want to write some great work, but the the AI.",0
259,84,3,0,Holly,participant,"Absolutely AI can write some literary work or draw some great pictures, but it cannot convey they.",0
260,84,4,0,Holly,participant,"If if a human being, a human being, and write or draw some works.",0
261,84,5,0,Holly,participant,they can convey their inner ideas to others.,0
268,87,3,0,Christine,participant,But actually. let's still have.,0
269,87,4,0,Christine,participant,"If you. If you really use that, you'll find that there's a lot of bugging side.",0
274,87,9,0,Christine,participant,even if there's a translator and charger piece really good at translator.,0
275,87,10,0,Christine,participant,At least they'll need some professional to correct some mistake.,0
279,89,1,0,Christine,participant,or did anyone else want to talk more on this topic?,0
280,90,0,0,Emma,participant,I see.,0
282,92,0,0,Emma,participant,Chat. Gpt I mean AI AI!,0
283,92,1,0,Emma,participant,Sorry. That's the echo.,0
284,92,2,0,Emma,participant,Where's the echo come from?,0
285,92,3,0,Emma,participant,"okay, I think in the workplace, in workplace chat.",0
286,92,4,0,Emma,participant,Gpt can make people work or create some distance between coworkers.,0
288,92,6,0,Emma,participant,You can complete. You can finish your work independently.,0
289,92,7,0,Emma,participant,"You don't have to ask others for their support, their help.",0
291,92,9,0,Emma,participant,"And but. on the other hand, it can make people closer in their personal lives, because people are more efficient finishing things, and so that they can.",0
292,92,10,0,Emma,participant,"They have more more time to spend with their families, friends on their hobbies.",0
295,93,0,0,Holly,participant,Have you guys ever heard of the global Kuai power in China?,0
296,93,1,0,Holly,participant,And that is kind of.,0
298,95,0,0,Christine,participant,"Very close. Right? Yeah, what's that?",0
300,97,0,0,leyi,participant,Autonomous.,0
304,100,1,0,Holly,participant,and let the car just go to where we want to come.,0
305,101,0,0,Emma,participant,"The destination, right.",0
308,104,0,0,Emma,participant,Because there's no people.,0
309,104,1,0,Emma,participant,So there's no connection.,0
310,104,2,0,Emma,participant,"Deaf people definitely, they're just AI definitely create some distance in this.",0
315,107,1,0,Holly,participant,I I just forgot how to express how to describe such sing.,0
316,108,0,0,Emma,participant,"Yeah, we, we normally express this term in Chinese.",0
317,109,0,0,Holly,participant,"Yeah. So sometimes, so in in such case, the AI just replaced the real driver in life.",0
318,109,1,0,Holly,participant,"So in the people who, wherever the whoever work as a driver, they will lose their job.",0
319,110,0,0,Emma,participant,Definitely.,0
327,112,1,0,Holly,participant,In some Western countries the government made some policies to ban the AI tools to replace human beings.,0
328,112,2,0,Holly,participant,Jobs is that real.,0
330,113,1,0,Christine,participant,What country is that.,0
331,114,0,0,Holly,participant,"Just like in America or Australia, I don't know, but not not just not in China, but in some countries they they just ban some AI applications to replace humans at all.",0
332,114,1,0,Holly,participant,So there's Sam.,0
333,115,0,0,Christine,participant,And.,0
335,117,0,0,Christine,participant,Sorry. Sorry you can't go go for it.,0
337,119,0,0,Emma,participant,U.S.A. Are you sure this isn't the for President election.,0
341,122,1,0,Christine,participant,So people were afraid of it.,0
342,122,2,0,Christine,participant,So they bend it because of that.,0
344,122,4,0,Christine,participant,The labor market.,0
345,123,0,0,Holly,participant,"They may not ban it at all, but there's some restrictions.",0
347,124,1,0,Christine,participant,they will bend some AI tool.,0
349,124,3,0,Christine,participant,"Try to ban it because they don't want labor to lose their job, so I'm not quite sure about it.",0
351,125,0,0,Emma,participant,"You're right. If there's no one, no one's driver, there's no one gonna be responsible for the car accident, and the the AI Company gonna pay all the fines, I guess.",0
352,126,0,0,Christine,participant,"Yeah, also, insurance, pretty complicated.",0
353,126,1,0,Christine,participant,So.,0
355,128,0,0,Christine,participant,They banned it because they didn't have more regulation for that.,0
356,128,1,0,Christine,participant,They didn't prepare for that.,0
358,129,0,0,Emma,participant,Who gonna who gonna be responsible for the dead kangaroo on the road?,0
359,129,1,0,Emma,participant,"If there, there's no driver.",0
361,131,0,0,Holly,participant,Does that?,0
362,132,0,0,Christine,participant,Pull up.,0
363,133,0,0,Emma,participant,But we feel sad for them.,0
364,133,1,0,Emma,participant,Who gonna be who gonna we criticize.,0
366,135,0,0,Holly,participant,"Yeah, that's a real real question.",0
370,136,3,0,Christine,participant,Love you guys. they'll mute.,0
371,136,4,0,Christine,participant,"Do you guys still there like Andrew yelling, and Lee Lee, I'm not sure.",0
373,137,1,0,Andrew,participant,I'm not sure whether you have watched a film called Horror.,0
374,137,2,0,Andrew,participant,"Yeah, so so basically, it's about this person falling in love with with his operation operating system.",0
376,137,4,0,Andrew,participant,"With this AI or robot, or whatever it's called.",0
377,137,5,0,Andrew,participant,And also I'm not sure whether you have you have watched this really interesting series of videos posted by by someone on red.,0
379,137,7,0,Andrew,participant,"She talks to chat, gpt, and she kind of prompts.",0
383,140,0,0,Andrew,participant,"Yeah, so it's it's kind of fun to see how they interact with each other.",0
384,140,1,0,Andrew,participant,"Because, how one field AI is expected to quickly replace human labor might be in customer service.",0
385,140,2,0,Andrew,participant,"So whatever kind of information a customer might need, you can pre code that information into that AI robot.",0
386,140,3,0,Andrew,participant,Right? So maybe you are not going to interact with real person.,0
387,140,4,0,Andrew,participant,It's it's more about just a,0
388,141,0,0,Christine,participant,Just to be.,0
390,143,0,0,Christine,participant,Too much. So,0
391,144,0,0,Andrew,participant,It's it might be more difficult to have real people.,0
392,145,0,0,Christine,participant,People.,0
393,146,0,0,Andrew,participant,Online.,0
394,147,0,0,Christine,participant,Online.,0
395,148,0,0,Andrew,participant,You see what I mean?,0
397,148,2,0,Andrew,participant,If I all right.,0
398,148,3,0,Andrew,participant,if I'm now to make a,0
399,149,0,0,Christine,participant,"Not necessarily as a phone call, but maybe I go to my Internet Provider.",0
400,150,0,0,Andrew,participant,"Or maybe my electricity provider and ask them, hey, I've got an issue here.",0
401,150,1,0,Andrew,participant,Could you help me solve it?,0
402,150,2,0,Andrew,participant,"Probably I might have to talk to a customer service robot first, st until I finally, you know, constantly ask it to get me connected with the real agency.",0
403,150,3,0,Andrew,participant,"Sorry, not agency by agent.",0
404,150,4,0,Andrew,participant,Yeah. what? The heck is an agency?,0
406,150,6,0,Andrew,participant,"you know, change our life, you know.",0
407,150,7,0,Andrew,participant,"Previously, maybe we had an issue.",0
408,150,8,0,Andrew,participant,We do actually have to call somebody.,0
409,150,9,0,Andrew,participant,Then one treaty quickly showed up.,0
410,150,10,0,Andrew,participant,"And you know, it's it's what all about this kind of conversation, this direct interaction between people?",0
411,150,11,0,Andrew,participant,"But now it's just how is this us versus AI, yeah.",0
412,150,12,0,Andrew,participant,"And also, I'd assume that there will be all kinds of different versions of AI.",0
413,151,0,0,Christine,participant,Playbook.,0
414,152,0,0,Andrew,participant,Created to cater for all kind of human needs.,0
415,152,1,0,Andrew,participant,So yeah. And also that reminds me of another film.,0
416,152,2,0,Andrew,participant,"Interestingly, it's called I Robot.",0
417,153,0,0,Christine,participant,Audible.,0
418,154,0,0,Andrew,participant,"Yeah. So probably eventually, this AI might manifest themselves as a as a physical existence, like, you know, an existence resembling human being, because, apparently, that that provides a non threatening feeling for us.",0
419,154,1,0,Andrew,participant,"So we feel safe enough to use that service at home, you know, working as a.",0
420,155,0,0,Christine,participant,Can't.,0
421,156,0,0,Andrew,participant,"Robot to to finish all the chores or you know, even at workplace, to help us sort out all kind of challenging tasks.",0
424,157,0,0,Christine,participant,My brother.,0
426,158,1,0,Andrew,participant,"but definitely, probably in the future.",0
427,159,0,0,Christine,participant,With English.,0
429,160,1,0,Andrew,participant,"Can we view these robots, these AI machines as as as a form of life?",0
430,160,2,0,Andrew,participant,"Yeah, this is kind of similar to you know our attitude towards self driving.",0
431,160,3,0,Andrew,participant,Yeah. So do do you celebrate the idea?,0
432,160,4,0,Andrew,participant,Yes? Why no. Then why not.,0
433,160,5,0,Andrew,participant,Do you feel safe enough to to to to sit in that vehicle and trust that the route it has designed is is economic and safe.,0
435,160,7,0,Andrew,participant,It become comes a game of trust.,0
436,160,8,0,Andrew,participant,I would say.,0
437,161,0,0,Holly,participant,Yes.,0
440,162,2,0,Christine,participant,A Japanese guys married the the virtual singer.,0
441,162,3,0,Christine,participant,Do you guys know the the news?,0
445,165,0,0,leyi,participant,"There's your boss, so it's English name.",0
451,167,1,0,leyi,participant,"You can use some AI tools to communicate with others, and then like ordering food so which can definitely make your make the distance more closer.",0
453,168,0,0,Christine,participant,Are we going to move on to the last one.,0
454,169,0,0,Holly,participant,Okay.,0
455,170,0,0,Christine,participant,To show some human power.,0
458,171,2,0,Yelin,participant,"the translation provided by the AI tools are, can it?",0
459,171,3,0,Yelin,participant,"I mean, like it fails to reach a certain degree of precision.",0
461,172,0,0,Christine,participant,Thanks.,0
462,173,0,0,Yelin,participant,Always have to revise on the transcript.,0
463,174,0,0,Christine,participant,That's correct.,0
466,175,2,0,Yelin,participant,So it's established on humans.,0
469,176,0,0,Emma,participant,"I agree with yelling, I think compared with AI human can offer some company, because previously I applied for a volunteer.",0
470,176,1,0,Emma,participant,And basically my job would be offer some company to those elders and listen to their stories and be friends with them.,0
471,176,2,0,Emma,participant,"I think this emotion, emotion, support, and can now can hardly can hardly be replaced by AI from human.",0
472,176,3,0,Emma,participant,"Yeah. Also, human can be unpredictable.",0
474,176,5,0,Emma,participant,"the life is not that robotic tedious, and without any change human can give you a lot of different answers.",0
475,176,6,0,Emma,participant,"Some some may be great, some are bad.",0
476,177,0,0,Christine,participant,Compared to AI.,0
478,179,0,0,leyi,participant,"Actually, for me, I think AI have some kind of emotions it can mimic it can imitate humans emotions, especially when I talk to them with the like.",0
479,179,1,0,leyi,participant,"Talk to them. For example, I always talk to chat, to be the had to, and and then I find when I talk to him my problems, he will always say, and my my day!",0
480,179,2,0,leyi,participant,"He will always give some positive, just just judgment like, you're so great, you know, that he can even imitate the tone of human.",0
483,180,0,0,Christine,participant,But I agree. Thank you.,0
490,181,2,0,Holly,participant,"The robots just can do some imitations, but they don't have the real personality.",0
493,182,2,0,Christine,participant,"You need to, give that some kind of a definition to help them understand the world.",0
496,182,5,0,Christine,participant,They have to wait for human.,0
497,183,0,0,Holly,participant,Well.,0
498,184,0,0,Christine,participant,"To give them the test, or give them some like some definition, to help them to understand or to help them learning, and give give our results.",0
500,186,0,0,Christine,participant,And how to buy and draw.,0
502,187,0,0,Andrew,participant,"Yeah, I agree with everything you guys have said irreplaceable.",0
503,187,1,0,Andrew,participant,I guess eventually a lot of the works might still have to be done by.,0
506,187,4,0,Andrew,participant,teaching is not just about delivering knowledge.,0
507,187,5,0,Andrew,participant,It has involved in another huge part of human interactions.,0
509,187,7,0,Andrew,participant,based on what I have learned for the past 2 years about how to how to teach efficiently and how to ensure students overall well-being.,0
513,187,11,0,Andrew,participant,"We are humans, and I know a real person when I see one, and I can easily distinguish.",0
514,188,0,0,Christine,participant,English.,0
515,189,0,0,Andrew,participant,"Between a robotic answer and one that is fully emotional, very personal, and you know, authentic.",0
517,189,2,0,Andrew,participant,I I mean. Apparently we don't count out these AI tools to to build our houses to help us mow the lawn.,0
518,189,3,0,Andrew,participant,"or maybe there will be machines in the future designed to help us, you know.",0
519,189,4,0,Andrew,participant,to just get rid of these these chores.,0
521,189,6,0,Andrew,participant,"And I would say, any any work that involves real human interactions.",0
522,190,0,0,Christine,participant,So.,0
523,191,0,0,Andrew,participant,They will be irreplaceable.,0
525,193,0,0,Holly,participant,"Essentially, I think the robots or AI is are just are to be served human beings, and and but for human beings ourselves, we just leave live or create a life we want.",0
527,193,2,0,Holly,participant,"That's the difference between their extinction, existence, and our existence, I think.",0
528,193,3,0,Holly,participant,"Alright. Do you guys, what do you think of the relationships between human beings and a robust.",0
534,194,3,0,Christine,participant,What do you mean for the the question.,0
538,197,0,0,Holly,participant,"They the tools or something, the or the things to serve our lives or human beings?",0
539,197,1,0,Holly,participant,so definitely they cannot.,0
540,197,2,0,Holly,participant,"They cannot display, they?",0
541,197,3,0,Holly,participant,They cannot replace human beings ourselves.,0
544,198,2,0,Christine,participant,"Still, the.",0
546,200,0,0,Christine,participant,Sorry you can keep up.,0
550,202,1,0,Christine,participant,So.,0
553,205,0,0,Holly,participant,Maybe.,0
554,206,0,0,Christine,participant,"To discuss, something more sorry.",0
555,207,0,0,Holly,participant,I'm not going to Enterprise.,0
557,207,2,0,Holly,participant,So that's the biggest difference.,0
559,208,1,0,Christine,participant,Or are you going to stop here.,0
