Unnamed: 0,turn_index,sent_index,segment,speaker,role,text,dialogue_act,informational motive,coordinative motive,social motive,topic_cluster
6,1,0,0,Elda,participant,Yeah.,,,,,1
14,6,0,0,jessica,participant,Yeah.,,,,,1
23,12,0,0,Peggy,participant,"Yeah, yeah, I have my hands up.",,,,,1
40,12,17,0,Peggy,participant,yeah.,,,,,1
74,23,0,0,Bryan Chen,moderator,"Yeah, yeah, yeah, I think some people they prefer that way.",Supplement,False,False,True,1
82,23,8,0,Bryan Chen,moderator,"Yeah. But yeah, so I think, yeah, building relationship and bounding with the leader is a very nice point.",Supplement,True,False,True,1
86,25,0,0,Bryan Chen,moderator,"Yeah, Kevin found out.",All Utility,False,False,True,1
110,26,22,0,ピン 王,participant,"Yeah, that's my technique.",,,,,1
149,30,0,0,Shunto,participant,Yeah.,,,,,1
167,34,4,0,Shunto,participant,"But yeah, but yeah.",,,,,1
188,41,0,0,Shunto,participant,"No, not yeah, not necessary.",,,,,1
201,45,0,0,Shunto,participant,Yeah.,,,,,1
204,47,0,0,Shunto,participant,Yeah.,,,,,1
209,49,0,0,Shunto,participant,Yeah.,,,,,1
215,53,0,0,Shunto,participant,Yeah. So it's a big.,,,,,1
218,56,0,0,Bryan Chen,moderator,Yeah.,All Utility,False,False,False,1
222,59,0,0,Shunto,participant,Yes. Yeah. Yeah.,,,,,1
227,61,0,0,Shunto,participant,"Yeah, yeah.",,,,,1
229,62,1,0,Bryan Chen,moderator,Yeah. yeah.,All Utility,False,False,True,1
230,63,0,0,Shunto,participant,"Yeah, yeah.",,,,,1
237,68,0,0,Bryan Chen,moderator,"Yeah, go for it.",Instruction,False,False,True,1
258,70,0,0,Shunto,participant,Yeah. Yes.,,,,,1
261,71,2,0,Elda,participant,"Yeah, that I'm none of that.",,,,,1
271,72,0,0,Bryan Chen,moderator,Yeah.,All Utility,False,False,True,1
273,73,1,0,Elda,participant,Yeah.,,,,,1
277,75,0,0,Elda,participant,Yeah.,,,,,1
282,76,4,0,Bryan Chen,moderator,"And yeah, kill the other side.",Supplement,False,False,True,1
346,90,0,0,Bryan Chen,moderator,"Yeah, you can initiate.",Instruction,False,True,False,1
354,92,6,0,Bryan Chen,moderator,"Yeah. Okay. Now, we have.",Instruction,False,True,False,1
359,96,0,0,jessica,participant,Yeah. But do you have.,,,,,1
392,101,13,0,Bryan Chen,moderator,"Yeah, I think they can all.",Interpretation,True,False,False,1
416,104,1,0,Bryan Chen,moderator,Yeah. So it's pretty.,All Utility,False,False,True,1
422,107,0,0,Peggy,participant,Yeah.,,,,,1
436,111,5,0,jessica,participant,Yeah. For the female.,,,,,1
453,117,2,0,Shunto,participant,We drink. So Yeah.,,,,,1
469,121,0,0,Shunto,participant,"Yeah, yeah.",,,,,1
485,127,0,0,Shunto,participant,"Yeah, yeah.",,,,,1
486,128,0,0,Bryan Chen,moderator,Yeah.,All Utility,False,False,True,1
490,131,0,0,Shunto,participant,Yeah.,,,,,1
506,136,0,0,Bryan Chen,moderator,Yeah.,All Utility,False,False,False,1
509,138,0,0,Bryan Chen,moderator,Yeah.,All Utility,False,False,True,1
533,143,8,0,Elda,participant,Him. So? Yeah.,,,,,1
536,145,1,0,Elda,participant,"Yeah, I prefer female.",,,,,1
542,148,0,0,Bryan Chen,moderator,Yeah.,All Utility,False,False,True,1
548,151,0,0,Elda,participant,Yeah.,,,,,1
583,154,0,0,Bryan Chen,moderator,"Yeah, yeah, I think that's also true, like you want to some.",Supplement,True,False,False,1
600,154,17,0,Bryan Chen,moderator,"And yeah, so I think that's it for today, anything or anyone.",Probing,True,True,False,1
607,156,0,0,Bryan Chen,moderator,"Yeah, I have survey.",Supplement,True,False,False,1
