Unnamed: 0,turn_index,sent_index,segment,speaker,role,text,topic_cluster
1,1,0,0,Holawyq,participant,"We just don't know how to start it, so could you give us some hint.",1
17,7,3,0,Urania Shan,participant,"and while some work experience in Australia, but I can share something about me and my like, my tutor, my instructor.",1
31,11,3,0,Urania Shan,participant,Environment which is very important to they're like work efficiency like this.,1
33,12,0,0,Lizhao Chen,participant,"Yeah. And in my opinion, the leadership is the is ability to in, to inspire or guide, or something like influence on others.",1
35,12,2,0,Lizhao Chen,participant,"So so not just just about the the leadership, the leader holding a a position of the authority.",1
51,16,4,0,Urania Shan,participant,"Yeah, like, just just chin.",1
53,16,6,0,Urania Shan,participant,"Yeah, just slightly.",1
81,28,0,0,Lizhao Chen,participant,"Yes. so the communication skill, in my opinion, is like the leader should should the balance the the relationship between their between the members the 1st delay.",1
110,33,13,0,Yaxin Huang,participant,The leadership. You know that that just be being friendly to these group members.,1
112,33,15,0,Yaxin Huang,participant,And the yeah. And they're just equal opportunity to talk.,1
115,34,2,0,Urania Shan,participant,"you know. Learn about colleague or and the team member, not only during the work time, but also in many aspects like in daily life.",1
116,34,3,0,Urania Shan,participant,That is like just what we said.,1
118,34,5,0,Urania Shan,participant,"Many boss voices may know very well about each member not only their work competence some professional skills, but also their individual connection, like their family or their hometown like this, to know them well, to know them better, to.",1
128,39,0,0,Urania Shan,participant,"And but like, if we face a problem that some members want to have a leave like they have something they need to solve.",1
131,39,3,0,Urania Shan,participant,"Oh, maybe in Eastern countries called human care, like blue, one Guang Huai like this.",1
140,46,1,0,Yaxin Huang,participant,"Like your Iranian, that in in Western cultures, maybe.",1
143,46,4,0,Yaxin Huang,participant,they did. They are prefer to keep private in terms of some things like the family things.,1
147,46,8,0,Yaxin Huang,participant,They can know the basic information like their their family members or maybe their the position.,1
148,46,9,0,Yaxin Huang,participant,"So they the work of their spouses, of their spouse, their children like this.",1
159,49,1,0,Holawyq,participant,"Then, because of the boss had the hierarchy so she kept asking me some private questions which made which made me really uncomfortable, like.",1
168,52,0,0,Urania Shan,participant,"Yeah, especially for you when you want maybe a longer live like more than one week or 2 weeks.",1
172,52,4,0,Urania Shan,participant,"Yeah. And sometimes I told her that my family or my friends will come to here, and I have to leave them to visit here like this.",1
179,53,1,0,Holawyq,participant,But the boss he or she just seems he he don't get it.,1
180,54,0,0,Urania Shan,participant,"So if you mean in Eastern environment, it also like, don't get this.",1
182,55,1,0,Holawyq,participant,"Oh, this thing not, not not all aspects just on this asking for leave.",1
184,56,1,0,Lizhao Chen,participant,"So in our understandings, like the leader from the from the eastern country like, Yeah, China, Japan, or something.",1
185,56,2,0,Lizhao Chen,participant,So they prefer. The communication is often like the indirect right.,1
192,56,9,0,Lizhao Chen,participant,And the Florence sometimes sometimes it's just like the casual dialogue.,1
203,58,1,0,Lizhao Chen,participant,So sometimes they like they use their their powerful leadership or authority to.,1
211,63,1,0,Holawyq,participant,But he just just want to took over my life like just like you said about doing this day off.,1
219,70,0,0,Lizhao Chen,participant,Managing.,1
221,72,0,0,Lizhao Chen,participant,It's like how to keep the good relationship with your boss or with your leader.,1
222,73,0,0,Jing JIANG,participant,"So why, that's that's like a management.",1
224,74,0,0,Lizhao Chen,participant,"up managing up, managing, just like how to deal with your desired relationship between your boss.",1
225,74,1,0,Lizhao Chen,participant,"Yeah, just, just, you know, managing up, not managing down because you are not a leader.",1
228,76,1,0,Yaxin Huang,participant,"And it's weird, I think, normally, we talk about managing our subordinates or our like.",1
232,76,5,0,Yaxin Huang,participant,"And and what do you think of the difference between managing the the the like, the people, the senior people, the people with the higher higher degree, and the people, you know, like the subordinate with a lower degree.",1
258,84,4,0,Holawyq,participant,"You can give her some advice, but just keep it in you, too.",1
261,85,1,0,Urania Shan,participant,If we like. We assume that our workplace is in China.,1
262,85,2,0,Urania Shan,participant,and we have a boss from like western countries.,1
264,85,4,0,Urania Shan,participant,"So should we adapt to the like cultural backgrounds in China or for the cultural backgrounds of our boss like this, if we yeah, what.",1
274,93,0,0,Holawyq,participant,Like we.,1
286,99,1,0,Lizhao Chen,participant,"the Western, you know, Western behavior, or Western addressed rules or something like this.",1
294,99,9,0,Lizhao Chen,participant,"So like. if you're working in a company, or if I work in the in the the government, the government department something just like this.",1
299,102,0,0,Lizhao Chen,participant,"Yes, I just work as the journalist in the media campaign for one year in China.",1
300,102,1,0,Lizhao Chen,participant,Just I I graduated from the from my undergraduate degree bachelor degree just for one year.,1
301,102,2,0,Lizhao Chen,participant,"So it's like, you know, the traditional government department structure.",1
313,106,2,0,Lizhao Chen,participant,"So it's like you should have some practice, or you should change your opinions in this scenario.",1
339,121,5,0,Yaxin Huang,participant,"Yeah. They sometimes like, like, they will be more risky.",1
340,121,6,0,Yaxin Huang,participant,"And they tend to, you know, just make the decisions by them.",1
359,130,0,0,Holawyq,participant,"Yes, like his or her ability or general is not the most important thing.",1
363,131,2,0,Urania Shan,participant,"like, I recently saw a program called clearance in the offer.",1
379,141,1,0,Urania Shan,participant,There are many other factors that may be affect the leadership like Mbti.,1
390,150,0,0,Lizhao Chen,participant,So you guys all believe the like.,1
434,173,1,0,Urania Shan,participant,"And I have an experience that for entrance testing for of a company, they said in something like Mbti is also a personality test.",1
435,173,2,0,Urania Shan,participant,"But the outcomes shows like this, if they're cause.",1
436,173,3,0,Urania Shan,participant,"Their company is a kind of how to say creative passion like this, this kind of company?",1
439,173,6,0,Urania Shan,participant,"Yeah, just because your personality test.",1
