Unnamed: 0,turn_index,sent_index,segment,speaker,role,text,dialogue_act,informational motive,coordinative motive,social motive,topic_cluster
0,0,0,0,jessica,participant,"He was oops sorry he wasn't in the office all the time, so I normally I need to plan and work with other team.",,,,,0
1,0,1,0,jessica,participant,And so once per month he will have a meeting with me.,,,,,0
3,0,3,0,jessica,participant,Once per month I got a meeting with him.,,,,,0
4,0,4,0,jessica,participant,"I reported why, I have a dumb in past one month, so sometimes we will give him the feedback like.",,,,,0
8,2,1,0,jessica,participant,But we have really short.,,,,,0
9,2,2,0,jessica,participant,I can catch up to to fix the other thing so every.,,,,,0
11,3,0,0,Bryan Chen,moderator,Hmm.,All Utility,False,False,True,0
12,4,0,0,jessica,participant,So for me. It's a little piece called In In Act Fiction.,,,,,0
15,7,0,0,Elda,participant,"Oh, you think it's more efficient.",,,,,0
16,8,0,0,jessica,participant,No other. Formation is not affections.,,,,,0
17,9,0,0,Elda,participant,Not. It's not efficient.,,,,,0
18,10,0,0,jessica,participant,"Yes, compared with the Asian culture.",,,,,0
20,11,0,0,Elda,participant,"when give a humanly, when given too much freedom, it can be not efficient is what I mean.",,,,,0
21,11,1,0,Elda,participant,"oh, okay, thank you.",,,,,0
22,11,2,0,Elda,participant,"I think Peggy, Peggy has her hand.",,,,,0
24,12,1,0,Peggy,participant,It depends on the industry.,,,,,0
25,12,2,0,Peggy,participant,Because when I was in Taiwan we usually not communicate landmark with my manager.,,,,,0
26,12,3,0,Peggy,participant,"We usually like have a review the meeting Quarterly or every 6 months, but when I came to Uk, I'm working Uk now.",,,,,0
27,12,4,0,Peggy,participant,My manager. I experience a lot of miniature.,,,,,0
29,12,6,0,Peggy,participant,We have a 1 on one meeting weekly.,,,,,0
31,12,8,0,Peggy,participant,"So that's why I raised my hand, and but in later 1 1 meeting.",,,,,0
33,12,10,0,Peggy,participant,They will likely just generally checking.,,,,,0
35,12,12,0,Peggy,participant,And do you facing any difficulty?,,,,,0
37,12,14,0,Peggy,participant,So I feel that's good in Taiwan.,,,,,0
38,12,15,0,Peggy,participant,"We, when your manager says we need to have a some meetings, you, either in a big trouble, or you did very good job.",,,,,0
39,12,16,0,Peggy,participant,That's why I think.,,,,,0
42,14,0,0,Bryan Chen,moderator,"I see. Thank you, Peggy.",All Utility,False,False,True,0
43,14,1,0,Bryan Chen,moderator,And now I also have ever tat as well.,Instruction,False,True,False,0
47,14,5,0,Bryan Chen,moderator,"And how do you kind of approach what we call up managing so, or up and upper management, which just means that you're trying to do something to influence your goals so that they can somehow do something that's infer in favor of you or in, you know, have some output that or outcome that you wanted to.",Probing,True,True,False,0
52,14,10,0,Bryan Chen,moderator,Yeah. So anyone have a good taste that how they influence their manager of both.,Probing,True,False,False,0
54,15,0,0,Hailey,participant,For me. I've worked in Japan for most of my career.,,,,,0
56,15,2,0,Hailey,participant,And so sometimes I spend private time hanging out with my managers.,,,,,0
57,15,3,0,Hailey,participant,It's not just for career advancement purposes.,,,,,0
58,15,4,0,Hailey,participant,"Of course, I genuinely enjoy sort of hanging out with them.",,,,,0
60,15,6,0,Hailey,participant,That you have that personal relationship and trust as well.,,,,,0
62,17,0,0,Elda,participant,Do you? Do you invite them?,,,,,0
63,17,1,0,Elda,participant,Do you invite your.,,,,,0
64,18,0,0,Hailey,participant,Last time.,,,,,0
65,19,0,0,Elda,participant,Lunch or dinner.,,,,,0
66,20,0,0,Hailey,participant,"Usually they invite me, but I at my last job.",,,,,0
67,20,1,0,Hailey,participant,"I've invited my seniors before, but I just switched jobs like less than a year ago, so I haven't done that for my current job yet.",,,,,0
69,21,1,0,Bryan Chen,moderator,So you say it's good to.,Interpretation,True,False,False,0
71,21,3,0,Bryan Chen,moderator,What we call,Probing,True,False,False,0
72,22,0,0,Hailey,participant,"Yeah, I think it definitely depends on the personality of both you and your boss.",,,,,0
75,23,1,0,Bryan Chen,moderator,Some people they they for me.,Supplement,True,False,False,0
77,23,3,0,Bryan Chen,moderator,So we grew up here.,Supplement,False,False,True,0
79,23,5,0,Bryan Chen,moderator,"Feeling is quite enjoyable, in my in my opinion.",Supplement,True,False,True,0
80,23,6,0,Bryan Chen,moderator,But but I guess that's not everyone's cup of tea.,Supplement,True,False,False,0
81,23,7,0,Bryan Chen,moderator,Some people they have a very clear division of like private life and professional life.,Supplement,True,False,False,0
84,23,10,0,Bryan Chen,moderator,"Oh. Amy, I couldn't recognize you because you changed your name so.",Supplement,False,False,True,0
85,24,0,0,Elda,participant,"Mara, she's a capy power now.",,,,,0
88,26,0,0,ピン 王,participant,Hmm! I think I recently I used a technique.,,,,,0
92,26,4,0,ピン 王,participant,I depends on their personality.,,,,,0
93,26,5,0,ピン 王,participant,"So my previous clients, she's quite.",,,,,0
95,26,7,0,ピン 王,participant,"So I would give her lots of ideas about oh, wait.",,,,,0
96,26,8,0,ピン 王,participant,Maybe we can try this.,,,,,0
98,26,10,0,ピン 王,participant,so I will make.,,,,,0
99,26,11,0,ピン 王,participant,It sounds very exciting.,,,,,0
102,26,14,0,ピン 王,participant,"He's not sure what to do, so I have to.",,,,,0
103,26,15,0,ピン 王,participant,Prepare lots of data or explain every single detail why I should do this and why we should do that.,,,,,0
104,26,16,0,ピン 王,participant,So make him be more secure and make sure.,,,,,0
105,26,17,0,ピン 王,participant,"You know it's not just waste time and money to do is something for a purpose and good for the good, for the company or brand.",,,,,0
106,26,18,0,ピン 王,participant,"So I I think my tech technique, like technique, will be when I try to pursue somebody.",,,,,0
107,26,19,0,ピン 王,participant,I will depends on their personality.,,,,,0
108,26,20,0,ピン 王,participant,If they are more.,,,,,0
111,27,0,0,Bryan Chen,moderator,"I think, yeah, I think that's a very good point, like observing, first, st before you take the live and then before you take the actions.",Supplement,True,False,False,0
114,27,3,0,Bryan Chen,moderator,Innovative is a good way to say that there's a new idea.,Supplement,True,False,False,0
115,27,4,0,Bryan Chen,moderator,No one has tried it before.,Supplement,True,False,False,0
123,27,12,0,Bryan Chen,moderator,"So, which is still even, you might.",All Utility,False,False,False,0
124,27,13,0,Bryan Chen,moderator,Still you might achieve your outcome.,Supplement,True,False,False,0
125,27,14,0,Bryan Chen,moderator,But you this is not making them feel feel good.,Supplement,True,False,False,0
126,27,15,0,Bryan Chen,moderator,"You just feel like you are very rebellion, I think a better way for me to do it is that if I have a idea A and I won't tell in, I won't tell in the idea so early.",Supplement,True,False,False,0
128,27,17,0,Bryan Chen,moderator,"This result looks amazing, and it's good.",Supplement,True,False,True,0
129,27,18,0,Bryan Chen,moderator,Maybe we should go.,Instruction,False,True,False,0
130,27,19,0,Bryan Chen,moderator,"Take a little bit a few steps further to see how it goes, and then, most likely, if you show them some good evidence and good result, they will agree with you and support you, and then later on, if you, the result, turn out to be something that's even greater than you, you create account Field.",Supplement,True,False,False,0
131,27,20,0,Bryan Chen,moderator,and you achieve something together.,Supplement,True,False,False,0
135,27,24,0,Bryan Chen,moderator,"When do you prove your point, and how and when do you propose idea?",Probing,True,False,False,0
136,27,25,0,Bryan Chen,moderator,I think it's quite important.,Supplement,True,False,False,0
137,27,26,0,Bryan Chen,moderator,Based on my experience.,Supplement,True,False,False,0
139,27,28,0,Bryan Chen,moderator,How to influence your manager?,Probing,True,False,False,0
141,28,1,0,Shunto,participant,"And let's say. the technique I I can come up with some, but I think I guess the most easiest way is like going going to going to drink after party or dinner with your boss, I mean, so more communication with your boss.",,,,,0
142,28,2,0,Shunto,participant,I guess it's a very easy way to build a trust relationship.,,,,,0
143,28,3,0,Shunto,participant,"And if you if you have, if you have that.",,,,,0
145,28,5,0,Shunto,participant,It's easier to convince your boss in in a difficult situation.,,,,,0
146,28,6,0,Shunto,participant,So that's why I guess it's very important.,,,,,0
147,29,0,0,Elda,participant,So I have a question.,,,,,0
148,29,1,0,Elda,participant,For chinto.,,,,,0
150,31,0,0,Elda,participant,"You are talking about Japanese boss, or.",,,,,0
153,32,2,0,Shunto,participant,We dislike some people.,,,,,0
155,32,4,0,Shunto,participant,"So in this, in in this view.",,,,,0
156,32,5,0,Shunto,participant,"I guess it doesn't matter if it's it's western or Eastern, I guess.",,,,,0
160,32,9,0,Shunto,participant,"But I even even in this case, maybe you you use it.",,,,,0
161,32,10,0,Shunto,participant,It doesn't harm to go drinking or going dinner with your boss.,,,,,0
163,34,0,0,Shunto,participant,"Oh, yes, I'm a sometimes I invite, invite, invite, invite my boss, because yeah, because because my boss doesn't.",,,,,0
164,34,1,0,Shunto,participant,My my boss generally doesn't.,,,,,0
165,34,2,0,Shunto,participant,Doesn't go ask. Ask me out.,,,,,0
166,34,3,0,Shunto,participant,Ask? Ask me out.,,,,,0
168,34,5,0,Shunto,participant,But I I believe it's it's very important even for him.,,,,,0
169,34,6,0,Shunto,participant,So that's why I I sometimes do it.,,,,,0
170,35,0,0,Bryan Chen,moderator,Let's see.,All Utility,False,True,False,0
171,36,0,0,ピン 王,participant,Sorry I have one question.,,,,,0
172,36,1,0,ピン 王,participant,"Oh, yep. is is for is for everybody.",,,,,0
173,36,2,0,ピン 王,participant,Each cause. After I heard about shinto shared.,,,,,0
176,36,5,0,ピン 王,participant,"Would you guys, you know, happy to be friend with them?",,,,,0
177,36,6,0,ピン 王,participant,"Because, as what I've heard.",,,,,0
178,36,7,0,ピン 王,participant,"Hallie and she, until you guys hang out with your boss even in the private time.",,,,,0
183,37,3,0,Shunto,participant,"But if if you can, if you can be friends with your boss and you you become, you become that this.",,,,,0
184,37,4,0,Shunto,participant,"If the things will definitely go easier, that that's my point.",,,,,0
185,38,0,0,ピン 王,participant,"Clause. New York, oh, okay.",,,,,0
186,39,0,0,Shunto,participant,"Yes, yes.",,,,,0
191,41,3,0,Shunto,participant,"But if you, if you feel comfortable with it.",,,,,0
192,41,4,0,Shunto,participant,And you you you you do it.,,,,,0
193,41,5,0,Shunto,participant,It's definitely makes things easier.,,,,,0
194,42,0,0,Bryan Chen,moderator,"True, but but I get I have her in some bigger company.",Supplement,True,False,False,0
195,42,1,0,Bryan Chen,moderator,And then they had.,Supplement,True,False,False,0
196,42,2,0,Bryan Chen,moderator,"you know, different groups of party.",Supplement,True,False,False,0
197,43,0,0,Shunto,participant,Hello!,,,,,0
198,44,0,0,Bryan Chen,moderator,Getting inside a company.,Supplement,True,False,False,0
199,44,1,0,Bryan Chen,moderator,So some of them they will.,Supplement,True,False,False,0
200,44,2,0,Bryan Chen,moderator,"For example, when you just join a company.",Supplement,True,False,False,0
202,46,0,0,Bryan Chen,moderator,The manager will actively be nice to you.,Supplement,True,False,False,0
205,48,0,0,Bryan Chen,moderator,Maybe in the future.,Supplement,True,False,False,0
207,48,2,0,Bryan Chen,moderator,Sometimes the company can divide the 2.,Supplement,True,False,False,0
210,50,0,0,Bryan Chen,moderator,"You know, big head.",All Utility,False,False,True,0
211,51,0,0,Shunto,participant,That's true.,,,,,0
212,52,0,0,Bryan Chen,moderator,"Dividing, supporting you. Are you the person?",Probing,True,False,False,0
214,52,2,0,Bryan Chen,moderator,Are you supporting this guy or.,Probing,True,False,False,0
217,55,0,0,Shunto,participant,It's pretty awesome.,,,,,0
219,57,0,0,Shunto,participant,I I didn't consider over it.,,,,,0
221,58,0,0,Bryan Chen,moderator,So office politic can be something that's very.,Supplement,True,False,False,0
225,60,2,0,Bryan Chen,moderator,"I'll become very cautious about to me, is that, and then I guess I only if I feel comfortable, and if that person is genuine, just be a personal friend.",Supplement,False,False,True,0
226,60,3,0,Bryan Chen,moderator,No. not afraid of a group of people.,Supplement,False,False,True,0
228,62,0,0,Bryan Chen,moderator,"I probably will. I wouldn't mind to have some personal relationship, because office politics can be very disgusting.",Supplement,True,False,False,0
232,64,1,0,Bryan Chen,moderator,I mean office politics.,Supplement,True,False,False,0
235,66,1,0,Bryan Chen,moderator,"No, okay. People are all have having happy life.",Supplement,True,False,True,0
236,67,0,0,Elda,participant,Am I gonna share something.,,,,,0
239,69,1,0,Elda,participant,And I it was within the company.,,,,,0
240,69,2,0,Elda,participant,And I I tend to just focus on my my work.,,,,,0
241,69,3,0,Elda,participant,"But I was told I I only knew, like later, that you know, actually, everyone, especially the the managers and the higher ups.",,,,,0
242,69,4,0,Elda,participant,They're actually really looking at everyone's behavior.,,,,,0
243,69,5,0,Elda,participant,"And during this drinking party, and people like they they would say, Oh, this so and so many Nani song, this, this person and this person.",,,,,0
246,69,8,0,Elda,participant,So that's why they are doing this and that.,,,,,0
248,69,10,0,Elda,participant,"Wow, how can you tell?",,,,,0
250,69,12,0,Elda,participant,"Just. you know, in in the meeting, whatever people say, and they can just sends that they have that kind of yeah, that.",,,,,0
252,69,14,0,Elda,participant,"And from. And then I asked that question, and this team leader next to me she sit sits next to me.",,,,,0
255,69,17,0,Elda,participant,"actually look for like the guy who is gonna help you in in the company, and who can give you the resources that you need.",,,,,0
256,69,18,0,Elda,participant,and you need to build a good relationship with that person.,,,,,0
257,69,19,0,Elda,participant,So in the future they will help you.,,,,,0
259,71,0,0,Elda,participant,"Was there. Oh, my gosh, they're so scary.",,,,,0
260,71,1,0,Elda,participant,Pull it. Other take.,,,,,0
262,71,3,0,Elda,participant,"I thought, Wow, these people, they actually, yeah, they're actually thinking about their future and their career.",,,,,0
263,71,4,0,Elda,participant,"Like when the in in Japan, the longer you stay in in the company the higher the chance of you getting promoted to the next hierarchy.",,,,,0
264,71,5,0,Elda,participant,But I guess it's quite different.,,,,,0
267,71,8,0,Elda,participant,"There may be, no, no matter how long you work.",,,,,0
268,71,9,0,Elda,participant,"Yeah, you won't get promoted.",,,,,0
269,71,10,0,Elda,participant,"Maybe that's why it's It's not so so important to to make people on your side, even sacrificing your private life.",,,,,0
272,73,0,0,Elda,participant,I've never worked in a Western yeah workplace.,,,,,0
274,74,0,0,Bryan Chen,moderator,There are still a lot of politics there can.,Supplement,True,False,False,0
275,74,1,0,Bryan Chen,moderator,There still can be office politics in Western company.,Supplement,True,False,False,0
276,74,2,0,Bryan Chen,moderator,Of course.,Supplement,True,False,False,0
278,76,0,0,Bryan Chen,moderator,I think it's not.,Supplement,True,False,False,0
280,76,2,0,Bryan Chen,moderator,I think it's kind of human nature.,Supplement,True,False,False,0
281,76,3,0,Bryan Chen,moderator,I just divided into party groups and having conflicts.,Interpretation,True,False,False,0
283,76,5,0,Bryan Chen,moderator,"Okay? yeah. So also, I think one thing that people haven't kind of well, people have talked about, but haven't talked about detail.",Interpretation,True,False,False,0
284,76,6,0,Bryan Chen,moderator,I think it's about communication.,Supplement,True,False,False,0
285,76,7,0,Bryan Chen,moderator,How do you communicate to your manager in both when you actually.,Probing,True,False,False,0
286,77,0,0,Elda,participant,70.,,,,,0
287,78,0,0,Bryan Chen,moderator,So I have a kind of a lesson I learned before.,Supplement,True,False,False,0
288,78,1,0,Bryan Chen,moderator,So that's all. My junior year 1st year working as a software engineer.,Supplement,True,False,False,0
289,78,2,0,Bryan Chen,moderator,"So when so, when I joined the company, they told me that they're going to kind of give me a performance review.",Supplement,True,False,False,0
291,78,4,0,Bryan Chen,moderator,So they're going to say they say you're going to give me a performance review.,Supplement,True,False,False,0
293,78,6,0,Bryan Chen,moderator,"So after working 6 months, they go in to review me and then have a discussion about salary with me and on, but that was a small company, so the company was only around 20 people, and the boss himself is also the manager, so he's super busy.",Supplement,True,False,False,0
295,78,8,0,Bryan Chen,moderator,He gave me jobs.,Supplement,True,False,False,0
296,78,9,0,Bryan Chen,moderator,"He asked me to do something, and then I know it was a time for the performance review, for to negotiate a higher salary by.",Supplement,True,False,False,0
297,78,10,0,Bryan Chen,moderator,But I was a junior.,Supplement,True,False,False,0
299,78,12,0,Bryan Chen,moderator,It will make myself looks too greedy.,Supplement,True,False,False,0
301,78,14,0,Bryan Chen,moderator,Why? You didn't remind me.,Probing,True,False,False,0
302,78,15,0,Bryan Chen,moderator,And then we had the performance review.,Supplement,True,False,False,0
304,78,17,0,Bryan Chen,moderator,For after that review.,Supplement,True,False,False,0
305,78,18,0,Bryan Chen,moderator,So which means is that he actually had an intention to keeping me theory rise.,Supplement,True,False,False,0
307,78,20,0,Bryan Chen,moderator,"So I guess I if I communicated more clearly and somehow use some technique to remind him to do performance review, I won't lose maybe a couple of 1,000 for those 4 months that has been delayed.",Supplement,True,False,False,0
309,78,22,0,Bryan Chen,moderator,I think quite important.,Supplement,True,False,False,0
314,78,27,0,Bryan Chen,moderator,Can we negotiate with it.,Probing,True,False,False,0
316,79,0,0,Elda,participant,"No, no.",,,,,0
320,81,0,0,Elda,participant,It's there! There is a system to how much you you should.,,,,,0
322,81,2,0,Elda,participant,and you have to clear it depends on your age.,,,,,0
323,81,3,0,Elda,participant,"It depends on your how many years you've worked in a company, and also the certifications that you have.",,,,,0
324,82,0,0,Bryan Chen,moderator,"Oh, okay.",All Utility,False,False,True,0
325,83,0,0,Elda,participant,Past that you have obtained.,,,,,0
326,83,1,0,Elda,participant,"Yeah, and also your work about evaluation.",,,,,0
330,85,0,0,Shunto,participant,"And oh, yeah, sorry.",,,,,0
331,86,0,0,Elda,participant,"No, no, you go.",,,,,0
332,86,1,0,Elda,participant,You got.,,,,,0
333,87,0,0,Shunto,participant,"Oh, yeah, yeah. And let me add some context about like a Japan general specific environment.",,,,,0
335,87,2,0,Shunto,participant,it's hard for company to reduce reduce work workers wage so easily.,,,,,0
336,87,3,0,Shunto,participant,So if you if you reduce workers wage we without subject.,,,,,0
337,87,4,0,Shunto,participant,"Oh, sorry without objection.",,,,,0
338,87,5,0,Shunto,participant,"Subject 3. I forgot, maybe subjective objective.",,,,,0
339,87,6,0,Shunto,participant,I guess the object without object objectable and reasonable reason.,,,,,0
340,87,7,0,Shunto,participant,"And if the worker sue the company, the worker will likely win.",,,,,0
341,87,8,0,Shunto,participant,So that's why companies companies raise their wage.,,,,,0
342,88,0,0,Bryan Chen,moderator,"Hmm. I see. Hmm, okay, interesting.",All Utility,False,False,True,0
344,89,1,0,Elda,participant,If you you think you deserve more.,,,,,0
345,89,2,0,Elda,participant,then it's.,,,,,0
347,91,0,0,Elda,participant,Common because I have people.,,,,,0
350,92,2,0,Bryan Chen,moderator,Likely I'm going to go to another company.,Supplement,True,False,False,0
351,92,3,0,Bryan Chen,moderator,I think that case sometimes that happen as well.,Supplement,True,False,False,0
352,92,4,0,Bryan Chen,moderator,Yeah. But that also might affect your relationship with the company.,Supplement,True,False,True,0
353,92,5,0,Bryan Chen,moderator,"But I mean, I think it's it's always tricky place to negotiate your salary.",Supplement,True,False,False,0
357,94,1,0,jessica,participant,For me. I just jump between the different company to get a higher salary.,,,,,0
358,95,0,0,Bryan Chen,moderator,Hmm.,All Utility,True,False,False,0
361,97,1,0,Bryan Chen,moderator,But another company is offering a better salary.,Supplement,True,False,False,0
363,97,3,0,Bryan Chen,moderator,So you will be somehow hinting your manager.,Supplement,True,False,False,0
364,97,4,0,Bryan Chen,moderator,"Say, Oh, I got this offer.",Interpretation,True,False,False,0
366,97,6,0,Bryan Chen,moderator,Can you guys just raise the salary a little bit more so I can stay longer with you guys.,Probing,True,False,False,0
367,97,7,0,Bryan Chen,moderator,Have that happen to you?,Probing,True,False,False,0
368,98,0,0,jessica,participant,I heard I heard about my friend.,,,,,0
369,98,1,0,jessica,participant,"They they try to try to negotiate in the the Sara with the company, but for me personally.",,,,,0
372,99,0,0,Bryan Chen,moderator,okay.,All Utility,False,True,False,0
376,100,3,0,Elda,participant,"People complain about their salary that not everyone, actually, you know, goes up and and ask for a raise.",,,,,0
379,101,0,0,Bryan Chen,moderator,"Yeah. okay, now, we kind of have our final questions.",Instruction,False,True,False,0
380,101,1,0,Bryan Chen,moderator,I think we had discussed about Western and Eastern.,Interpretation,True,True,False,0
384,101,5,0,Bryan Chen,moderator,"They have more greater empathy and also trying to be more personal than male leader, because I feel male leader just like talk about what need to be done, or talk about seeing related to work and female leader.",Supplement,True,False,True,0
385,101,6,0,Bryan Chen,moderator,You feel your conversation.,Supplement,True,False,False,0
386,101,7,0,Bryan Chen,moderator,Conversation is more diverse with more personal content.,Supplement,True,False,False,0
387,101,8,0,Bryan Chen,moderator,"And then and then you yeah, I feel in general they are more gearing.",Supplement,True,False,True,0
390,101,11,0,Bryan Chen,moderator,What? What you are currently now doing now can be beneficial for you.,Supplement,True,False,False,0
391,101,12,0,Bryan Chen,moderator,They actually care about your futures.,Supplement,True,False,False,0
394,101,15,0,Bryan Chen,moderator,"So far I have made up much better than male leader, because maybe they are still gender biases in the industry.",Supplement,True,False,True,0
395,101,16,0,Bryan Chen,moderator,So for female leader for them to be cloud the ranking to eventually become leader.,Supplement,True,False,False,0
396,101,17,0,Bryan Chen,moderator,"They have a very, very smooth, and at the same time also very, very.",Supplement,True,False,False,0
397,101,18,0,Bryan Chen,moderator,How would you say?,Probing,True,False,False,0
399,101,20,0,Bryan Chen,moderator,"We I kind of a special one that can be tough at the time, but also can be soft when handling people.",Supplement,True,False,True,0
400,101,21,0,Bryan Chen,moderator,"So yeah, maybe there's some biases there.",Supplement,True,False,False,0
401,101,22,0,Bryan Chen,moderator,Yeah. But I really appreciate the few female leader I had encounter.,Supplement,False,False,True,0
403,101,24,0,Bryan Chen,moderator,"Helly, do have some thought.",Probing,True,False,True,0
404,101,25,0,Bryan Chen,moderator,Haven't heard from you for a while.,Probing,True,False,True,0
405,102,0,0,Hailey,participant,All of my direct managers so far have been female to be honest.,,,,,0
406,102,1,0,Hailey,participant,"Even in New Zealand, where I only work for half a year.",,,,,0
407,102,2,0,Hailey,participant,"But yeah, maybe that's 1 of the reasons why I can actually kind of hang out with them as a friend.",,,,,0
408,102,3,0,Hailey,participant,I think that might be quite hard if I had a male manager to be honest.,,,,,0
410,102,5,0,Hailey,participant,"and I had some non direct managers, so upper managers that were male.",,,,,0
411,102,6,0,Hailey,participant,"But yeah, I found it more difficult to talk to them about private stuff.",,,,,0
412,102,7,0,Hailey,participant,"So yeah, I also prefer female managers.",,,,,0
413,102,8,0,Hailey,participant,Personally.,,,,,0
414,103,0,0,Elda,participant,No.,,,,,0
417,104,2,0,Bryan Chen,moderator,Learn a lot from them.,Supplement,True,False,False,0
420,105,1,0,Peggy,participant,All the line managers in my life are men.,,,,,0
421,106,0,0,Bryan Chen,moderator,"Oh, okay. Okay.",All Utility,False,False,True,0
423,108,0,0,Elda,participant,Do you? Do you wish it could have been female where you're happy with male managers?,,,,,0
426,109,2,0,Peggy,participant,I think I'm in our company.,,,,,0
427,109,3,0,Peggy,participant,We only have 3 or now it's 4 4 female engineers in hunter engineers.,,,,,0
428,109,4,0,Peggy,participant,So 10 parts by one.,,,,,0
429,110,0,0,Bryan Chen,moderator,"To, to. Yeah. Bob, how about you, Jessica?",Probing,True,False,False,0
430,110,1,0,Bryan Chen,moderator,Have you had? Different manager of different genders.,Probing,True,False,False,0
431,111,0,0,jessica,participant,"I think from I experience both the male and female manager, but I prefer female manager, I think, for Lalia more carry on.",,,,,0
432,111,1,0,jessica,participant,so they were to it.,,,,,0
435,111,4,0,jessica,participant,"it's called heavy. The he, the the social hero, hero, hierarchy.",,,,,0
438,111,7,0,jessica,participant,How do you feel?,,,,,0
439,111,8,0,jessica,participant,"And then about your feedback, and be a good listener.",,,,,0
440,112,0,0,Bryan Chen,moderator,"That's true. Okay, how about you, Chantel?",Probing,True,False,False,0
442,113,0,0,Shunto,participant,"No, I only had female.",,,,,0
443,113,1,0,Shunto,participant,Sorry I I only have.,,,,,0
444,113,2,0,Shunto,participant,I only have had a male managers so far.,,,,,0
445,114,0,0,Bryan Chen,moderator,I see.,All Utility,False,False,True,0
447,115,1,0,Shunto,participant,"But so far, so far, I'm comfortable with and their managers.",,,,,0
448,116,0,0,Bryan Chen,moderator,So what was your manager stuff?,Probing,True,False,False,0
450,116,2,0,Bryan Chen,moderator,Or it's only you guys only focus on the work.,Probing,True,False,False,0
451,117,0,0,Shunto,participant,"We focus on work, we focus on work.",,,,,0
452,117,1,0,Shunto,participant,"But as I said, I sometimes ask, ask my boss to drink.",,,,,0
454,117,3,0,Shunto,participant,"So in that case, I, I talk about my some partner stuff.",,,,,0
455,117,4,0,Shunto,participant,"So yeah, in that case, maybe like, if if it's mail, I guess it's easier to understand the foremost things.",,,,,0
456,118,0,0,Bryan Chen,moderator,I I also curious.,Supplement,True,False,False,0
459,118,3,0,Bryan Chen,moderator,What do you guys talk about?,Probing,True,False,False,0
460,119,0,0,Shunto,participant,"Oh, it's a very good question.",,,,,0
461,119,1,0,Shunto,participant,"But generally oh, it's a very big question, basically.",,,,,0
462,119,2,0,Shunto,participant,"My, I I trust my boss, my boss personality characteristics, and I feel I sense.",,,,,0
463,119,3,0,Shunto,participant,He he put the trust on me.,,,,,0
466,120,0,0,Bryan Chen,moderator,"Oh, okay, wow, wow.",All Utility,False,False,True,0
467,120,1,0,Bryan Chen,moderator,You guys really have a deep relationship.,Supplement,False,False,True,0
468,120,2,0,Bryan Chen,moderator,Personally.,Supplement,False,False,True,0
470,122,0,0,Bryan Chen,moderator,"I know I I did struggle with like building personal relationship with my male manager, male supervisors.",Supplement,False,False,True,0
471,122,1,0,Bryan Chen,moderator,I never let me think about it.,Supplement,True,False,False,0
472,122,2,0,Bryan Chen,moderator,"No, I never hang out or go out for dinner with.",Supplement,False,False,True,0
473,122,3,0,Bryan Chen,moderator,"Male leader or male manager, so I didn't have like dinner, or some more personal relation with my female leader or managers.",Supplement,True,False,True,0
474,123,0,0,Shunto,participant,"Oh, interesting!",,,,,0
477,124,2,0,Bryan Chen,moderator,We talk about gaming.,Supplement,False,False,True,0
480,124,5,0,Bryan Chen,moderator,"We put more talk about facts and information, typical guys interactions.",Supplement,True,False,False,0
481,124,6,0,Bryan Chen,moderator,So.,All Utility,False,False,False,0
482,125,0,0,Shunto,participant,That's it.,,,,,0
484,126,1,0,Bryan Chen,moderator,So.,All Utility,False,False,False,0
488,129,1,0,Shunto,participant,"Yeah, I I guess that's that's kind of one of the topics that we can share in that process.",,,,,0
489,130,0,0,Bryan Chen,moderator,True.,Supplement,True,False,False,0
491,132,0,0,Bryan Chen,moderator,"Hello, Dutcham! Do you have any observations.",Probing,True,False,True,0
492,133,0,0,Elda,participant,Watch this. So my!,,,,,0
494,133,2,0,Elda,participant,"No, no, that's not true.",,,,,0
495,133,3,0,Elda,participant,"No, it was. It was female before.",,,,,0
496,133,4,0,Elda,participant,"And this job is a guy, so hmm!",,,,,0
497,133,5,0,Elda,participant,"If I could choose, I I think I would still prefer female.",,,,,0
498,134,0,0,Bryan Chen,moderator,Okay.,All Utility,False,False,False,0
499,135,0,0,Elda,participant,"That just sucks, because in this world there are more male managers than females.",,,,,0
500,135,1,0,Elda,participant,So sometimes you can't choose.,,,,,0
502,135,3,0,Elda,participant,"powerful female, but soft at the same time.",,,,,0
507,137,0,0,Elda,participant,"So I think there, there's that reason.",,,,,0
508,137,1,0,Elda,participant,And also I I know that before me that my manager used to have only his subordinates are all guys.,,,,,0
514,140,0,0,Bryan Chen,moderator,"Oh, man!",All Utility,False,False,True,0
517,141,2,0,Elda,participant,"Yes, I only heard that afterwards, because I I never really.",,,,,0
523,141,8,0,Elda,participant,"0, your hair looks nice today.",,,,,0
524,142,0,0,Bryan Chen,moderator,It's.,All Utility,False,False,False,0
525,143,0,0,Elda,participant,Girl doesn't feel comfortable.,,,,,0
529,143,4,0,Elda,participant,Blah! Blah! So there!,,,,,0
531,143,6,0,Elda,participant,It's similarly difficult for him as a manager to deal with a female subordinate the same way as the opposite.,,,,,0
532,143,7,0,Elda,participant,Gender a subordinate to cope with.,,,,,0
534,144,0,0,Bryan Chen,moderator,Hmm.,All Utility,False,False,True,0
535,145,0,0,Elda,participant,What was the question?,,,,,0
537,145,2,0,Elda,participant,Yes.,,,,,0
538,146,0,0,Bryan Chen,moderator,"Yeah, you answer the question.",Interpretation,True,False,False,0
539,146,1,0,Bryan Chen,moderator,So once it's.,All Utility,False,False,False,0
543,149,0,0,Elda,participant,"And being able to to get closer, because.",,,,,0
545,149,2,0,Elda,participant,I share more similarities.,,,,,0
547,150,0,0,Bryan Chen,moderator,Hmm.,All Utility,True,False,False,0
550,152,1,0,Bryan Chen,moderator,"Maybe only apply for me, but also, or maybe also apply for some other people or not just guide or girls.",Supplement,True,False,False,0
553,152,4,0,Bryan Chen,moderator,"The you know, the gender that plays a role as a as your mom, as your mother, as your teacher who gives you.",Supplement,True,False,False,0
554,152,5,0,Bryan Chen,moderator,You know the role that gives you instruction and comment.,Supplement,True,False,False,0
555,152,6,0,Bryan Chen,moderator,Where? Typically or mostly female.,Probing,True,False,False,0
560,152,11,0,Bryan Chen,moderator,I think that was our last question for today's conversations.,Supplement,False,True,False,0
561,152,12,0,Bryan Chen,moderator,"Oh, Amy, you haven't spoken for a while.",Probing,False,False,True,0
563,153,0,0,ピン 王,participant,"Okay, I I think I kind of have quite different experience and working with male and female manager.",,,,,0
564,153,1,0,ピン 王,participant,"And I prefer male manager, probably because my previous experience working Taiwan.",,,,,0
565,153,2,0,ピン 王,participant,"my manager, she was nice.",,,,,0
568,153,5,0,ピン 王,participant,So lots of time I have to.,,,,,0
570,153,7,0,ピン 王,participant,So there's lots of negative negative things we were sharing with.,,,,,0
571,153,8,0,ピン 王,participant,So I think this also kind of affects the way how I view Company and my colleague.,,,,,0
573,153,10,0,ピン 王,participant,"I started to shift my perspective as well, and then I found when you share too many things to you be too vulnerable.",,,,,0
575,153,12,0,ピン 王,participant,"Well, other person will use this to against you.",,,,,0
576,153,13,0,ピン 王,participant,So I think maybe I think too much or too further.,,,,,0
577,153,14,0,ピン 王,participant,But for me I prefer to work with male cause.,,,,,0
579,153,16,0,ピン 王,participant,I feel more comfortable if I keep something still private.,,,,,0
582,153,19,0,ピン 王,participant,Yeah. So that's just my personal experience.,,,,,0
584,154,1,0,Bryan Chen,moderator,"Because I people, as I mentioned earlier, it's kind of the beginning of the office politics, right people treating you well.",Supplement,True,False,False,0
585,154,2,0,Bryan Chen,moderator,"And then you guys become close, and then he cannot.",Supplement,False,False,True,0
587,154,4,0,Bryan Chen,moderator,"Yeah. And then it can be tricky situation, especially if he or she is your manager.",Supplement,True,False,False,0
588,154,5,0,Bryan Chen,moderator,That's as I can assume.,Interpretation,True,False,False,0
589,154,6,0,Bryan Chen,moderator,That's a very painful feeling and difficult situation as well.,Supplement,False,False,True,0
590,154,7,0,Bryan Chen,moderator,Yeah. cool. So I think that was our last questions.,Instruction,False,True,False,0
591,154,8,0,Bryan Chen,moderator,"And I think that's also about time to wrap up, we almost 20 past 9.",Instruction,False,True,False,0
592,154,9,0,Bryan Chen,moderator,So today we have discussed people's view on leadership.,Interpretation,True,False,False,0
593,154,10,0,Bryan Chen,moderator,And I guess that we have a quite a bit.,Interpretation,True,True,False,0
594,154,11,0,Bryan Chen,moderator,"Quite a few good points like leadership is someone who have empathy that can you know, help people to bring the best off land and also leadership can coordinate a team to give Link guideline direction and versions and leader is different to managers.",Interpretation,True,False,False,0
595,154,12,0,Bryan Chen,moderator,"And we also can discuss like, compare some of personal experience between Eastern and Western style leadership.",Interpretation,True,False,False,0
596,154,13,0,Bryan Chen,moderator,"And and yeah, so and we talk about how to count influence our leader, and most of people say just making friends with them.",Supplement,True,False,False,0
597,154,14,0,Bryan Chen,moderator,"And then, now we talk about what would be the good thing, and also what may may be the concern having a private relationship with your managers.",Interpretation,True,False,False,0
598,154,15,0,Bryan Chen,moderator,"Yeah, I think we have a very solid conversation today.",Supplement,False,False,True,0
599,154,16,0,Bryan Chen,moderator,Thanks you guys for your participation.,All Utility,False,False,True,0
602,154,19,0,Bryan Chen,moderator,If no thanks for participations.,All Utility,False,False,True,0
603,154,20,0,Bryan Chen,moderator,"and maybe we'll see you up to 2 weeks, I think.",Supplement,False,True,False,0
605,154,22,0,Bryan Chen,moderator,Cool.,All Utility,False,False,True,0
606,155,0,0,ピン 王,participant,Do have survey after this.,,,,,0
608,156,1,0,Bryan Chen,moderator,Let me bring it up.,Instruction,False,True,False,0
