Unnamed: 0,turn_index,sent_index,segment,speaker,role,text,dialogue_act,informational motive,coordinative motive,social motive,topic_cluster
28,12,5,0,Peggy,participant,"I don't know. Somehow they just switch a lot position things, some miniature.",,,,,4
32,12,9,0,Peggy,participant,We usually don't talk a lot of technical things like what direction I should do something to detail.,,,,,4
90,26,2,0,ピン 王,participant,"But when I try to, you know inference.",,,,,4
117,27,6,0,Bryan Chen,moderator,"I wanna try a they will say, this is a cute idea, but don't waste your time so, and then they will.",Supplement,True,False,False,4
159,32,8,0,Shunto,participant,You don't need to do some kind of hierarchy things in the western boss in the Western culture.,,,,,4
180,37,0,0,Shunto,participant,"Yeah. Oh, you you don't need to.",,,,,4
181,37,1,0,Shunto,participant,"You don't need to like sacrifice your like personal time, or you don't need to be.",,,,,4
182,37,2,0,Shunto,participant,You don't necessarily to be be friends with them.,,,,,4
187,40,0,0,Bryan Chen,moderator,"It's not necessary, though, because I know.",Supplement,True,False,False,4
189,41,1,0,Shunto,participant,"Yeah, exactly. I I don't.",,,,,4
190,41,2,0,Shunto,participant,I don't say like you should do it.,,,,,4
206,48,1,0,Bryan Chen,moderator,"That cause, you know.",All Utility,False,False,False,4
213,52,1,0,Bryan Chen,moderator,"Are you, you know?",Probing,True,False,False,4
223,60,0,0,Bryan Chen,moderator,So I don't know.,Supplement,True,False,False,4
224,60,1,0,Bryan Chen,moderator,"I if they don't work, play, people are overly nice to me.",Supplement,True,False,False,4
233,65,0,0,Shunto,participant,I don't.,,,,,4
265,71,6,0,Elda,participant,"in in Western work workplace, because if you don't have.",,,,,4
266,71,7,0,Elda,participant,You don't show results.,,,,,4
270,71,11,0,Elda,participant,I don't know I don't i i really can't say.,,,,,4
310,78,23,0,Bryan Chen,moderator,Maybe I don't know how that down is down in in Japan.,Probing,True,False,False,4
349,92,1,0,Bryan Chen,moderator,"So. If you're somehow indicating that if you don't give me pace rates and you, I'm going to.",Interpretation,True,False,False,4
356,94,0,0,jessica,participant,"For me. Personally, I don't have that experience yet.",,,,,4
370,98,2,0,jessica,participant,"No, I don't have that chance.",,,,,4
371,98,3,0,jessica,participant,"because my work parents is, I jump to the different career, so I don't have enough to the year experience to collect.",,,,,4
375,100,2,0,Elda,participant,I don't know the 1st thing that you do like.,,,,,4
377,100,4,0,Elda,participant,I don't know. I don't know just maybe they don't have the gods.,,,,,4
378,100,5,0,Elda,participant,I don't know.,,,,,4
419,105,0,0,Peggy,participant,"No, I don't have life experience.",,,,,4
424,109,0,0,Peggy,participant,"I don't know, actually, because I don't know what's different if I have a female miniature.",,,,,4
446,115,0,0,Shunto,participant,"Yeah, yeah. So basically, I don't know the difference between them.",,,,,4
478,124,3,0,Bryan Chen,moderator,"We talk about investment, but we don't really talk about like, oh, you know, how's your relationship going, how you feel?",Supplement,True,False,True,4
479,124,4,0,Bryan Chen,moderator,We don't talk about feeling.,Supplement,True,False,False,4
483,126,0,0,Bryan Chen,moderator,But that doesn't mean that we don't have that need.,Supplement,True,False,True,4
513,139,3,0,Elda,participant,You know.,,,,,4
518,141,3,0,Elda,participant,"you know, had that directly.",,,,,4
526,143,1,0,Elda,participant,"Then she she can tell him off, saying, You know I don't feel comfortable being praised as a girl like, that's sexual harassment.",,,,,4
530,143,5,0,Elda,participant,There's that I think I I know it could be.,,,,,4
540,147,0,0,Elda,participant,"Yeah, I know. What's the difference?",,,,,4
544,149,1,0,Elda,participant,you know I can.,,,,,4
557,152,8,0,Bryan Chen,moderator,I don't know. It's just a very weird hypothesis sign.,Supplement,True,False,False,4
558,152,9,0,Bryan Chen,moderator,"Okay, this. Yeah. Don't don't mind me.",All Utility,False,False,True,4
574,153,11,0,ピン 王,participant,"You couldn't really know when she will, or she will.",,,,,4
578,153,15,0,ピン 王,participant,I don't need to share this kind of like really personal stuff to to them I can be.,,,,,4
604,154,21,0,Bryan Chen,moderator,"Yeah, I don't think we have a session next week.",Supplement,False,True,False,4
