Unnamed: 0,turn_index,sent_index,segment,speaker,role,text,topic_cluster
0,0,0,0,Lizhao Chen,participant,No. okay. that.,4
2,2,0,0,Lizhao Chen,participant,"No, it's no moderator.",4
3,3,0,0,Jing JIANG,participant,So we can introduce ourselves.,4
4,4,0,0,Lizhao Chen,participant,Okay introduce myself. My name is John Chen.,4
5,4,1,0,Lizhao Chen,participant,"and I'm already graduated from the University of Melbourne, and a master of the applied linguistic.",4
6,4,2,0,Lizhao Chen,participant,So I'm honored to participate in this project.,4
7,4,3,0,Lizhao Chen,participant,So chew. so happy to discuss with with with your guys today.,4
8,5,0,0,Holawyq,participant,"That's why. My name is Yuchi, and I'm a master student in applied linguistics.",4
9,5,1,0,Holawyq,participant,I entered this event because I'm feel some.,4
10,5,2,0,Holawyq,participant,I have some interest in this topic.,4
12,6,0,0,Jing JIANG,participant,"Yes, I'm Qinjiang. I'm also doing the master of applied linguistics.",4
14,7,0,0,Urania Shan,participant,"Yeah, I'm also in master of linguistics and familiar with yeah.",4
15,7,1,0,Urania Shan,participant,"And I'm interested in this topic, because before I enter the University of Melbourne.",4
16,7,2,0,Urania Shan,participant,"I have a work experience that I contact with my false, but actually I do not have some.",4
19,8,0,0,Yaxin Huang,participant,And I'm also sorry I I'm studying also studying the master of applied linguistics in the University of Melbourne.,4
20,8,1,0,Yaxin Huang,participant,And I would love to talk more with you.,4
21,8,2,0,Yaxin Huang,participant,Thank you.,4
22,9,0,0,Jing JIANG,participant,So maybe we can start our discussion.,4
23,9,1,0,Jing JIANG,participant,"Well, so let's move on to our 1st question.",4
25,9,3,0,Jing JIANG,participant,What's your opinion.,4
26,10,0,0,Holawyq,participant,"Yeah, I totally agree with you.",4
29,11,1,0,Urania Shan,participant,That is main. It means the connection of every member in this team.,4
30,11,2,0,Urania Shan,participant,No matter. It is for the team work or their relationship to create an good atmosphere in their work.,4
34,12,1,0,Lizhao Chen,participant,influence the members in this group or in these companies to to achieve a common goal.,4
36,12,3,0,Lizhao Chen,participant,But it's more important.,4
37,12,4,0,Lizhao Chen,participant,It's about the empowering each others within this group and try to try to establish the trust of each other to share the different opinions.,4
38,12,5,0,Lizhao Chen,participant,This different up perspective in this a group.,4
39,12,6,0,Lizhao Chen,participant,"So yeah, that a leader is motivated.",4
40,12,7,0,Lizhao Chen,participant,their team or their group.,4
41,12,8,0,Lizhao Chen,participant,So that's the leadership.,4
42,12,9,0,Lizhao Chen,participant,In my opinion.,4
43,13,0,0,Jing JIANG,participant,"Yes, I believe that a good leader can meet the mental and physical needs of the internal teammates and external customers.",4
44,13,1,0,Jing JIANG,participant,Do you agree with that?,4
45,14,0,0,Urania Shan,participant,For sure. Yeah.,4
46,15,0,0,Jing JIANG,participant,Hmm.,4
47,16,0,0,Urania Shan,participant,And landing is very important for later to and gets the balance of the benefits of the team and the benefits of every individuals.,4
48,16,1,0,Urania Shan,participant,Yeah. And the leader should know.,4
49,16,2,0,Urania Shan,participant,What? everyone in this team are thinking their mind how to optimize their members.,4
50,16,3,0,Urania Shan,participant,"Yeah, to work together for their common goals.",4
52,16,5,0,Urania Shan,participant,Or am I right?,4
56,17,2,0,Holawyq,participant,"He or she cannot press his team members, and everyone's voice should be heard.",4
57,18,0,0,Jing JIANG,participant,"Yes, I also think that a good leader can take into account long term and short term by using a comprehensive insight.",4
59,18,2,0,Jing JIANG,participant,good Leader.,4
60,19,0,0,Lizhao Chen,participant,Yeah. yeah. The good leaders should have the all the feature we are talking about.,4
64,23,0,0,Jing JIANG,participant,So could you give a more structured idea?,4
65,23,1,0,Jing JIANG,participant,And you can talk about many factors or features.,4
67,24,1,0,Lizhao Chen,participant,Yeah. you'll go ahead.,4
68,24,2,0,Lizhao Chen,participant,That's fine.,4
69,25,0,0,Yaxin Huang,participant,"Oh, thank you. Yeah, maybe as a group, because we talk about the definition of a a good leadership.",4
70,25,1,0,Yaxin Huang,participant,So we should organize the group and listen to others.,4
71,25,2,0,Yaxin Huang,participant,"Opinions like this. So the communication between the the group members are very important, including the leader as leaders, and the the group members so a good leader should be good at communicating with others the good communication, I mean, and also they should.",4
72,25,3,0,Yaxin Huang,participant,"You know, be they should treat other people as equal instead of you know, holding the hierarchy and talking, or, or, you know, be in being implied to their to their group members.",4
73,25,4,0,Yaxin Huang,participant,yeah. So there should be the channel for the leaders to talk with the the group members in their company.,4
74,25,5,0,Yaxin Huang,participant,"For example, they can talk on the Internet or or maybe they have a face to face regular meeting to, you know.",4
76,25,7,0,Yaxin Huang,participant,"So yeah, in general, in my opinion, the good communication is very important, and the leaders should be good at communicating with others, addressing their problems in a patient way.",4
78,25,9,0,Yaxin Huang,participant,So how do you.,4
79,26,0,0,Lizhao Chen,participant,Cheers.,4
82,28,1,0,Lizhao Chen,participant,"the he is a leader, and he holds authority, and if we want to improve communications to the members, she he should be the friend as the friend with the members.",4
83,28,2,0,Lizhao Chen,participant,"So it's hard to balance the Ben, the relationship between the friends and the leaders.",4
84,28,3,0,Lizhao Chen,participant,"So sometimes, if the leader was, was so serious when so tough.",4
85,28,4,0,Lizhao Chen,participant,so the members will freed off talking with leaders or facing with the leader facing to the leader.,4
86,28,5,0,Lizhao Chen,participant,But but in other opinions in other side.,4
87,28,6,0,Lizhao Chen,participant,the leader should have the should have the authority to decide.,4
88,28,7,0,Lizhao Chen,participant,The should have the insight and the authority to to decide the to make the decision.,4
89,28,8,0,Lizhao Chen,participant,so that is very hard to banish.,4
90,28,9,0,Lizhao Chen,participant,So so the 2 leaders is good.,4
91,29,0,0,Urania Shan,participant,Troupe.,4
92,30,0,0,Lizhao Chen,participant,If it's this relationship.,4
93,31,0,0,Urania Shan,participant,Sure.,4
95,32,1,0,Jing JIANG,participant,"So it's very important to for them to have a have an excellent communication skills and some knowledge about humans, mental?",4
97,33,0,0,Yaxin Huang,participant,"Yeah, I totally agree with you.",4
98,33,1,0,Yaxin Huang,participant,"The good communication skills are very important, and to expand.",4
99,33,2,0,Yaxin Huang,participant,"If if I spell correctly Li Jos, ideas.",4
101,33,4,0,Yaxin Huang,participant,"It's also a it's very difficult, because sometimes we might try to keep the the serious space as the leader.",4
102,33,5,0,Yaxin Huang,participant,"So so, in my opinion.",4
103,33,6,0,Yaxin Huang,participant,"the good, the good communication or we say the equality should be defined in a way that the the group members have the have the access to talk with the to talk with the leaders, I mean, the leaders should provide the the equality for the group members to talk, they should have the opportunity to communicate with each other, sharing their problems and sharing the ideas with each other.",4
104,33,7,0,Yaxin Huang,participant,"hmm! But not all, but but not at all.",4
105,33,8,0,Yaxin Huang,participant,"Time. The leaders should keep a friendly base especially in some serious serious occasions, or when the or when the group members you know, making make some mistakes.",4
106,33,9,0,Yaxin Huang,participant,The leader should also keep that should also be serious about this province.,4
107,33,10,0,Yaxin Huang,participant,"But but not restricting the the talking opportunities of these members, they should have the opportunity to talk equally.",4
108,33,11,0,Yaxin Huang,participant,And and when there are some problems they should be treated equally.,4
109,33,12,0,Yaxin Huang,participant,"So. That's the equality and the access of the communication are very important, but not all, but not at all times.",4
111,33,14,0,Yaxin Huang,participant,"That's not the definition of a good communication the good communication should include the yeah, the equal way that they access.",4
113,34,0,0,Urania Shan,participant,"Yeah, sure, this is a problem that many leaders face in their work or I wanna see.",4
114,34,1,0,Urania Shan,participant,"Maybe it didn't lie, because for later is, it's very hard to.",4
117,34,4,0,Urania Shan,participant,"how to balance the work and live but I'm not sure whether a leader, maybe in and Eastern culture.",4
119,34,6,0,Urania Shan,participant,"you know, organize their team.",4
120,34,7,0,Urania Shan,participant,but my! May I ask your opinions about the balance between know about the work and seriously the life?,4
124,35,1,0,Holawyq,participant,Daily life.,4
125,36,0,0,Urania Shan,participant,It's.,4
129,39,1,0,Urania Shan,participant,maybe during the work time.,4
130,39,2,0,Urania Shan,participant,And what should the leader do?,4
132,40,0,0,Holawyq,participant,"Yeah, if you want to lose.",4
133,40,1,0,Holawyq,participant,"If the member has a very, very right reason, so he should give the reason to the boss.",4
134,41,0,0,Lizhao Chen,participant,So so this is the the second question now or.,4
135,42,0,0,Urania Shan,participant,"Yeah, maybe related.",4
136,43,0,0,Jing JIANG,participant,This is the second one.,4
138,45,0,0,Lizhao Chen,participant,Okay.,4
141,46,2,0,Yaxin Huang,participant,They they prefer to be treated.,4
142,46,3,0,Yaxin Huang,participant,They prefer to keep things individual.,4
144,46,5,0,Yaxin Huang,participant,"yeah. But in Eastern culture, maybe you know, we share a a culture of collective reason.",4
145,46,6,0,Yaxin Huang,participant,and we may not be so close to our individual things.,4
146,46,7,0,Yaxin Huang,participant,"And yeah, it. It can be a difference in the workplace but in general the leaders I mean, the family can be a way for the leaders to know more about their subordinates or I mean the their team members.",4
149,46,10,0,Yaxin Huang,participant,"It's a way to know more about their team members, and so that they can keep the familiarity and the intimacy in in to some degree.",4
150,46,11,0,Yaxin Huang,participant,"But this is totally up to the team members choice to to decide whether they want they want to keep this thing secret, or they want to, you know, to tell the leaders so it's up to them and I think it can be a way to get them closed about whether to say it's it's up to this.",4
153,47,1,0,Urania Shan,participant,"It's not only depends on the boss, but also the team member.",4
155,48,0,0,Jing JIANG,participant,"Actually, I don't have too much work experiences.",4
156,48,1,0,Jing JIANG,participant,"But my, but I have heard something from my friends, she mentioned many times about hierarchy in workplace, especially some Asian countries, may pay pay attention to the hierarchical order, but some Western countries relatively equal the.",4
157,48,2,0,Jing JIANG,participant,Do you agree with that?,4
158,49,0,0,Holawyq,participant,"Yes, I've been working in China for about half a year.",4
160,49,2,0,Holawyq,participant,"I want. I wanted to ask for a leaf, and I say I'm thick.",4
164,51,0,0,Holawyq,participant,"But maybe I'll have to, because I still want that job.",4
165,51,1,0,Holawyq,participant,So under that kind of variety.,4
166,51,2,0,Holawyq,participant,I have no choice.,4
169,52,1,0,Urania Shan,participant,because I haven't experienced that.,4
170,52,2,0,Urania Shan,participant,"I told my boss that I want to live, cause I have to go back to my home, which is in another province, that is a little bit far from my workplace.",4
171,52,3,0,Urania Shan,participant,"So she can, she could agree with my yeah with my accounts.",4
173,52,5,0,Urania Shan,participant,Use these reasons I can get to live.,4
175,52,7,0,Urania Shan,participant,"Yeah, it's about my life.",4
176,52,8,0,Urania Shan,participant,I have to talk to her about this.,4
186,56,3,0,Lizhao Chen,participant,"The leaders avoid something direct conversation, and to the employees.",4
187,56,4,0,Lizhao Chen,participant,"to, you know, rely on the context rather than direct.",4
188,56,5,0,Lizhao Chen,participant,You know direct statement.,4
189,56,6,0,Lizhao Chen,participant,But in the Western countries the leaders.,4
190,56,7,0,Lizhao Chen,participant,and prefer to have the direct communication.,4
191,56,8,0,Lizhao Chen,participant,So it's more clear and open.,4
193,56,10,0,Lizhao Chen,participant,"But why, I said, is reduction a contradiction?",4
194,56,11,0,Lizhao Chen,participant,Because. as as you are.,4
195,56,12,0,Lizhao Chen,participant,You are guys mentioned before.,4
196,56,13,0,Lizhao Chen,participant,When we're talking about something special.,4
197,56,14,0,Lizhao Chen,participant,"For example. you apply for a illness, break illness day off the Chinese leader or the Eastern leader.",4
199,56,16,0,Lizhao Chen,participant,You cannot live right.,4
200,56,17,0,Lizhao Chen,participant,So.,4
202,58,0,0,Lizhao Chen,participant,So that is a little bit little bit very weird.,4
204,59,0,0,Holawyq,participant,Makeup.,4
205,60,0,0,Lizhao Chen,participant,Request or to make order to the employees.,4
206,60,1,0,Lizhao Chen,participant,but it it becomes a direct.,4
207,61,0,0,Holawyq,participant,But.,4
208,62,0,0,Lizhao Chen,participant,Direct communications. It's different from from our our understanding.,4
209,62,1,0,Lizhao Chen,participant,Right.,4
212,64,0,0,Jing JIANG,participant,and I'm wondering about the collectivism and individualism.,4
213,64,1,0,Jing JIANG,participant,"Yes. Oh, I I think some countries like china and Japan for example may care about the Collectivism, and ask the subordinates to sacrifice their own interest for the whole group or the whole project.",4
214,65,0,0,Holawyq,participant,Not doing anything.,4
215,66,0,0,Lizhao Chen,participant,So something successful technique or some something appearance to.,4
216,67,0,0,Jing JIANG,participant,I mean the conflict between individual and the group.,4
217,68,0,0,Lizhao Chen,participant,"Oh, yeah. So let's go to the 3rd questions, how do you approach up managing with the boss from a different cultural backgrounds?",4
223,73,1,0,Jing JIANG,participant,Why.,4
226,75,0,0,Jing JIANG,participant,Yeah. That's a tricky question.,4
227,76,0,0,Yaxin Huang,participant,"Yeah. maybe we, we really have this kind of experience to to manage our boss.",4
229,76,2,0,Yaxin Huang,participant,"We are the the captain of the team, and we manage the team members.",4
230,76,3,0,Yaxin Huang,participant,"and and he'll be a bit weird, too.",4
234,76,7,0,Yaxin Huang,participant,What are the differences of this kind of management.,4
236,77,1,0,Lizhao Chen,participant,"As I, we are talking about the the difference working environment between the Western and eastern.",4
238,78,0,0,Yaxin Huang,participant,"Yeah. And firstly, this is a upper management, the management of management to the high, the higher degree of people.",4
239,78,1,0,Yaxin Huang,participant,Oh. so how to manage the people with a higher degree.,4
240,78,2,0,Yaxin Huang,participant,"And yeah, and they are from different culture backgrounds.",4
241,79,0,0,Jing JIANG,participant,"So maybe, firstly, we need to understand their culture and cultural issues.",4
242,79,1,0,Jing JIANG,participant,There are differences to have a better communications.,4
244,81,0,0,Urania Shan,participant,In China.,4
245,82,0,0,Lizhao Chen,participant,You know we should.,4
246,82,1,0,Lizhao Chen,participant,"Firstly, we should show our respect for the hierarchy.",4
248,82,3,0,Lizhao Chen,participant,"So it's very key things in Eastern cultures, especially in China and Japan and and his career.",4
249,82,4,0,Lizhao Chen,participant,"So you should be plied and avoid being, you know.",4
250,82,5,0,Lizhao Chen,participant,"being directed direct, indirect conversation to seek to seek some approval for some for major decisions.",4
251,82,6,0,Lizhao Chen,participant,"So you should. Firstly, you should respect your boss, your leader.",4
252,83,0,0,Jing JIANG,participant,About many manners or etiquette.,4
253,83,1,0,Jing JIANG,participant,and how to address others.,4
255,84,1,0,Holawyq,participant,They really care about their faces.,4
256,84,2,0,Holawyq,participant,so don't so oh.,4
257,84,3,0,Holawyq,participant,avoid refuting in front of a lot of people.,4
259,84,5,0,Holawyq,participant,Maybe.,4
260,85,0,0,Urania Shan,participant,Yeah. And I'm not sure I have a question of that.,4
263,85,3,0,Urania Shan,participant,"Yeah, we work in China.",4
265,86,0,0,Holawyq,participant,What?,4
266,87,0,0,Urania Shan,participant,Audio design. When facing this condition.,4
268,88,1,0,Holawyq,participant,"So maybe both of us, the team member and the boss, should do some adaption.",4
270,90,0,0,Urania Shan,participant,"Adaption to which kind of cultural background to the workplace background, or the both, the both.",4
275,94,0,0,Urania Shan,participant,Have Chinese teacher or some teacher from Eastern countries that they teach.,4
276,94,1,0,Urania Shan,participant,"Some subjects in our university, but we are in Australia, but we face some teachers from eastern backgrounds.",4
279,95,1,0,Jing JIANG,participant,I mean some general strategies to cope with this problem.,4
280,96,0,0,Holawyq,participant,Yeah. If you don't know the professor's cultural background.,4
282,97,0,0,Lizhao Chen,participant,"for my appearance. So if you not sure your dealerships, cultural backgrounds.",4
283,97,1,0,Lizhao Chen,participant,it's it. It is so easier to follow the cultural environment which country you live so.,4
285,99,0,0,Lizhao Chen,participant,In Australia you should follow the Western.,4
287,99,2,0,Lizhao Chen,participant,But if you are living in China.,4
288,99,3,0,Lizhao Chen,participant,If you are Western countries.,4
289,99,4,0,Lizhao Chen,participant,if you are from the Western country.,4
290,99,5,0,Lizhao Chen,participant,"So I think it's it's more is issue to follow the behavior, the Chinese behavior or Chinese transitional behavior.",4
291,99,6,0,Lizhao Chen,participant,"So that is, that is a technique.",4
293,99,8,0,Lizhao Chen,participant,So in China. I have worked about one year in China.,4
295,99,10,0,Lizhao Chen,participant,"you should doing something you should doing work correct, not doing work more.",4
296,100,0,0,Holawyq,participant,"Oh, we love something.",4
297,101,0,0,Jing JIANG,participant,So may I ask about your job?,4
298,101,1,0,Jing JIANG,participant,What's your job? You you said you worked before.,4
302,103,0,0,Jing JIANG,participant,Have you learned something from this job.,4
303,103,1,0,Jing JIANG,participant,Okay.,4
304,104,0,0,Lizhao Chen,participant,"Maybe I'm how to deal with, how to deal with your leader.",4
305,104,1,0,Lizhao Chen,participant,"How to deal with your is not a big leader, how to deal with your your, your team leader, or something.",4
306,104,2,0,Lizhao Chen,participant,How do with your colleagues.,4
307,104,3,0,Lizhao Chen,participant,and how to deal with your something older older colleagues?,4
310,105,1,0,Holawyq,participant,or it's easy for you.,4
311,106,0,0,Lizhao Chen,participant,"I'm not sure, because you have to.",4
312,106,1,0,Lizhao Chen,participant,"You have to know the society in your your bachelor, in your bachelor university or your undergraduate.",4
314,107,0,0,Holawyq,participant,You.,4
316,109,0,0,Holawyq,participant,Thank you.,4
317,110,0,0,Lizhao Chen,participant,So next question. what differences have you observed in the leadership selves between the male and female leaders?,4
318,110,1,0,Lizhao Chen,participant,So differences impact team dynamics and the decision making.,4
320,111,1,0,Jing JIANG,participant,but female leaders are often more cautious.,4
321,112,0,0,Holawyq,participant,"Yeah. And some people said, male leader is more authoritative than female leaders are more collaborative.",4
322,112,1,0,Holawyq,participant,But it's maybe a kind of stereotype.,4
323,112,2,0,Holawyq,participant,Not always be that kind of.,4
324,113,0,0,Urania Shan,participant,"Yeah. And maybe for female leaders, they pay more attention.",4
325,113,1,0,Urania Shan,participant,In some details in the work.,4
326,114,0,0,Jing JIANG,participant,This may be the stereotypes of jealous.,4
330,117,0,0,Holawyq,participant,Yeah. Hmm.,4
331,118,0,0,Jing JIANG,participant,Any other idea.,4
332,119,0,0,Lizhao Chen,participant,"Yeah, it's a little bit little bit of therapy.",4
335,121,1,0,Yaxin Huang,participant,There can be some stereotypes but maybe in most cases female leaders tend to be more communicative.,4
336,121,2,0,Yaxin Huang,participant,"They maybe they will have the patience, and they are willing to talk more, to discuss more with their team members.",4
337,121,3,0,Yaxin Huang,participant,"they yeah, they will be more cooperative.",4
338,121,4,0,Yaxin Huang,participant,"Yeah. But for the female leaders, maybe.",4
341,121,7,0,Yaxin Huang,participant,"by themselves, or by the by less numbers of people.",4
342,121,8,0,Yaxin Huang,participant,and maybe they will be.,4
343,121,9,0,Yaxin Huang,participant,"They will take more courage to do something, instead of, you know, hesitating or discussing more with others, that they will be more risky and aggressive in some to some degree.",4
345,122,0,0,Jing JIANG,participant,"Yes. But do you want to work with a female leader or a male leader, or both?",4
346,122,1,0,Jing JIANG,participant,Okay.,4
348,123,1,0,Holawyq,participant,Yeah. Some people told me that.,4
350,123,3,0,Holawyq,participant,lots of them are very care about team members feelings.,4
353,124,1,0,Urania Shan,participant,"Yeah, totally speaking.",4
356,127,0,0,Jing JIANG,participant,And so you guys.,4
357,128,0,0,Yaxin Huang,participant,Both are okay.,4
358,129,0,0,Jing JIANG,participant,Focus on other aspects.,4
362,131,1,0,Urania Shan,participant,Maybe. it's good for different professionals.,4
364,131,3,0,Urania Shan,participant,"And in this front, yeah, somebody mentions that.",4
365,131,4,0,Urania Shan,participant,For lawyer cause he's a programmer about lawyers.,4
366,131,5,0,Urania Shan,participant,"For lawyer. Maybe female lawyers have more empathy for their customers, so they can conduct their work better to learn more about the their customers, and to process with their you know some fiber things to establish the connection between and themselves and the mental like mental aspects for the customers is very important for this professional yeah.",4
368,132,1,0,Holawyq,participant,but so maybe every industries need more female bosses.,4
370,134,0,0,Holawyq,participant,You.,4
371,135,0,0,Urania Shan,participant,"Maybe now there are more male lawyers than females, but I believe maybe in the future there are more and more especially be called big lawyer in the future.",4
374,137,0,0,Jing JIANG,participant,So.,4
375,138,0,0,Holawyq,participant,Maybe we finished all the questions.,4
380,141,2,0,Urania Shan,participant,Are you interested in.,4
381,142,0,0,Jing JIANG,participant,I know that.,4
382,143,0,0,Holawyq,participant,It's really popular. Now.,4
384,145,0,0,Yaxin Huang,participant,So that mpti kind of can ultimately can be a kind of individual personalities.,4
385,145,1,0,Yaxin Huang,participant,The differences between.,4
386,146,0,0,Holawyq,participant,So.,4
387,147,0,0,Yaxin Huang,participant,I'm pressing that.,4
391,150,1,0,Lizhao Chen,participant,Mbti.,4
392,151,0,0,Jing JIANG,participant,Not really.,4
393,152,0,0,Holawyq,participant,Not. Really. Yeah.,4
396,154,1,0,Yaxin Huang,participant,And so it's much more reliable than the single.,4
399,156,0,0,Lizhao Chen,participant,So that is the same thing.,4
401,157,0,0,Holawyq,participant,Oh!,4
403,158,1,0,Lizhao Chen,participant,I I always forgot the what is my personality.,4
404,159,0,0,Urania Shan,participant,Is there different outcome outcomes every time or the same one.,4
406,161,0,0,Urania Shan,participant,I see.,4
407,162,0,0,Lizhao Chen,participant,But I never remember that.,4
408,162,1,0,Lizhao Chen,participant,So so it it will.,4
409,162,2,0,Lizhao Chen,participant,It will be changed sometimes.,4
410,162,3,0,Lizhao Chen,participant,"You test next time with the time, or I I don't know.",4
411,162,4,0,Lizhao Chen,participant,I don't understand what the.,4
412,162,5,0,Lizhao Chen,participant,"So you know, I'm Bti clarifications.",4
413,162,6,0,Lizhao Chen,participant,"So some someone, some personality or good light to be a leader or some personality.",4
414,162,7,0,Lizhao Chen,participant,I'm not right.,4
417,165,0,0,Yaxin Huang,participant,"Yeah, we cannot. People cannot be defined by this.",4
418,165,1,0,Yaxin Huang,participant,"But according as far as I as I'm concerned, I guess I am preparing for some for the job.",4
419,165,2,0,Yaxin Huang,participant,the job hunting for the for to find a job in China.,4
420,165,3,0,Yaxin Huang,participant,"so and some companies will pay much attention to the to individual personality, and the criteria is Mbti.",4
421,165,4,0,Yaxin Huang,participant,"They will, and although maybe they will not directly ask you to tell them.",4
422,165,5,0,Yaxin Huang,participant,What's what is your Mbti?,4
423,165,6,0,Yaxin Huang,participant,"But they will give you some personality test to to find out the characteristics that they want, the that they want their team members.",4
425,167,0,0,Yaxin Huang,participant,Behalf.,4
426,168,0,0,Urania Shan,participant,"Yeah, sure, some companies use this.",4
427,169,0,0,Jing JIANG,participant,"Yeah, some. We'll we'll check your Mbti type to design it.",4
428,169,1,0,Jing JIANG,participant,Decide whether you can obtain this job.,4
431,172,0,0,Lizhao Chen,participant,"Yeah, it's a little bit unfair.",4
437,173,4,0,Urania Shan,participant,They don't want a person who have the personality of 2.,4
438,173,5,0,Urania Shan,participant,Yeah. and they will reject you.,4
441,174,1,0,Holawyq,participant,"If the boss asked me, What is my Npci if I told him or he or she?",4
442,174,2,0,Holawyq,participant,"I am Iofp. Maybe he, he or she will have prejudice on me.",4
445,176,1,0,Yaxin Huang,participant,So it.,4
447,178,0,0,Yaxin Huang,participant,"Can conclude that our personalities, or a, or as a leader, or our leaders in the future.",4
448,178,1,0,Yaxin Huang,participant,the personality of them will make some differences to our perceptions or the our interaction with them.,4
450,178,3,0,Yaxin Huang,participant,Because I prefer to work with the leaders with a with a younger age.,4
453,180,0,0,Yaxin Huang,participant,"Younger leaders are, yeah, because they are more dynamic.",4
456,182,0,0,Yaxin Huang,participant,"Between the yeah, between the people different ages.",4
457,182,1,0,Yaxin Huang,participant,Yeah. So maybe I will feel more.,4
458,182,2,0,Yaxin Huang,participant,"Feel a. a, a, much more.",4
459,182,3,0,Yaxin Huang,participant,Yeah. The the a far more distance.,4
461,184,0,0,Urania Shan,participant,"Yeah, because we are younger.",4
462,184,1,0,Urania Shan,participant,Now.,4
463,185,0,0,Holawyq,participant,"Yeah, younger boss are a bit more ambitious than the elder boss.",4
466,186,2,0,Yaxin Huang,participant,And and although this can also be a stereotype.,4
467,186,3,0,Yaxin Huang,participant,"But in most cases, yeah, it could be.",4
468,186,4,0,Yaxin Huang,participant,"They can be more dynamic, more open.",4
469,186,5,0,Yaxin Huang,participant,"Yeah, to our ideas.",4
471,187,0,0,Urania Shan,participant,"So. okay, so, are there any other interesting points?",4
473,188,0,0,Bryan Chen,participant,That's probably about time.,4
474,188,1,0,Bryan Chen,participant,Can we can rip out.,4
477,191,0,0,Bryan Chen,participant,"Yeah, yeah. okay, thank you guys for the participation and thanks for your contribution.",4
478,192,0,0,Holawyq,participant,Oh! This is.,4
479,193,0,0,Urania Shan,participant,"So, since you.",4
