Unnamed: 0,turn_index,sent_index,segment,speaker,role,text,dialogue_act,informational motive,coordinative motive,social motive,topic_cluster
19,1,0,0,CiCi,participant,"Okay for AI. I also use AI to polish my, I say, sometimes I don't for a topic.",,,,,3
53,8,4,0,Bryan Chen,moderator,"Okay, let's see, Maureen, do you have anything you want to share, are you there.",Probing,True,False,False,3
84,14,0,0,Bryan Chen,moderator,"Okay, that's very interesting.",All Utility,True,False,True,3
85,14,1,0,Bryan Chen,moderator,Yeah. Okay. Let's see.,Instruction,False,True,False,3
101,16,0,0,Bryan Chen,moderator,Okay.,All Utility,False,False,True,3
107,17,5,0,Liz,participant,"okay, and it will show you, I guess.",,,,,3
111,19,0,0,Liz,participant,Okay.,,,,,3
113,20,1,0,Bryan Chen,moderator,"And I was like, Whoa, okay, how did it?",All Utility,False,False,True,3
123,24,0,0,Bryan Chen,moderator,"Okay. Interesting, Urania. Do you have anything you would like to share.",Probing,True,False,False,3
216,42,5,0,Bryan Chen,moderator,Right? Okay? Sorry for interruption.,All Utility,False,False,True,3
305,60,0,0,Bryan Chen,moderator,"Okay, I think marine say they can.",Interpretation,True,False,False,3
340,64,6,0,Bryan Chen,moderator,Okay? Maybe we can move on to leads these.,Instruction,False,True,False,3
357,66,0,0,Bryan Chen,moderator,"Okay, I think that's fair point.",Supplement,True,False,False,3
403,78,0,0,Bryan Chen,moderator,"Oh, okay, but maybe that that part can be improved right?",Probing,True,False,False,3
407,80,1,0,Bryan Chen,moderator,Okay.,All Utility,False,False,False,3
424,86,0,0,Bryan Chen,moderator,Okay. I see.,All Utility,True,False,False,3
439,92,3,0,Bryan Chen,moderator,"Okay, let's see what other people think?",Probing,True,True,False,3
481,98,4,0,Bryan Chen,moderator,"Yeah, okay, I think leads you haven't shared your thoughts?",Probing,True,False,False,3
486,98,9,0,Bryan Chen,moderator,"Okay, I think she's probably away.",Instruction,False,True,False,3
487,98,10,0,Bryan Chen,moderator,It's okay. We can move on to our last questions.,Instruction,False,True,False,3
489,98,12,0,Bryan Chen,moderator,Okay.,All Utility,False,False,False,3
525,104,0,0,Bryan Chen,moderator,"Okay, I think now we are also almost about time.",Instruction,False,True,False,3
554,106,5,0,Bryan Chen,moderator,"Okay. CC, can you say?",Probing,True,False,False,3
575,114,0,0,Bryan Chen,moderator,"Yeah, okay.",All Utility,False,False,True,3
