Unnamed: 0,turn_index,sent_index,segment,speaker,role,text,topic_cluster
33,6,1,0,evan,participant,"It renews from the Western society, and it's similar with our the Eastern, like the Astro astrology the Feng Shui, and and so on.",4
37,6,5,0,evan,participant,So maybe the like.,4
57,16,1,0,Jodie,participant,"They may just like want something for fun, not really care about accuracy.",4
68,22,2,0,evan,participant,"And is there some like your friends or your families to believe the Tarot card, or to use Tarot card to predict some event or other things.",4
71,24,0,0,evan,participant,Tarot Tarot card like.,4
77,27,3,0,Johnson,participant,"I I mean, I'm I'm ma major in computer science, or probably like like in science in general.",4
81,27,7,0,Johnson,participant,"like, from what I know, if you choose, like different cards from the pile.",4
84,27,10,0,Johnson,participant,"And so it's kind of like depends on the time, the mood, the the person's mood.",4
95,29,2,0,Urania,participant,"There are 12 constellations in total, like.",4
97,29,4,0,Urania,participant,Maybe like tianping like this.,4
111,32,2,0,Urania,participant,like some daily life to used used by the constellation like a famous blogger called Tobai bai she will create a what what to say is called prediction every week for different constellation.,4
112,32,3,0,Urania,participant,So it is also dynamic every week or every month like this.,4
116,33,3,0,evan,participant,"Because other things like the you know, the study of the love.",4
126,33,13,0,evan,participant,"Like you, said a Tarot card that can provide some psychological comfort and help people cope with the pressures and the challenge in their work or in their study or in their life.",4
139,34,5,0,Johnson,participant,"Well, I mean, star signs are usually like like statistics.",4
143,34,9,0,Johnson,participant,"You can somehow try to reference it like it as For example, you have like these Earth signs.",4
144,34,10,0,Johnson,participant,"Right? You have the water signs so so on, so could be like someone else that could be much more introverted or extroverted.",4
145,34,11,0,Johnson,participant,"I mean, have different, or even like the the Mbds like personalities.",4
149,34,15,0,Johnson,participant,"I mean, one of the topic to chat right is to like, oh, so you're Leo.",4
150,34,16,0,Johnson,participant,"You're Virgo, or you're a captain or something like that, and then kind of using as a topic to get.",4
171,42,2,0,Jane,participant,"We some people believe in Buddhism, and some are not, but of them will go to the mountain a mountain to to to like.",4
174,42,5,0,Jane,participant,"And their his or her parents wish their children to get better grades or things like that, and they will go to the mountain and meet the master there and make a wish.",4
175,42,6,0,Jane,participant,"And after the exam, the person who made a wish will also came back to the mountain and to show their thank thanks to the Master, or like the God.",4
176,42,7,0,Jane,participant,things like that.,4
185,44,3,0,Jane,participant,"So there's no, any other reason for things like that.",4
193,45,7,0,evan,participant,"Both the 2 things original and original, like the like, a coins.",4
200,46,5,0,Urania,participant,"But actually, I found that most of the people are the younger generation, and this is a train that for many young people, especially in some like city, or like where many young people have of the stress in work or family, they prefer to believe this aspects, especially for specific aspects like study or professional developments like this.",4
213,48,1,0,Johnson,participant,"Cause like please, are much more better.",4
214,48,2,0,Johnson,participant,"In my opinion, it's like like a family usually cherished or trying to believe on some things that they I mean.",4
223,48,11,0,Johnson,participant,"And after the accomplishment, for example, like what like, for example, if, like students like get good grades after they, they've taken taken the examinations, and they want to thank for the gods, mountains, etc.",4
232,48,20,0,Johnson,participant,And you can like do something else you insist of like.,4
233,48,21,0,Johnson,participant,"probably like like in your department, you have different different organizations.",4
235,48,23,0,Johnson,participant,"You want your doors like straight from the south side, north side, etc.",4
252,52,1,0,Johnson,participant,"Right? I mean like from my family, like, for example, like what they believe is like when you open your house, or you open your apartment.",4
254,52,3,0,Johnson,participant,Right? That's like one of the there's.,4
258,52,7,0,Johnson,participant,the renovation is just like that in an apartment.,4
261,52,10,0,Johnson,participant,"But it's just how I respect these ideas, and probably like the standards that we would choose on like selecting apartments, etc.",4
277,55,1,0,Urania,participant,Very interested in these kinds of concept like function.,4
280,55,4,0,Urania,participant,"Let me see now, because the because the shape of the apartment is like a triangular.",4
292,56,6,0,evan,participant,"The positive effect. Yeah, like a comfort, like a comfort of the sense of control.",4
299,57,1,0,Maolin,participant,"I don't like superpowered super superstations, etc, based on race gender.",4
315,63,0,0,Jodie,participant,They are not like into the extreme.,4
341,75,0,0,CiCi,participant,"I think, just just like I mentioned before that the super the superstation, just like the sometimes that is like a psychological suggestions.",4
343,75,2,0,CiCi,participant,"That is not your fault, then, but for some just like the local, the just like the Feng Shui.",4
364,77,1,0,Johnson,participant,"So I would say, this is a well, it's not really harmful for others, but probably like an harmful way for the environment.",4
365,77,2,0,Johnson,participant,"So, for example, like if someone unfortunately passed away and I mean, usually I mean the the past ones will put it into a coffin right, and then probably like for some times, and do.",4
366,77,3,0,Johnson,participant,"and probably like, find a grave, and and put it into a grave instead, etcetera.",4
367,77,4,0,Johnson,participant,But before that they will probably like put it on top of a car.,4
370,77,7,0,Johnson,participant,This is just probably like a belief based on the religion.,4
406,81,1,0,Johnson,participant,It's kind of like that.,4
417,82,2,0,evan,participant,"Yeah, like you said the in the past generations, maybe.",4
