Unnamed: 0,turn_index,sent_index,segment,speaker,role,text,topic_cluster
6,4,0,0,evan,participant,"Yeah. Okay, thank you.",0
40,7,0,0,CiCi,participant,"Yeah, 2.",0
42,8,1,0,evan,participant,Yeah.,0
47,13,0,0,Urania,participant,"Oh, thank you. Yeah.",0
60,17,1,0,Urania,participant,Yeah.,0
61,18,0,0,Jodie,participant,"Yeah, I agree.",0
62,19,0,0,Urania,participant,Yeah.,0
66,22,0,0,evan,participant,"Yeah, yeah, we talked about.",0
73,26,0,0,evan,participant,"Yeah, yeah, yeah, yeah.",0
88,28,0,0,evan,participant,"Yeah, yeah, great. So it shows, you know.",0
90,28,2,0,evan,participant,"Yeah, yeah, it's fantastic.",0
93,29,0,0,Urania,participant,"Oh, yeah, it reminds me that.",0
109,32,0,0,Urania,participant,"Oh, yeah, yeah, I agree.",0
113,33,0,0,evan,participant,"Yeah, yeah, I I have.",0
151,35,0,0,evan,participant,"Yeah, yeah, because many, many people to use it.",0
153,37,0,0,evan,participant,Yeah.,0
154,38,0,0,Johnson,participant,Like that. Yeah.,0
155,39,0,0,evan,participant,"Yeah, yeah. And many people to use it.",0
165,40,3,0,CiCi,participant,Maybe that is the fate they yeah.,0
186,45,0,0,evan,participant,"Yeah. Yeah. For example, you take some exams and you get a good grades and all make more great progress.",0
192,45,6,0,evan,participant,"or only original. Yeah, maybe both.",0
240,48,28,0,Johnson,participant,Yeah.,0
241,49,0,0,evan,participant,"Yeah, yeah. So maybe you have you.",0
245,49,4,0,evan,participant,"Maybe they thank the God, yeah.",0
248,49,7,0,evan,participant,Yeah.,0
263,53,0,0,evan,participant,Yeah. The layout. Yeah.,0
264,53,1,0,evan,participant,Okay. Yeah.,0
276,55,0,0,Urania,participant,"Yeah, yeah, I think what you said is reasonable cause But for me, actually, I do not.",0
303,58,1,0,evan,participant,Jody. Yeah.,0
318,65,0,0,Jodie,participant,"Yeah, kind of.",0
319,66,0,0,evan,participant,"Yeah, yeah, yeah. Fantastic.",0
327,68,0,0,evan,participant,Yeah.,0
338,74,0,0,evan,participant,Yeah. Yeah. So what?,0
353,76,0,0,evan,participant,"Hmm, yeah, yeah. And I, I suddenly remembered, in our Chinese histories, there are some.",0
361,76,8,0,evan,participant,"And yeah, yeah, and thanks thanks every people to share your ideas.",0
378,77,15,0,Johnson,participant,Yeah.,0
379,78,0,0,evan,participant,"Yeah, yeah, yeah, fantastic idea.",0
383,78,4,0,evan,participant,"Yeah, maybe to or where is the topic?",0
402,79,16,0,Johnson,participant,Yeah.,0
414,81,9,0,Johnson,participant,Yeah.,0
427,82,12,0,evan,participant,"Yeah, yeah, goat, good.",0
431,84,0,0,evan,participant,"Yeah, thanks for everyone's sharing.",0
433,84,2,0,evan,participant,"yeah, so behind.",0
