Unnamed: 0,turn_index,sent_index,segment,speaker,role,text,topic_cluster
74,27,0,0,Johnson,participant,"I mean, well, basically.",3
75,27,1,0,Johnson,participant,"My, I mean, I'm not a strong believer on tarot cards.",3
76,27,2,0,Johnson,participant,"I mean. Well, I mean sorry.",3
79,27,5,0,Johnson,participant,from those I mean those Turk.,3
82,27,8,0,Johnson,participant,It's just a bit.,3
83,27,9,0,Johnson,participant,"I mean, there's randomness among those selections, right?",3
85,27,11,0,Johnson,participant,"and like the interpretation on different cards could be different, I mean, based on the the host, or I'm not sure about what what is the the pro the the good, the name for that person who I mean give you all those signs and explanation.",3
86,27,12,0,Johnson,participant,"I mean, that's just my side.",3
87,27,13,0,Johnson,participant,I'm not really experiencing these I mean these.,3
106,31,4,0,CiCi,participant,"Just describe the people's people's personalities, just like the true, new, that is very tidy, and some some different constellation.",3
137,34,3,0,Johnson,participant,"I mean, for example, like my friends.",3
140,34,6,0,Johnson,participant,"Right? I mean, I mean, you could probably reference as like statistics, because I mean different date birth.",3
141,34,7,0,Johnson,participant,and then you can use the sign as a reference to kind this person I mean his character personalities.,3
142,34,8,0,Johnson,participant,"I mean, it's not exactly this.",3
146,34,12,0,Johnson,participant,"Right? So I mean, like, it's just trying to categorize the different.",3
148,34,14,0,Johnson,participant,"but I mean something that I would say like I mean, a lot of my friends would much more I mean use star signs as one of the things or one of the conversation.",3
183,44,1,0,Jane,participant,And just because most of people they say that.,3
215,48,3,0,Johnson,participant,"Probably I mean, some certain activities will bring their fortune.",3
216,48,4,0,Johnson,participant,"I mean, and kind of benefits for both ways.",3
217,48,5,0,Johnson,participant,"Right? I mean, both on such a local psychological ways or the actual ways.",3
218,48,6,0,Johnson,participant,"I mean because, even though that those behaviors are, there's no like exact evidence and trying to prove on something else.",3
219,48,7,0,Johnson,participant,"But I mean just the mood becomes better, or they feel that they have done something.",3
225,48,13,0,Johnson,participant,"So I mean, these are just based on individual's beliefs.",3
226,48,14,0,Johnson,participant,I mean. I still respect them.,3
227,48,15,0,Johnson,participant,"It's just different. But it's believes, and I would not call it as superstitious because I mean you, you can.",3
229,48,17,0,Johnson,participant,"I mean, I guess everyone would know.",3
230,48,18,0,Johnson,participant,"I mean, that is another thing.",3
236,48,24,0,Johnson,participant,"I mean, these are phones.",3
238,48,26,0,Johnson,participant,"So I mean, I would recall.",3
239,48,27,0,Johnson,participant,"I mean, I would say, these are beliefs instead of superstitious.",3
251,52,0,0,Johnson,participant,"This is a pretty hard, I mean, this is a very interesting question, because if you consider like Feng Shui, I mean, different different families have different beliefs.",3
257,52,6,0,Johnson,participant,"So to avoid certain things, or I mean, probably like the the orders I mean.",3
259,52,8,0,Johnson,participant,"The only thing what you can do probably, is just put a fake wall and try to avoid the the direction, or or just trying to avoid not seeing the kitchen directly in an apartment, and other other things are like, oh, for example, like bathrooms you should have windows, I mean there, there's no I mean just something that is probably my family believes.",3
260,52,9,0,Johnson,participant,"But I mean, this is, there's no actual explanation, justification on this one.",3
262,52,11,0,Johnson,participant,"or houses. Yeah, I mean, that's just my example.",3
307,59,3,0,Jodie,participant,So I'm I'm just not not sure about this.,3
369,77,6,0,Johnson,participant,"So, but those firecrackers are pretty long, and then I mean, I mean, I'm not saying this is good or bad.",3
371,77,8,0,Johnson,participant,"So these are kind of like religions based believes well, I would not say it as superstitions, but these are just some activities or an event that will always happen when and I mean when someone unfortunately passed away.",3
373,77,10,0,Johnson,participant,"I mean, they would probably just organize these right.",3
374,77,11,0,Johnson,participant,"which is, I mean, put on top of car, drive around the city light up the firecrackers, and then I mean, all of this people would know.",3
376,77,13,0,Johnson,participant,"I mean these. I mean these, how do you say?",3
377,77,14,0,Johnson,participant,Just cars? That's all.,3
387,79,1,0,Johnson,participant,"I mean, the topic is a bit narrow, in my opinion.",3
388,79,2,0,Johnson,participant,It's a i mean not everyone I mean just that's just my my opinion.,3
389,79,3,0,Johnson,participant,"I mean, it's it's a bit narrow.",3
390,79,4,0,Johnson,participant,"It's a hard to discuss, I mean.",3
392,79,6,0,Johnson,participant,"It's like, I mean, there's another Chinese calendar, right?",3
393,79,7,0,Johnson,participant,"It's called nomindi, I mean in the past past generation, I mean, families would have believed, based on different dates.",3
397,79,11,0,Johnson,participant,"I mean, these are beliefs right, but it's not harmful in any ways on others.",3
398,79,12,0,Johnson,participant,But it's just something that probably different family respects.,3
399,79,13,0,Johnson,participant,"I mean, that's just that's just that.",3
400,79,14,0,Johnson,participant,But I mean for the topic.,3
401,79,15,0,Johnson,participant,"It's I mean, it's just a bit narrow, in my opinion, and a bit hard to expand to other topics.",3
405,81,0,0,Johnson,participant,"Oh, well, I would say, like Asian in general, I mean because every culture, every country, is kind of influenced from I mean China, I mean in the past.",3
407,81,2,0,Johnson,participant,"So I mean, like Asian in general.",3
408,81,3,0,Johnson,participant,"China, Korea, Japanese, I mean, kind of originate.",3
409,81,4,0,Johnson,participant,"I mean, some culture is like transfer from that from those old culture and then expand it to different.",3
410,81,5,0,Johnson,participant,"I mean different, I mean, based on different countries, different.",3
411,81,6,0,Johnson,participant,"I mean people, let's say I mean Southeast Asia in general, different, I mean all from what I've heard all knows about Chinese, new Chinese calendar.",3
412,81,7,0,Johnson,participant,"I mean, yeah. Chinese calendar.",3
413,81,8,0,Johnson,participant,"I mean, that's just some influence, that's all.",3
