Unnamed: 0,turn_index,sent_index,segment,speaker,role,text,dialogue_act,informational motive,coordinative motive,social motive,topic_cluster
1,0,1,0,Bryan(host),moderator,Are you superstitutious? Why do people believe in weird things?,Probing,True,False,False,0
4,0,4,0,Bryan(host),moderator,"People either build, not just religions, but also a lot of like other other stuff or other components that people believe in.",Supplement,True,False,False,0
5,0,5,0,Bryan(host),moderator,"Like. For example, sometime people might be believing in the star sign, or sometimes people might be believing some taboo that you can't you?",Supplement,True,False,False,0
7,0,7,0,Bryan(host),moderator,"Or sometimes, you know, people have like believe that you know today you have a lucky color, and you should wear your lucky color so you might meet a girl that you like.",Supplement,True,False,False,0
12,0,12,0,Bryan(host),moderator,"Why, people believing in that, and also whether this thing are good or bad to to us as individual or to the society.",Probing,True,False,False,0
14,0,14,0,Bryan(host),moderator,We just want people to share that.,Supplement,True,False,False,0
15,0,15,0,Bryan(host),moderator,"Do you personally believe in something that you think other people don't, or something that you know other people might consider as superstitious superticians.",Probing,True,False,False,0
50,8,2,0,Bryan(host),moderator,"Let's see if Andrew, do you have any thing that you believe in, or any substitutions, or maybe other people's like you have windows before.",Probing,True,False,False,0
63,10,1,0,Bryan(host),moderator,"But sometimes they people just have this kind of like superstitution, like, you know if today, by wearing this color, or I have my watch, which is, I don't know, and it might probably bring bring luck to me.",Supplement,True,False,False,0
78,14,1,0,Bryan(host),moderator,But it's like when a lot of people doing the same thing that become like a momentum or cultures.,Supplement,True,False,False,0
119,27,10,0,Leo,participant,Then people start stop doing that.,,,,,0
121,27,12,0,Leo,participant,And I think people become superstitious.,,,,,0
124,27,15,0,Leo,participant,And that's where people came to.,,,,,0
152,31,7,0,YY,participant,"But I rarely ask for fortune sticks, because I know some people like to ask for that.",,,,,0
161,32,2,0,Bryan(host),moderator,"I never believe in anything like tallowed, or any like, you know, fortune telling, until one day, while my friend also just like, do a just like she was approaching a very peaceful kind of manner, and then and then we have a few conversation, and then she just she just suddenly feels something, and then and then just like Tell, and just like told me something that that was reading on my mind.",Supplement,False,False,True,0
198,42,3,0,Bryan(host),moderator,"So I think now, as Leo and maybe some other people mentioned our education, our society become more and more scientific and more and more rational.",Interpretation,True,False,False,0
204,42,9,0,Bryan(host),moderator,"Why, why is that happening like why people still believe in so you know, sophistication.",Probing,True,False,False,0
219,48,0,0,Bryan(host),moderator,"I think in some sense, I agree with you like it does like make people feel okay for these questions or for the challenge I'm facing having those kind of believe makes things looks easier.",Supplement,True,False,False,0
220,48,1,0,Bryan(host),moderator,"But but but there are also moments where people make things also more complicated because they are also study about gala theology, and also, like yelling mentioned, people do actually spend a lot amazing amount of effort in studying like horoscope or study star sign.",Supplement,True,False,False,0
226,49,1,0,Leo,participant,But I also want to point out that that would be the minority in the let's religion group like there will only be like very small amount of people will doing that.,,,,,0
227,49,2,0,Leo,participant,And most people are going to take the I think they programmatic approach.,,,,,0
231,50,2,0,Bryan(host),moderator,There are some serious people.,Supplement,True,False,False,0
232,50,3,0,Bryan(host),moderator,"They discuss the theology and philosophy, but most of people just like Go there.",Supplement,True,False,False,0
235,50,6,0,Bryan(host),moderator,"let's see, Emma, do you have any thought like, why do you think like people believe even in now, with this very scientific society.",Probing,True,False,False,0
242,51,6,0,Emma,participant,"give you a direction when you feel when you feel uncertain about yourself, your future, or or even other people's future it.",,,,,0
263,53,9,0,Emma,participant,"Some of them were not scientific and untrue, but I think most of them are good, and encourage people to fight for what they want.",,,,,0
264,53,10,0,Emma,participant,"Encourage people to have a good heart, be positive.",,,,,0
269,56,2,0,Bryan(host),moderator,Why do you think people believe.,Probing,True,False,False,0
270,57,0,0,Jodie,participant,"Yeah. I think. Probably in ancient times people who were proved to have close connection to gods, or whatever like something like this.",,,,,0
271,57,1,0,Jodie,participant,"They will. They? They had superior positions or rights over the other people, I think.",,,,,0
274,57,4,0,Jodie,participant,"So there are some people they don't want to lose their superior position were rights like yeah, this they use this, I mean.",,,,,0
277,58,0,0,Bryan(host),moderator,"So I think in general, what I've heard so far is like, people want a kind of a sense of like certainty, or a sense of like direction.",Interpretation,True,False,False,0
278,58,1,0,Bryan(host),moderator,Because I I understand some people want to have like scientific evidence for everything.,Supplement,True,False,False,0
285,58,8,0,Bryan(host),moderator,"So people probably try to do something like, why, you just you guys just describe to help them to make their decision with competence, I guess.",Interpretation,True,False,False,0
289,58,12,0,Bryan(host),moderator,Why people believe.,Probing,True,False,False,0
291,59,1,0,YY,participant,"So I just it just remind me, every time when my mom or my elderly relatives they are talking about some people who got cancer or kind of severe disease, even though they are, has the people has been healthy for a long time, so there is no reason why they got the disease.",,,,,0
298,59,8,0,YY,participant,"even rich people the followers lost their money, even though the big amount of assets.",,,,,0
299,59,9,0,YY,participant,"I think the story just show that isn't, especially in our days, people when people get stressed, depressed.",,,,,0
304,60,2,0,Bryan(host),moderator,"People believe in Christianity, especially in Western society.",Supplement,True,False,False,0
308,60,6,0,Bryan(host),moderator,"What I'm trying to say is, I feel like people rejecting Christianity as a form of like people rejecting traditions.",Interpretation,True,False,False,0
309,60,7,0,Bryan(host),moderator,But the people rejecting tradition doesn't mean that people are rejecting superstitions.,Supplement,True,False,False,0
311,60,9,0,Bryan(host),moderator,"So yeah, so there will have been some people saying, oh, people are just become more and more scientific.",Supplement,True,False,False,0
314,60,12,0,Bryan(host),moderator,"I feel people still believe in something, but probably just not a traditional one, but they are still believe in something.",Supplement,True,False,False,0
324,62,7,0,Bryan(host),moderator,"Yeah. okay, cool. So maybe you can move on to our next question unless someone else have something that really want to say about why people want to believe.",Instruction,True,True,False,0
329,63,1,0,Christine,participant,"And people just say, like the end of science, actually, is theology.",,,,,0
330,63,2,0,Christine,participant,"So I think, like also sometimes, because, like the super station, is like the summarization of experience, like people say, like, like elder people always say you don't need.",,,,,0
332,63,4,0,Christine,participant,"So maybe it's because, like sometimes, when people swim in the summer sometimes leads to some accident.",,,,,0
340,64,4,0,Bryan(host),moderator,So like kind of also helping the people to stay safe.,Supplement,True,False,False,0
343,66,1,0,Bryan(host),moderator,"And I guess, like in the ancients, time, there's like no formal or systematic science, so they have to pass on their wisdom or their observations in one way or another to help people to survive.",Supplement,True,False,False,0
347,66,5,0,Bryan(host),moderator,But but I believe substitutions sometimes can have positive effect on people.,Supplement,True,False,False,0
348,66,6,0,Bryan(host),moderator,"So so like, I see, I guess, like some people, some someone some people here already mentioned that they get a confidence, they get a comfort.",Interpretation,True,False,False,0
350,66,8,0,Bryan(host),moderator,Ask people about what kind of what?,Probing,True,False,False,0
355,68,0,0,Bryan(host),moderator,That people can get from sophistication or belief.,Probing,True,False,False,0
373,76,0,0,Bryan(host),moderator,"Yeah, I guess it's probably also help people to stay humble in some way.",Supplement,True,False,False,0
402,88,4,0,Bryan(host),moderator,Do? Do they actually still have some like benefit for the people or the society.,Probing,True,False,False,0
406,91,1,0,Leo,participant,It definitely has some benefits for people.,,,,,0
413,95,1,0,Leo,participant,"I guess Western society people come to the church every Sunday, or.",,,,,0
416,97,0,0,Leo,participant,"And help people getting together, which is a condom liking in modern society.",,,,,0
431,98,11,0,Bryan(host),moderator,"So I want that kind of community bounding, feeling like when when people doing praying for others like Leo said, it doesn't probably, whether the guy's real or not exist or not, it's probably sometime not so clear.",Interpretation,True,False,True,0
432,98,12,0,Bryan(host),moderator,But what what is so clear is that in the community people do care about each other.,Interpretation,True,False,True,0
433,98,13,0,Bryan(host),moderator,People support and pray to each other.,Supplement,True,False,False,0
445,102,3,0,Bryan(host),moderator,"Is it, because, like you have a abounding with the ones of God, because I know in Christianity, like people, are saying that everyone is a Son of God.",Probing,True,False,False,0
517,115,4,0,Leo,participant,like a human bomb and that kind of stuff and also like back in the day when people became like a extreme in believing one card they they tend to at home.,,,,,0
527,116,4,0,Bryan(host),moderator,"I remember the Tour guide told me that there was, because, like, you know, Spain used to be ruled by Muslim people, and then Muslim people, I think, rule probably 3 or 400 years, and they could kick out like Christians.",Supplement,True,False,False,0
608,134,8,0,Bryan(host),moderator,"You know, like make people praise her or to show it off.",Supplement,True,False,False,0
615,135,0,0,Christine,participant,"Oh, okay. So as I just say, like, I think, like some, some details, some negative stereotype about other people, and even cause the war like really just sporting the history.",,,,,0
