Unnamed: 0,turn_index,sent_index,segment,speaker,role,text,topic_cluster
29,5,7,0,CiCi,participant,I think that is really always happen.,2
34,6,2,0,evan,participant,"To be honest, I think it is.",2
52,13,5,0,Urania,participant,And do you think it is?,2
56,16,0,0,Jodie,participant,"Yeah, I think some people do the tarot cards.",2
58,16,2,0,Jodie,participant,I think.,2
98,29,5,0,Urania,participant,Do you think they are similar with the character card?,2
102,31,0,0,CiCi,participant,"I think, for the constellation that is just a category.",2
120,33,7,0,evan,participant,"So I think, because we are living a scientific and technology period.",2
124,33,11,0,evan,participant,I think there are 2 reasons for the phenomena.,2
132,33,19,0,evan,participant,"So there are 2 things, I think, is the 2 reasons to support the solicitations in our modern society.",2
133,33,20,0,evan,participant,Yes. and what do you think of the the reasons.,2
134,34,0,0,Johnson,participant,"I think Tarot cards are, I mean.",2
162,40,0,0,CiCi,participant,Yeah. And I think that is just like a psychological suggestion.,2
167,40,5,0,CiCi,participant,I think.,2
168,41,0,0,evan,participant,And other people's. What what do you think of What do you think is a superstition is a regional or regional belief.,2
169,42,0,0,Jane,participant,I think for me.,2
180,43,3,0,evan,participant,Do you do you think it's original.,2
182,44,0,0,Jane,participant,"I think for me, it's just like an irrational phenomenon, because, there's there's no any explanation about about that.",2
189,45,3,0,evan,participant,"So maybe someone think your grades not only from not only arrange from your effort, but also the the superstitious activities.",2
190,45,4,0,evan,participant,So maybe I think so.,2
191,45,5,0,evan,participant,Do you think it's it's to fall for both of them.,2
199,46,4,0,Urania,participant,I think maybe the majority of people in this direction is the older generation.,2
201,46,6,0,Urania,participant,And I think it's interesting.,2
202,46,7,0,Urania,participant,So what do you think about that for different generation?,2
224,48,12,0,Johnson,participant,"I mean, I think that's a positive way of trying to express grateful on things.",2
265,54,0,0,CiCi,participant,"I think, I think you just mentioned the Feng Shui in the in in a house, and but I think for some some store, and for some school university where, the location selection.",2
271,54,6,0,CiCi,participant,But I think that is just superstitions.,2
285,55,9,0,Urania,participant,"And yeah, I think most of the people, even though they do not focus on this concept, and mostly they will show the respect to avoid some conflict.",2
288,56,2,0,evan,participant,Maybe I think too much people to believe it and it.,2
291,56,5,0,evan,participant,So maybe I think much more people to believe it and to believe it.,2
295,56,9,0,evan,participant,"I think it. Ordinary questions like, what do you think of the harmful sophistications and and harmful?",2
296,56,10,0,evan,participant,So what do you think about the questions?,2
298,57,0,0,Maolin,participant,"Well, I think the we, I think it based on discriminations.",2
300,57,2,0,Maolin,participant,"These things I think it's out unacceptable, for example.",2
304,59,0,0,Jodie,participant,"Yeah, I I think this is this question is quite difficult to answer.",2
305,59,1,0,Jodie,participant,I think it's very hard to distinguish.,2
309,60,1,0,evan,participant,So what do you think?,2
310,60,2,0,evan,participant,What do you? Which do you think is better?,2
311,60,3,0,evan,participant,Which you think is is?,2
313,61,0,0,Jodie,participant,I think they are kind of the same as long as,2
321,67,0,0,Jane,participant,"I think for me, as long as a person's believe is not doesn't make other people uncomfortable.",2
325,67,4,0,Jane,participant,"So I think that because I was waiting for the train at the time, and I felt very uncomfortable about that.",2
326,67,5,0,Jane,participant,"So I think for me, that can be caught like harmful superst station, because because that makes that made some people very uncomfortable, I think at that time, yeah.",2
332,69,4,0,Urania,participant,"I think this is not fair for others, but as long as you do not do something harmful for others, it's quite.",2
339,74,1,0,evan,participant,What do you think?,2
345,75,4,0,CiCi,participant,"I think, for that one.",2
356,76,3,0,evan,participant,So the sacrifice. I think maybe it's a a discriminatory So presentations.,2
363,77,0,0,Johnson,participant,Think I can share one of my things in from our hometown.,2
381,78,2,0,evan,participant,I think it's a interesting topic.,2
391,79,5,0,Johnson,participant,"well, I did think of other things.",2
421,82,6,0,evan,participant,"Yeah, it it. I think it's related to a culture.",2
