Unnamed: 0,turn_index,sent_index,segment,speaker,role,text,dialogue_act,informational motive,coordinative motive,social motive,topic_cluster
2,0,2,0,Bryan(host),moderator,"So I think in our society, and also in our culture.",Supplement,True,False,False,4
26,1,4,0,Emma,participant,"Yeah. So basically, I think it gives me power sometimes, while facing the difficulties, when I in some trouble believing God makes me stronger.",,,,,4
27,1,5,0,Emma,participant,"I think it's really positive for me, and also I don't know what to how to choose.",,,,,4
32,1,10,0,Emma,participant,It brings it. I think it would bring me like good luck.,,,,,4
46,7,2,0,Emma,participant,"I went in. I don't need some money, so I think they love.",,,,,4
47,7,3,0,Emma,participant,I think all of them would love me.,,,,,4
62,10,0,0,Bryan(host),moderator,But I think it's not probably not just about religions.,Supplement,True,False,False,4
71,13,0,0,Christine,participant,"Yeah, I think, like, actually, I think, like, everyone, have some sort of religious or cultural specifications like at least influenced by one but if you 1 min to talk about something like someone may not believe I want to share a superstition in Taiwan like, especially for the high tech industrial, because we have like a snack called that means, actually, it means well behave.",,,,,4
73,13,2,0,Christine,participant,and that I think that is only food we can put in the server room.,,,,,4
74,13,3,0,Christine,participant,"It's like pretty interesting, because I think this only in Taiwan we have this kind of building and like it, it is really popular in Taiwan, especially in high tech industrial.",,,,,4
77,14,0,0,Bryan(host),moderator,"Yeah, I think sometimes those kind of coincidence kind of leading that to become like a you can call it culture, or something like it's no longer just like one or 2 incident.",Interpretation,True,False,False,4
79,14,2,0,Bryan(host),moderator,"Yeah, it's interesting to think about it.",All Utility,False,False,True,4
82,15,0,0,Jodie,participant,Yeah. I think I do have some like superstitious thing.,,,,,4
97,22,0,0,Bryan(host),moderator,"Yeah, I think some hospital people, you know, in Asia especially, I know in Taiwan, some hospital.",Supplement,True,False,False,4
100,22,3,0,Bryan(host),moderator,"Yeah. But do you think, does it actually work?",Probing,True,False,False,4
111,27,2,0,Leo,participant,So and I I think the the way I approach.,,,,,4
127,28,1,0,Bryan(host),moderator,Do you think? How did your perspective atheist form.,Probing,True,False,False,4
132,29,0,0,Leo,participant,"Yeah, I think it's more of a social and education.",,,,,4
138,30,0,0,Bryan(host),moderator,"Yeah, I understand. But I think, like sometimes there's still like, I feel like my personal view, probably more closer to Andrew, like, I think there's a lot of things cannot be explained by science.",Supplement,False,False,True,4
145,31,0,0,YY,participant,"Yeah, thank you. I think I'm not superstitious for certain things or religious.",,,,,4
148,31,3,0,YY,participant,"I always go to temples, pray to the God, I think.",,,,,4
150,31,5,0,YY,participant,"I think I inherited these habits from my family, from my parents.",,,,,4
165,32,6,0,Bryan(host),moderator,"So yeah, I think sometimes that this kind of moment happened that this, which is very interesting.",Interpretation,True,False,False,4
169,34,1,0,Bryan(host),moderator,I think you haven't you?,Probing,True,False,False,4
172,35,1,0,Yelin,participant,But I think I could.,,,,,4
189,39,4,0,Yelin,participant,"I think, yeah. Sounds like a kind of like superstacious thing.",,,,,4
196,42,1,0,Bryan(host),moderator,"I think my overall, if you provide very interesting perspective.",Supplement,False,False,True,4
200,42,5,0,Bryan(host),moderator,"But I think, if they still have a quite a major influence over the populations in our day society.",Supplement,True,False,False,4
201,42,6,0,Bryan(host),moderator,"So so I just interest to know what like, what do you think?",Probing,True,False,False,4
202,42,7,0,Bryan(host),moderator,What do you guys think?,Probing,True,False,False,4
203,42,8,0,Bryan(host),moderator,What do you guys think about?,Probing,True,False,False,4
209,43,0,0,Leo,participant,"Yeah, yeah. Sure. I think because because it, it provides you a simple solution with good result, like, we need comfort.",,,,,4
211,43,2,0,Leo,participant,That's the word. I think.,,,,,4
229,50,0,0,Bryan(host),moderator,"Yeah, I kind of agree as well, I think in church.",Supplement,True,False,False,4
230,50,1,0,Bryan(host),moderator,I went to church before I think in church.,Supplement,True,False,False,4
238,51,2,0,Emma,participant,"And also, I think it can.",,,,,4
240,51,4,0,Emma,participant,Only with science. And I think believing these things not not just to not just it can give you some mental support where it supports you.,,,,,4
244,51,8,0,Emma,participant,"And I think it's really I think it's really helpful for me, and also for me, for me when I pray for something in most of the case.",,,,,4
252,52,4,0,Bryan(host),moderator,"You can achieve something just by you know, perhaps with the superstitions, I think that's what you.",Interpretation,True,False,False,4
276,57,6,0,Jodie,participant,I think.,,,,,4
290,59,0,0,YY,participant,"Yeah, I think I can relate to Emma and Judy, like there are so many things that science could or even medicine couldn't explain.",,,,,4
296,59,6,0,YY,participant,"And even on nowadays, I think people still can be superstitious, I think, because nowadays people still have lot of issue to solve with like some like need, some mental support, because sometimes I read the news about court like like a court in South Korea, I think their follow.",,,,,4
302,60,0,0,Bryan(host),moderator,"I think that's a very interesting observation, because I I know, like in the last few decades, the population of Christianity declined.",Supplement,True,False,False,4
317,62,0,0,Bryan(host),moderator,"Yeah, I think there's a need in human gene.",Supplement,True,False,False,4
321,62,4,0,Bryan(host),moderator,Think about some situations.,Supplement,True,False,False,4
328,63,0,0,Christine,participant,"Yeah, I want to show a little bit like, I think, like everyone always say, like, there's still something that you cannot explain.",,,,,4
344,66,2,0,Bryan(host),moderator,"So so I guess I know all the substitution are bad, I think some of them, even though not directly.",Supplement,True,False,False,4
346,66,4,0,Bryan(host),moderator,"So I think that lead to our questions like so we, when we usually typically associate sophistication as kind of like ignore them, or naive.",Probing,True,False,False,4
353,66,11,0,Bryan(host),moderator,Do you think.,Probing,True,False,False,4
356,69,0,0,Andrew,participant,"I think you know, when I wouldn't say superposition.",,,,,4
360,71,0,0,Andrew,participant,"Or I don't know when you are experiencing huge trauma or anything similar that somehow supports you through this journey, I think.",,,,,4
378,80,0,0,Bryan(host),moderator,I think that's very perspective.,Supplement,False,False,True,4
379,80,1,0,Bryan(host),moderator,"Yeah, Lin, do you have anything you would like to share like, what do you think?",Probing,True,False,True,4
381,81,0,0,Yelin,participant,"Yeah, I think positive effects do exist like, recently, I have read some really interesting posts related to manifestation on a Chinese social media called red.",,,,,4
385,81,4,0,Yelin,participant,"And I repetitively think about think about it every day and night, and such things will definitely become manifested in real life.",,,,,4
388,82,0,0,Bryan(host),moderator,"So I think I heard something that very similar, like the power of Well, and then there was a book called Secret, as in.",Supplement,True,False,False,4
391,85,0,0,Yelin,participant,"Yeah, I think manifestation is just like a kind of like, make things come true.",,,,,4
399,88,1,0,Bryan(host),moderator,Do you think that maybe you know God or this belief are not true?,Probing,True,False,False,4
401,88,3,0,Bryan(host),moderator,But do you think that?,Probing,True,False,False,4
407,91,2,0,Leo,participant,"I think one thing comes to my mind, is about the sense of a community.",,,,,4
417,97,1,0,Leo,participant,That's why I think.,,,,,4
422,98,2,0,Bryan(host),moderator,I think last year one of my friend in Japan.,Supplement,True,False,True,4
428,98,8,0,Bryan(host),moderator,I think it's probably whether those God is true or not.,Supplement,True,False,True,4
434,98,14,0,Bryan(host),moderator,I think one of the biggest kind of benefit and support we get through religions or faith or sophistications and culture.,Supplement,True,False,False,4
435,98,15,0,Bryan(host),moderator,"Yeah, so I think that's a very nice point.",Supplement,True,False,True,4
438,100,1,0,Bryan(host),moderator,Do you think what's a good thing about believing.,Probing,True,False,False,4
439,101,0,0,Jodie,participant,"Yeah, I think for for me, like believing something can make me feel I'm special.",,,,,4
451,103,0,0,Jodie,participant,"I think the special feeling comes from like I was, I would think, like I'm the I had.",,,,,4
457,104,4,0,Bryan(host),moderator,"What do you think is a benefit of believing, as you kind of mentioned that earlier?",Probing,True,False,False,4
459,105,0,0,Emma,participant,"I think it can encourage you when you are uncertain about your future, your career, anything.",,,,,4
466,108,1,0,Bryan(host),moderator,I think I personally want to share one benefit.,Supplement,True,False,False,4
471,108,6,0,Bryan(host),moderator,"But now I feel this thing is actually not a bad thing, because I actually, religion helped me to think, have that have that perspective and angle to think beyond myself.",Supplement,True,False,False,4
472,108,7,0,Bryan(host),moderator,"I think that's a very, very important point for my personal characteristic and also personality building.",Supplement,True,False,False,4
474,108,9,0,Bryan(host),moderator,"You don't have that many opportunity to think about life to think about death to think about, you know, seeing as like much greater and abstract.",Supplement,True,False,False,4
476,108,11,0,Bryan(host),moderator,"So I think that's 1 of the important perspective that religions or superstitions or faith, whatever you call it, that have brought to me.",Supplement,True,False,False,4
483,108,18,0,Bryan(host),moderator,"Not sure if any one of you have experienced something, because, like, I think, you mentioned about code, right?",Confronting,True,False,False,4
488,109,1,0,YY,participant,"I didn't grow up in a very religious family, so I think I'm not.",,,,,4
499,109,12,0,YY,participant,I think how can I say.,,,,,4
501,111,0,0,YY,participant,"Yeah, I think like, to distinguish between harmless, superstitious and beliefs, I think.",,,,,4
503,111,2,0,YY,participant,"If the group. all the beliefs they couldn't accept this kind of debate or discussion, I think for me.",,,,,4
506,112,0,0,Bryan(host),moderator,So I think openness or transparency is one of the features to distinguish.,Supplement,True,False,False,4
515,115,2,0,Leo,participant,Yeah. So I I don't think I have that that in that regard.,,,,,4
516,115,3,0,Leo,participant,But I think we we do have a lot of news coming up in recent years about the like extreme Muslim activist.,,,,,4
523,116,0,0,Bryan(host),moderator,"Right? Yeah, I think that you kind of bring that the complexity to another level I feel those conflict arise, I think, partly it's also due to I think some sometimes not just about the religions and the belief itself, sometimes also due to the historical context.",Supplement,True,False,False,4
534,116,11,0,Bryan(host),moderator,"So it's complicated. Yeah, I think cool.",All Utility,True,False,True,4
537,118,0,0,Bryan(host),moderator,Yeah. But I think that's like just a tactic as you mentioned but I think that's a good point.,Supplement,True,False,True,4
548,121,2,0,Emma,participant,"2 years ago, I think.",,,,,4
552,121,6,0,Emma,participant,"But but but I think some one footing tailor I I really I really like liked her, because when I 1st went to her.",,,,,4
561,121,15,0,Emma,participant,So you have. I think the the you don't you?,,,,,4
590,131,8,0,Emma,participant,"and some of them the I think, the not very professional, when they would guess what you would like to hear.",,,,,4
592,131,10,0,Emma,participant,"I think it's not very ideal situation, and it's.",,,,,4
598,133,1,0,Jodie,participant,"I'm not sure about this, I think.",,,,,4
600,134,0,0,Bryan(host),moderator,"See? Yeah, I think one thing is, I think one thing you you guys probably have mentioned is the conflict of interest.",Interpretation,True,False,False,4
612,134,12,0,Bryan(host),moderator,"So so I think like, if you can identify, there was a clear conflict interest.",Supplement,True,False,False,4
613,134,13,0,Bryan(host),moderator,I think sometimes there's a science of suspicious belief or suspicious thing happening.,Supplement,True,False,False,4
626,137,0,0,Andrew,participant,I think I agree with everything you guys just said.,,,,,4
627,137,1,0,Andrew,participant,And I think I'm more.,,,,,4
629,137,3,0,Andrew,participant,I think it shouldn't be a tool for for oppression or domination.,,,,,4
632,137,6,0,Andrew,participant,"I think it's just wrong, like morally wrong.",,,,,4
634,138,1,0,Bryan(host),moderator,Yeah. I think that's probably all the questions we have covered today.,Interpretation,False,True,False,4
643,138,10,0,Bryan(host),moderator,Everyone's contributions. And I think that's it.,Supplement,False,False,True,4
