Unnamed: 0,turn_index,sent_index,segment,speaker,role,text,topic_cluster
0,0,0,0,Clarisse Jingfang Chen,participant,"yeah, Olivia, would you like to?",4
27,10,1,0,Clarisse Jingfang Chen,participant,Take the same example I just mentioned.,4
50,21,1,0,Clarisse Jingfang Chen,participant,Would you like to share something?,4
77,31,3,0,Clarisse Jingfang Chen,participant,they. They show different kinds of mailing like the smile we.,4
78,31,4,0,Clarisse Jingfang Chen,participant,We just talked a lot about the smile.,4
98,33,1,0,Clarisse Jingfang Chen,participant,"But sometimes. yeah, my point is that maybe like, you mentioned, if we met someone that like the boss in the interview they need to receive offer right, but I think smile can be appropriate.",4
103,35,1,0,Clarisse Jingfang Chen,participant,"I just want to share, maybe different kinds of my different kinds of laughter and can be appropriate in different situations.",4
123,39,0,0,Clarisse Jingfang Chen,participant,Sorry I just out of curiosity.,4
124,39,1,0,Clarisse Jingfang Chen,participant,So she's you just mentioned your colleague so your colleague love at so so in a meeting or some placing in the workplace right.,4
170,54,2,0,谢泽,participant,I understand. if if my if my colleagues like like to laugh.,4
189,61,1,0,Clarisse Jingfang Chen,participant,"Because, just the way we just mentioned different kinds of laughter.",4
190,61,2,0,Clarisse Jingfang Chen,participant,Right? Yeah. If a teacher she just she or he just to show his or her smile.,4
193,61,5,0,Clarisse Jingfang Chen,participant,"But if this, if this teacher she like there are several words like the green or ego.",4
198,61,10,0,Clarisse Jingfang Chen,participant,"Why, you just laugh at me.",4
214,63,11,0,Clarisse Jingfang Chen,participant,"when you want to show some negative meaning like, you make fun of others, and you feel awkward.",4
219,65,0,0,Clarisse Jingfang Chen,participant,I think she has just mentioned an example about her about his colleague.,4
230,71,2,0,Clarisse Jingfang Chen,participant,Or do you like some fun activity?,4
232,71,4,0,Clarisse Jingfang Chen,participant,Would you like? Would you like to maybe share something with us?,4
241,74,0,0,Mengjie ZHANG,participant,"No, I think I think my code just want wants to tell me like what's wrong with my like what's wrong with my",4
245,76,2,0,Mengjie ZHANG,participant,It's a mistake. He just like mimic mimics the motion that I did.,4
261,80,8,0,Clarisse Jingfang Chen,participant,I just found this word fun.,4
285,90,0,0,Mengjie ZHANG,participant,"I think they just they they just set arise, like.",4
286,90,1,0,Mengjie ZHANG,participant,like people on who will just set the rise.,4
288,90,3,0,Mengjie ZHANG,participant,They will never like directly.,4
289,90,4,0,Mengjie ZHANG,participant,Like like Scott someone.,4
293,92,0,0,Mengjie ZHANG,participant,"Yes, they will not say something like Oh, he performs unwell, but like they might use some interesting like things, or interesting vocabularies to show to show their well, like unsatisfactory towards",4
310,97,9,0,谢泽,participant,Yes. just a minute.,4
313,100,0,0,Clarisse Jingfang Chen,participant,"Oh, I just want to say you just mentioned love is the result of us.",4
314,100,1,0,Clarisse Jingfang Chen,participant,like the like. The you just mentioned.,4
340,106,3,0,Clarisse Jingfang Chen,participant,"when someone annoys her a lot, she will smile to them because at 1st that they maybe say, it's just like this.",4
369,114,0,0,Clarisse Jingfang Chen,participant,"Sometime. Yeah, because sometimes we just can't tell.",4
375,116,2,0,Clarisse Jingfang Chen,participant,yeah. but I think I probably had for some just mentioned when I was very impatient.,4
384,121,1,0,Clarisse Jingfang Chen,participant,"You're not happy. It's a just thanks, Michael.",4
397,129,0,0,Clarisse Jingfang Chen,participant,"Yeah. Beside, beside situation, we just mentioned the social, the social context.",4
403,131,0,0,Clarisse Jingfang Chen,participant,Yeah. So she just want to make her something.,4
409,133,0,0,Clarisse Jingfang Chen,participant,"Maybe you can just tell us in Chinese, just in.",4
419,135,2,0,Clarisse Jingfang Chen,participant,"We say hi to others, and we we don't need to answer with just a smile back.",4
422,136,1,0,Mengjie ZHANG,participant,"and you don't say no worries, or something like that you just like give him him or her a smile, and to show your pliness, or something like that.",4
425,138,0,0,Mengjie ZHANG,participant,"Yeah. And just as I said, like, it's small but not laughter.",4
