Unnamed: 0,turn_index,sent_index,segment,speaker,role,text,topic_cluster
6,3,0,0,Olivia,participant,"Yeah. Oh, yeah. Yes.",1
16,5,8,0,Olivia,participant,Yeah.,1
21,7,0,0,Olivia,participant,Yeah. yet. Certainly.,1
22,8,0,0,Clarisse Jingfang Chen,participant,Yeah.,1
23,9,0,0,Olivia,participant,"Yeah, yeah. And actually, what do you think?",1
37,13,2,0,Olivia,participant,Yeah.,1
43,16,3,0,Mengjie ZHANG,participant,Yeah.,1
47,19,0,0,Clarisse Jingfang Chen,participant,"Yeah, I think so.",1
48,20,0,0,Olivia,participant,Yeah.,1
60,22,9,0,谢泽,participant,"Yeah, thank you.",1
61,23,0,0,Clarisse Jingfang Chen,participant,Yeah.,1
63,25,0,0,Clarisse Jingfang Chen,participant,Yeah. Go ahead.,1
67,27,1,0,Clarisse Jingfang Chen,participant,"Yeah. Oh, so what's the question again?",1
73,30,0,0,Olivia,participant,"Yeah, yeah, yeah.",1
96,32,14,0,Olivia,participant,"Yeah, that's all.",1
97,33,0,0,Clarisse Jingfang Chen,participant,"Yeah, yeah, I agree.",1
101,34,0,0,Olivia,participant,"Yeah, yeah, yeah.",1
104,35,2,0,Clarisse Jingfang Chen,participant,"Hmm. yeah, yeah.",1
134,42,7,0,谢泽,participant,"yeah, yeah, yeah, I I forgot the word of the meaning, the Chinese word.",1
147,48,0,0,谢泽,participant,"Yeah, yeah. Sorry, could you?",1
158,50,0,0,谢泽,participant,"Oh, yeah, yeah. If we are in the same in the same enterprise, we are the same positions.",1
162,50,4,0,谢泽,participant,"Yeah, yeah.",1
168,54,0,0,谢泽,participant,Is their status. Yeah.,1
177,57,0,0,谢泽,participant,"Yeah, yeah, interest. Questions, yeah.",1
223,66,3,0,Olivia,participant,Yeah.,1
225,68,0,0,Olivia,participant,Yeah.,1
227,70,0,0,Olivia,participant,Yeah.,1
238,72,4,0,Mengjie ZHANG,participant,"Yeah, that's.",1
252,79,0,0,Olivia,participant,"Yeah, yeah, yeah.",1
273,85,0,0,Mengjie ZHANG,participant,Yeah.,1
274,86,0,0,Olivia,participant,"Yeah, yeah, yeah, I could hear.",1
276,86,2,0,Olivia,participant,Yeah.,1
281,88,3,0,Mengjie ZHANG,participant,"yeah, and that's it.",1
300,96,2,0,Mengjie ZHANG,participant,Yeah.,1
308,97,7,0,谢泽,participant,"Yeah, that's my ones.",1
318,101,2,0,谢泽,participant,Yeah.,1
332,105,0,0,谢泽,participant,"Yeah, yeah, yeah, because we are the.",1
337,106,0,0,Clarisse Jingfang Chen,participant,"Yeah, because I have a colleague.",1
346,107,0,0,谢泽,participant,"- yeah. yeah, I agree.",1
354,109,0,0,谢泽,participant,"Yeah, yeah. Maybe they are a love tiger.",1
357,109,3,0,谢泽,participant,Yeah. Yeah. They smelled to other peoples.,1
364,111,0,0,谢泽,participant,"Yeah, yeah, because they they are harmful bars or other people's.",1
368,113,2,0,谢泽,participant,That's correct. Yeah.,1
371,115,0,0,谢泽,participant,"Yeah, yeah, yeah. And have have you?",1
387,123,0,0,Clarisse Jingfang Chen,participant,yeah. Yeah. maybe next time.,1
389,125,0,0,Clarisse Jingfang Chen,participant,Oh. yeah.,1
390,126,0,0,Olivia,participant,Yeah.,1
396,128,1,0,Olivia,participant,I think so. Yeah.,1
402,130,0,0,Olivia,participant,Yeah.,1
416,134,6,0,谢泽,participant,"Yeah, that's all. Okay.",1
423,137,0,0,Clarisse Jingfang Chen,participant,"Yeah, but in such situation we can smile.",1
