Unnamed: 0,turn_index,sent_index,segment,speaker,role,text,dialogue_act,informational motive,coordinative motive,social motive,topic_cluster
0,0,0,0,Bryan Chen,moderator,Welcome everyone. So today we're going to talk about the topic romantic relationship in modern society.,All Utility,False,True,True,0
1,0,1,0,Bryan Chen,moderator,"So I guess, like, during this discussion, we want to explore how contemporary love and different definition or relationship are evolving in response to different, you know, societal change.",Supplement,True,False,False,0
3,0,3,0,Bryan Chen,moderator,And also many different new concept comes into our life.,Supplement,True,False,False,0
4,0,4,0,Bryan Chen,moderator,"I think people, the way how people interact and building their relationship can can have become very, very much more diverse than our previous generations.",Supplement,True,False,False,0
6,0,6,0,Bryan Chen,moderator,And also it's a also a very important topic that's relating to you know the life of everyone of of ourselves.,Supplement,True,False,False,0
7,0,7,0,Bryan Chen,moderator,"So, starting from the 1st questions, how do dating practice and expectation differ between generation and what are the main factors driving these differences?",Probing,True,False,False,0
9,0,9,0,Bryan Chen,moderator,"So you say in a simple way, I was thinking about this question is that more probably more about like, why people want to have a relationship nowadays, and why people do dating.",Probing,True,False,False,0
12,0,12,0,Bryan Chen,moderator,"And people probably have different view, like, why they want to date or why they don't want to date.",Supplement,True,False,False,0
14,0,14,0,Bryan Chen,moderator,Do you wanna go first?,Probing,False,True,False,0
17,1,1,0,Johnson,participant,"Gender identities. So I mean, even though this is a very sensitive topic, I mean trying to ask someone about their gen gender identity is something that probably gonna have to like, spend some few conversations before knowing this this person.",,,,,0
18,1,2,0,Johnson,participant,"So I mean, even though there are some stereotypes, I mean, not stereotypes, but just some appearance, that it is some signals about their gender identity.",,,,,0
20,1,4,0,Johnson,participant,"But I mean, after all, she have to be respectful.",,,,,0
21,2,0,0,Bryan Chen,moderator,"Yeah, so we were going to talk about that topic, probably later in today's conversations.",Supplement,True,True,False,0
23,2,2,0,Bryan Chen,moderator,What do you see?,Probing,True,False,False,0
24,2,3,0,Bryan Chen,moderator,The purpose of having relationship in the nowadays?,Probing,True,False,False,0
25,2,4,0,Bryan Chen,moderator,Society.,Probing,True,False,False,0
26,3,0,0,Johnson,participant,Well for my perspective.,,,,,0
31,3,5,0,Johnson,participant,"I mean, they have different perspectives or their selections relationships.",,,,,0
34,3,8,0,Johnson,participant,"And we have much more deeper thoughts, discussions about and every anything, every topics.",,,,,0
36,3,10,0,Johnson,participant,"But I mean, everyone's gonna value.",,,,,0
37,3,11,0,Johnson,participant,The same things.,,,,,0
39,4,1,0,Bryan Chen,moderator,"So in terms of the long term relationship, like one of the scene that you feel is the most important for you.",Probing,True,False,False,0
45,5,2,0,Johnson,participant,Be respectful with others.,,,,,0
47,5,4,0,Johnson,participant,"And well, other than that, it's probably like trust or very valid things in a relationship, right?",,,,,0
48,5,5,0,Johnson,participant,Because you need to trust others.,,,,,0
49,5,6,0,Johnson,participant,"And you hopefully, you can trust on others.",,,,,0
51,6,0,0,Bryan Chen,moderator,I agree with you.,Supplement,False,False,True,0
52,6,1,0,Bryan Chen,moderator,"I think life is a long journey, and having someone to walk with you for a long time is a great pressure.",Supplement,True,False,True,0
53,6,2,0,Bryan Chen,moderator,Anyone else who want to share their thought or opinion about why they what's the purpose of relationship for them?,Probing,True,False,False,0
54,6,3,0,Bryan Chen,moderator,If I if no one else.,Probing,True,False,False,0
55,6,4,0,Bryan Chen,moderator,"Here, I'm going to call someone more about Urania.",Probing,False,False,True,0
56,6,5,0,Bryan Chen,moderator,Do you have anything you want to share about?,Probing,True,False,False,0
58,7,0,0,Urania,participant,"Yeah. Cause I think there are lots of aspects that between this generation and our parents and for example, like when they when they are asked to date.",,,,,0
59,7,1,0,Urania,participant,"Maybe they are arranged by their parents just to, you know.",,,,,0
60,7,2,0,Urania,participant,"Maybe mostly they are for the purpose of get married, but for the new generation.",,,,,0
61,7,3,0,Urania,participant,"When the couple going to a date, maybe they are not have a strong purpose to whether they're going to get married or not or not.",,,,,0
62,7,4,0,Urania,participant,Maybe just want to.,,,,,0
63,7,5,0,Urania,participant,Have an experience.,,,,,0
65,9,0,0,Urania,participant,"Go for travel something like that, or have a just just want to have a dinner together to learn more about a new friend, and then to decide whether he or she is a you know of her partner, for the next step is is know the yeah.",,,,,0
66,10,0,0,Bryan Chen,moderator,"Oh, okay, I see.",All Utility,False,False,True,0
67,10,1,0,Bryan Chen,moderator,"How about you, Evan?",Probing,True,False,False,0
70,11,1,0,Evan,participant,"And I think the normal relationship between the 2 peoples, whether the male and male, female and female and male and female.",,,,,0
71,11,2,0,Evan,participant,"There are some points they need to pay attention to, and the 1st is they need to respect each other, and the Johnson exercise to respect each other and include thoughts, feelings, and needs, and they need to avoid getting too involved their lives and privacy they need to respect each other's family and friends, and other people's relative term, and giving them the care and attention they deserve.",,,,,0
72,11,3,0,Evan,participant,"This is the 1st things, and the second point is, they need to.",,,,,0
73,11,4,0,Evan,participant,They need to make more communication.,,,,,0
74,11,5,0,Evan,participant,"and don't be afraid to express their own feelings and needs and learn to listen to each other's and I think in communication, the 2 peoples should learn to put themselves in others shows and understand each other's position and feelings.",,,,,0
75,11,6,0,Evan,participant,"And this is important for the 2 people's relationship, and the 3rd is, they need to remain.",,,,,0
76,11,7,0,Evan,participant,"The independent both men or women should be independent, have their own lives and interest, and don't rely on each other too much, and give each other enough trust and space to develop great, because I thought in our reality lives.",,,,,0
77,11,8,0,Evan,participant,"I thought many couples because they don't trust each others, and they doubt they doubt them, you know.",,,,,0
78,11,9,0,Evan,participant,Maybe they have other peoples and the trust are breaking.,,,,,0
80,11,11,0,Evan,participant,"So, whether in the living or in working or in studying.",,,,,0
81,11,12,0,Evan,participant,"because after the 2 peoples can become the couple they are the 2, the close relationships in current situations, and they need to give more support and care each other, and to help each others to solve the problems or overcome some difficulties.",,,,,0
83,11,14,0,Evan,participant,"The 2 peoples need to keep the romantic as you said, the romantic, maybe, is the gold the good things to keep the romantic relationship between the 2 people.",,,,,0
85,11,16,0,Evan,participant,Johnson just said the Lg Lgbtq.,,,,,0
86,11,17,0,Evan,participant,"I think this is a normal phenomena, because, the current, the current situations to the freedom, love, and whether the male and the female male and the male and the female and female.",,,,,0
87,11,18,0,Evan,participant,But the Lgbtq is.,,,,,0
88,11,19,0,Evan,participant,it's a politics. It's a politics nouns.,,,,,0
89,11,20,0,Evan,participant,And we need to divide into the perceptions.,,,,,0
90,11,21,0,Evan,participant,"Yeah, and don't regard the Idpq as a weapon between the different parties in some elections.",,,,,0
91,11,22,0,Evan,participant,"Yes, it's only the normal phenomena.",,,,,0
92,11,23,0,Evan,participant,"Seeing our situation, you know our current current situations, romantic relationships.",,,,,0
94,12,0,0,Bryan Chen,moderator,That's a very complete overview.,Supplement,False,False,True,0
97,14,1,0,Bryan Chen,moderator,"So for that point, somehow I found it a little bit contradictory, because if someone is very independent, fully independent, then what is the purpose, and or what is the need of finding another partners right?",Confronting,True,False,False,0
98,14,2,0,Bryan Chen,moderator,"So if your life is complete, if your life is fully independent, rely on yourself, then what what is the thing you want to get from another person's.",Probing,True,False,False,0
99,14,3,0,Bryan Chen,moderator,So I'm not sure if anyone else can answer these questions.,Probing,True,False,False,0
100,14,4,0,Bryan Chen,moderator,"And. Felicia, do you have any thought?",Probing,True,False,False,0
101,14,5,0,Bryan Chen,moderator,"If someone who's independent and what is, what is the scene he or maybe you want to get from the relationship.",Probing,True,False,False,0
103,15,1,0,Evan,participant,"Oh, sorry.",,,,,0
105,17,0,0,Jane,participant,"Yep, no, you can.",,,,,0
106,17,1,0,Jane,participant,You can speak first.st,,,,,0
115,20,2,0,Bryan Chen,moderator,"They are emotionally independent, but they are financially not independent.",Interpretation,True,False,False,0
118,20,5,0,Bryan Chen,moderator,Anyone else want to share some thought on these questions.,Probing,True,False,False,0
119,20,6,0,Bryan Chen,moderator,"Felicia, do you have anything you want to say?",Probing,True,False,True,0
121,21,1,0,Felicia,participant,"The difference between of the romantic relationship between the past and present in that is in the past, and when people are dating they are really shy to like the handy hand, the word case in public, and they think it's not good for their public and appearance, and but now and people are, and are more willing to show their love to their friends or family members.",,,,,0
123,22,0,0,Bryan Chen,moderator,Hmm.,All Utility,False,False,True,0
125,24,0,0,Bryan Chen,moderator,Hmm.,All Utility,True,False,False,0
128,26,0,0,Bryan Chen,moderator,And.,All Utility,False,False,False,0
131,27,2,0,Felicia,participant,But there is a big gap between the and the economic.,,,,,0
132,27,3,0,Felicia,participant,So you may have some hmm different ideals about this.,,,,,0
133,28,0,0,Bryan Chen,moderator,"Hmm, hmm. Then then what's your view on the that independent question.",Probing,True,False,False,0
134,28,1,0,Bryan Chen,moderator,"So if, say, someone who is financially independent and also emotionally independent, when what then?",Probing,True,False,False,0
135,28,2,0,Bryan Chen,moderator,What else does the person want from a relationship?,Probing,True,False,False,0
136,28,3,0,Bryan Chen,moderator,From your point of view?,Probing,True,False,False,0
140,29,3,0,Felicia,participant,"we cannot. And I, I may give up this relationship because I cannot get what I want.",,,,,0
142,30,1,0,Bryan Chen,moderator,"Why, it's complicated. Yeah, it's complicated.",Supplement,False,False,True,0
145,31,1,0,CiCi,participant,"We have a lot of challenge tasks to address, and during this way we also feel upside outside.",,,,,0
148,31,4,0,CiCi,participant,But for some girls they did.,,,,,0
150,31,6,0,CiCi,participant,always find that they also have financial concerns.,,,,,0
152,31,8,0,CiCi,participant,That is not isn't the important thing in the relationship.,,,,,0
154,32,1,0,Bryan Chen,moderator,"Because female usually don't have that many work, opportunity or professional.",Supplement,True,False,False,0
155,32,2,0,Bryan Chen,moderator,"so traditionally in the female account, economically rely on the male.",Supplement,True,False,False,0
156,32,3,0,Bryan Chen,moderator,But now it's like everyone is working doesn't matter if you are female or male.,Supplement,True,False,False,0
157,32,4,0,Bryan Chen,moderator,People are all kind of self-reliant on their own money.,Supplement,True,False,False,0
158,32,5,0,Bryan Chen,moderator,So so I guess I heard a lot of people sharing that financial or economy aspect is not the top one.,Interpretation,True,False,False,0
160,32,7,0,Bryan Chen,moderator,in relative to financial conditions.,Interpretation,True,False,False,0
163,32,10,0,Bryan Chen,moderator,It's like so we now we have discussed some different between the different generations.,Interpretation,True,False,False,0
164,32,11,0,Bryan Chen,moderator,But you still have the relationship with your parents.,Probing,True,False,False,0
165,32,12,0,Bryan Chen,moderator,Right? So how do you.,Probing,True,False,False,0
166,32,13,0,Bryan Chen,moderator,I'm not sure how.,Supplement,True,False,False,0
167,32,14,0,Bryan Chen,moderator,What's your parents view and or interaction regarding your relationship?,Probing,True,False,False,0
168,32,15,0,Bryan Chen,moderator,I know some parent.,Supplement,True,False,False,0
169,32,16,0,Bryan Chen,moderator,They are very open.,Supplement,True,False,False,0
171,32,18,0,Bryan Chen,moderator,"But some parent they'll give you advice, give you guidance, or say, Oh, you need to find someone who can wash the dishes something like that.",Supplement,False,False,True,0
173,32,20,0,Bryan Chen,moderator,Do you listen to land?,Probing,True,False,False,0
175,32,22,0,Bryan Chen,moderator,Any wonder any interesting story from you guys?,Probing,True,False,False,0
177,32,24,0,Bryan Chen,moderator,Your interaction with your parents regarding to romance?,Probing,True,False,False,0
180,33,2,0,Jane,participant,"I can. I can, because I can work.",,,,,0
184,34,0,0,Bryan Chen,moderator,"But do you never give you pressure regarding to your relationship, or do they try to import.",Probing,True,False,False,0
185,35,0,0,Jane,participant,"Yeah, I think because for my for me, I'm about 20, 4 years old now, and my parents want me to get married before like 30.",,,,,0
187,35,2,0,Jane,participant,"Oh, if oh, if a woman don't get married doesn't get married when he when she is 3 years old!",,,,,0
189,35,4,0,Jane,participant,But if you are a man.,,,,,0
190,35,5,0,Jane,participant,you will not have this kind of issues.,,,,,0
192,36,0,0,Bryan Chen,moderator,"Yeah, I heard some like similar feeling and story from my friend as well.",Supplement,False,False,True,0
193,36,1,0,Bryan Chen,moderator,"Felicia, do you have any similar experience?",Probing,True,False,False,0
194,36,2,0,Bryan Chen,moderator,Or do you take a different view.,Probing,True,False,False,0
196,38,0,0,Bryan Chen,moderator,No problem.,All Utility,False,False,True,0
197,39,0,0,Felicia,participant,"Yeah, cause last week I talked about this topic with my with my mother, and I said, Don't urge me to get married?",,,,,0
198,39,1,0,Felicia,participant,"And and they didn't worry about it now, and I'm I'm a i'm about 23 years old.",,,,,0
199,39,2,0,Felicia,participant,"and they said they they're not afraid of of my marriage, and but when I get to maybe 27, or 8, and they would urge me to get married, I said, No, never, no way, and so I. I let them know in advance that don't push me.",,,,,0
200,39,3,0,Felicia,participant,"Okay. So and I said, This is one.",,,,,0
201,39,4,0,Felicia,participant,"This is the only requirement for for the for my parents, and I just have this one request.",,,,,0
202,40,0,0,Bryan Chen,moderator,So you draw the clear line.,Interpretation,True,False,False,0
204,40,2,0,Bryan Chen,moderator,Don't cross the line.,Instruction,False,True,False,0
205,41,0,0,Felicia,participant,"Yeah, cause. Because I say, if if you continuous, urge me to get married and I I feel really stressful, I may find I may find a find a person readily and get married.",,,,,0
206,41,1,0,Felicia,participant,You know it's good or bad for me.,,,,,0
207,41,2,0,Felicia,participant,It's it's totally bad for me.,,,,,0
208,41,3,0,Felicia,participant,"It's it may influence my whole life, you know, and they so I stressed so many times for them.",,,,,0
209,42,0,0,Bryan Chen,moderator,"Okay, this here one male perspective.",Instruction,True,True,False,0
210,42,1,0,Bryan Chen,moderator,"John Johnson, do you have any?",Probing,True,False,False,0
211,42,2,0,Bryan Chen,moderator,Have you talked about with your parent?,Probing,True,False,False,0
212,42,3,0,Bryan Chen,moderator,About your relationship romance.,Probing,True,False,False,0
213,42,4,0,Bryan Chen,moderator,What's your view? How do you interact with them?,Probing,True,False,False,0
214,43,0,0,Johnson,participant,"Well, there's there's a very interesting thing.",,,,,0
215,43,1,0,Johnson,participant,"There's a oh, sorry.",,,,,0
217,43,3,0,Johnson,participant,"It's like, if a child doesn't obey the the parents command, then presumably the child's going to be success, and vice versa, meaning that if every command is followed by the parents, then the child may not be success.",,,,,0
218,43,4,0,Johnson,participant,"So I mean, that's just a joke.",,,,,0
220,43,6,0,Johnson,participant,"all the the child should have their own opinions on things, and have their own decisions on things.",,,,,0
221,43,7,0,Johnson,participant,"They have their own thoughts about things their own taking a responsibly about, I mean different different selections on things so well.",,,,,0
222,43,8,0,Johnson,participant,In my own case.,,,,,0
223,43,9,0,Johnson,participant,"I do understand their they're considerations, or they're whether they're worrying about.",,,,,0
225,43,11,0,Johnson,participant,"Right? They grow up in that kind of values and their expectations, and I mean, their values are.",,,,,0
226,43,12,0,Johnson,participant,"I mean, from there parents.",,,,,0
228,43,14,0,Johnson,participant,"Because you have your own thoughts about things, but you find you or you select something else that they understand it.",,,,,0
229,43,15,0,Johnson,participant,"And well, it's not but it's also your own decisions on things.",,,,,0
233,44,2,0,Bryan Chen,moderator,"It's not trying to change your decision, but they want to feel that their concern, their voice has been heard.",Interpretation,True,False,True,0
235,44,4,0,Bryan Chen,moderator,"Sometimes they react even harder, trying to get your attention like, oh, I'm your parent, you should listen to me.",Interpretation,True,False,True,0
236,44,5,0,Bryan Chen,moderator,So this kind of a competition of attentions.,Interpretation,False,False,True,0
237,44,6,0,Bryan Chen,moderator,"That's that's why. Sometimes I I feel, even though my parents are actually quite open-minded.",Supplement,False,False,True,0
238,44,7,0,Bryan Chen,moderator,"They will say something about my relationship, but in the end they will.",Interpretation,False,False,True,0
240,44,9,0,Bryan Chen,moderator,You know what you want.,Supplement,False,False,True,0
241,44,10,0,Bryan Chen,moderator,"You just make your decision, but we will.",Interpretation,True,False,False,0
242,44,11,0,Bryan Chen,moderator,"Still, we will. Still, Susanian.",Interpretation,True,False,True,0
243,44,12,0,Bryan Chen,moderator,We will still say something.,All Utility,False,False,False,0
245,44,14,0,Bryan Chen,moderator,Otherwise we'll move on to next questions.,Instruction,False,True,False,0
247,46,0,0,Bryan Chen,moderator,Go for it.,Instruction,False,True,False,0
248,47,0,0,Urania,participant,"Cause actually, I didn't have any advices about romance from my parents, because I think, unfortunately, in our country there is a lack of romance education from many traditional families like my parents haven't taught anything about romance, especially when I was in middle school or undergraduate period.",,,,,0
249,47,1,0,Urania,participant,But they just want for me to have some like And that is the romance relationship after graduation.,,,,,0
252,47,4,0,Urania,participant,"But just want me have have a stable relationship just after the graduation, because sometimes they will say that you should have a you know, to some degree a stable relationship to create a new family in certain times like the age of 20, maybe after 25 or before 30.",,,,,0
254,47,6,0,Urania,participant,"Because you know, for example, for my family.",,,,,0
255,47,7,0,Urania,participant,"I know, I know that.",,,,,0
256,47,8,0,Urania,participant,"Actually, there are many interesting things between my mom and my dad.",,,,,0
257,47,9,0,Urania,participant,Cause you know. I was told from my grandmother.,,,,,0
258,47,10,0,Urania,participant,She taught me that actually several years ago my father.,,,,,0
259,47,11,0,Urania,participant,"My father taught my mother, that today is my birthday.",,,,,0
262,47,14,0,Urania,participant,"Oh, from the 2 people or themselves.",,,,,0
263,47,15,0,Urania,participant,"They they never talk talked about these things to me, so I didn't get aspects from didn't get the suggestion from these aspects.",,,,,0
265,47,17,0,Urania,participant,"you know this, this this kind of educational mode or family?",,,,,0
268,48,1,0,Bryan Chen,moderator,"I wish my parents they could told me more about how to handle relationship, how to ask girls out how to, you know, prepare a good dating experience something like that.",Supplement,False,False,True,0
270,48,3,0,Bryan Chen,moderator,"So I feel maybe if the parents are not too pushing toward the goals, but actually more focused on emphasizing on giving their advice or help giving, you know, like trying to give us some skills or some techniques.",Supplement,True,False,False,0
271,48,4,0,Bryan Chen,moderator,I feel the children will be more welcome welcoming to for parents to get involved into their life if it's not to go orientated.,Interpretation,True,False,True,0
274,48,7,0,Bryan Chen,moderator,It's for that inside.,All Utility,False,False,True,0
275,48,8,0,Bryan Chen,moderator,So now we're going to move on to the next question.,Instruction,False,True,False,0
279,48,12,0,Bryan Chen,moderator,"So this, this kind of new way of meeting people, have transformed the way people meet and form relationship.",Supplement,True,False,False,0
281,48,14,0,Bryan Chen,moderator,"So not sure if anyone have experience and we're into sure here, Cissy, do you have any thought on that.",Probing,True,False,False,0
282,48,15,0,Bryan Chen,moderator,What's your view on that in our online platform?,Probing,True,False,False,0
284,49,1,0,CiCi,participant,I've several several times.,,,,,0
287,49,4,0,CiCi,participant,You always chat and start with with Chinese that is really hard to set a relationship with the local people.,,,,,0
291,49,8,0,CiCi,participant,They don't focus on the deep conversation.,,,,,0
292,49,9,0,CiCi,participant,They just share some.,,,,,0
294,49,11,0,CiCi,participant,How long have you stay in map?,,,,,0
295,49,12,0,CiCi,participant,And what is your favorite movies?,,,,,0
297,49,14,0,CiCi,participant,But I should I should.,,,,,0
299,49,16,0,CiCi,participant,"That is a good way to know some people, but I don't think that is a wonderful way to to be in a relationship.",,,,,0
301,50,1,0,Bryan Chen,moderator,But you've seen the pool or the population.,Interpretation,True,False,False,0
302,50,2,0,Bryan Chen,moderator,There is not too serious about getting into a relationship.,Interpretation,True,False,False,0
303,50,3,0,Bryan Chen,moderator,That's why get from.,Interpretation,True,False,False,0
304,50,4,0,Bryan Chen,moderator,That's why I understand from your instance.,Interpretation,True,False,False,0
311,51,3,0,Evan,participant,It it gave me give me some confidence and some trust.,,,,,0
314,51,6,0,Evan,participant,"The 1st date. It widens, encounter possibilities and the social media, like the red books, or the Weibo or Wechat, has expanded, have expanded the search for love by breaking down the boundaries of geographical space and making it easy to connect with people all over the world.",,,,,0
315,51,7,0,Evan,participant,Whether the in in international or in the domestic.,,,,,0
316,51,8,0,Evan,participant,"And however, this infinity possibility also brings the confusion of choice.",,,,,0
317,51,9,0,Evan,participant,"Because in the face of a large number of potential partners, people begin to sift through the the the team which affect the cherish of the relationship to a certain extent.",,,,,0
319,52,0,0,Bryan Chen,moderator,Please give me. It's good.,Instruction,False,True,False,0
323,53,2,0,Evan,participant,"You know, the immediacy of the immediacy of social media has made emotional communication fast and frequent, but it has also let accelerate the speedization of emotions.",,,,,0
324,53,3,0,Evan,participant,"A relationship can quickly unreveil over a misunderstanding or argument, and people are more inclined to move on to their next partner rather than patient work or solve the problem.",,,,,0
325,53,4,0,Evan,participant,So behind the phenomena is the pursuit of instant gratification and the neglect of deep emotional connection.,,,,,0
327,53,6,0,Evan,participant,And but this is a tendency of the current romantic relationship between the young people.,,,,,0
330,54,1,0,Bryan Chen,moderator,Cycle is very difficult to meet new female.,Supplement,True,False,False,0
332,54,3,0,Bryan Chen,moderator,"It's kind of awkward, and I guess I have one benefit on.",Supplement,False,False,True,0
334,54,5,0,Bryan Chen,moderator,"As soon as you are met, you have the you both have the, you know, the mutual expectation that you are looking for partner, so people can be more straightforward about it in comparison to your normal life cycle.",Supplement,True,False,False,0
336,54,7,0,Bryan Chen,moderator,And then but you are not sure if he or she have that motivation.,Supplement,True,False,False,0
337,54,8,0,Bryan Chen,moderator,"You have to spend weeks, or even Mom trying to figure it out if she or he's single issues, or she's interested in a relationship.",Supplement,True,False,False,0
339,54,10,0,Bryan Chen,moderator,But that spinning us pattern also kind of culture.,Supplement,True,False,False,0
343,56,0,0,Bryan Chen,moderator,But Urania.,Probing,True,False,False,0
344,57,0,0,Urania,participant,"Yeah, it remind. It reminds me that there is a romance pattern.",,,,,0
345,57,1,0,Urania,participant,That is the long distance relationship.,,,,,0
347,57,3,0,Urania,participant,Many people they knew online and still keep in touch with each other online.,,,,,0
348,57,4,0,Urania,participant,So it caused the long distance relationship.,,,,,0
349,57,5,0,Urania,participant,"But for me, I think that If you want a stable relationship, you still need to.",,,,,0
350,57,6,0,Urania,participant,"You know, get touch face to face other than keep in.",,,,,0
351,57,7,0,Urania,participant,Keep in the situation of the long distance relationship.,,,,,0
352,57,8,0,Urania,participant,Maybe it can exercise the 2 people there views or some solving the the patterns of solving problems in life and meeting challenges what they will do.,,,,,0
354,57,10,0,Urania,participant,That they are not.,,,,,0
355,57,11,0,Urania,participant,They cannot get familiar.,,,,,0
356,57,12,0,Urania,participant,"If we only just keep in touch with each other online, just use the social media.",,,,,0
357,57,13,0,Urania,participant,"So it means that maybe social media is the 1st step for the couple for many couples, but they will still need some company in real life.",,,,,0
361,58,2,0,Bryan Chen,moderator,"But it's also like a online communication tool, because I feel long-term distance has become more and more common in these generations, especially people are going overseas to have education to work so.",Supplement,True,False,False,0
363,58,4,0,Bryan Chen,moderator,And it's it's definitely difficult.,Supplement,True,False,False,0
364,58,5,0,Bryan Chen,moderator,But but using this platform and this technology make it also make it possible.,Supplement,True,False,False,0
370,58,11,0,Bryan Chen,moderator,"So the next question, we want to probably specifically talk about exponential of the genders role.",Instruction,True,True,False,0
372,58,13,0,Bryan Chen,moderator,"You have the kind of expectation like, you know, female work inside the house and male go outside the house to work, and this kind of expectation have changed and evolve over time.",Supplement,True,False,False,0
374,58,15,0,Bryan Chen,moderator,Are there difference between the role of male and female in relationship in your own opinion?,Probing,True,False,False,0
376,58,17,0,Bryan Chen,moderator,What's your guys? Point of view.,Probing,True,False,False,0
377,58,18,0,Bryan Chen,moderator,"or you can also say there's no difference between male or female in your view of, in your ideal view of relationship.",Probing,True,False,False,0
379,58,20,0,Bryan Chen,moderator,Do you think there's still some different expectation between male or female gender in a relationship in modern relationship.,Probing,True,False,False,0
381,59,1,0,Johnson,participant,I think we need to acknowledge something which is the difference between female and males.,,,,,0
382,59,2,0,Johnson,participant,"Right? Because I mean, based on biological.",,,,,0
383,59,3,0,Johnson,participant,"biologic, I mean differences.",,,,,0
384,59,4,0,Johnson,participant,I mean the the the.,,,,,0
385,59,5,0,Johnson,participant,It's just different. So to look for a bounce between.,,,,,0
386,59,6,0,Johnson,participant,"The difference is something is the core idea of striving for, I mean female, the right female rights.",,,,,0
388,59,8,0,Johnson,participant,Right? Females have periods.,,,,,0
390,59,10,0,Johnson,participant,"I mean, this is just a general.",,,,,0
391,59,11,0,Johnson,participant,"What I think about the the this I mean this human rights, or I mean female rights.",,,,,0
392,60,0,0,Bryan Chen,moderator,And.,All Utility,True,False,False,0
393,61,0,0,Johnson,participant,"Sorry, what? What was yours?",,,,,0
394,62,0,0,Bryan Chen,moderator,But do you have any?,Probing,True,False,False,0
395,62,1,0,Bryan Chen,moderator,Do you think there's a different internal expectation about a different role in a relationship.,Probing,True,False,False,0
402,65,4,0,Johnson,participant,"So if your significant other are tired at this moment, probably you could do more on chores, or like cleaning up, or do the chores, or or something else.",,,,,0
405,65,7,0,Johnson,participant,Who's gonna do work.,,,,,0
408,65,10,0,Johnson,participant,"It's not that, in my opinion.",,,,,0
412,66,2,0,Bryan Chen,moderator,Some people that probably some male.,Supplement,True,False,False,0
413,66,3,0,Bryan Chen,moderator,They are better at cooking.,Supplement,True,False,False,0
414,66,4,0,Bryan Chen,moderator,They are more willing to take the job of cooking than their female partner.,Supplement,True,False,False,0
415,66,5,0,Bryan Chen,moderator,Some female probably earn more money then that's also fine.,Supplement,True,False,False,0
416,66,6,0,Bryan Chen,moderator,"So I for myself, I also take.",Supplement,True,False,False,0
419,66,9,0,Bryan Chen,moderator,I feel some of the stereotype.,Supplement,True,False,False,0
420,66,10,0,Bryan Chen,moderator,They exist because of some of the.,Supplement,True,False,False,0
421,66,11,0,Bryan Chen,moderator,"There were some reason why such stereotype stood in that generation, because our economy, structure, or whatever other factors.",Supplement,True,False,False,0
422,66,12,0,Bryan Chen,moderator,"So, and it's often seen that from the older generation might still be still be beneficial, you know, even nowadays.",Supplement,True,False,False,0
423,66,13,0,Bryan Chen,moderator,"So so well, just to clarify.",Interpretation,True,False,False,0
424,66,14,0,Bryan Chen,moderator,"I'm not trying to frame me and say, any certain perspective is bad or good.",Interpretation,False,False,True,0
425,66,15,0,Bryan Chen,moderator,I just feel want to hear different people's point out view.,Probing,True,False,False,0
427,66,17,0,Bryan Chen,moderator,"Do you feel, Jen?",Probing,True,False,True,0
430,66,20,0,Bryan Chen,moderator,"for example, feel like guys or male should be the stronger one mentally in relative to girls.",Probing,True,False,False,0
437,68,0,0,Bryan Chen,moderator,And.,All Utility,False,False,False,0
444,70,3,0,Bryan Chen,moderator,"Okay, so let's see.",Instruction,False,True,False,0
446,70,5,0,Bryan Chen,moderator,"What's your view, or different expectation of like role between male or female.",Probing,True,False,False,0
447,70,6,0,Bryan Chen,moderator,in a relationship.,Confronting,True,False,False,0
453,72,1,0,Bryan Chen,moderator,Do you have any kind of expectation?,Probing,True,False,False,0
457,72,5,0,Bryan Chen,moderator,Or do you seem like there are some still some variance of expectations between different gender.,Probing,True,False,False,0
459,73,1,0,CiCi,participant,"They have a lot of stress, for example, just like they have to to to to to nature a kid that has spent a lot of time and energy, although father always takes some responsible responsibilities to take care of a kid.",,,,,0
461,73,3,0,CiCi,participant,I think if males should take some financial supports a little more than male females.,,,,,0
464,74,2,0,Bryan Chen,moderator,"Maybe perhaps females, I mean, male probably still can share a little bit more financial burdens.",Supplement,True,False,False,0
465,74,3,0,Bryan Chen,moderator,"Yeah. okay. Anyone else have any other thought on this question that I want to share, at least count a little bit abstract questions.",Probing,True,False,True,0
467,74,5,0,Bryan Chen,moderator,So this is something that we kind of mentioned earlier about your.,Interpretation,True,False,False,0
468,74,6,0,Bryan Chen,moderator,It's personal observation or experience with the LGBT group.,Probing,True,False,False,0
469,74,7,0,Bryan Chen,moderator,And what have you found?,Probing,True,False,False,0
470,74,8,0,Bryan Chen,moderator,"The differences? And what have you observed and do, and what are the challenges?",Probing,True,False,False,0
471,74,9,0,Bryan Chen,moderator,"And it probably just like sharing in general, because for my experiment on personal experience, I feel in the last 5 or 10 years.",Supplement,True,False,False,0
472,74,10,0,Bryan Chen,moderator,Many of my friends who belong to the Lgbtq community they are.,Supplement,True,False,False,0
473,74,11,0,Bryan Chen,moderator,They're more become more and more comfortable and just more relax to share their experience or share their opinion with you.,Supplement,True,False,True,0
475,74,13,0,Bryan Chen,moderator,"So I don't. I, personally don't find anything else different besides their gender preferences.",Supplement,True,False,False,0
476,74,14,0,Bryan Chen,moderator,I feel they become.,Supplement,True,False,True,0
478,74,16,0,Bryan Chen,moderator,"Have any? John, do you want to have anything you want to talk on this topic?",Probing,True,False,False,0
479,75,0,0,Johnson,participant,"Me, right. This is John.",,,,,0
480,75,1,0,Johnson,participant,This is Johnson. Okay.,,,,,0
483,77,1,0,Johnson,participant,So I can share my 2 weird experience when I moved here to Melbourne.,,,,,0
484,77,2,0,Johnson,participant,"So there's 1 time when I was waiting for a tram around like midnight, and I've been hit by hit on by an Irish guy before.",,,,,0
485,78,0,0,Bryan Chen,moderator,Wow!,All Utility,False,False,True,0
488,79,2,0,Johnson,participant,"And I mean, it's a very natural thing, especially here in Australia, I would say.",,,,,0
489,79,3,0,Johnson,participant,"And they recognize, like different communities, different identity genders.",,,,,0
490,79,4,0,Johnson,participant,Lgbtq plus. So you have varieties of genders.,,,,,0
495,79,9,0,Johnson,participant,So I have a lot of gay friends.,,,,,0
496,79,10,0,Johnson,participant,"Yeah, but I mean, just we're all people man, we're just all humans.",,,,,0
497,79,11,0,Johnson,participant,"I mean, we have different preferences.",,,,,0
498,79,12,0,Johnson,participant,"So in my understanding or in my values, I respect them.",,,,,0
499,79,13,0,Johnson,participant,"I have a lot of different gay friends and but it's just, I mean, upon your own preferences, I would say, just the basic which is trying to respect on others.",,,,,0
500,79,14,0,Johnson,participant,"I mean, you have your own values, you have your own preferences, but you cannot judge on others, their identities on, on.",,,,,0
501,79,15,0,Johnson,participant,on their own sex.,,,,,0
502,79,16,0,Johnson,participant,"Right? So I mean, that's how it is.",,,,,0
504,80,0,0,Bryan Chen,moderator,"As you know as well, said.",Interpretation,True,False,False,0
505,80,1,0,Bryan Chen,moderator,I also have a lot of friends.,Supplement,False,False,True,0
506,80,2,0,Bryan Chen,moderator,They are. We have been.,Supplement,False,False,True,0
507,80,3,0,Bryan Chen,moderator,They have been around we have known each other for a while.,Supplement,False,False,True,0
508,80,4,0,Bryan Chen,moderator,"But only fairly recently, while Blend told me that he's beyond to the community.",Supplement,False,False,True,0
509,80,5,0,Bryan Chen,moderator,But I wasn't surprised.,Supplement,False,False,True,0
511,80,7,0,Bryan Chen,moderator,He was expecting me to have a big reaction.,Supplement,True,False,True,0
513,80,9,0,Bryan Chen,moderator,I just feel it's pretty normal saying it just happened.,Supplement,False,False,True,0
514,80,10,0,Bryan Chen,moderator,And it's just still him thinking.,Supplement,True,False,False,0
515,80,11,0,Bryan Chen,moderator,"And yeah. but I also personally kind of kind of glad, or in a way that people are more relaxed about it, more acceptable about it.",Supplement,True,False,True,0
518,80,14,0,Bryan Chen,moderator,It's only until recently become more open than acceptable.,Supplement,True,False,False,0
520,80,16,0,Bryan Chen,moderator,"Evan, do you have anything you want to say or.",Probing,True,False,False,0
521,81,0,0,Evan,participant,I'm so sorry that because I have a little research and contact and have a little attention to the grope.,,,,,0
523,81,2,0,Evan,participant,"For to the the gentle equality and the gender equality, yeah.",,,,,0
524,81,3,0,Evan,participant,And so I have no interest in there.,,,,,0
525,82,0,0,Bryan Chen,moderator,"Okay, cool. Anyone else have any thoughts?",Probing,True,False,False,0
526,82,1,0,Bryan Chen,moderator,"Cece, do you have any thought on this topic, or.",Probing,True,False,False,0
527,83,0,0,CiCi,participant,Oh! For this topic I have no idea to share.,,,,,0
528,84,0,0,Bryan Chen,moderator,"Okay, how about Urania?",Probing,True,False,False,0
530,84,2,0,Bryan Chen,moderator,Do you have any thought on this topic?,Probing,True,False,False,0
532,85,1,0,Urania,participant,But I have a a friend which is one member of Lgbtq.,,,,,0
533,85,2,0,Urania,participant,"And firstly, of course, I show respect for all the things about him.",,,,,0
534,85,3,0,Urania,participant,But I think he's still relatively difficult for him compared to other people to establish a relationship between him and his partner.,,,,,0
539,86,2,0,Bryan Chen,moderator,Yeah. Anyone else have any other question they want to share regarding to romance relationship.,Probing,True,False,False,0
540,86,3,0,Bryan Chen,moderator,I mean sorry modern romance or modern relationship.,Supplement,True,False,False,0
541,86,4,0,Bryan Chen,moderator,"If no, we are just going to rip out the session today.",Instruction,False,True,False,0
542,86,5,0,Bryan Chen,moderator,"And and thank you guys, participation today and your time, I really appreciate it.",All Utility,False,False,True,0
