Unnamed: 0,turn_index,sent_index,segment,speaker,role,text,topic_cluster
11,2,4,0,SPK_4,participant,"But now people take their time and focus more, I think, on personal happiness.",3
20,4,0,0,SPK_2,participant,I think the question is all lying upon the word love.,3
25,5,0,0,SPK_3,participant,"Yeah, I think for our parents generation, maybe they're dating for more purposeful.",3
29,5,4,0,SPK_3,participant,So I think maybe that's the key point for the method change.,3
31,6,0,0,SPK_2,participant,"Well, it is interesting to think about what they did.",3
34,6,3,0,SPK_2,participant,It's interesting to think about.,3
43,12,0,0,SPK_4,participant,I think it's also.,3
58,17,0,0,SPK_2,participant,"Well, the reason why I disrepaired dating app is because I don't think people really making connection with datemap because.",3
76,20,2,0,SPK_3,participant,"Yeah, I think that's also a point.",3
80,22,2,0,SPK_5,participant,But. So I think have half.,3
83,23,2,0,SPK_3,participant,"And when we talk, I think he is quite nice people.",3
87,23,6,0,SPK_3,participant,So I think it depends on your characteristic.,3
89,23,8,0,SPK_3,participant,So I think also it depends on your characteristic.,3
96,25,4,0,SPK_3,participant,"So yeah, that's why I think it depends on your characteristic.",3
97,25,5,0,SPK_3,participant,I think you can try and talk with the talk with that guy in the dating app first.,3
98,25,6,0,SPK_3,participant,"So I think you can maybe talk with in social media for a long time and think oh, this is nice people.",3
105,28,0,0,SPK_3,participant,"Yeah, I just think it's interesting method to meet some people.",3
106,28,1,0,SPK_3,participant,I think in China we have a very popular culture now is Dazi.,3
112,30,2,0,SPK_3,participant,So maybe I think.,3
121,34,0,0,SPK_5,participant,And some people may think dating is I must build a relationship.,3
122,34,1,0,SPK_5,participant,"Just a matter of networking or making new friends, I think.",3
152,50,1,0,SPK_3,participant,"I think maybe they are hard to get married, but.",3
154,50,3,0,SPK_3,participant,I think maybe a social attitude is a bit hard for them.,3
160,52,0,0,SPK_4,participant,"I think in recent years, it's a growing acceptance of LGBTQ relationships.",3
