Unnamed: 0,turn_index,sent_index,segment,speaker,role,text,dialogue_act,informational motive,coordinative motive,social motive,topic_cluster
79,11,10,0,Evan,participant,"and yes, and the 4th is need to support each other.",,,,,1
109,19,1,0,Jane,participant,"If I can be independent, I prefer to have like more emotional support from my boyfriend because I think nowadays people are facing more and more mental pressure in their work.",,,,,1
111,19,3,0,Jane,participant,It's quite important to get emotional support from.,,,,,1
124,23,0,0,Felicia,participant,And and I also have a and I have different idea of the emotional support.,,,,,1
127,25,1,0,Felicia,participant,"and if you are independent and economic, and you wanna get the emotional support from your partner, and but if you it, it means maybe, and you are not in the same status.",,,,,1
130,27,1,0,Felicia,participant,"hey, he or she and just can give you emotional support.",,,,,1
137,29,0,0,Felicia,participant,And I think because because you are financially independent and you want to get emotional support from the your partner.,,,,,1
138,29,1,0,Felicia,participant,But if if he or she cannot give you the emotional support anymore.,,,,,1
144,31,0,0,CiCi,participant,"Oh, I think the emotional support that is the most important thing in a serious relationship, because you need to trust each other in in the in nowadays, because, these days are really hard.",,,,,1
147,31,3,0,CiCi,participant,"to be honest, some people get the financial support.",,,,,1
149,31,5,0,CiCi,participant,"They don't get the financial support, because the boys are always.",,,,,1
151,31,7,0,CiCi,participant,So I think financial support.,,,,,1
159,32,6,0,Bryan Chen,moderator,"And, as you, many of you mentioned, maybe emotional support has become a higher priority.",Interpretation,True,False,False,1
183,33,5,0,Jane,participant,"And I I don't want a person who just like gives me financial support, and we cannot like talk with each other, because we have different opinions.",,,,,1
251,47,3,0,Urania,participant,And you didn't support me to date during the earlier period.,,,,,1
290,49,7,0,CiCi,participant,They they don't focus on the emotional support.,,,,,1
375,58,16,0,Bryan Chen,moderator,"Is there any expectation like guys should do something more or or female, should do something else, or or something like guys should be the one providing emotional support vice versa or so.",Probing,True,False,False,1
428,66,18,0,Bryan Chen,moderator,"So, Jen, earlier you talk about you mentioned about emotional support?",Probing,True,False,False,1
429,66,19,0,Bryan Chen,moderator,Right? But do you think you have a different expectation about providing emotional support regarding to different gender.,Probing,True,False,False,1
435,67,4,0,Jane,participant,Emotional support from maybe my boyfriend.,,,,,1
439,69,1,0,Jane,participant,"So I asked for something from my boyfriend, and I also I will also give him like enough emotional support.",,,,,1
449,71,1,0,CiCi,participant,"And just like the 1st question we mentioned before, the emotional support that is.",,,,,1
450,71,2,0,CiCi,participant,I think males should give some emotional support to female females.,,,,,1
454,72,2,0,Bryan Chen,moderator,Beside we emotional support?,Probing,True,False,False,1
