Unnamed: 0,turn_index,sent_index,segment,speaker,role,text,dialogue_act,informational motive,coordinative motive,social motive,topic_cluster
28,4,6,0,Elda (Host),moderator,A lot more. So I think that that gives us so many more choices.,Supplement,True,False,False,2
34,5,0,0,Bryan Chen,participant,And do you think how that difference cannot change?,,,,,2
36,5,2,0,Bryan Chen,participant,"Do you think it's harder to come into a relationship, because, like, you have more choices in the modern society.",,,,,2
45,8,2,0,Elda (Host),moderator,Do you kind of think?,Probing,True,False,False,2
50,9,0,0,Bryan Chen,participant,"Yeah, I think that's a question I've been thinking about for.",,,,,2
69,11,17,0,Bryan Chen,participant,"So yeah, I think that's very different to compare to now.",,,,,2
111,30,3,0,Bryan Chen,participant,"Well, I think they kind of get used to each other.",,,,,2
112,30,4,0,Bryan Chen,participant,"And well, then, I think people are that generation.",,,,,2
114,30,6,0,Bryan Chen,participant,I think.,,,,,2
117,33,0,0,Amy,participant,I think we just skip.,,,,,2
120,33,3,0,Amy,participant,"I think we are maybe less patience like before, cause everything is so quick, and you can so quickly meet another person.",,,,,2
128,34,5,0,Shunto,participant,But I think we are maybe doing too much of it.,,,,,2
140,40,3,0,Shunto,participant,"Okay? So then we we will get married, like, I think that's how we make a decision.",,,,,2
144,40,7,0,Shunto,participant,"I think I I have met with Brian's family like sometimes I I think for me is yeah pretty good like, oh, like",,,,,2
147,43,0,0,Shunto,participant,I'm so sorry. I just I just think like Brian fabulous.,,,,,2
148,43,1,0,Shunto,participant,"Seems happy. So I I don't think I don't think like looking for ideas idea, person isn't always.",,,,,2
150,44,0,0,Elda (Host),moderator,And do you think.,Probing,True,False,False,2
158,49,0,0,Shunto,participant,I think one of the reasons we are looking for like more.,,,,,2
162,49,4,0,Shunto,participant,"So but but I think it's it's it may bring happiness, but it may not be.",,,,,2
167,50,2,0,Elda (Host),moderator,I think my connection was bad.,Supplement,False,False,True,2
174,52,5,0,Elda (Host),moderator,"you know, the moment you die, and I think that's totally true, like when you are in the no matter.",Supplement,True,False,False,2
179,52,10,0,Elda (Host),moderator,And I think that's what what what the main differences.,Interpretation,True,False,False,2
187,55,1,0,Rui Xing,participant,I don't think they are very active in socializing.,,,,,2
238,67,1,0,Rui Xing,participant,I think. Yeah.,,,,,2
240,68,1,0,Elda (Host),moderator,I think it's it's more common to see inter interracial and international.,Supplement,True,False,False,2
246,70,3,0,Elda (Host),moderator,I think for for men it's it's not not so common.,Supplement,True,False,False,2
255,75,1,0,renaaaa,participant,I think our.,,,,,2
258,77,1,0,renaaaa,participant,"Yeah. So I think elders comments just now can be realistic sometimes, because I think when too male, they encounter, they are quite rarely to talking about how they think so that's a little bit difference of the gender issue.",,,,,2
264,77,7,0,renaaaa,participant,"So these kind of last generation experience actually shaped my ideology on how I will my own relationship a lot but as everyone just explained how they think, I think these kind of old cliche ideology can have some problems, especially in the modern society, because people really tend to be changing partners and also and also switch between different people quite quickly.",,,,,2
270,77,13,0,renaaaa,participant,"Oh, yeah. So I think that's a kind of a different voice.",,,,,2
271,77,14,0,renaaaa,participant,But I think that's an interesting view as as well.,,,,,2
273,78,0,0,Bryan Chen,participant,"Hmm. I think I kind of agree with that, because I if you spend more time to know a person you will see different side.",,,,,2
285,79,3,0,Elda (Host),moderator,I think that's that's why she said.,Interpretation,False,False,True,2
295,79,13,0,Elda (Host),moderator,And do you think it still applies for now.,Probing,True,False,False,2
298,80,2,0,Amy,participant,I don't think like oh.,,,,,2
306,82,5,0,Amy,participant,So I think that's the let's look through.,,,,,2
307,82,6,0,Amy,participant,"I think that's the ideal relationship for me, no matter how how time's changing.",,,,,2
309,83,0,0,Elda (Host),moderator,"Yeah. And then, do you think that kind of you know idea for what you look for in a relationship?",Probing,True,False,False,2
315,84,0,0,Amy,participant,I think it's funny cause.,,,,,2
323,89,0,0,Amy,participant,"Yes, yes. So I think, let's yeah, that's I don't know.",,,,,2
342,101,1,0,renaaaa,participant,But now I I don't think so.,,,,,2
343,101,2,0,renaaaa,participant,I think there's no such human beings that suits every fantasy.,,,,,2
357,103,10,0,Rui Xing,participant,I think so. I will give some freedom to my future partner.,,,,,2
360,105,0,0,Shunto,participant,"I think I kind of believe in soulmate, actually.",,,,,2
364,105,4,0,Shunto,participant,"And if we wish, and the same barriers in some aspect in our deep heart, maybe I think I fear that it is my soul, mate, and I don't think like the so the number, the number of soulmate is limited to one to me, or like anyone.",,,,,2
369,105,9,0,Shunto,participant,"But I think, like in my definition, I should.",,,,,2
372,105,12,0,Shunto,participant,Maybe I think I think the one is my soulmate.,,,,,2
386,113,5,0,Shunto,participant,"But meanwhile, I don't think like we we are not there.",,,,,2
420,121,10,0,renaaaa,participant,So I think the hardest thing in these kind of we call open relationship.,,,,,2
425,122,2,0,Elda (Host),moderator,I think. Like she's happily married with this.,Supplement,True,False,False,2
426,122,3,0,Elda (Host),moderator,I think it's a it's a Japanese celebrity.,Supplement,True,False,False,2
445,123,0,0,Bryan Chen,participant,I think you just mentioned about a house where housework.,,,,,2
473,142,3,0,Bryan Chen,participant,So I think it should be it should be of.,,,,,2
481,142,11,0,Bryan Chen,participant,I think.,,,,,2
482,143,0,0,Amy,participant,"Yeah, I think for me.",,,,,2
484,143,2,0,Amy,participant,"because in my I think, probably because what I saw in my.",,,,,2
490,145,4,0,Amy,participant,I think they are kind of good.,,,,,2
507,149,1,0,Rui Xing,participant,I think the willingness is the key for me.,,,,,2
513,149,7,0,Rui Xing,participant,"I think the witness is the key, but I don't know if I should fixes some ex expectations for people, but and I admit that I also flew influenced by them Asian society, so I probably would expect she could be good at cooking, because I'm still learning cooking, and I don't think I doing to very well.",,,,,2
515,150,0,0,Elda (Host),moderator,"Yeah, I think that's the point.",Interpretation,True,False,False,2
542,162,1,0,Elda (Host),moderator,so I I think that's all about the tolerance level.,Supplement,True,False,False,2
554,162,13,0,Elda (Host),moderator,you know. Yeah. I think.,All Utility,False,False,True,2
563,168,3,0,Elda (Host),moderator,And do you think.,Probing,True,False,False,2
570,173,1,0,Shunto,participant,"So yeah. objectively, I do not think like my partner will be comfortable with living with me.",,,,,2
575,173,6,0,Shunto,participant,"But I think like, if I find anyone right.",,,,,2
576,173,7,0,Shunto,participant,"And if there's a necessity, I think I will.",,,,,2
607,183,0,0,Shunto,participant,I think I'm not 0.,,,,,2
639,196,1,0,Elda (Host),moderator,So I I think that also yeah plays a role like and the the cultural what you're saying.,Interpretation,True,False,False,2
652,196,14,0,Elda (Host),moderator,"It's so long it's getting, I think, used to be like LGBT.",Supplement,False,False,True,2
664,196,26,0,Elda (Host),moderator,It's I. I think it's quite conservative over there.,Supplement,True,False,False,2
673,201,0,0,Bryan Chen,participant,"It's legal, and I think people are very open about it.",,,,,2
675,201,2,0,Bryan Chen,participant,And then and I think it's not too much different.,,,,,2
679,201,6,0,Bryan Chen,participant,"I think it's become become more and more common, and they are also more and more aware there are more and more non binary.",,,,,2
681,201,8,0,Bryan Chen,participant,So yeah. I think it's kind of become a common thing here.,,,,,2
684,202,1,0,Elda (Host),moderator,"she had sorry I, I think it was he, he had green hair.",Interpretation,False,False,True,2
731,210,0,0,Elda (Host),moderator,And why do you think it's that?,Probing,True,False,False,2
732,210,1,0,Elda (Host),moderator,Why do you think?,Probing,True,False,False,2
760,219,0,0,Amy,participant,"Oh, I I think I can share one experience that because the the kind of society is so advanced here.",,,,,2
764,219,4,0,Amy,participant,"But I think this won't happen in Taiwan, or maybe other country.",,,,,2
817,241,8,0,renaaaa,participant,"So I I think these kind of things can be quite tricky, especially when between 2 girls sometimes.",,,,,2
836,245,9,0,Shunto,participant,"I think I'm kind of very liber, or, in other words, or very open, I have open stance about it.",,,,,2
857,248,1,0,Elda (Host),moderator,"So. That's more kind of when you say if you're living in Japan, or do you think that applies to even outside of Japan.",Probing,True,False,False,2
882,258,3,0,Elda (Host),moderator,"Just yeah. As a quick summary, I I think like overall today.",Supplement,True,True,False,2
887,258,8,0,Elda (Host),moderator,"Wise, I think we're we come from in a similar generation.",Interpretation,True,False,False,2
