Unnamed: 0,turn_index,sent_index,segment,speaker,role,text,dialogue_act,informational motive,coordinative motive,social motive,topic_cluster
7,2,5,0,Elda (Host),moderator,"How that changes over time, like comparing our generation and the past generation, and how?",Probing,True,False,False,1
11,2,9,0,Elda (Host),moderator,I don't. I don't even know where to start like you can think about how dating practice changes over time like before.,Supplement,True,False,False,1
12,2,10,0,Elda (Host),moderator,"It used to be like by family introduction or you know, friends introducing to friends.",Supplement,True,False,False,1
13,2,11,0,Elda (Host),moderator,"And now we have all these online platforms like dating apps or apps and apps, or like interest groups and places where people get together to meet.",Supplement,True,False,False,1
14,2,12,0,Elda (Host),moderator,And then something like that.,Supplement,True,False,False,1
16,2,14,0,Elda (Host),moderator,"Yeah. Just, for example, like expectation for how a boyfriend should be, or how girlfriend should be.",Supplement,True,False,False,1
20,2,18,0,Elda (Host),moderator,So who would like to to start.,Probing,True,True,False,1
21,3,0,0,Bryan Chen,participant,"So like, on what kind of perspective, or what angle should we start with.",,,,,1
22,4,0,0,Elda (Host),moderator,Just in in general like what you feel like.,Probing,False,False,True,1
25,4,3,0,Elda (Host),moderator,"if, from what I remember, like the most clearly compared to my parents, generation, and my generations, that they they don't really have a lot of opportunities to to meet people like either they they meet from, you know, their companies or their universities.",Supplement,True,False,False,1
33,4,11,0,Elda (Host),moderator,It's like a lot easier nowadays compared to the past.,Supplement,True,False,False,1
38,6,1,0,Elda (Host),moderator,"Like, when you have more choices, it's you always, you know.",Supplement,True,False,False,1
44,8,1,0,Elda (Host),moderator,Like when you select a partner like do you?,Probing,True,False,False,1
46,8,3,0,Elda (Host),moderator,"Oh, this this person is the soulmate like?",Probing,True,False,False,1
57,11,5,0,Bryan Chen,participant,But now everything become more kind of like self defined.,,,,,1
58,11,6,0,Bryan Chen,participant,"And people have, like different values.",,,,,1
60,11,8,0,Bryan Chen,participant,"but for me, even though now I pass 30 at the current stage, I don't feel like a very strong urge to like to have a marriage to be honest, cause some people they might be like, Okay, I almost 30.",,,,,1
62,11,10,0,Bryan Chen,participant,"It'll be like, Oh, I need to find someone to get to get married right.",,,,,1
64,11,12,0,Bryan Chen,participant,It's not like I'm against marriage.,,,,,1
68,11,16,0,Bryan Chen,participant,But like it's not like something I feel a must do thing like even I feel it should happen when it happened at the right time and also at the right place.,,,,,1
70,11,18,0,Bryan Chen,participant,"In the past, like what people looking for in the in marriage.",,,,,1
74,13,1,0,Elda (Host),moderator,"Age as before. Yeah, I I think in the in the past, like in my parents generation, people, you know, used to get married in their early twenties.",Supplement,True,False,False,1
82,18,0,0,Rui Xing,participant,Kind of like a blind date.,,,,,1
83,19,0,0,Elda (Host),moderator,"Yeah, like, matchmaking. Date.",Supplement,True,False,False,1
85,20,0,0,Bryan Chen,participant,"Yeah, because, like, at that time in that generation, all playing field is the urge to get married like after certain stage of life.",,,,,1
86,20,1,0,Bryan Chen,participant,"So, my mom. he she actually only met my dad like 2 times.",,,,,1
90,20,5,0,Bryan Chen,participant,"So after they became married, and then and then she just like he just go went out to.",,,,,1
103,28,0,0,Elda (Host),moderator,Did you ask her ever like why she married him?,Probing,True,False,False,1
110,30,2,0,Bryan Chen,participant,"So she does like always like sometimes regrete or sales nectics, and how their personality doesn't quite match.",,,,,1
121,33,4,0,Amy,participant,"Maybe like next second, you can just imagine another one.",,,,,1
123,34,0,0,Shunto,participant,"Oh, yeah, I I feel like we are looking for.",,,,,1
124,34,1,0,Shunto,participant,"Yeah, I feel like we are looking for more idea, ideal person.",,,,,1
125,34,2,0,Shunto,participant,"So like we we are looking for like we are, we are seeing high expectation in relationship compared to before.",,,,,1
126,34,3,0,Shunto,participant,"So, yeah, yeah, that's so like, in your world like we, we are not good at compromising, compromising about it.",,,,,1
127,34,4,0,Shunto,participant,"So. yeah, yeah, I mean, like, it's very good to seek for like ideal ideal situation.",,,,,1
131,35,1,0,Elda (Host),moderator,So they like.,Interpretation,True,False,False,1
135,38,0,0,Shunto,participant,"Yeah, so like we are looking for like a best best person like.",,,,,1
137,40,0,0,Shunto,participant,"She's like she. She's she's very beautiful, and she and much many money.",,,,,1
141,40,4,0,Shunto,participant,"So. But but I'm not sure like if it's really lead to reading to our happiness, because, like like other, Brian's example shows like.",,,,,1
142,40,5,0,Shunto,participant,"Maybe, like I looking for ideal situation.",,,,,1
143,40,6,0,Shunto,participant,"there is not always necessary like to be a good family like, because I think like, well, I I didn't.",,,,,1
159,49,1,0,Shunto,participant,A better person is like due to the existence of a social media platform.,,,,,1
160,49,2,0,Shunto,participant,"So in other words, like, we have more opportunities to show off like our partners, or maybe like the relationship relationship with the partners.",,,,,1
161,49,3,0,Shunto,participant,"So like we like, we we want to confirm, like we are happy by approved by approved by being approved by the others.",,,,,1
177,52,8,0,Elda (Host),moderator,Like in the current society.,Supplement,True,False,False,1
183,52,14,0,Elda (Host),moderator,Would you like to share.,Probing,True,False,False,1
192,57,1,0,Rui Xing,participant,"Yeah. So for me, I feel like, it's probably because the social productivity improvement.",,,,,1
196,57,5,0,Rui Xing,participant,"So I feel like people, will they?",,,,,1
197,57,6,0,Rui Xing,participant,They don't don't feel like it's a great of loss if I miss someone.,,,,,1
199,57,8,0,Rui Xing,participant,"And another thing, I feel like it's as you getting older.",,,,,1
201,57,10,0,Rui Xing,participant,"Like, Trento said. What is an ideal person for you?",,,,,1
215,59,3,0,Rui Xing,participant,Not many local people are looking for like.,,,,,1
218,60,0,0,Elda (Host),moderator,Interesting. But when do you do you see a mix of cultures like when people come in?,Probing,True,False,False,1
220,60,2,0,Elda (Host),moderator,"I want to ask this questions, because, you know, like you said, with an increase in ways of getting resources and knowledge of like different things, then we are becoming more and more open towards international marriages and.",Probing,True,False,False,1
221,60,3,0,Elda (Host),moderator,More open towards like people with different values.,Supplement,True,False,False,1
229,63,0,0,Rui Xing,participant,"More conservative. And even like it's you, you know, Dubai.",,,,,1
233,64,0,0,Elda (Host),moderator,"Do you see people marrying like different race ethnicities, or it's not so common.",Probing,True,False,False,1
236,66,1,0,Elda (Host),moderator,"Cause I know, like sorry you go.",All Utility,False,False,True,1
244,70,1,0,Elda (Host),moderator,"yeah, like, I'm I'm interesting.",Probing,True,False,False,1
245,70,2,0,Elda (Host),moderator,"I'm interested to hear like whether you you guys ever like talk about relationship with your parents or with your family, and if you ever get any advice from them.",Probing,True,False,False,1
262,77,5,0,renaaaa,participant,They're kind of like.,,,,,1
283,79,1,0,Elda (Host),moderator,"If I, I were, you, i would be like, thank you, dad, that's like, really good piece of advice, because my my family I I never talked about like any relationship matters with my family, and I think the only time my mom ever said anything to me was like she said it so gently, and I think it's because she didn't want to seem like stereotypical.",Supplement,False,False,True,1
287,79,5,0,Elda (Host),moderator,"but I remember so clearly that oh, my gosh, mom, that's like.",All Utility,False,False,True,1
289,79,7,0,Elda (Host),moderator,"Of course, back in a in a time like I understand where she's coming from.",Interpretation,False,False,True,1
290,79,8,0,Elda (Host),moderator,"But like back in the Times, it's it's so important like to find someone who like treats you nicely, and who gives you a stable family a good source of income.",Supplement,False,False,True,1
294,79,12,0,Elda (Host),moderator,"about Amy like. did you ever get any advice from your family, or it doesn't have to be parents.",Probing,True,False,False,1
299,80,3,0,Amy,participant,I feel like.,,,,,1
303,82,2,0,Amy,participant,"Yeah. So before, like when she watch her parents lay, you know.",,,,,1
310,83,1,0,Elda (Host),moderator,"Is is kind of an idea that your parents would like the impression that you receive from your own family, or it's kind of you get it from outside of your family.",Probing,True,False,False,1
313,83,4,0,Elda (Host),moderator,It's like like what we're talking about today.,Supplement,True,False,False,1
317,84,2,0,Amy,participant,"So if I ask myself if there's a you know, if there's kind of relationship or marriage I would like to have?",,,,,1
318,84,3,0,Amy,participant,"Probably not, I will probably find, would like to find somebody who's more calm, able to communication are like.",,,,,1
332,93,0,0,Amy,participant,Yeah. So I'm so curious about if how many people here like believe the soulmate like you have.,,,,,1
337,97,1,0,Amy,participant,Is there anyone or you feel like is not to find the.,,,,,1
341,101,0,0,renaaaa,participant,"Brave years, probably when I was like more younger, like maybe 3 or 4 years ago, I tend to believe oh, there's a definite one, and that's the one.",,,,,1
344,102,0,0,Elda (Host),moderator,It's like Santa Claus.,Interpretation,False,False,True,1
349,103,2,0,Rui Xing,participant,"If you treat it as a research question in optimization, I feel like I find the optimal all along.",,,,,1
352,103,5,0,Rui Xing,participant,"Yeah, I I felt like it's that thing.",,,,,1
355,103,8,0,Rui Xing,participant,I feel like it's that thing.,,,,,1
361,105,1,0,Shunto,participant,But I'm not sure like if we share the same definition.,,,,,1
363,105,3,0,Shunto,participant,"So no, not not only not not not limited to like the surface side of our mind, but maybe like in deep in deep side of our hearts.",,,,,1
365,105,5,0,Shunto,participant,"So maybe like we, we should have like some potential or some potential soul mates in our world.",,,,,1
366,105,6,0,Shunto,participant,"We may we? We may meet, or just one, or maybe like 2 or 3.",,,,,1
367,105,7,0,Shunto,participant,"I'm not sure, like how many you can.",,,,,1
370,105,10,0,Shunto,participant,"I should definitely have, like some people like like you mean, like, share share some pointers in the deep mind.",,,,,1
375,108,0,0,Elda (Host),moderator,Like a few.,Probing,True,False,False,1
382,113,1,0,Shunto,participant,"And no, no, but but I think like let's say like I I have.",,,,,1
383,113,2,0,Shunto,participant,"I I have a 1, 3, 1 person like who who seems right to me.",,,,,1
384,113,3,0,Shunto,participant,"But the person is is not int and does not intend to like have a relationship with me like, I okay, I I think I need to say it about like he, he just want to stay stay stay as friends.",,,,,1
385,113,4,0,Shunto,participant,So. Yeah. And we we acknowledge that we share like same values in many aspects in our hearts.,,,,,1
387,113,6,0,Shunto,participant,It's not of the right form to have a relationship like in our case.,,,,,1
388,113,7,0,Shunto,participant,"So. But I think, like we, I still have a chance to have like Passover food things like who seems to write in the same degree.",,,,,1
389,113,8,0,Shunto,participant,"So that's why I think, like I have like some soulmates in our world.",,,,,1
390,114,0,0,Elda (Host),moderator,"Right? Well, thank you for sharing, because I I think that also brings up a good point about the the forms of a relationship, the forms of romance like it's no longer only one type like this.",Supplement,True,False,True,1
392,114,2,0,Elda (Host),moderator,This like open relationship.,Supplement,True,False,False,1
393,114,3,0,Elda (Host),moderator,"There's like, what do you?",Probing,True,False,False,1
394,114,4,0,Elda (Host),moderator,What do you call those like random ones like?,Probing,True,False,False,1
395,114,5,0,Elda (Host),moderator,You're publicly like a couple.,Supplement,True,False,False,1
396,114,6,0,Elda (Host),moderator,"But you are like also you're welcome to to have other partners, and like.",Supplement,True,False,False,1
402,118,1,0,Elda (Host),moderator,"Yeah. Are there any kinds of like a relationship that kind of resonates with what you what what your value holds like I mean, I I know it's kind of personal questions, so you don't have to like answer if you if you don't want to.",Probing,True,False,True,1
403,118,2,0,Elda (Host),moderator,"But I'm just wondering if anyone here deliberately has this, like strong ideal, to step out of the traditional kind of rude for towards relationship like.",Probing,True,False,False,1
404,118,3,0,Elda (Host),moderator,"say, if you don't like.",Probing,True,False,True,1
405,118,4,0,Elda (Host),moderator,"I never, for example, like Oh, my!",Supplement,True,False,False,1
406,118,5,0,Elda (Host),moderator,"I never want to get married or say I will never live with my partner, even though we are married, you know something like that.",Probing,True,False,True,1
423,122,0,0,Elda (Host),moderator,"Yeah, it's like a contract.",Interpretation,True,False,False,1
428,122,5,0,Elda (Host),moderator,"She's like, happily with married with her husband, but they are like openly.",Supplement,True,False,False,1
430,122,7,0,Elda (Host),moderator,"They they own their own like they they own their house separately, too.",Supplement,True,False,False,1
431,122,8,0,Elda (Host),moderator,"so the they only meet, say, like once a month, or like couple of times a month.",Supplement,True,False,False,1
436,122,13,0,Elda (Host),moderator,"So it's kind of like and a kind of a long along the on the similar kind of idea of like not setting up a contract, but like a different agreement towards relationship yeah.",Interpretation,True,False,False,1
438,122,15,0,Elda (Host),moderator,do do you have like any expectations towards your husband like.,Probing,True,False,False,1
439,122,16,0,Elda (Host),moderator,"Say for your partner like, do you expect them to to share like I don't know.",Probing,True,False,False,1
440,122,17,0,Elda (Host),moderator,"Housework for you like anything that that's like compared to to your your parents generation like, is there something that you're expecting?",Probing,True,False,False,1
449,127,0,0,Bryan Chen,participant,"No very clear expectation, like expecting someone to cook or someone to make food.",,,,,1
457,132,1,0,Elda (Host),moderator,Who here has ever lived with someone like with your partner together and had the experience of like having to sort out who does what kind of situation.,Probing,True,False,False,1
458,132,2,0,Elda (Host),moderator,or it's mostly like living singly.,Probing,True,False,False,1
460,134,0,0,Elda (Host),moderator,"Because I know, Brian, you are like sharing your apartment with you.",Supplement,True,False,False,1
463,136,0,0,Elda (Host),moderator,So that's that's kind of like he'll love you.,Interpretation,False,False,True,1
468,141,0,0,Elda (Host),moderator,Do you? Do you like share the responsibilities like?,Probing,True,False,False,1
470,142,0,0,Bryan Chen,participant,"I seem like we probably will do, because I feel like for my apartment.",,,,,1
471,142,1,0,Bryan Chen,participant,"We we do like, you know, 4 nightly cleaning, and so just rotate right?",,,,,1
472,142,2,0,Bryan Chen,participant,"But I guess, like people have what a good eye and what they're not good at.",,,,,1
483,143,1,0,Amy,participant,"If I if I see some like guys let put they are good at cooking, or they love cooking on the profile, and I was swipe right like less from me if somebody can cook and willing to cook.",,,,,1
493,145,7,0,Amy,participant,"So they have, like a good combination of my dad cook.",,,,,1
500,148,0,0,Elda (Host),moderator,"yeah, absolutely. I feel like even just showing the willingness to to do or share housework can be applause.",Supplement,False,False,True,1
502,148,2,0,Elda (Host),moderator,Like I don't know if you're like your relationship status.,Probing,True,False,False,1
503,148,3,0,Elda (Host),moderator,"But like, what if someone told you?",Confronting,True,False,False,1
516,150,1,0,Elda (Host),moderator,"Like, you know, when like what you said, like what brian said about like someone is better at something, and someone is not so good at something.",Interpretation,True,False,False,1
517,150,2,0,Elda (Host),moderator,"And you know, when it comes to cooking, and, like little, you know, managing the little spices and like seasonings and things in the kitchen, you know, in a lot of cases.",Supplement,True,False,False,1
521,150,6,0,Elda (Host),moderator,I feel but like like what Ray said.,Interpretation,True,False,False,1
537,160,0,0,Elda (Host),moderator,I thought I could like avoid this question because I'm the host.,Supplement,False,False,True,1
538,160,1,0,Elda (Host),moderator,"But anyway, i can i can answer, i feel like, I kind of had to drop a lot of my expectations like.",Supplement,True,False,True,1
543,162,2,0,Elda (Host),moderator,"Like, if you like, Rena said.",Interpretation,True,False,False,1
548,162,7,0,Elda (Host),moderator,But I I do feel do find myself being the one who has to like.,Supplement,True,False,True,1
550,162,9,0,Elda (Host),moderator,Clean the house like I'm the one taking initiative.,Supplement,False,False,True,1
552,162,11,0,Elda (Host),moderator,I'm not gonna like force on him.,Supplement,False,False,True,1
569,173,0,0,Shunto,participant,It's about like showing the responsibility in the same house.,,,,,1
572,173,3,0,Shunto,participant,I'm I'm bad at like tidying up my room or cooking.,,,,,1
573,173,4,0,Shunto,participant,"So I definitely like, I I definitely need to learn a lot.",,,,,1
577,173,8,0,Shunto,participant,"I will do my best to improve my habit before like sharing room, so that I he he may not be, so uncomfortable living with me.",,,,,1
582,176,0,0,Elda (Host),moderator,"Yeah, I I yeah, I I feel like there's a lot to learn like when when the the roles of the gender roles have become more blurred and current society, you know.",Supplement,True,False,False,1
583,176,1,0,Elda (Host),moderator,"Wife is no longer expected to cook all the time, like.",Supplement,True,False,False,1
585,176,3,0,Elda (Host),moderator,"Then you're like. you know, awesome.",Supplement,False,False,True,1
586,176,4,0,Elda (Host),moderator,You're like amazing wife.,Supplement,False,False,True,1
588,176,6,0,Elda (Host),moderator,It's like a skill.,Supplement,True,False,False,1
589,176,7,0,Elda (Host),moderator,"Now it's it's not like must skill, but it's kind of like additional skill.",Supplement,True,False,False,1
590,176,8,0,Elda (Host),moderator,"But I do feel I I do feel it's like kind of cool in in the Japanese school, where like to some level as as far as what I see at school, they still try to teach everyone boys and girls like they're really basic not survival, but like family skills.",Supplement,True,False,True,1
591,176,9,0,Elda (Host),moderator,Like everyone needs to learn how to make miso soup.,Supplement,True,False,False,1
596,179,0,0,Shunto,participant,"Yeah, we we learn some cooking skills during our like elementary.",,,,,1
597,179,1,0,Shunto,participant,"I know primary school, like like the school before Junior high school.",,,,,1
600,179,4,0,Shunto,participant,"But like, basically, it's just like a once a week or something like that, and I don't think like it's gonna be very much much helpful to us.",,,,,1
603,180,0,0,Elda (Host),moderator,Right. but at least they planted the idea of like how to cook rice.,Supplement,True,False,False,1
604,180,1,0,Elda (Host),moderator,"You put in water and like, Okay.",Supplement,True,False,False,1
610,186,0,0,Elda (Host),moderator,"I just I just find it amazing how like, you know, they put it in in the education system and tries to like teach everyone the same thing, regardless of your gender.",Supplement,True,False,False,1
611,186,1,0,Elda (Host),moderator,"Yeah. Whereas in like Western culture, it's normally like, you know, home technology, what do you call it?",Supplement,True,False,False,1
612,186,2,0,Elda (Host),moderator,Like? Home science is like what you take as an option.,Supplement,True,False,False,1
614,187,0,0,Amy,participant,"I think I can share something like really interesting that I don't mind if this is my like, a dating experience share to you guys, we I met a guy.",,,,,1
617,187,3,0,Amy,participant,We only text to each other like through online.,,,,,1
621,189,0,0,Amy,participant,"Yeah, Brad, like.",,,,,1
623,191,0,0,Amy,participant,"Yes, like a homemade of bread, but he's still muscular.",,,,,1
625,193,0,0,Amy,participant,"Like. So I feel like, Wow, that's an excellent like a talent, because I think England nor their country they are.",,,,,1
626,193,1,0,Amy,participant,The course is always like I don't know how to say like a fair.,,,,,1
628,193,3,0,Amy,participant,They can make bread like and do lots of housework for support of family.,,,,,1
632,194,0,0,Elda (Host),moderator,"yeah, cultural difference definitely like expectation also plays a role.",Supplement,True,False,False,1
633,194,1,0,Elda (Host),moderator,"I I've heard that, like Italian men in general, I know it's another like steroid stereotype italian men in general are pretty good at cooking.",Supplement,True,False,False,1
640,196,2,0,Elda (Host),moderator,"Okay, we are like, kind of towards the end of the time.",Supplement,False,True,False,1
656,196,18,0,Elda (Host),moderator,So do you have you ever seen any cases like around you.,Probing,True,False,False,1
660,196,22,0,Elda (Host),moderator,"Like sexuality? But there's also a a growing yeah, like people.",Supplement,True,False,False,1
674,201,1,0,Bryan Chen,participant,"I just like, I guess, like in my lighter like 2 or 3 couples that I know.",,,,,1
676,201,3,0,Bryan Chen,participant,"I mean, like we just friends.",,,,,1
677,201,4,0,Bryan Chen,participant,"And so I mean they they do their own thing, I mean, like, it's pretty pretty much like beside the fact that they are Lgbtq Guru, I think the results in our interaction is.",,,,,1
685,202,2,0,Elda (Host),moderator,but he was like kind of short.,Supplement,False,False,True,1
686,202,3,0,Elda (Host),moderator,So I I kind of like he kind of stood out in the classroom the whole time.,Supplement,False,False,True,1
687,202,4,0,Elda (Host),moderator,And it was like at this point when we're on the field trip.,Supplement,False,False,False,1
688,202,5,0,Elda (Host),moderator,"and I heard him like talking with another person about their marriage, like they booked a vineyard.",Supplement,False,False,True,1
689,202,6,0,Elda (Host),moderator,"And, you know, wanting to get married and stuff like that.",Supplement,False,False,True,1
691,202,8,0,Elda (Host),moderator,"Yeah, only was then did I know that she well, he was a transgender like he used to be a female.",Supplement,True,False,True,1
692,202,9,0,Elda (Host),moderator,but had no idea like it was hidden.,Interpretation,False,False,True,1
695,202,12,0,Elda (Host),moderator,It was just so naturally like he was there.,Supplement,False,False,True,1
705,202,22,0,Elda (Host),moderator,Do you see a lot of like public.,Probing,True,False,False,1
711,203,5,0,Amy,participant,"Plus any person like any anyone like, no matter what what gender they are.",,,,,1
714,203,8,0,Amy,participant,"They're not just common or normal, like like everybody says so.",,,,,1
716,203,10,0,Amy,participant,Maybe because the city I'm staying here is like super is Code Lgbtq.,,,,,1
717,203,11,0,Amy,participant,"Like town, the most welcome town.",,,,,1
721,205,1,0,Amy,participant,"They hold their hand on the street, and we also have, like Lgbtq Cafe for a.",,,,,1
727,209,2,0,Amy,participant,"So here is like, yeah, and you can just so easy to see.",,,,,1
734,210,3,0,Elda (Host),moderator,"community, like. Not other places?",Probing,True,False,False,1
735,210,4,0,Elda (Host),moderator,Is there particular like?,Probing,True,False,False,1
740,211,3,0,Amy,participant,If you have more people like they are not.,,,,,1
741,211,4,0,Amy,participant,"They are more like outsider, and then they were less well.",,,,,1
753,214,2,0,Bryan Chen,participant,So it's like there's like a specific suburb that LGBT people they tend to kind of aggregate together in a forming like a community.,,,,,1
776,224,1,0,Elda (Host),moderator,"So as Japan is getting more and more like aware of Lgbtq, and you know, gender equality and things like that they talked about.",Supplement,True,False,False,1
777,224,2,0,Elda (Host),moderator,"Oh, why don't we have this genderless toilet like like you suggested, so we don't discriminate these people.",Probing,True,False,False,1
785,230,1,0,Elda (Host),moderator,"It's like, how can you determine with whether someone is Lgbtq?",Probing,True,False,False,1
796,234,0,0,Elda (Host),moderator,"True. When both are like full, then you have no choice.",Supplement,True,False,False,1
797,235,0,0,Bryan Chen,participant,Yeah. right. It's like sometime I use a disability toilet.,,,,,1
803,238,0,0,Elda (Host),moderator,"Yeah. just walk in and pretend you like, broke your leg or something.",Supplement,False,False,True,1
805,239,0,0,Bryan Chen,participant,And you can like you can like walk in with a with a broken leg.,,,,,1
809,241,0,0,renaaaa,participant,"Yeah, actually, it's kind of like a very personal experience, because I'm Aqua Street.",,,,,1
813,241,4,0,renaaaa,participant,"We try to maintain not a love relationship, but more like a friendship for?",,,,,1
816,241,7,0,renaaaa,participant,"Step further, and not like a friendship, but more like a love of relationship.",,,,,1
821,242,1,0,Elda (Host),moderator,"You just want to keep it like to yourself, like, keep in the closet.",Interpretation,True,False,True,1
828,245,1,0,Shunto,participant,"As I said, I'm gay and but I know some like some specific case about, especially like G. And B.",,,,,1
829,245,2,0,Shunto,participant,"And I. I don't know about the like here, and anything else, because i i i don't even know like how to make meet with them with them, actually.",,,,,1
831,245,4,0,Shunto,participant,"Okay, let let me like specify about like the family family relationship about it.",,,,,1
832,245,5,0,Shunto,participant,"So like Well, my stuff is my stance about like coming out is like this.",,,,,1
833,245,6,0,Shunto,participant,"So if I if I need to say it I will say it, or maybe if he of if my friend is very close, I may say it like by by the water, like it's necessary, like I I don't mean, like I need to talk about the relationship, or maybe, like I want to.",,,,,1
837,245,10,0,Shunto,participant,"But meanwhile, like I don't.",,,,,1
840,245,13,0,Shunto,participant,"So, for example, if you say like, you're gay to your parents like it, it will lead various outcomes.",,,,,1
842,245,15,0,Shunto,participant,"Like it. May. it may eventually be a better, better bond, better family bond in some cases like it may make awkward, awkward, awkward at an atmosphere in the others like it may, it may just destroy the family relationship of them.",,,,,1
843,245,16,0,Shunto,participant,"So like like it can lead like unrevertible unrevertible, unreversible consequence.",,,,,1
845,245,18,0,Shunto,participant,"And if I talk about like the company I I still don't care to say, because, like I'm I'm working for like a German company.",,,,,1
849,247,1,0,Shunto,participant,"But if if he's working for like a Japanese traditional company, he may, he may not comfortable.",,,,,1
850,247,2,0,Shunto,participant,"It may be he may not be comfortable with saying it, because it may even can affect the promotion his promotion so like like, if you want to get a rate on the promotion effectively, maybe it's a very wise, wise tactic to get married with someone, so that you may be acknowledged in the company.",,,,,1
859,249,1,0,Shunto,participant,"So like, yeah. So although I know, like in the Western Company, like, sorry in the Western countries like it's it's sometimes recommended to be to be to be open.",,,,,1
862,249,4,0,Shunto,participant,"Can. It can lead like a severe damage to like, you know, like your community, or maybe like to your family relationship.",,,,,1
865,249,7,0,Shunto,participant,"But I think I might be wrong, because, maybe, like I know, some people are very open about very open about it in the western.",,,,,1
886,258,7,0,Elda (Host),moderator,"We are in the similar generation, like age.",Supplement,False,False,True,1
