Unnamed: 0,turn_index,sent_index,segment,speaker,role,text,dialogue_act,informational motive,coordinative motive,social motive,topic_cluster
13,0,13,0,Bryan Chen,moderator,"Yeah. So who want to go first.st John, do you wanna Johnson?",Instruction,False,True,False,3
35,3,9,0,Johnson,participant,"So yeah, I mean, that is what I value.",,,,,3
38,4,0,0,Bryan Chen,moderator,"Sure. Yeah, what do you?",Probing,True,False,False,3
50,5,7,0,Johnson,participant,"Yeah. maybe I'd say, trust, yeah.",,,,,3
69,11,0,0,Evan,participant,"Yeah, yeah. And they are good answers.",,,,,3
93,11,24,0,Evan,participant,"Yes, that's my yeah, that's my.",,,,,3
95,13,0,0,Evan,participant,"Yeah, yeah.",,,,,3
102,15,0,0,Evan,participant,"Yeah, this is a tip.",,,,,3
104,16,0,0,Bryan Chen,moderator,"Oh, sorry. Yeah. Yeah.",All Utility,False,False,True,3
107,18,0,0,Bryan Chen,moderator,"Yeah, you. At first, st I can go, yeah.",All Utility,False,False,True,3
112,19,4,0,Jane,participant,My boyfriend. Yeah.,,,,,3
113,20,0,0,Bryan Chen,moderator,"Yeah, I think I totally agree.",Supplement,True,False,True,3
120,21,0,0,Felicia,participant,"Yeah, I would say about the one of the biggest fix.",,,,,3
129,27,0,0,Felicia,participant,Yeah. Cause. Because maybe.,,,,,3
141,30,0,0,Bryan Chen,moderator,Okay. True. Yeah. I guess.,All Utility,False,False,True,3
153,32,0,0,Bryan Chen,moderator,"Yeah, yeah, I guess, like, now, the kind of the the society changed because I I guess, like in the earlier age.",Supplement,True,False,False,3
161,32,8,0,Bryan Chen,moderator,Yeah. So I guess we can move on to the next questions.,Instruction,False,True,False,3
191,35,6,0,Jane,participant,Yeah.,,,,,3
195,37,0,0,Felicia,participant,"Yeah, I totally agree with.",,,,,3
230,43,16,0,Johnson,participant,Yeah.,,,,,3
244,44,13,0,Bryan Chen,moderator,Yeah. But anyone want to anyone else want to share on these questions?,Probing,True,False,False,3
246,45,0,0,Urania,participant,Yeah.,,,,,3
253,47,5,0,Urania,participant,Yeah. But I think there's still a lack of some education from them.,,,,,3
266,47,18,0,Urania,participant,"Madon. So, yeah. And.",,,,,3
267,48,0,0,Bryan Chen,moderator,"Yeah, I agree with you a lot, because I I feel sometimes I also have a similar experience.",Supplement,True,False,True,3
273,48,6,0,Bryan Chen,moderator,"Yeah, thank you a lot for that.",All Utility,False,False,True,3
305,50,5,0,Bryan Chen,moderator,"Okay, yeah. I think I kind of agree as well.",Supplement,False,False,True,3
318,51,10,0,Evan,participant,"Yeah, yeah. And.",,,,,3
320,52,1,0,Bryan Chen,moderator,"Yeah, I understand. Yeah.",All Utility,False,False,True,3
321,53,0,0,Evan,participant,"Yeah, yeah, yeah. And others reasons.",,,,,3
328,53,7,0,Evan,participant,"So yeah, this is myself.",,,,,3
342,55,0,0,Urania,participant,"Yeah, I have a little different.",,,,,3
346,57,2,0,Urania,participant,Yeah. Cause the use of social media.,,,,,3
365,58,6,0,Bryan Chen,moderator,"I guess. Yeah, cool.",All Utility,False,False,True,3
366,58,7,0,Bryan Chen,moderator,"I think, yeah, anything else you would like to say.",Probing,True,False,False,3
367,58,8,0,Bryan Chen,moderator,"okay, yeah, I think that's very interesting discussion.",Supplement,False,False,True,3
396,63,0,0,Johnson,participant,"Oh, yeah.",,,,,3
397,64,0,0,Bryan Chen,moderator,"Adding to male female, Yeah.",Supplement,True,False,False,3
409,65,11,0,Johnson,participant,Yeah.,,,,,3
410,66,0,0,Bryan Chen,moderator,"Yeah, okay, that's fair enough.",Supplement,False,False,True,3
426,66,16,0,Bryan Chen,moderator,"Yeah. Jen, do you think?",Probing,True,False,False,3
438,69,0,0,Jane,participant,"Yeah. I think. Yeah, I think it's the same.",,,,,3
466,74,4,0,Bryan Chen,moderator,"Yeah, okay, now, we have our last questions.",Instruction,False,True,False,3
477,74,15,0,Bryan Chen,moderator,"Yeah, they just become very, very more common, and they are very friendly, and we are anyone else.",Interpretation,False,False,True,3
481,76,0,0,Bryan Chen,moderator,Yeah. Johnson. Sorry.,All Utility,False,False,True,3
482,77,0,0,Johnson,participant,"Yeah, no worries. Well, okay.",,,,,3
503,79,17,0,Johnson,participant,"So, yeah, that's my opinion.",,,,,3
522,81,1,0,Evan,participant,"Yeah. Yeah. And I think, because this is the the group is being used as a politic weapon or other things, and it I think it's to research them it cannot help.",,,,,3
536,85,5,0,Urania,participant,Yeah.,,,,,3
