Unnamed: 0,turn_index,sent_index,segment,speaker,role,text,topic_cluster
0,0,0,0,SPK_1,participant,"Okay, let's start.",4
1,1,0,0,SPK_3,participant,I will talk about the first question first.,4
5,1,4,0,SPK_3,participant,"So they want some people accompany them so they will find some girlfriend, boyfriend, and they like even never consider about the marriage.",4
7,2,0,0,SPK_4,participant,I totally agree with you.,4
8,2,1,0,SPK_4,participant,"Maybe for older generations, you'd usually meet someone through friends or family, maybe at a party or something.",4
9,2,2,0,SPK_4,participant,People just work to meet others.,4
10,2,3,0,SPK_4,participant,Also the expectations have shifted.,4
12,2,5,0,SPK_4,participant,So it's pretty much similar.,4
13,3,0,0,SPK_5,participant,"Hello, this is Yan Li.",4
16,3,3,0,SPK_5,participant,So I was born in 1990s.,4
21,4,1,0,SPK_2,participant,The meaning of love is shattered across generation.,4
22,4,2,0,SPK_2,participant,And nowadays the word romance is actually imported.,4
23,4,3,0,SPK_2,participant,It's not so tightly related to moral morality.,4
32,6,1,0,SPK_2,participant,"If you meet a guy and you make mutual responsibility, you have a mutual responsibility that is called serious.",4
33,6,2,0,SPK_2,participant,This is not serious.,4
35,6,4,0,SPK_2,participant,We now have the mass media where people are having this separation between each group.,4
36,6,5,0,SPK_2,participant,But nowadays this is not popular.,4
37,6,6,0,SPK_2,participant,And it is very hard for people to have the so called deep tone with each other.,4
38,7,0,0,SPK_3,participant,Social tone.,4
40,9,0,0,SPK_2,participant,One more time.,4
42,11,0,0,SPK_2,participant,"I saw, I messed up.",4
45,13,0,0,SPK_2,participant,"But online relationships are inherently different from offline, because the only interaction you have is talk.",4
46,13,1,0,SPK_2,participant,"Once you delete someone on web chat, that guy disappear.",4
47,14,0,0,SPK_5,participant,I think for this kind of software has increased the speed of our networking and to establishing a relationship.,4
48,14,1,0,SPK_5,participant,Or shortcomings because we.,4
50,14,3,0,SPK_5,participant,"But online, if you see someone post some beautiful pictures and you can message him or her, and then it's very quickly to establish a relationship.",4
51,14,4,0,SPK_5,participant,"For example, you cannot identify whether the people is good or not, or whether he or she is suitable for you or not, because only from the pictures or the videos they posted on social media.",4
60,17,2,0,SPK_2,participant,Ideal relationship happens naturally off campus people.,4
61,17,3,0,SPK_2,participant,This is what people used to do.,4
62,17,4,0,SPK_2,participant,"Find someone to talk with me or her and with a strong goal of if you guys can be a partner or not, if you share the same value or not.",4
63,17,5,0,SPK_2,participant,This is not how people should be engaged with each other.,4
64,18,0,0,SPK_5,participant,"And. Yeah, I agree with you in terms of building a serious relationship, like for your boyfriend or girlfriend or your future wife or husband.",4
66,18,2,0,SPK_5,participant,"Although. But during this process, I think I can find out, like, what kind of people are simple for me, what kind of qualities I prefer.",4
69,18,5,0,SPK_5,participant,"And among the big data, then I can finalize what kind of qualities or what kind of styles of people I like.",4
71,18,7,0,SPK_5,participant,I.,4
72,19,0,0,SPK_4,participant,"Yeah, but you need to identify which one is good, which one is bad.",4
73,19,1,0,SPK_4,participant,Right.,4
79,22,1,0,SPK_5,participant,"Like some, some people are very polite and and some boys or girls also graduate or studying at Unimap.",4
91,24,1,0,SPK_2,participant,So why does he become your ex boyfriend if you're willing to share?,4
92,25,0,0,SPK_3,participant,"Actually when my friend asked me where you meet your ex boyfriend, I usually said we meet in the university because our university is quite close.",4
93,25,1,0,SPK_3,participant,Lots of people can't receive this message.,4
94,25,2,0,SPK_3,participant,Is your boyfriend a nice guy?,4
95,25,3,0,SPK_3,participant,His is his relationship is very how to say that?,4
99,25,7,0,SPK_3,participant,So in data app you can select that find some people have the university id.,4
101,26,1,0,SPK_4,participant,Not to find serious relationships.,4
103,27,1,0,SPK_2,participant,So that's why I got this stereotype.,4
111,30,1,0,SPK_3,participant,Find. And maybe you can select.,4
115,31,0,0,SPK_2,participant,"Every platform, except it's about how people use it.",4
116,31,1,0,SPK_2,participant,I've got so many guys talk with me.,4
120,33,2,0,SPK_4,participant,"I'm not, not sure about it.",4
126,37,0,0,SPK_2,participant,"It's just like all these digital platforms, they have the same function of making connection between people who don't know each other.",4
128,37,2,0,SPK_2,participant,We just need an excuse.,4
129,37,3,0,SPK_2,participant,And that is why all different types of digital platforms become data nets.,4
130,38,0,0,SPK_3,participant,"I went to USA for exchange study and I have like lots of chinese friends, they always study in the USA.",4
132,38,2,0,SPK_3,participant,"It's very, very hard to meet new girls.",4
138,39,4,0,SPK_5,participant,Will that be a.,4
139,40,0,0,SPK_2,participant,Question will re emerge when we had.,4
141,41,1,0,SPK_3,participant,What method you meet.,4
142,42,0,0,SPK_4,participant,"Not in real life, you can.",4
143,42,1,0,SPK_4,participant,Bad person.,4
145,44,0,0,SPK_4,participant,So if.,4
147,46,0,0,SPK_5,participant,"Okay. Okay, I got it.",4
148,47,0,0,SPK_4,participant,The last question.,4
150,49,0,0,SPK_5,participant,What do you experience?,4
156,51,1,0,SPK_5,participant,"Listen to their opinions or their experience, their feelings about their relationship.",4
158,51,3,0,SPK_5,participant,"And I found that another challenge for them is to keeping their relationship lifelong, to be honest, to be loyalty to their partners.",4
163,54,0,0,SPK_3,participant,You guys.,4
164,55,0,0,SPK_2,participant,What do you feel about.,4
167,56,0,0,SPK_5,participant,Yep.,4
168,57,0,0,SPK_2,participant,"Are you heterosexual, by the way?",4
170,58,1,0,SPK_5,participant,But. I. They share their life.,4
171,58,2,0,SPK_5,participant,So I inform their short videos.,4
173,58,4,0,SPK_5,participant,"We are still young enough, and they have.",4
177,59,0,0,SPK_2,participant,"Yeah. They haven't reached the station of marriage, the stage of marriage.",4
179,59,2,0,SPK_2,participant,"I don't know. I mean, they are more caring and more compassionate of a lot of social issues, also sexual issues that I have never noticed about.",4
180,60,0,0,SPK_5,participant,"Yeah. They are very careful about social issues, and they are very creative.",4
182,61,0,0,SPK_2,participant,And they are always cool people.,4
185,64,0,0,SPK_1,participant,Okay. Okay. Yes. It's very flexible.,4
187,65,0,0,SPK_2,participant,Have you got enough data?,4
188,66,0,0,SPK_1,participant,Thank you very much.,4
189,66,1,0,SPK_1,participant,That was also very interesting to hear the conversation as well.,4
190,66,2,0,SPK_1,participant,Thank you.,4
191,67,0,0,SPK_2,participant,Thank you.,4
192,68,0,0,SPK_5,participant,Bye bye.,4
