Unnamed: 0,turn_index,sent_index,segment,speaker,role,text,topic_cluster
6,1,5,0,SPK_3,participant,"Yeah, hi.",2
41,10,0,0,SPK_4,participant,Yeah. Every relationship may start from friendship.,2
74,20,0,0,SPK_3,participant,"Yeah, that's also what I want to say.",2
117,32,0,0,SPK_3,participant,Yeah.,2
124,35,0,0,SPK_3,participant,"Yeah, I agree with you.",2
125,36,0,0,SPK_4,participant,"Yeah, I got it.",2
134,39,0,0,SPK_5,participant,"Yeah. Yeah, I agree with you to this point.",2
135,39,1,0,SPK_5,participant,"Yeah, although I keep.",2
144,43,0,0,SPK_3,participant,Yeah.,2
149,48,0,0,SPK_3,participant,"Oh, yeah, yeah.",2
159,51,4,0,SPK_5,participant,Yeah. Yeah.,2
161,53,0,0,SPK_5,participant,Yeah. That's another two challenges.,2
166,55,2,0,SPK_2,participant,Yeah.,2
181,60,1,0,SPK_5,participant,"Yeah, I think it's always very.",2
183,62,0,0,SPK_5,participant,Yeah.,2
184,63,0,0,SPK_2,participant,Yeah. I thought it was already about 40 minutes.,2
186,64,1,0,SPK_1,participant,Yeah. Okay.,2
