Unnamed: 0,turn_index,sent_index,segment,speaker,role,text,topic_cluster
4,1,3,0,SPK_3,participant,And they just want to make a family.,1
14,3,1,0,SPK_5,participant,"At some other opinions, I would like to compare three generations about the dating culture and for my parents.",1
18,3,5,0,SPK_5,participant,"But I know for some younger students, younger than me, like who were born after 2020, like my younger sisters, my younger brothers, they use more, they prefer to use dating apps.",1
19,3,6,0,SPK_5,participant,Maybe just make new friends or just for fun.,1
24,4,4,0,SPK_2,participant,"But it is interesting that you guys mentioned about the dating app, why dating app has become increasingly important in forming a formal relationship.",1
26,5,1,0,SPK_3,participant,She just want to date seriously.,1
30,5,5,0,SPK_3,participant,"But for us, we just think we just want to make friends and meet lots of people.",1
39,8,0,0,SPK_4,participant,"I think it didn't change because we use dating apps or social media to meet new friends because we want us, because it didn't mean we don't like relationship, don't take it not seriously because I think every relationship couple, they may start from friendship.",1
49,14,2,0,SPK_5,participant,"Broaden our. For example, in your real life, if you want to meet new person, we need more time to, uh, ask maybe one by one, my friends, her friends to me, and then we make a connection that's a little.",1
52,14,5,0,SPK_5,participant,Social media and dating apps.,1
53,15,0,0,SPK_2,participant,Do you guys all support or not support for dating app?,1
54,16,0,0,SPK_5,participant,I think I partially support the dating apps.,1
55,16,1,0,SPK_5,participant,I know there are some changes or shortcomings or negative things when using the dating apps.,1
56,16,2,0,SPK_5,participant,"So it depends on how you use them, how you can identify whether people is good or not, whether it's safe or risky to make a connection with someone or not.",1
57,16,3,0,SPK_5,participant,"So for me, I partially support the dating apps.",1
59,17,1,0,SPK_2,participant,"Of the time you have a strong objection when you're using date app, you want to find a partner, right?",1
65,18,1,0,SPK_5,participant,"For me, I would share my opinion that if I use dating apps, I use it as a way to widen.",1
68,18,4,0,SPK_5,participant,I use the dating app to reach out to access more people than I can meet in my life.,1
70,18,6,0,SPK_5,participant,"From this perspective, I think dating apps is useful.",1
75,20,1,0,SPK_3,participant,Yeah. So I can understand why parents think it is better to make friends just with your classmates or introduce from your friends or their colleagues.,1
78,22,0,0,SPK_5,participant,Some of them use dating apps like just handout not aim to establish romantic relationship.,1
81,23,0,0,SPK_3,participant,We know each other from the dating app and I think like dating app just a method to help you know someone new.,1
85,23,4,0,SPK_3,participant,I also have some other experience just meet the dating apps guy and I think someone is very curious.,1
90,24,0,0,SPK_2,participant,"It's so surprising to know that dating app really works and yeah, it might work for some people.",1
100,26,0,0,SPK_4,participant,"Yeah, most of us have a stereotype to dating apps because we think most people use dating apps just to meet new friends to, in other words to.",1
102,27,0,0,SPK_2,participant,"Like me, I have too many assumptions about dating app because I'm not too familiar with allergy.",1
107,28,2,0,SPK_3,participant,So when I come to come to Australia like the first year because I don't have lots of friends.,1
108,28,3,0,SPK_3,participant,"And I just post in small red book like I want to find someone to make friends and is there someone can travel with me to Sydney and there are some students said oh yeah, we can make friends and I just go to have a dinner with them and find some nice girls to travel with me.",1
109,29,0,0,SPK_4,participant,"Yeah, social media helps us a lot to make friends but I think it's social media not dating apps to make friends.",1
110,30,0,0,SPK_3,participant,But dating app now also have some selection like you can.,1
113,30,3,0,SPK_3,participant,"Like they don't wanna have relationship, they just wanna make friends.",1
114,30,4,0,SPK_3,participant,"Like, I just wanna make fun, just wanna meet new people.",1
118,33,0,0,SPK_4,participant,Want to make friends in dating apps.,1
119,33,1,0,SPK_4,participant,"Maybe they want make friends at first, but look for deeper relationship.",1
123,34,2,0,SPK_5,participant,So dating app maybe is not.,1
127,37,1,0,SPK_2,participant,"It's a little bit like in the past when we want to make connection with someone, we say, for example, we came from the same region and we went to the same university.",1
131,38,1,0,SPK_3,participant,And why they need use dating app is in California.,1
136,39,2,0,SPK_5,participant,"Dating apps. I prefer to make boyfriends or husband with people in my daily life, in my real life.",1
137,39,3,0,SPK_5,participant,"Oh, he can make connections with me.",1
151,50,0,0,SPK_3,participant,"Also, I don't have friends LGBTQ.",1
165,55,1,0,SPK_2,participant,What connection you make with.,1
