Unnamed: 0,turn_index,sent_index,segment,speaker,role,text,dialogue_act,informational motive,coordinative motive,social motive,topic_cluster
18,2,16,0,Elda (Host),moderator,"So yeah, there's a lot to talk about, and really depends on.",Supplement,True,False,False,4
31,4,9,0,Elda (Host),moderator,So it it really depends on like what you what you look for like.,Supplement,True,False,False,4
93,20,8,0,Bryan Chen,participant,So it was really.,,,,,4
165,50,0,0,Elda (Host),moderator,"No, I think it's really good point.",Supplement,False,False,True,4
170,52,1,0,Elda (Host),moderator,I think it's it's a really good point.,Supplement,False,False,True,4
171,52,2,0,Elda (Host),moderator,"Like, you know, we're looking for these things, these qualities in the partner, and you know you don't know if it's like really what you want.",Supplement,True,False,False,4
172,52,3,0,Elda (Host),moderator,No one really knows.,Supplement,True,False,False,4
267,77,10,0,renaaaa,participant,You really need to take at least one or 2 years to know this person.,,,,,4
275,78,2,0,Bryan Chen,participant,But so knowing a person really do require a lot of energy and time.,,,,,4
282,79,0,0,Elda (Host),moderator,"yeah, I agree, it's actually really good advice.",Supplement,True,False,True,4
284,79,2,0,Elda (Host),moderator,"She said, oh, I really hope you can find a partner who can give you a peaceful family, and who who treats you nicely.",Supplement,False,False,True,4
291,79,9,0,Elda (Host),moderator,"but really, Nowadays I feel the the sort of expectation towards husband and wife is is becoming like so blurred that you know it can be the the wife who provides for the family.",Supplement,True,False,False,4
293,79,11,0,Elda (Host),moderator,"Yeah. But I think it's really good advice to get to know someone, one to 2 years.",Supplement,True,False,False,4
304,82,3,0,Amy,participant,"although there's lots of argument, although life wasn't really easy.",,,,,4
328,92,0,0,Elda (Host),moderator,"Yeah, it's it's actually a good point, like, I was reading this article about how you know people are looking for ideal love, ideal romance, but they don't really see the the actual side at actual.",Supplement,True,False,False,4
329,92,1,0,Elda (Host),moderator,"You know what what it really means to to be in love and to to stay in a relationship, and I think a lot of times it's like, not as beautiful as you.",Supplement,True,False,False,4
356,103,9,0,Rui Xing,participant,So you I don't want to just try to narrow my thing or to fixate something to really go into the ideal.,,,,,4
358,104,0,0,Elda (Host),moderator,It's really liberal. Shinto.,Supplement,True,False,True,4
479,142,9,0,Bryan Chen,participant,So yeah. So I don't have a really strong expectation about who should do what?,,,,,4
491,145,5,0,Amy,participant,A combination of my mom actually is not really good at cooking.,,,,,4
492,145,6,0,Amy,participant,And my dad actually really good at it.,,,,,4
495,145,9,0,Amy,participant,"So yeah, for me, I feel like, yeah, maybe cook somebody who's good at cooking would be a bonus point for me if I really want to find somebody like as a.",,,,,4
508,149,2,0,Rui Xing,participant,"I don't have really expectation for specific things, but probably for willingness, because for me, if I feel like she's very busy or very tired doing all the housework.",,,,,4
627,193,2,0,Amy,participant,So it's like men are men is really willing to share with us so they can cook.,,,,,4
631,193,6,0,Amy,participant,"You might, you might able to see, like a really different responsibility role or something in this modern dating world.",,,,,4
638,196,0,0,Elda (Host),moderator,"Yeah, they have like a really strong food culture.",Supplement,True,False,False,4
650,196,12,0,Elda (Host),moderator,"So really, there's no like gender difference in that relationship.",Supplement,True,False,False,4
694,202,11,0,Elda (Host),moderator,but like no one really pointed out any you know whatsoever.,Supplement,False,False,True,4
702,202,19,0,Elda (Host),moderator,"put putting these restrictions on these communities, you know, when they don't, they don't really have that knowledge on these people.",Supplement,False,False,True,4
712,203,6,0,Amy,participant,So that's a really positive side about this.,,,,,4
718,204,0,0,Elda (Host),moderator,"Really, what is it?",Probing,True,False,False,4
757,216,0,0,Elda (Host),moderator,"that's that's really really good, like, it's you know, they they find their final destination, I mean, maybe not final like their community there.",Supplement,False,False,True,4
767,220,0,0,Elda (Host),moderator,That's really cool. Yeah.,All Utility,False,False,True,4
773,222,1,0,Elda (Host),moderator,But for men it you don't really need a lot of cubicles.,Supplement,True,False,False,4
784,230,0,0,Elda (Host),moderator,And it just makes things really confusing.,Supplement,True,False,False,4
791,232,2,0,Elda (Host),moderator,"But it's like, really, really cool to hear that you you have that in the Uk.",Supplement,False,False,True,4
815,241,6,0,renaaaa,participant,"I suffer, and she feels very frustrated because she really want our relationship to go West.",,,,,4
884,258,5,0,Elda (Host),moderator,They're lovely overall today we like from from sorry for not showing my face today as I I don't have really nice background.,Supplement,False,False,True,4
894,260,0,0,Elda (Host),moderator,"I know. I know the invitation was like, really.",Supplement,False,False,True,4
910,266,5,0,Elda (Host),moderator,"And I know Rina and Ray, you're not like, really the the actual participants in this.",Supplement,False,False,True,4
913,267,0,0,Amy,participant,"Maybe really would like to join, you know, more session in the future.",,,,,4
