Unnamed: 0,turn_index,sent_index,segment,speaker,role,text,dialogue_act,informational motive,coordinative motive,social motive,topic_cluster
56,8,0,0,Bryan(Host),moderator,"Oh, okay, so you're doing.",Probing,True,False,False,3
103,28,0,0,Bryan(Host),moderator,"Understand? Okay, cool thanks for your sharing.",All Utility,False,False,True,3
118,36,0,0,Bryan(Host),moderator,Okay.,All Utility,False,False,False,3
134,46,0,0,Bryan(Host),moderator,Okay.,All Utility,False,False,True,3
136,48,0,0,Bryan(Host),moderator,Internal expectations. Okay.,Interpretation,True,False,False,3
143,52,0,0,Bryan(Host),moderator,Okay.,All Utility,False,False,True,3
152,56,0,0,Bryan(Host),moderator,"I see. Okay, cool.",All Utility,False,False,True,3
290,90,0,0,Bryan(Host),moderator,"Oh, okay, I see.",All Utility,True,False,False,3
297,92,1,0,Bryan(Host),moderator,"Okay, okay, I see.",All Utility,False,False,True,3
339,110,0,0,Bryan(Host),moderator,Okay.,All Utility,False,False,True,3
348,113,3,0,Leo,participant,"Okay, you can do a deep breath.",,,,,3
453,130,0,0,Bryan(Host),moderator,"Okay, so you don't you?",Probing,True,False,False,3
469,138,0,0,Bryan(Host),moderator,"Okay, yeah, maybe.",Supplement,True,False,False,3
483,143,1,0,Leo,participant,"Okay, I don't know.",,,,,3
485,144,0,0,Bryan(Host),moderator,"Okay, okay, cool. That's okay.",All Utility,False,False,True,3
521,157,1,0,Bryan(Host),moderator,Okay.,All Utility,False,True,False,3
524,159,0,0,Bryan(Host),moderator,"Okay, okay, yeah, I think that's interesting.",All Utility,False,False,True,3
525,159,1,0,Bryan(Host),moderator,Okay. But have you guys tried to?,Probing,True,False,False,3
572,177,0,0,Bryan(Host),moderator,"Okay, yeah. Now, you can feel my PIN.",All Utility,False,False,True,3
575,179,0,0,Bryan(Host),moderator,"Okay, thank you guys for your time.",All Utility,False,False,True,3
