Unnamed: 0,turn_index,sent_index,segment,speaker,role,text,dialogue_act,informational motive,coordinative motive,social motive,topic_cluster
6,0,6,0,Elda (host),moderator,"So yeah, today, we like to take this opportunity to share our different experiences and see how we can.",Supplement,True,False,True,4
15,0,15,0,Elda (host),moderator,"Who who would like to start Brian, would would you like to to share this quickly?",Probing,True,True,False,4
16,1,0,0,Bryan Chen,participant,Sure. Yeah. So I guess like for me.,,,,,4
23,1,7,0,Bryan Chen,participant,"But I guess, like my major source of stress will be coming from the research itself.",,,,,4
25,1,9,0,Bryan Chen,participant,You are pretty much like following the content from from your teacher or from your instructor.,,,,,4
50,11,0,0,Bryan Chen,participant,And then and then take the consider research more like a marathon than like a short term sprint.,,,,,4
64,20,1,0,Elda (host),moderator,"how about mandy, would you like to share what would be your common sources of stress.",Probing,True,False,True,4
69,21,2,0,Mandy,participant,Actually. So I think like.,,,,,4
73,21,6,0,Mandy,participant,"Maybe a little walking, a book, working skills, or something like that.",,,,,4
79,22,0,0,Elda (host),moderator,So I like.,All Utility,False,False,True,4
86,27,0,0,Mandy,participant,"Yeah. But like recently, I just say, I'm very busy, or something like that.",,,,,4
92,27,6,0,Mandy,participant,"So to handle my stress, I usually actually, I usually like Google another Google, like like search, calm, calm music on Youtube.",,,,,4
93,27,7,0,Mandy,participant,and like always listening.,,,,,4
94,27,8,0,Mandy,participant,"The very calm music, like piano music or something.",,,,,4
96,27,10,0,Mandy,participant,Think so like. It seems like this kind of like listening to other music can also help yourself to relate your realize you have left brain or something like that.,,,,,4
100,30,0,0,Elda (host),moderator,"Like white noise. yeah, it sounds like, it sounds like, correct me, if i'm wrong, but it it sounds like, you're the type who like tries to handle the stress by yourself.",Interpretation,True,False,False,4
102,31,0,0,Mandy,participant,But then like.,,,,,4
107,35,0,0,Mandy,participant,"I think, like I also talked to my friend.",,,,,4
108,35,1,0,Mandy,participant,"But like nowadays, like, everyone's very busy.",,,,,4
109,35,2,0,Mandy,participant,"So like, I cannot.",,,,,4
110,35,3,0,Mandy,participant,"Yeah, I cannot like my my my friend, my friends to them, be handy all the time.",,,,,4
111,35,4,0,Mandy,participant,like. In the moment I want them to be there.,,,,,4
113,35,6,0,Mandy,participant,"but like so if I need something immediately, I would just like Google, it.",,,,,4
119,38,2,0,Elda (host),moderator,"in the question, in the questions and I would like to share, what are the top ranked sources of stress?",Supplement,True,False,False,4
129,38,12,0,Elda (host),moderator,Would you like to share?,Probing,True,False,False,4
140,41,3,0,jessica,participant,What I what what's the thing I would like to do?,,,,,4
146,41,9,0,jessica,participant,"So after that, I I do find out that is a little bit affect my kind of like a mental health.",,,,,4
156,47,1,0,jessica,participant,"Recently I'm going to do Pilates yoga, and then be healthy and like more regularly.",,,,,4
157,47,2,0,jessica,participant,"I think I slowly recover, because I do find the privilege are kind of pull me down made me feel like I can't do anything.",,,,,4
158,47,3,0,jessica,participant,I can't do anything good I kind of like burnt out to.,,,,,4
160,47,5,0,jessica,participant,"So now it's already a month, so i i i feel like I'm slowly recovered.",,,,,4
163,49,0,0,jessica,participant,"Yeah, yeah, because, see, I also think if Paypal depend on the stage for but for my like, like the current stage, my, I do.",,,,,4
164,49,1,0,jessica,participant,I have some like financial pre pressure.,,,,,4
180,54,4,0,Elda (host),moderator,"So yeah, so these are kind of considered as like normal coping mechanisms.",Supplement,True,False,False,4
181,54,5,0,Elda (host),moderator,"And the next question that I would like to raise is, how how would you handle stress when you're unable to use your usual coping mechanisms like, Are there times in your life where?",Probing,True,False,False,4
184,54,8,0,Elda (host),moderator,"So to to start off, I'd like to share my personal experience.",Supplement,True,False,True,4
191,54,15,0,Elda (host),moderator,"I think, Usj, or like yeah, we were like saying, Oh, we should go out to to to this place the next day, and the next day comes.",Supplement,True,False,False,4
192,54,16,0,Elda (host),moderator,"And She was like, Oh, no, I can't.",Supplement,True,False,False,4
195,54,19,0,Elda (host),moderator,"And I was like, oh, okay, so what should I do?",Probing,True,False,False,4
196,54,20,0,Elda (host),moderator,"And she's like, you can't help me like I can't help myself.",Interpretation,False,False,True,4
199,54,23,0,Elda (host),moderator,And I was that that was like the the beginning of At that point I realized that.,Interpretation,True,False,True,4
207,54,31,0,Elda (host),moderator,"So I was like, hey?",Supplement,True,False,False,4
244,62,0,0,Elda (host),moderator,"And yeah, so it sounds like you're seeking help from your advisors or your managers.",Interpretation,True,False,False,4
247,62,3,0,Elda (host),moderator,or you have you have to like?,Probing,True,False,False,4
265,64,3,0,Elda (host),moderator,"Even then you would have time to to tell people that you're busy or like what you're busy with, and those around you.",Supplement,True,False,False,4
266,64,4,0,Elda (host),moderator,"They'll be like oh, why, why, she is like.",Supplement,False,False,True,4
268,64,6,0,Elda (host),moderator,Because she's like freaking busy.,Interpretation,False,False,True,4
271,64,9,0,Elda (host),moderator,"So they can. Yeah, for those who are like who have the authority.",Supplement,True,False,False,4
273,64,11,0,Elda (host),moderator,How about Amy? Would you like to share?,Probing,True,False,True,4
274,64,12,0,Elda (host),moderator,How? If you have any examples of like how you would cope with stress.,Probing,True,False,False,4
275,64,13,0,Elda (host),moderator,That's like unusually stressful.,Supplement,False,False,True,4
279,65,3,0,Amy,participant,But because dissertation is so so spatial is like your own work.,,,,,4
280,65,4,0,Amy,participant,"So you couldn't really find other like, maybe your classmates to help you or cause it's just like your own stuff.",,,,,4
286,65,10,0,Amy,participant,So I like cried every single day.,,,,,4
287,65,11,0,Amy,participant,"I think there's probably 2 weeks I was like super stressful, and then lead to depression.",,,,,4
288,65,12,0,Amy,participant,I cried every single day when I was during like during the shower cause.,,,,,4
296,67,5,0,Amy,participant,"So yes, and I couldn't like I couldn't function at all.",,,,,4
300,67,9,0,Amy,participant,"You still have. You probably have to fight to write like 100 words every single day, or at least like 500 single 500 words every day.",,,,,4
302,67,11,0,Amy,participant,This is not me like this is too weird.,,,,,4
306,67,15,0,Amy,participant,I literally met a a doctor like a psychologist.,,,,,4
320,70,2,0,Elda (host),moderator,"How should I say it like, what made you realize that it was unusual like that.",Probing,True,False,False,4
321,70,3,0,Elda (host),moderator,You needed help like.,Probing,True,False,False,4
330,71,7,0,Amy,participant,"have depression. And if you feel like, Oh, maybe I'm I am.",,,,,4
332,71,9,0,Amy,participant,"I'm not sure there's lots of like checklists online, you can check.",,,,,4
340,73,0,0,Amy,participant,"Yes. And so, yeah, cause like England, they have quite a strict system.",,,,,4
341,73,1,0,Amy,participant,"If you are not like that severe, they won't let you to see the doctor for immediately.",,,,,4
354,79,0,0,Amy,participant,So there's a like in total.,,,,,4
355,79,1,0,Amy,participant,They have like 6 sessions.,,,,,4
357,79,3,0,Amy,participant,"And how. So they actually give you some tools like, okay, so don't picture dissertation is like, you know, is it's like something like mission impossible project.",,,,,4
358,79,4,0,Amy,participant,"Just break them like, break them into like small tasks and tasks.",,,,,4
369,85,1,0,Amy,participant,"So when I said, Oh, I felt like super stressful.",,,,,4
381,87,1,0,Amy,participant,"Gosh, that's a super good question, cause I think, doctor, they are more like they don't give you answer.",,,,,4
383,87,3,0,Amy,participant,"But if you're but if you consulate like, if you talk to your friend, friend will probably judge you.",,,,,4
384,87,4,0,Amy,participant,"friend, will like cause they really want to help you.",,,,,4
394,88,4,0,Elda (host),moderator,Yes. yeah. I I feel there's definitely strategies of like how to handle different situations.,Supplement,True,False,False,4
395,88,5,0,Elda (host),moderator,"But when we're like stuck in that situation, we, you know, we kind of forget about how to do it, because we see so many inspirational posts online, like, oh, these are the 5 things you should do to keep yourself healthy, or these other things to keep yourself away from stress.",Supplement,True,False,False,4
398,88,8,0,Elda (host),moderator,"Yeah, I'd just like to quickly share.",Supplement,True,False,False,4
416,88,26,0,Elda (host),moderator,"You're powerless. You're very overwhelmed, like what Amy shared like.",Interpretation,True,False,False,4
424,88,34,0,Elda (host),moderator,"So I think that this is kind of less common because, yeah, this, this kind of like you thought, this is what you should do.",Supplement,True,False,False,4
429,88,39,0,Elda (host),moderator,"So next, I would like to discuss with you guys about mental internal friction.",Instruction,True,True,False,4
431,88,41,0,Elda (host),moderator,I translate as. but it's more like it should be a different term as shinglee.,Interpretation,True,False,False,4
433,88,43,0,Elda (host),moderator,"So, Brian, would you like to describe what is mental friction?",Probing,True,False,False,4
444,89,9,0,Bryan Chen,participant,"Internal frictions, mental frictions like, yeah.",,,,,4
455,96,1,0,Elda (host),moderator,"yeah. Basically, it's like.",Interpretation,True,False,False,4
460,96,6,0,Elda (host),moderator,"It's like I feel tired, but I I feel also I need to stay awake.",Supplement,True,False,False,4
465,97,0,0,Bryan Chen,participant,"Join. probably. Yeah. So let's I think that's 1 i thought, like you are saying about your desire.",,,,,4
470,97,5,0,Bryan Chen,participant,But I think it's more scenario that can cause similar even like.,,,,,4
472,97,7,0,Bryan Chen,participant,"So stigmatization means is like, you're giving someone a label.",,,,,4
473,97,8,0,Bryan Chen,participant,"Let's say, for example, like like a typical scenario baking America.",,,,,4
474,97,9,0,Bryan Chen,participant,It's like you. Some people will have discount stigmatization.,,,,,4
476,97,11,0,Bryan Chen,participant,"So so they have round experiment that that you know, like they before the exam, they have 2 different set of 2 group group a group B, both grew out like black students.",,,,,4
481,97,16,0,Bryan Chen,participant,The reason is because that when you just like say something like that they'll really trigger their thinking they will be while they are doing it.,,,,,4
493,98,2,0,Elda (host),moderator,So it's like. when you have a lot going on your head.,Interpretation,True,False,False,4
497,100,1,0,Elda (host),moderator,"You give me the sense like, you know you should do your you should start writing, but you're like, Oh, but I I can't do it.",Interpretation,True,False,False,4
508,104,0,0,Elda (host),moderator,Procrastination. Yeah. anyone would like to share any experience of procrastination and how you how you like realized.,Probing,True,False,True,4
510,104,2,0,Elda (host),moderator,You look like you're like moving a lot.,Probing,False,False,True,4
514,105,2,0,Peggy Lin,participant,I cross neck a lot like when I stress from my job.,,,,,4
518,106,0,0,Elda (host),moderator,And what would you say is the external force to help you like your friend?,Probing,True,False,False,4
519,106,1,0,Elda (host),moderator,"Or you said alarm or like, How do you do it?",Probing,True,False,False,4
520,107,0,0,Peggy Lin,participant,"I feel if there's another person with me, it will help like actually like this session.",,,,,4
528,108,2,0,Elda (host),moderator,It's like going to the gym or exercise.,Supplement,False,False,True,4
530,108,4,0,Elda (host),moderator,"As like, join Buddy.",Supplement,False,False,True,4
538,110,3,0,Elda (host),moderator,To find an external force to like force you to to do things.,Supplement,True,False,False,4
539,110,4,0,Elda (host),moderator,"How about Mandy? Can you relate to internal friction, mental friction, or like procrastination because of stress?",Probing,True,False,False,4
550,119,0,0,Mandy,participant,Like. I want to share like show.,,,,,4
559,121,1,0,Mandy,participant,But I really need to prioritize which one I want to want the most so like and and I also like recall something like when I was younger.,,,,,4
560,121,2,0,Mandy,participant,"like i i i'm like kind of personality, like I I don't know why, but like I tend to, we try to please others.",,,,,4
561,121,3,0,Mandy,participant,"So sometimes, like. you know, like we, we couldn't please everyone like like make everyone likes you, but like, if you want to do so, you will be very tired, and you will lose yourself.",,,,,4
566,121,8,0,Mandy,participant,"You lost your time to do other things you want to do so like now, like I, I'm still learning how to all ties all the things.",,,,,4
567,121,9,0,Mandy,participant,"Now I try to more focus on myself now, like what I really want to do now.",,,,,4
570,121,12,0,Mandy,participant,"Something. I don't feel like that at all, because when I was younger, like, I wanted to study like maybe language or something so like, and weekdays I was very busy at working, maybe had a lot of overtime until 10 every day.",,,,,4
571,121,13,0,Mandy,participant,"but like, I still want to study maybe language or something on the weekend.",,,,,4
574,121,16,0,Mandy,participant,"I always feel so bad, you know, like we have a saying like, like, Send the book to do so like something like that, like a Ponto coming, or something like that.",,,,,4
577,121,19,0,Mandy,participant,"so like. I always complain with my friend, like I didn't study this weekend, too, or something.",,,,,4
578,121,20,0,Mandy,participant,"But, like my friends, say, Why do you want to study.",,,,,4
580,121,22,0,Mandy,participant,"So like, after many times.",,,,,4
581,121,23,0,Mandy,participant,"I feel like, okay, maybe maybe it's not necessary.",,,,,4
583,121,25,0,Mandy,participant,So like. So even I don't do everything on time.,,,,,4
585,121,27,0,Mandy,participant,And maybe it's because I'm more made new mutual nature more like adult.,,,,,4
607,127,0,0,Mandy,participant,"Yes, like I think.",,,,,4
609,127,2,0,Mandy,participant,So like.,,,,,4
611,129,0,0,Mandy,participant,"Choices. Yes, so like even not now work for like a fortune, or something like a lot of money like to.",,,,,4
613,129,2,0,Mandy,participant,or something so like they work for themselves.,,,,,4
615,129,4,0,Mandy,participant,But basically like she can handle all of her time.,,,,,4
628,134,3,0,Elda (host),moderator,"Would you like to share how you can perhaps relate to internal friction, and perhaps procrastination.",Probing,True,False,False,4
635,137,3,0,jessica,participant,"like flexion. Oh, yeah.",,,,,4
638,137,6,0,jessica,participant,But I do write on like we wanna achieve some goal for this year.,,,,,4
643,139,0,0,jessica,participant,Yeah. So after that I kind of break to break it down like a small time.,,,,,4
648,140,0,0,Elda (host),moderator,"For example, like, How how much detail would you would you plan like.",Probing,True,False,False,4
650,142,0,0,Elda (host),moderator,"Time, or like.",Probing,True,False,False,4
652,143,1,0,jessica,participant,So like also go to the Tsami class every Monday.,,,,,4
663,147,0,0,jessica,participant,To flint so like before.,,,,,4
674,150,3,0,Elda (host),moderator,"Amy, would you like to to share?",Probing,True,False,True,4
702,162,0,0,Amy,participant,"And I think, like I think everybody mentioned like, you guys have your like, only time to help you black out from the you know from the real world.",,,,,4
717,168,0,0,Bryan Chen,participant,"But do you think, having validation from someone else like your friend?",,,,,4
749,178,1,0,Mandy,participant,So like whatever I quite.,,,,,4
750,178,2,0,Mandy,participant,"Amy has experience. It's very hard to give any suggestion that even even I might able to relate to for any field, but I think like just like what Elda said.",,,,,4
751,178,3,0,Mandy,participant,like of your friend on the other equation.,,,,,4
753,178,5,0,Mandy,participant,"Something like that. So, but I think so.",,,,,4
759,178,11,0,Mandy,participant,Like even choose a different path to walk or go to a different place.,,,,,4
762,178,14,0,Mandy,participant,Like to leave your cell phone for a little bit.,,,,,4
763,178,15,0,Mandy,participant,Try to really look around the war like we can discover we might able to discover this world is still not like that.,,,,,4
764,178,16,0,Mandy,participant,"Oh, like we, we are still very lucky.",,,,,4
765,178,17,0,Mandy,participant,"like like, I think, like, we don't really have physical disable, something like less.",,,,,4
766,178,18,0,Mandy,participant,So like we are able.,,,,,4
768,178,20,0,Mandy,participant,"We might sorry to make this conversation very like not very concrete, so like we might have friends.",,,,,4
783,186,0,0,jessica,participant,"I think, exercise, because for me my, my always parents, before I don't like to do any exercise at all.",,,,,4
787,186,4,0,jessica,participant,So now I frequently like to do exercise.,,,,,4
798,187,3,0,Elda (host),moderator,"They also practice that, too, like every every night before going to sleep they will write down how they feel today.",Supplement,True,False,False,4
811,188,4,0,Bryan Chen,participant,"Well, it's it's like the major monsters, and and then how to handle that major monsters, I guess, like like many other people, have said.",,,,,4
820,188,13,0,Bryan Chen,participant,"So another time we feel what we're with doing like, say, maybe after you working for a long hour after you have, you know.",,,,,4
824,188,17,0,Bryan Chen,participant,"But I guess, like, maybe.",,,,,4
825,188,18,0,Bryan Chen,participant,"how I think, like talking to different people and then trying to Brodding.",,,,,4
839,192,1,0,Bryan Chen,participant,"But in a journal and a diary, that kind of you are reconstructing the meaning you feel like.",,,,,4
850,193,8,0,Elda (host),moderator,Even though we are not showing faces which I think helps when people are shy like me.,Supplement,False,False,True,4
