Unnamed: 0,turn_index,sent_index,segment,speaker,role,text,dialogue_act,informational motive,coordinative motive,social motive,topic_cluster
0,0,0,0,Elda (host),moderator,alright. yeah. So today's topic is how to deal with stress.,Instruction,False,True,False,0
1,0,1,0,Elda (host),moderator,So in today's fast paced world stress is a common challenge that impacts our wellbeing and productivity.,Supplement,True,False,False,0
2,0,2,0,Elda (host),moderator,And no one likes stress.,Supplement,False,False,True,0
3,0,3,0,Elda (host),moderator,"I mean, maybe some people do.",Supplement,False,False,True,0
4,0,4,0,Elda (host),moderator,But it's usually not the most.,Interpretation,True,False,True,0
7,0,7,0,Elda (host),moderator,"Yeah, find solutions for different stresses and perhaps share tips on how to yeah, support each other and and developing healthier coping mechanisms.",Supplement,True,False,True,0
10,0,10,0,Elda (host),moderator,"1st question, what are the most common sources of stress in your life.",Probing,True,True,False,0
11,0,11,0,Elda (host),moderator,And how do they affect you?,Probing,True,False,False,0
12,0,12,0,Elda (host),moderator,"And perhaps, yeah, if you can share how normally you would deal with stress in your life.",Probing,True,False,False,0
13,0,13,0,Elda (host),moderator,"Oh, hey, Amy, there are 2 foxes.",All Utility,False,False,True,0
14,0,14,0,Elda (host),moderator,That's that's pretty cute.,All Utility,False,False,True,0
17,1,1,0,Bryan Chen,participant,I see my. because my life is as a researcher in the university.,,,,,0
18,1,2,0,Bryan Chen,participant,So it's relatively flexible.,,,,,0
19,1,3,0,Bryan Chen,participant,"So I mean, one thing I mean by flexible is that I can arrange a lot, allow my own time.",,,,,0
20,1,4,0,Bryan Chen,participant,and also in terms of financial stability.,,,,,0
24,1,8,0,Bryan Chen,participant,"And as we, I think doing research is very different to doing courses, because courses.",,,,,0
26,1,10,0,Bryan Chen,participant,As long as you pay the effort you can have something in return.,,,,,0
27,1,11,0,Bryan Chen,participant,But research is more like working the forest in a dark forest by yourself.,,,,,0
29,1,13,0,Bryan Chen,participant,"Very often you have one idea today, then you try to do it, and after one month you feel you find out.",,,,,0
30,1,14,0,Bryan Chen,participant,"People already have published very similar idea to your work, and you feel, oh, I'm behind, or your your idea has been doing so.",,,,,0
31,1,15,0,Bryan Chen,participant,This kind of stress happen a lot.,,,,,0
34,4,0,0,Elda (host),moderator,So it comes from the nature of your work.,Interpretation,True,False,False,0
35,5,0,0,Bryan Chen,participant,"Yeah, contra of my work.",,,,,0
37,6,1,0,Elda (host),moderator,How do you balance it off.,Probing,True,False,False,0
38,7,0,0,Bryan Chen,participant,"With your life. I guess it's it's sometimes very difficult, because because I it's a lot of things.",,,,,0
39,7,1,0,Bryan Chen,participant,No control by yourself.,,,,,0
41,7,3,0,Bryan Chen,participant,Have to try not to make your mental state fall into the rabbit hole.,,,,,0
42,7,4,0,Bryan Chen,participant,"What I mean by rabbit hole is like this kind of always thinking about, because the thing about research is that the line between your life and your work is very, very blurred.",,,,,0
43,7,5,0,Bryan Chen,participant,"So sometime, even after the working hours, still thinking about your research, and then you can be stressed out the whole day even after hours.",,,,,0
44,7,6,0,Bryan Chen,participant,"So I guess I to handle this stress is like, I think I have to force myself to do something else and talk to people that's not in in my research cycle research.",,,,,0
45,8,0,0,Elda (host),moderator,A couple.,Supplement,False,False,True,0
47,9,1,0,Bryan Chen,participant,There's a lot of different meaning of life.,,,,,0
48,9,2,0,Bryan Chen,participant,And then.,,,,,0
51,12,0,0,Elda (host),moderator,And who.,Probing,True,False,False,0
56,16,0,0,Elda (host),moderator,Think.,All Utility,False,False,False,0
57,17,0,0,Bryan Chen,participant,And.,,,,,0
59,19,0,0,Bryan Chen,participant,"Yeah, I think a lot of stress coming from what do you consider as a loss?",,,,,0
60,19,1,0,Bryan Chen,participant,And what do you consider as a gain?,,,,,0
61,19,2,0,Bryan Chen,participant,And then your kind of expectation is framed by certain conditions.,,,,,0
62,19,3,0,Bryan Chen,participant,"Then your mood and your emotions swank a lot, swing a lot, and then you have a lot of stress.",,,,,0
63,20,0,0,Elda (host),moderator,"Great. Well, thank you for sharing Brian.",All Utility,False,False,True,0
65,20,2,0,Elda (host),moderator,And how do you?,Probing,True,False,False,0
66,20,3,0,Elda (host),moderator,How do you handle them?,Probing,True,False,False,0
67,21,0,0,Mandy,participant,Okay. So I think my common.,,,,,0
68,21,1,0,Mandy,participant,"so serious of stress in my life, I think it's basically work.",,,,,0
70,21,3,0,Mandy,participant,"Recently, I just enter a new entering a new company.",,,,,0
71,21,4,0,Mandy,participant,So everything for me is very new.,,,,,0
72,21,5,0,Mandy,participant,so like try to catch up all the thing and try to improve on myself.,,,,,0
74,21,7,0,Mandy,participant,So that sometimes made me feel very stressful.,,,,,0
75,21,8,0,Mandy,participant,But not all that thing.,,,,,0
77,21,10,0,Mandy,participant,"And so now, always, I think.",,,,,0
78,21,11,0,Mandy,participant,But this kind of stress on sometime came into my come into my dream as well.,,,,,0
80,23,0,0,Mandy,participant,So I might similar dream.,,,,,0
81,23,1,0,Mandy,participant,which I think I have some source of detail from my daily life.,,,,,0
82,23,2,0,Mandy,participant,"So sometimes you feel very tired, because I think my my friend always try to figure out something the whole time.",,,,,0
83,24,0,0,Elda (host),moderator,Do you talk to your friends about your work and.,Probing,True,False,False,0
84,25,0,0,Mandy,participant,Do you talk soon.,,,,,0
85,26,0,0,Elda (host),moderator,So friends.,Probing,True,False,False,0
87,27,1,0,Mandy,participant,It's too busy to take.,,,,,0
88,27,2,0,Mandy,participant,Give them to some details.,,,,,0
89,27,3,0,Mandy,participant,"I think maybe it's just because I trying to like being a new company or new environment, so should be good in in the future.",,,,,0
91,27,5,0,Mandy,participant,"None, none that passive try to be positive.",,,,,0
98,28,0,0,Elda (host),moderator,"Also white. And yeah, background.",Interpretation,True,False,False,0
99,29,0,0,Mandy,participant,Yes.,,,,,0
101,30,1,0,Elda (host),moderator,Rather.,Interpretation,True,False,False,0
103,32,0,0,Elda (host),moderator,Sharing with other people.,Interpretation,True,False,False,0
104,32,1,0,Elda (host),moderator,Is that right? But you.,Probing,True,False,False,0
105,33,0,0,Mandy,participant,Oh!,,,,,0
106,34,0,0,Elda (host),moderator,Able to handle it by yourself most of the time.,Probing,True,False,False,0
112,35,5,0,Mandy,participant,But oh. I think they always layer.,,,,,0
115,37,0,0,Mandy,participant,Listen to the music.,,,,,0
116,37,1,0,Mandy,participant,It will be a quick way to do so.,,,,,0
117,38,0,0,Elda (host),moderator,"I see. Well, thank you for sharing actually, we in in our survey of of this.",All Utility,False,False,True,0
118,38,1,0,Elda (host),moderator,the session we did a quick survey in the.,Supplement,True,False,False,0
120,38,3,0,Elda (host),moderator,"the 1st one is work, related stress.",Supplement,True,False,False,0
121,38,4,0,Elda (host),moderator,and the second one is human relationship and money.,Supplement,True,False,False,0
122,38,5,0,Elda (host),moderator,So these these are the top top 2.,Supplement,True,False,False,0
124,38,7,0,Elda (host),moderator,Career is kind of the our biggest thing in our life.,Supplement,True,False,False,0
125,38,8,0,Elda (host),moderator,"For most of us, I think.",Supplement,True,False,False,0
126,38,9,0,Elda (host),moderator,So that that's where where we find stressful.,Interpretation,True,False,False,0
128,38,11,0,Elda (host),moderator,Yeah. Okay. And how about Jessica?,Probing,True,False,False,0
130,38,13,0,Elda (host),moderator,What? What would be your common source of stress?,Probing,True,False,False,0
131,38,14,0,Elda (host),moderator,And how do you?,Probing,True,False,False,0
132,38,15,0,Elda (host),moderator,How do you handle them?,Probing,True,False,False,0
133,39,0,0,jessica,participant,I think for me.,,,,,0
135,39,2,0,jessica,participant,"I think it's about a money money trouble my finance, I think, because for me I think that in the different edge different stage of the line we got a different stress.",,,,,0
137,41,0,0,jessica,participant,"From high school community, and now.",,,,,0
138,41,1,0,jessica,participant,after graduate for more than 10 years.,,,,,0
139,41,2,0,jessica,participant,"But for me, I'm still like developing my career and trying to find a balance between the salary and the thing.",,,,,0
143,41,6,0,jessica,participant,"I mean, so that's cause I think the big stress for me in past 6 months.",,,,,0
144,41,7,0,jessica,participant,So that that I but in that I didn't realize.,,,,,0
145,41,8,0,jessica,participant,"But sometime, I found, I couldn't sleep well during the night, and I always need to check the phone during the weekend reply the message.",,,,,0
147,41,10,0,jessica,participant,So I decided to take a break and slow down to resign from this job.,,,,,0
154,46,2,0,Elda (host),moderator,Yeah. So you're taking a break from from work right now.,Probing,True,False,True,0
159,47,4,0,jessica,participant,I only came every time to think how to make the thing better.,,,,,0
162,48,1,0,Elda (host),moderator,"Yeah. And why would you say, money is is your stress because you're not working now.",Probing,True,False,False,0
166,51,0,0,jessica,participant,"Yes, if if maybe in the early twenties without any job, and then you still can, because you have like a mini minimum spent.",,,,,0
167,51,1,0,jessica,participant,"You don't need to worry too much, but in the in the middle of 30, so I have a list and everything a lot of things need to pay out.",,,,,0
171,52,2,0,Elda (host),moderator,"Yeah. wow, well, thank you for for sharing.",Supplement,False,False,True,0
173,52,4,0,Elda (host),moderator,At your next stage you can.,Supplement,False,False,True,0
175,53,0,0,jessica,participant,Thank you.,,,,,0
176,54,0,0,Elda (host),moderator,"Okay, so so it's, it's quite common.",Supplement,True,False,True,0
179,54,3,0,Elda (host),moderator,"Yeah, to to listen to music, to find a solution to the problem, to talk to people and yeah, to to try to handle it yourself if you can't find a solution, or help from other people.",Supplement,True,False,False,0
182,54,6,0,Elda (host),moderator,"You found yourself that you couldn't deal with this anymore, or like you couldn't handle this special kind of situation with your common sense anymore, that you had to actually jump out of your normal ways of coping it.",Probing,True,False,False,0
183,54,7,0,Elda (host),moderator,"And yeah, to to actually gain new skills put in that way.",Supplement,True,False,False,0
185,54,9,0,Elda (host),moderator,"actually, I had a really really close friend.",Supplement,True,False,True,0
186,54,10,0,Elda (host),moderator,who was suffering from depression.,Supplement,True,False,True,0
187,54,11,0,Elda (host),moderator,and the depression was so bad that I thought it was okay initially.,Supplement,True,False,False,0
188,54,12,0,Elda (host),moderator,But I didn't understand how bad it would be when it hits.,Supplement,True,False,False,0
189,54,13,0,Elda (host),moderator,So it was at that time when we plan to go where do we to go?,Supplement,True,False,False,0
190,54,14,0,Elda (host),moderator,We plan to go?,Supplement,True,False,False,0
193,54,17,0,Elda (host),moderator,I can't do it anymore.,Supplement,True,False,False,0
197,54,21,0,Elda (host),moderator,And you can't help me.,Supplement,False,False,True,0
202,54,26,0,Elda (host),moderator,To have someone close to me.,Interpretation,True,False,False,0
203,54,27,0,Elda (host),moderator,"Who has depression. So later on, it really really suffered.",Supplement,True,False,True,0
205,54,29,0,Elda (host),moderator,Because this is something completely new in my life.,Supplement,False,False,True,0
206,54,30,0,Elda (host),moderator,this kind of situation.,Supplement,True,False,False,0
208,54,32,0,Elda (host),moderator,I I heard that people go to counselors.,Supplement,True,False,False,0
210,54,34,0,Elda (host),moderator,But maybe I can talk to.,Supplement,True,False,False,0
211,55,0,0,Bryan Chen,participant,So.,,,,,0
212,56,0,0,Elda (host),moderator,A counselor and ask them how to help me or help my friend.,Supplement,True,False,False,0
213,56,1,0,Elda (host),moderator,and that's that's when I talk to a counselor the 1st time.,Supplement,True,False,False,0
214,56,2,0,Elda (host),moderator,"And it really, it really helped me to to realize the issue, to clarify the issue, that it wasn't my problem.",Supplement,True,False,False,0
215,56,3,0,Elda (host),moderator,"It was my friend's problem, and she has to deal with it.",Interpretation,True,False,False,0
216,56,4,0,Elda (host),moderator,and because it comes from a 3rd person's point of view.,Interpretation,True,False,False,0
217,56,5,0,Elda (host),moderator,So it it actually.,Interpretation,True,False,False,0
218,56,6,0,Elda (host),moderator,"the message was really clear, like the the counselor wasn't biased towards anyone.",Supplement,True,False,False,0
220,56,8,0,Elda (host),moderator,They had more more power in the in the message.,Supplement,True,False,False,0
223,56,11,0,Elda (host),moderator,"Yeah, to to do something about your problems or your stresses.",Probing,True,False,False,0
224,56,12,0,Elda (host),moderator,maybe Peggy or or Amy.,Probing,True,False,False,0
225,57,0,0,Peggy Lin,participant,Yeah. I see if I met a stress I cannot handle myself best.,,,,,0
227,58,0,0,Elda (host),moderator,Mountains.,All Utility,False,False,False,0
228,59,0,0,Peggy Lin,participant,"Interest, but.",,,,,0
229,60,0,0,Elda (host),moderator,If.,Probing,True,False,False,0
230,61,0,0,Peggy Lin,participant,Actually kind of to ideally.,,,,,0
231,61,1,0,Peggy Lin,participant,"You can do this, too.",,,,,0
232,61,2,0,Peggy Lin,participant,"in your real life, because all my stress is most from my job.",,,,,0
233,61,3,0,Peggy Lin,participant,So I another person to leave my job.,,,,,0
236,61,6,0,Peggy Lin,participant,"In that case I speak to a lot of my colleague, my tech tech lead my manager, my Pm.",,,,,0
237,61,7,0,Peggy Lin,participant,To talk to Len.,,,,,0
238,61,8,0,Peggy Lin,participant,"I come Monday before late daylight, so how can we do this?",,,,,0
240,61,10,0,Peggy Lin,participant,or should we focus on only men go for it?,,,,,0
242,61,12,0,Peggy Lin,participant,Pull other people suffer as well.,,,,,0
245,62,1,0,Elda (host),moderator,Yeah. And then try to solve the problems.,Interpretation,True,False,False,0
246,62,2,0,Elda (host),moderator,And do you think they they are supportive.,Probing,True,False,False,0
248,62,4,0,Elda (host),moderator,"Push them to, to support you.",Probing,True,False,False,0
249,63,0,0,Peggy Lin,participant,"Yeah, I think that's supportive.",,,,,0
251,63,2,0,Peggy Lin,participant,"And later, maybe kind of thing is not my fault, because actually, a lot of things happen in that project in less minutes.",,,,,0
252,63,3,0,Peggy Lin,participant,So it's really not my fault.,,,,,0
253,63,4,0,Peggy Lin,participant,But I still very stressful for the timeline.,,,,,0
255,63,6,0,Peggy Lin,participant,"Oh, why you are so cold!",,,,,0
258,63,9,0,Peggy Lin,participant,Then you will kind of understanding.,,,,,0
259,63,10,0,Peggy Lin,participant,"You are stressful, and you have no.",,,,,0
263,64,1,0,Elda (host),moderator,"I mean, even even sometimes I forget to do that is, when you are so busy.",Supplement,False,False,True,0
276,65,0,0,Amy,participant,"Okay. I did encounter that like super stressful situation, I have never met before when I was writing my dissertation.",,,,,0
278,65,2,0,Amy,participant,And when I realized that I fell behind with a schedule and I started to panic.,,,,,0
281,65,5,0,Amy,participant,So I was quite struggling at the beginning.,,,,,0
282,65,6,0,Amy,participant,And then this stress situation keep company.,,,,,0
283,65,7,0,Amy,participant,Continued come to new in.,,,,,0
284,65,8,0,Amy,participant,and then I found out I could.,,,,,0
285,65,9,0,Amy,participant,"It affect me in a lot of different way in my life, and I never because I never experienced it before, so I didn't realize it actually led to depression in the end.",,,,,0
289,65,13,0,Amy,participant,it would be too loud.,,,,,0
290,66,0,0,Elda (host),moderator,Wash it off. I'm gonna wash it off with.,All Utility,False,False,True,0
292,67,1,0,Amy,participant,"And because in Uk, the the building, they are like a mood building.",,,,,0
293,67,2,0,Amy,participant,So it's a mood.,,,,,0
295,67,4,0,Amy,participant,"Good building. So it's so easy to hear every single sounds, even you just fart or something.",,,,,0
299,67,8,0,Amy,participant,But there's still time clicking right?,,,,,0
301,67,10,0,Amy,participant,"And then my friends suggest So I found out, like the every the first.st How does that the 1st every time every 1st time I filed?",,,,,0
303,67,12,0,Amy,participant,And then I talked to my flatmate.,,,,,0
305,67,14,0,Amy,participant,The nhs. So I lead ended up.,,,,,0
307,67,16,0,Amy,participant,And then they told me so.,,,,,0
308,67,17,0,Amy,participant,"Okay, so lots of students, they will.",,,,,0
310,67,19,0,Amy,participant,So it's not your problem.,,,,,0
312,67,21,0,Amy,participant,So that really helped me to go through.,,,,,0
315,67,24,0,Amy,participant,So that's our long story.,,,,,0
317,69,0,0,Amy,participant,Well.,,,,,0
319,70,1,0,Elda (host),moderator,How? How should I?,Probing,True,False,False,0
322,70,4,0,Elda (host),moderator,What was the thing that liked.,Probing,True,False,False,0
323,71,0,0,Amy,participant,"Yeah, I guess the 1st symptom is that I just cried a lot because I I never cried that hard in my life seriously.",,,,,0
328,71,5,0,Amy,participant,So try to distance yourself from people.,,,,,0
331,71,8,0,Amy,participant,But maybe I'm not.,,,,,0
333,71,10,0,Amy,participant,How's your stress level?,,,,,0
337,71,14,0,Amy,participant,"Extra cynical helps from doctor, or something.",,,,,0
339,72,0,0,Elda (host),moderator,Yeah. So you you looked at the checklist and and.,Interpretation,True,False,False,0
342,73,2,0,Amy,participant,They will probably put you into the wait list.,,,,,0
343,73,3,0,Amy,participant,"But when I did the the survey my stress level was quite high, and they say, like, Okay, you have to see the doctor immediately.",,,,,0
345,73,5,0,Amy,participant,got the help from them.,,,,,0
347,74,0,0,Elda (host),moderator,"well, thank you for sharing.",All Utility,False,False,True,0
348,74,1,0,Elda (host),moderator,"I didn't. I didn't expect that coming from you, but I imagine.",Supplement,False,False,True,0
349,75,0,0,Amy,participant,"Yeah, miss.",,,,,0
350,76,0,0,Elda (host),moderator,"Lot of stress. Yeah, to complete your visitation and your degree.",Interpretation,False,False,True,0
352,78,0,0,Bryan Chen,participant,Using what the doctor said.,,,,,0
353,78,1,0,Bryan Chen,participant,I helped you to move on from your situation.,,,,,0
359,79,5,0,Amy,participant,"Yeah, so they actually give quite a general advice.",,,,,0
360,79,6,0,Amy,participant,If I.,,,,,0
361,80,0,0,Elda (host),moderator,If I.,All Utility,False,False,False,0
364,81,2,0,Amy,participant,"Everybody will feel, and they they help you to walk through the every single difficulty when you doing your dissertation.",,,,,0
366,83,0,0,Amy,participant,"But they they won't teach you how to write, but they will teach you.",,,,,0
367,84,0,0,Elda (host),moderator,Rehears.,Supplement,True,False,False,0
368,85,0,0,Amy,participant,"How, what kind of tools you can use when you encounter.",,,,,0
370,85,2,0,Amy,participant,I couldn't even open my laptop.,,,,,0
371,85,3,0,Amy,participant,"So they would say, Okay, so imagine you are not.",,,,,0
378,86,0,0,Bryan Chen,participant,You think? What's the difference between your conversation with the doctor and your conversation with a friend?,,,,,0
379,86,1,0,Bryan Chen,participant,I tried to help you.,,,,,0
382,87,2,0,Amy,participant,They guide you to figure out the the answer by yourself.,,,,,0
388,87,8,0,Amy,participant,And so it's a safe place to share everything.,,,,,0
391,88,1,0,Elda (host),moderator,Yeah. They talking to a professional that's good because they're not biased.,Supplement,True,False,False,0
393,88,3,0,Elda (host),moderator,"And yeah, that's I think that's what what makes it good cause they they can see things more objectively.",Interpretation,True,False,False,0
397,88,7,0,Elda (host),moderator,You kind of forget everything.,Interpretation,True,False,False,0
399,88,9,0,Elda (host),moderator,there are different languages to How?,Supplement,True,False,False,0
400,88,10,0,Elda (host),moderator,How your body responds to to stress.,Supplement,True,False,False,0
401,88,11,0,Elda (host),moderator,There are 4 F's I I showed it on Instagram story last night.,Supplement,True,False,False,0
402,88,12,0,Elda (host),moderator,and one is fight.,Supplement,True,False,False,0
403,88,13,0,Elda (host),moderator,so is your body is preparing to fight the stress to fight the danger.,Supplement,True,False,False,0
404,88,14,0,Elda (host),moderator,"And that's when you become frustrated, you become even aggressive.",Supplement,True,False,False,0
407,88,17,0,Elda (host),moderator,That's fight. So number 2 is flight.,Supplement,True,False,False,0
408,88,18,0,Elda (host),moderator,"which means your body is preparing also to fight a danger, but in the way that you are trying to escape from it.",Supplement,True,False,False,0
409,88,19,0,Elda (host),moderator,and in this situation you may feel anxious.,Supplement,True,False,False,0
410,88,20,0,Elda (host),moderator,You you feel restless.,Supplement,True,False,False,0
413,88,23,0,Elda (host),moderator,So it's that kind of a moment.,Interpretation,True,False,False,0
414,88,24,0,Elda (host),moderator,and that's flight. And number 3 is is freeze.,Supplement,True,False,False,0
415,88,25,0,Elda (host),moderator,So it means that you're feeling stuck.,Interpretation,True,False,False,0
417,88,27,0,Elda (host),moderator,There's nothing you can do.,Supplement,True,False,False,0
418,88,28,0,Elda (host),moderator,"You you can only cry, or you feel.",Supplement,True,False,False,0
420,88,30,0,Elda (host),moderator,And that's that's how your body responds to to stress as well.,Supplement,True,False,False,0
421,88,31,0,Elda (host),moderator,And Number 4 is perhaps a less acknowledged type of language.,Supplement,True,False,False,0
422,88,32,0,Elda (host),moderator,Is fawn which is spelled as FAWN this means that you try to keep everyone happy to make you feel safe.,Supplement,True,False,False,0
423,88,33,0,Elda (host),moderator,"You'll please other people, or do everything in your power to avoid making the situation worse to avoid conflict.",Supplement,True,False,False,0
425,88,35,0,Elda (host),moderator,"But actually, it's because you're under stress.",Interpretation,True,False,False,0
426,88,36,0,Elda (host),moderator,So that's how you how you're doing.,All Utility,False,False,True,0
427,88,37,0,Elda (host),moderator,I'll I'll put it in the in the thing in a chat.,Instruction,True,True,False,0
428,88,38,0,Elda (host),moderator,"yeah. So thank you all for sharing up to this point, let's move to next question.",Instruction,False,True,True,0
430,88,40,0,Elda (host),moderator,Sorry I I made a translation that may sound a bit strange.,Interpretation,True,False,False,0
432,88,42,0,Elda (host),moderator,"Nay, how? Which is a psychological term?",Supplement,True,False,False,0
434,88,44,0,Elda (host),moderator,Internal friction.,Supplement,True,False,False,0
435,89,0,0,Bryan Chen,participant,Okay. So I guess I let me see if there's a official mental internal frictions.,,,,,0
436,89,1,0,Bryan Chen,participant,I can't find an official definition now.,,,,,0
441,89,6,0,Bryan Chen,participant,"So so, yeah, without doing anything without making any progress, you already consume a lot of your internal or cognitive energy.",,,,,0
442,89,7,0,Bryan Chen,participant,"So so, even before you start doing anything because of your conflicting solve or your contradiction contradiction between your desire or different ideas, and that already make you tired and exhausted.",,,,,0
443,89,8,0,Bryan Chen,participant,So that's the idea.,,,,,0
445,90,0,0,Elda (host),moderator,"Yeah, it's kind of vague but simple.",Supplement,True,False,False,0
446,90,1,0,Elda (host),moderator,"You feel tired all the time, but you are doing nothing.",Supplement,True,False,False,0
447,91,0,0,Bryan Chen,participant,But I think there's a many.,,,,,0
449,93,0,0,Bryan Chen,participant,Because you hire all the time.,,,,,0
450,93,1,0,Bryan Chen,participant,Without you you might be old.,,,,,0
451,94,0,0,Elda (host),moderator,Mila in your head.,Confronting,False,False,True,0
452,94,1,0,Elda (host),moderator,You're thinking a lot.,Supplement,False,False,True,0
453,95,0,0,Bryan Chen,participant,Hmm.,,,,,0
458,96,4,0,Elda (host),moderator,You should go to sleep.,Supplement,True,False,False,0
463,96,9,0,Elda (host),moderator,but in in your in your head.,Supplement,True,False,False,0
467,97,2,0,Bryan Chen,participant,But you also think about what's the right for the society?,,,,,0
468,97,3,0,Bryan Chen,participant,What's right for the human or your your friends?,,,,,0
469,97,4,0,Bryan Chen,participant,"And then you can struggle between the 2, and then it cost you a lot of energy.",,,,,0
471,97,6,0,Bryan Chen,participant,So I think they have been a lot of research on the effect of stigmatizations.,,,,,0
475,97,10,0,Bryan Chen,participant,"Say, you know, black kids or black student, they don't perform well academically.",,,,,0
477,97,12,0,Bryan Chen,participant,And then in one group they told them that.,,,,,0
482,97,17,0,Bryan Chen,participant,Then they have been consistently thinking about.,,,,,0
483,97,18,0,Bryan Chen,participant,"Oh, am I really that bad?",,,,,0
484,97,19,0,Bryan Chen,participant,"I need to prove this, and and really inferior.",,,,,0
485,97,20,0,Bryan Chen,participant,"And I need to, and really stupid, I need to prove I'm not.",,,,,0
487,97,22,0,Bryan Chen,participant,"And then, without actually dealing the problem in front of them, cause extra brain knowledge.",,,,,0
489,97,24,0,Bryan Chen,participant,And now they actually do perform worse than the control group.,,,,,0
490,97,25,0,Bryan Chen,participant,So that's kind of another scenario that related.,,,,,0
491,98,0,0,Elda (host),moderator,"yeah, I I found a article online.",Supplement,True,False,False,0
492,98,1,0,Elda (host),moderator,It's in Chinese. But I suppose everyone here reads Chinese.,Supplement,False,False,True,0
495,99,0,0,Bryan Chen,participant,Yay!,,,,,0
496,100,0,0,Elda (host),moderator,To understand. I I feel what Amy should is kind of similar to this.,Interpretation,True,False,False,0
498,100,2,0,Elda (host),moderator,How should I do it?,Probing,True,False,False,0
499,100,3,0,Elda (host),moderator,They I have to do it.,Interpretation,True,False,False,0
500,100,4,0,Elda (host),moderator,"But no, what should I do?",Probing,True,False,False,0
502,100,6,0,Elda (host),moderator,And mentally. you're consuming your energy.,Supplement,True,False,False,0
503,100,7,0,Elda (host),moderator,Maybe.,All Utility,True,False,True,0
504,101,0,0,Amy,participant,Yeah. I think procrastinating carsonation carsonating is one of the quite obvious since then that you know.,,,,,0
505,102,0,0,Elda (host),moderator,It keeps.,All Utility,False,False,False,0
506,103,0,0,Amy,participant,"Doing something that you supposed not to do, but you still do it.",,,,,0
509,104,1,0,Elda (host),moderator,you shouldn't procrastinate. I'm Peggy.,Confronting,True,False,True,0
511,104,3,0,Elda (host),moderator,So I imagine you have something to share.,Probing,True,False,False,0
513,105,1,0,Peggy Lin,participant,I still try to deal with them.,,,,,0
517,105,5,0,Peggy Lin,participant,That's how I deal with them.,,,,,0
521,107,1,0,Peggy Lin,participant,"I know I need to purchase my English, but I cannot purchase English by my own.",,,,,0
529,108,3,0,Elda (host),moderator,Sometimes it's better to do it with someone else together.,Supplement,True,False,True,0
532,109,1,0,Peggy Lin,participant,And they go back to office because your body is left because we have a work from home policy.,,,,,0
533,109,2,0,Peggy Lin,participant,And it's not very stressed rule.,,,,,0
535,110,0,0,Elda (host),moderator,"Okay, Jessica, I'll see you in 2 min.",Instruction,False,True,False,0
540,110,5,0,Elda (host),moderator,And how do you?,Probing,True,False,False,0
541,110,6,0,Elda (host),moderator,How do you manage?,Probing,True,False,False,0
542,111,0,0,Mandy,participant,I'm self-strex.,,,,,0
544,113,0,0,Mandy,participant,I am.,,,,,0
545,114,0,0,Elda (host),moderator,Across.,Probing,True,False,False,0
546,115,0,0,Mandy,participant,"I loved. No, I do that all the time.",,,,,0
547,116,0,0,Elda (host),moderator,Okay.,All Utility,False,False,True,0
549,118,0,0,Elda (host),moderator,Bye.,All Utility,False,False,True,0
551,119,1,0,Mandy,participant,"Why, where I have been.",,,,,0
552,119,2,0,Mandy,participant,where it's fun and what I experience.,,,,,0
555,119,5,0,Mandy,participant,and I might crush myself.,,,,,0
556,119,6,0,Mandy,participant,brush myself.,,,,,0
565,121,7,0,Mandy,participant,"and if you do so, you.",,,,,0
568,121,10,0,Mandy,participant,So let them. Maybe so.,,,,,0
569,121,11,0,Mandy,participant,"So in that way I think even I, for close 90.",,,,,0
573,121,15,0,Mandy,participant,and if I didn't study.,,,,,0
575,121,17,0,Mandy,participant,So I feel I was very bad.,,,,,0
576,121,18,0,Mandy,participant,"But yes, yeah. yes.",,,,,0
579,121,21,0,Mandy,participant,you need him relax on on the weekend.,,,,,0
582,121,24,0,Mandy,participant,So I I still need to do something that makes me feel relaxing.,,,,,0
586,121,28,0,Mandy,participant,"Now. Not, but.",,,,,0
587,122,0,0,Elda (host),moderator,Everything.,All Utility,False,False,True,0
588,123,0,0,Mandy,participant,Not a very bad thing as well.,,,,,0
589,124,0,0,Elda (host),moderator,"Yeah, I I think it takes time to to learn what your body can handle.",Supplement,False,False,True,0
597,124,8,0,Elda (host),moderator,I feel bad for not doing anything on the weekend before.,Supplement,False,False,True,0
599,124,10,0,Elda (host),moderator,I deserve this break.,Supplement,False,False,True,0
600,125,0,0,Mandy,participant,We earn money or something.,,,,,0
601,125,1,0,Mandy,participant,"We want a car or something not not only like at work, but also try to live our life every day is also a very important thing.",,,,,0
604,126,2,0,Elda (host),moderator,"Also how to use your time more effectively, effectively on the weekday, maybe change in job or something.",Supplement,True,False,False,0
605,126,3,0,Elda (host),moderator,"So you. You can have yeah, more time for your private life.",Supplement,True,False,False,0
608,127,1,0,Mandy,participant,Play a lot of choice.,,,,,0
610,128,0,0,Elda (host),moderator,Present.,Interpretation,True,False,False,0
612,129,1,0,Mandy,participant,"I also have some friends that work themselves, maybe as an instrument in lost in Australia.",,,,,0
614,129,3,0,Mandy,participant,Even they get a visa from other company.,,,,,0
618,130,0,0,Elda (host),moderator,Right.,All Utility,False,False,True,0
622,132,2,0,Elda (host),moderator,That's that's where people get stuck initially.,Supplement,True,False,False,0
624,133,0,0,Mandy,participant,Yes.,,,,,0
625,134,0,0,Elda (host),moderator,And thank you for sharing.,All Utility,False,False,True,0
626,134,1,0,Elda (host),moderator,"Yeah. Jessica, welcome back.",All Utility,False,False,True,0
629,134,4,0,Elda (host),moderator,Related to stress. And how do you manage in such situation?,Probing,True,False,False,0
630,135,0,0,jessica,participant,I think for me personally.,,,,,0
631,136,0,0,Elda (host),moderator,Hmm.,All Utility,False,False,True,0
632,137,0,0,jessica,participant,The war you mentioned.,,,,,0
634,137,2,0,jessica,participant,"Do physical, mental, internal.",,,,,0
636,137,4,0,jessica,participant,"So I think, Sanders, everyone, I always have so many things wanna do for even for this year.",,,,,0
637,137,5,0,jessica,participant,I believe I'm not sure other people.,,,,,0
639,137,7,0,jessica,participant,"But for the in the beginning of the year, middle of the year, or every time end of the year.",,,,,0
640,137,8,0,jessica,participant,I I do. I do found out.,,,,,0
644,139,1,0,jessica,participant,I not make a big go for a whole year.,,,,,0
646,139,3,0,jessica,participant,So I think I find out that's more easier for me to plan for more detail.,,,,,0
647,139,4,0,jessica,participant,that.,,,,,0
649,141,0,0,jessica,participant,Dot.,,,,,0
651,143,0,0,jessica,participant,"Oh, so yeah, so like regularly, regularly, I intend to on the other language class every Wednesday.",,,,,0
654,143,3,0,jessica,participant,"Oh, I wanna to learn tsunami class this year.",,,,,0
655,143,4,0,jessica,participant,But I never done anything.,,,,,0
656,143,5,0,jessica,participant,and the the more to do.,,,,,0
658,143,7,0,jessica,participant,"I say, Okay, i i i told myself, you have enough enough time to play print print plan to point.",,,,,0
659,144,0,0,Elda (host),moderator,"Yeah, you're you're planting.",Supplement,False,False,True,0
660,145,0,0,jessica,participant,Sorry.,,,,,0
661,146,0,0,Elda (host),moderator,Sorry I can. You say the last part again?,Probing,True,False,False,0
662,146,1,0,Elda (host),moderator,You have more time to.,Interpretation,False,False,True,0
664,147,1,0,jessica,participant,I only can do after work.,,,,,0
665,147,2,0,jessica,participant,So. But now I can doing during the day.,,,,,0
669,148,2,0,Elda (host),moderator,Thank you for sharing Jessica.,All Utility,False,False,True,0
670,149,0,0,jessica,participant,Thank you.,,,,,0
671,150,0,0,Elda (host),moderator,"yeah. So I think, we've covered all the questions.",Supplement,False,True,False,0
672,150,1,0,Elda (host),moderator,"And yeah, to finish off the session.",Supplement,False,True,False,0
673,150,2,0,Elda (host),moderator,what advice would you give to someone who is struggling to manage their stress effectively.,Probing,True,False,False,0
675,150,4,0,Elda (host),moderator,How would you give them advice?,Probing,True,False,False,0
676,151,0,0,Amy,participant,"Out sounds, of course, that's yeah.",,,,,0
677,151,1,0,Amy,participant,That's really helpful. And that was so.,,,,,0
678,151,2,0,Amy,participant,So one of the advice I got from the the doctor.,,,,,0
679,151,3,0,Amy,participant,"it's saying, you need to keep you.",,,,,0
680,151,4,0,Amy,participant,"Yeah, you need to do exercise, because it's really help your brand to produce some like a ha happy dopamine, because sometimes it's you stress out yourself.",,,,,0
681,151,5,0,Amy,participant,You you stuck yourself in that negative thoughts.,,,,,0
682,151,6,0,Amy,participant,"With the exercise, it can change your brain from inside your body.",,,,,0
683,151,7,0,Amy,participant,"So yeah, that's really helpful.",,,,,0
686,152,0,0,Elda (host),moderator,Any kind of exercise.,Probing,True,False,False,0
688,153,0,0,Amy,participant,"Yeah. Walking, even walking.",,,,,0
690,153,2,0,Amy,participant,Go to work out.,,,,,0
692,153,4,0,Amy,participant,Hmm.,,,,,0
693,154,0,0,Elda (host),moderator,I see.,All Utility,False,False,True,0
694,155,0,0,Amy,participant,My advice.,,,,,0
695,156,0,0,Elda (host),moderator,But there's no nature in Tokyo.,Supplement,True,False,False,0
696,156,1,0,Elda (host),moderator,Where should I.,Probing,True,False,False,0
697,157,0,0,Amy,participant,"Can go to Yogiko in, or something.",,,,,0
698,158,0,0,Elda (host),moderator,Yes.,All Utility,False,False,True,0
700,160,0,0,Amy,participant,"You guys? Yeah. Oh, my, gosh.",,,,,0
701,161,0,0,Elda (host),moderator,It's too far.,Supplement,True,False,False,0
703,162,1,0,Amy,participant,because you have to pass your your brand to have a rest.,,,,,0
705,162,3,0,Amy,participant,So.,,,,,0
706,163,0,0,Elda (host),moderator,To have mean time.,Supplement,True,False,False,0
708,164,1,0,Amy,participant,"That's very stressful. Yeah, they won't help.",,,,,0
709,165,0,0,Elda (host),moderator,I see. Hey!,All Utility,False,False,True,0
711,166,1,0,Bryan Chen,participant,You wouldn't choose to talk to your friend right.,,,,,0
712,167,0,0,Amy,participant,"No cause. I mean, if they understand you, if they were in that position before.",,,,,0
714,167,2,0,Amy,participant,"They couldn't really relate your experience, so I don't think that help for me.",,,,,0
715,167,3,0,Amy,participant,"I, personally, I found, is because you have to explain more to justify yourself why you're suffering from that.",,,,,0
718,168,1,0,Bryan Chen,participant,What I mean by validation is that someone who recognize your suffering and the meaning of your suffering.,,,,,0
719,168,2,0,Bryan Chen,participant,Does that help to to give you some relief?,,,,,0
720,169,0,0,Amy,participant,"Yeah, but you have to find that super empathetic friend first.st",,,,,0
721,170,0,0,Bryan Chen,participant,Okay.,,,,,0
723,172,0,0,Bryan Chen,participant,"Yeah, true.",,,,,0
724,173,0,0,Elda (host),moderator,Okay. Yeah. I hope you find that friend.,Supplement,False,False,True,0
725,173,1,0,Elda (host),moderator,One day Amy.,All Utility,False,False,True,0
726,174,0,0,Bryan Chen,participant,Are you not his?,,,,,0
727,174,1,0,Bryan Chen,participant,Are you not her empathetic friend?,,,,,0
728,174,2,0,Bryan Chen,participant,Elder.,,,,,0
730,175,1,0,Elda (host),moderator,I don't. I didn't receive any messages from Amy.,Supplement,True,False,False,0
731,175,2,0,Elda (host),moderator,Anyway. How about Peggy.,Probing,True,False,False,0
732,175,3,0,Elda (host),moderator,"Well, advice would you give to people who is struggling with stress.",Probing,True,False,False,0
738,176,5,0,Peggy Lin,participant,Your daily life is chatty and maybe meditation.,,,,,0
739,176,6,0,Peggy Lin,participant,"I didn't believe meditation will help before, but I actually tried meditation just last year.",,,,,0
741,176,8,0,Peggy Lin,participant,You need some time to empathy your soul.,,,,,0
744,176,11,0,Peggy Lin,participant,Mistress.,,,,,0
746,177,1,0,Elda (host),moderator,Thank you. How about Mandy?,Probing,True,False,True,0
747,177,2,0,Elda (host),moderator,What advice would you give.,Probing,True,False,False,0
748,178,0,0,Mandy,participant,It really depends on the stress level.,,,,,0
754,178,6,0,Mandy,participant,If the label is not high.,,,,,0
755,178,7,0,Mandy,participant,"maybe can encourage your friend to see what she has, or she has at the moment.",,,,,0
757,178,9,0,Mandy,participant,So try to be a more positive thing.,,,,,0
758,178,10,0,Mandy,participant,or try to do something she or he never do before.,,,,,0
761,178,13,0,Mandy,participant,It's been suicide or thing.,,,,,0
771,179,0,0,Elda (host),moderator,Maybe.,All Utility,False,False,True,0
772,180,0,0,Mandy,participant,I measured.,,,,,0
774,181,1,0,Elda (host),moderator,"Yeah. I tried to be thankful, I think, is what perhaps, is the underlying message to be thankful of.",Interpretation,True,False,True,0
776,181,3,0,Elda (host),moderator,and to look at the world in a different way.,Interpretation,False,False,True,0
777,181,4,0,Elda (host),moderator,Change perspective. I think that that helps to.,Interpretation,True,False,True,0
779,182,1,0,Mandy,participant,Now.,,,,,0
780,183,0,0,Elda (host),moderator,Thank you. How about Jessica?,Probing,True,False,True,0
781,184,0,0,jessica,participant,I've.,,,,,0
782,185,0,0,Elda (host),moderator,Advice.,Probing,True,False,False,0
784,186,1,0,jessica,participant,and in the that period.,,,,,0
785,186,2,0,jessica,participant,"So I just go war and come home, and day by day I co collect more strikes.",,,,,0
788,186,5,0,jessica,participant,I feel both more positive.,,,,,0
789,186,6,0,jessica,participant,"So one thing, I think, is exercise.",,,,,0
790,186,7,0,jessica,participant,Do help a lot.,,,,,0
791,186,8,0,jessica,participant,And another thing is I have the gen is called theory I write down the dairy every day.,,,,,0
792,186,9,0,jessica,participant,"So in sometime when I have a good thing happen, or I have a really sad happen or sad story.",,,,,0
793,186,10,0,jessica,participant,I I always write down everything.,,,,,0
794,186,11,0,jessica,participant,"So one series. After I go back to rewrite that period, I would do well find out like, oh, so that's that time that what kind of a negative thought I have, and how do I pass through all this time, so I think, write down the your feeling or emotion is kind of a help.",,,,,0
795,187,0,0,Elda (host),moderator,Thank you for sharing.,All Utility,False,False,True,0
797,187,2,0,Elda (host),moderator,I I hear from some of my friends.,Supplement,True,False,False,0
802,187,7,0,Elda (host),moderator,And how I've grown.,Supplement,False,False,True,0
804,187,9,0,Elda (host),moderator,"Okay, thank you for sharing.",All Utility,False,False,True,0
805,187,10,0,Elda (host),moderator,"to. Yeah, finish off Brian, would you like to add anything before we close off this session or advice?",Probing,True,True,False,0
806,187,11,0,Elda (host),moderator,If you have any.,Probing,True,False,False,0
807,188,0,0,Bryan Chen,participant,Let me think about it.,,,,,0
808,188,1,0,Bryan Chen,participant,"yeah, I guess IA lot of time stress is because of what you are thinking.",,,,,0
809,188,2,0,Bryan Chen,participant,"I mean, of course, there are some real stress that's now pushing you forward.",,,,,0
810,188,3,0,Bryan Chen,participant,But a lot of times lousyness we make up by ourselves.,,,,,0
812,188,5,0,Bryan Chen,participant,you can find friends.,,,,,0
814,188,7,0,Bryan Chen,participant,So a lot of time we.,,,,,0
815,188,8,0,Bryan Chen,participant,"We have a lot of downtime and a lot of suffering, but I guess a lot of times sometime.",,,,,0
816,188,9,0,Bryan Chen,participant,"What make us feel depressed is not because of the effort we have spent, or the energy or the money that we we lost.",,,,,0
817,188,10,0,Bryan Chen,participant,"But it's because that we feel, after all this tiring process.",,,,,0
819,188,12,0,Bryan Chen,participant,"There's no response, there's no meaning of it.",,,,,0
821,188,14,0,Bryan Chen,participant,fight for 5 years trying to get to a position.,,,,,0
822,188,15,0,Bryan Chen,participant,"But then you realize that oh, it's so meaningless, life is so meaningless.",,,,,0
823,188,16,0,Bryan Chen,participant,And then sometimes I do cause also cause a lot of stress.,,,,,0
826,188,19,0,Bryan Chen,participant,"Wa. broaden your definition of meaning, can also help to kind of relieve your stress cause you all your suffering is probably not just meaningless.",,,,,0
827,188,20,0,Bryan Chen,participant,You probably doing that for something something that's probably more important and more meaningful than you originally thought.,,,,,0
829,189,0,0,Elda (host),moderator,"Wow, that's that's really deep.",All Utility,False,False,True,0
830,189,1,0,Elda (host),moderator,Yeah. perhaps that happens more after you have finished that stage.,Interpretation,True,False,False,0
832,191,0,0,Elda (host),moderator,When you're we're in in the middle of it.,Supplement,True,False,False,0
833,191,1,0,Elda (host),moderator,At least for me.,Supplement,True,False,True,0
834,191,2,0,Elda (host),moderator,I I won't have the energy to think.,Interpretation,True,False,True,0
835,191,3,0,Elda (host),moderator,"Oh, what's the meaning of this.",Interpretation,True,False,False,0
836,191,4,0,Elda (host),moderator,"But yeah, after say, if you have a journal, and then you go back to it.",Interpretation,True,False,False,0
837,191,5,0,Elda (host),moderator,and maybe 3 months later.,Interpretation,True,False,False,0
838,192,0,0,Bryan Chen,participant,"That's also the reason why some people feel it's chelful when you write journal, because you are while you're.",,,,,0
841,192,3,0,Bryan Chen,participant,So that gives you some meaning and help you to really.,,,,,0
842,193,0,0,Elda (host),moderator,"Yeah. Wow, that's that's really great.",All Utility,False,False,True,0
843,193,1,0,Elda (host),moderator,Thank you. Yeah. So that's that's all for today's session.,Instruction,False,True,True,0
845,193,3,0,Elda (host),moderator,"If you could just spare 1 min to help us complete this survey for today, that would be really, really appreciated.",Instruction,False,True,True,0
846,193,4,0,Elda (host),moderator,"Yeah. So this, as mentioned before this online session.",Interpretation,True,True,False,0
847,193,5,0,Elda (host),moderator,"So Remy is for yeah, for this online community of mainly Taiwanese people, but also Chinese people, some of them overseas to practice English and to talk about different topics.",Supplement,True,False,False,0
848,193,6,0,Elda (host),moderator,That you wouldn't normally have the chance to a normal life.,Supplement,False,False,True,0
849,193,7,0,Elda (host),moderator,And yeah. hopefully gain confidence in speaking about different topics and with strangers.,Supplement,False,True,True,0
851,193,9,0,Elda (host),moderator,"Okay, yeah, once you finish the survey, you are welcome to leave and hope to see you next time.",Instruction,False,True,False,0
852,193,10,0,Elda (host),moderator,"Okay, thank you guys for coming.",All Utility,False,False,True,0
853,194,0,0,jessica,participant,Yes. Thank you. Have a good night.,,,,,0
855,195,1,0,Elda (host),moderator,Have a good day bye.,All Utility,False,False,True,0
858,198,0,0,Elda (host),moderator,"You, bye.",All Utility,False,False,True,0
860,200,0,0,Elda (host),moderator,I you're longer. You're more younger.,All Utility,False,False,True,0
861,201,0,0,Bryan Chen,participant,Sml.,,,,,0
862,202,0,0,Amy,participant,Brian Chandlerwater.,,,,,0
865,205,0,0,Elda (host),moderator,The General House Sale.,All Utility,False,False,False,0
867,207,0,0,Amy,participant,Hey!,,,,,0
868,208,0,0,Bryan Chen,participant,"In the recording, okay, start recording.",,,,,0
