Unnamed: 0,turn_index,sent_index,segment,speaker,role,text,topic_cluster
3,3,0,0,Nome,participant,"Don't be shy, don't be shy.",2
28,13,3,0,Jinchi LIU,participant,"I will graduate in next July, but I don't know if I can get the appropriate job.",2
135,76,3,0,wenqi,participant,"And but during this this assignment I know some disadvantages of this friend, and she always she seems like a leader, and she always asked me, you you need to do something blah blah.",2
173,99,3,0,Jinchi LIU,participant,"Yeah, you know.",2
190,112,0,0,Tiffany Qian,participant,"I I just wanna know, will you guys like procrastinate when you face the stress?",2
213,126,1,0,Jinchi LIU,participant,"Yeah, I think. Don't.",2
214,126,2,0,Jinchi LIU,participant,Don't think the negative aspect of things a lot.,2
225,127,5,0,Irene,participant,"because if if I did, if I don't do that, my the things would never get done.",2
245,132,2,0,Nome,participant,Because I know in some apps on some apps you can.,2
322,174,2,0,Jinchi LIU,participant,I don't know why.,2
323,174,3,0,Jinchi LIU,participant,My. I don't know.,2
343,180,4,0,wenqi,participant,"I feel so angry, but I can show my angry, you know.",2
357,186,2,0,Jinchi LIU,participant,"If you don't find a good job with a high salary, people might say might say things that it's like all that studying was a waste.",2
389,201,4,0,Nome,participant,What can I be if if we don't teach?,2
393,201,8,0,Nome,participant,"That means your your Master degree is, know that.",2
399,205,0,0,Jinchi LIU,participant,"She she applied to product operation, you know.",2
417,215,1,0,Nome,participant,If you don't like wanting to be a teacher.,2
440,225,3,0,Nome,participant,If I don't want to be a teacher.,2
481,252,0,0,Nome,participant,It's not tooth. But but you know.,2
489,253,0,0,Jinchi LIU,participant,I know I know it.,2
494,256,0,0,Nome,participant,You know what I mean?,2
495,256,1,0,Nome,participant,"Yeah, you know what I mean.",2
507,263,1,0,Jinchi LIU,participant,I think don't think too much about one thing's negative aspects.,2
516,270,0,0,Irene,participant,"Like. and don't be afraid to talk to someone, whether it's a friend or family member or yeah, just I. I think it's it's good to share how you are feeling, because it can, because someone else will wait off, because this will weight off your shoulders, and they might offer a new perspective.",2
526,275,2,0,Nome,participant,"If I give us advice, maybe they already they already know how to solve it.",2
