Unnamed: 0,turn_index,sent_index,segment,speaker,role,text,dialogue_act,informational motive,coordinative motive,social motive,topic_cluster
1,0,1,0,Bryan(Host),moderator,"So today, our topic is going to be about how to deal with stress.",Supplement,True,False,False,1
2,0,2,0,Bryan(Host),moderator,So stress is kind of like a very common and natural biological reactions towards some negative factors in your environment or in your mind.,Supplement,True,False,False,1
3,0,3,0,Bryan(Host),moderator,"Right? So often we see stress as a negative thing, but it actually a very important driver to push us moving forward or to push us trying to avoid the risk.",Supplement,True,False,False,1
5,0,5,0,Bryan(Host),moderator,"So stress is kind of the same in your body that either you know, trigger you to escape the potential incidents.",Supplement,True,False,False,1
8,0,8,0,Bryan(Host),moderator,Different people have different kind of stress and also different way of handle your stress.,Supplement,True,False,False,1
10,0,10,0,Bryan(Host),moderator,"So, starting from the 1st questions, we want to talk about what's the most common source of stress in your life.",Probing,True,True,False,1
13,0,13,0,Bryan(Host),moderator,"For me, I feel the biggest stress in my life is uncertainty.",Supplement,True,False,False,1
24,0,24,0,Bryan(Host),moderator,So for me. I think biggest stress in my life currently is the uncertainty in my research.,Supplement,True,False,False,1
30,0,30,0,Bryan(Host),moderator,"So yeah, so that's my source of stress.",Supplement,True,False,False,1
38,0,38,0,Bryan(Host),moderator,What kind of stress you have currently in your life.,Probing,True,False,False,1
41,0,41,0,Bryan(Host),moderator,"Do you have? I mean, stress currently.",Probing,True,False,False,1
43,1,1,0,Felicity,participant,I'm under a lot of stress.,,,,,1
83,18,0,0,Bryan(Host),moderator,"That's very tough. And and also, how do you think this stress kind of affect you?",Probing,True,False,True,1
112,31,4,0,Leo,participant,So I think no big big stress.,,,,,1
116,34,0,0,Bryan(Host),moderator,Is there any kind of stress internal adapting to the new job or starting work.,Probing,True,False,False,1
120,37,1,0,Leo,participant,So no stress on that.,,,,,1
126,40,0,0,Bryan(Host),moderator,Right? Right? Do you think it's a stress actually coming from you?,Probing,True,False,False,1
148,54,2,0,Bryan(Host),moderator,"But because all this stress or this kind of this desire, or willing, whatever you call it, and kind of push you to become more.",Interpretation,True,False,False,1
154,56,2,0,Bryan(Host),moderator,Would you mind to share your experience with stress.,Probing,True,False,False,1
157,57,2,0,leyi,participant,"So but currently, one of my biggest stress is about how to find a decent job.",,,,,1
238,78,1,0,Bryan(Host),moderator,Philosophy do. Could you share some your way of handle stress or.,Probing,True,False,False,1
246,81,0,0,Felicity,participant,"Now, currently, how I deal with my stress.",,,,,1
247,81,1,0,Felicity,participant,I think it's quite different from the stress that people have in a workplace.,,,,,1
281,84,25,0,Bryan(Host),moderator,"So how do you cope with the stress, or how do you cope with the difficulty at that time.",Probing,True,False,False,1
295,91,4,0,Felicity,participant,So that stress I had.,,,,,1
296,92,0,0,Bryan(Host),moderator,"A lot of stress, but not that much.",Interpretation,False,False,True,1
315,98,2,0,Bryan(Host),moderator,"But maybe, like the stress you have experienced before.",Probing,True,False,False,1
316,98,3,0,Bryan(Host),moderator,How do you handle your stress?,Probing,True,False,False,1
317,98,4,0,Bryan(Host),moderator,How do you relieve your stress.,Probing,True,False,False,1
367,122,2,0,Bryan(Host),moderator,"The source of the stress is about, how do you think about yourself so like like you mentioned, and maybe others also mentioned that when you have the rejection.",Supplement,True,False,False,1
382,124,8,0,Bryan(Host),moderator,What he did to relieve his stress is like he joined the cancer Helping group.,Supplement,True,False,False,1
399,124,25,0,Bryan(Host),moderator,"So I think, finding people who, doing worse than you is a good way to release your stress, in my opinion.",Supplement,True,False,False,1
400,124,26,0,Bryan(Host),moderator,"Yeah. so. And also, I wonder if you guys have experience helping other people to relieve your stress.",Probing,True,False,False,1
401,124,27,0,Bryan(Host),moderator,to briefly lay a stress.,Probing,True,False,True,1
410,124,36,0,Bryan(Host),moderator,But have you tried to help other your friend to relieve their difficult situations or stress.,Probing,True,False,False,1
413,125,2,0,leyi,participant,"So my friends always complain something to me to like to relieve their stress, and then I become to help them.",,,,,1
422,125,11,0,leyi,participant,"Yeah. And and another thing is that my friends always have the appearance, anxiety, appearance, stress.",,,,,1
430,127,0,0,leyi,participant,I think it depends on the stress on the type of stress.,,,,,1
444,128,5,0,Bryan(Host),moderator,Sometimes stress or depression can be like a disease that pass on one person to people.,Supplement,True,False,True,1
464,134,0,0,Bryan(Host),moderator,"The risk orientated can also be a way to reduce the stress right, because as soon as you solve the problem that is also solving this source of stress.",Supplement,True,False,False,1
503,147,8,0,Felicity,participant,"I don't care. I have my life, I have my stress.",,,,,1
549,165,5,0,Bryan(Host),moderator,"Yeah. okay, I think that's probably almost all our discussion for today about stress.",Supplement,False,True,True,1
