Unnamed: 0,turn_index,sent_index,segment,speaker,role,text,topic_cluster
0,0,0,0,Tiffany Qian,participant,Hello!,4
1,1,0,0,Nome,participant,Hello!,4
2,2,0,0,Jinchi LIU,participant,Hello!,4
4,4,0,0,Irene,participant,"Okay? So for the 1st question, we like to share, what are the most common sources of stress in our life, and how does it affect you.",4
5,4,1,0,Irene,participant,"and I want to share, like in my daily life.",4
6,4,2,0,Irene,participant,My main source of stress tends to be academic work.,4
7,5,0,0,Nome,participant,"Academic, book, yeah.",4
9,7,0,0,Irene,participant,"Yeah, cause. And recently, with graduation approaching, I also been feeling pressure regarding future planning.",4
11,8,0,0,Nome,participant,That's true.,4
12,9,0,0,Irene,participant,"And especially as an East Asian student achieving good grades, is often seen as essential for us.",4
13,9,1,0,Irene,participant,Yeah. and especially for continuing education or for job prospects.,4
14,9,2,0,Irene,participant,So it made me feel stress stressful and like during our time as a University of Melbourne.,4
15,9,3,0,Irene,participant,I also found that if excelling our course.,4
16,9,4,0,Irene,participant,"Work is quite challenging, as there's an emphasize on pre-preciation and thoughtfulness for our course work.",4
18,9,6,0,Irene,participant,like every details in our assignments will impact our grades.,4
19,9,7,0,Irene,participant,And it has certainly been a stressor for me.,4
21,10,0,0,Jinchi LIU,participant,Fully agree. I I often have a lot of assignments that other due date are the same.,4
22,10,1,0,Jinchi LIU,participant,Just finish one assignment and then another one comes in so that gives me no time to breathe.,4
23,11,0,0,Nome,participant,And.,4
25,13,0,0,Jinchi LIU,participant,And acceptance the academic aspect for the career aspect.,4
26,13,1,0,Jinchi LIU,participant,Sometimes I worried about finding a part-time job in Melbourne.,4
27,13,2,0,Jinchi LIU,participant,Now I get anxious because I'm applying for the for recruitment of China.,4
29,13,4,0,Jinchi LIU,participant,"In addition, the job market in China is extremely competitive.",4
30,13,5,0,Jinchi LIU,participant,and average salary is not high.,4
31,13,6,0,Jinchi LIU,participant,"The workload is quite heavy, which makes me feel hapless.",4
32,14,0,0,Tiffany Qian,participant,"Yeah, totally. Agree.",4
34,16,0,0,Tiffany Qian,participant,You click it like this semester?,4
35,16,1,0,Tiffany Qian,participant,"I have 3. No, I have 2 final assignments on the same date, which is really annoying, and it's almost almost the end of the semester.",4
36,16,2,0,Tiffany Qian,participant,But I still have a lot of work to do.,4
37,16,3,0,Tiffany Qian,participant,It's really stressful. I'm gonna like I have to.,4
38,16,4,0,Tiffany Qian,participant,It really cost me a lot of time to think about the topic.,4
39,16,5,0,Tiffany Qian,participant,What I want to do in the final assignment.,4
40,16,6,0,Tiffany Qian,participant,But in the same time I have to.,4
42,16,8,0,Tiffany Qian,participant,It's really hard.,4
43,17,0,0,Nome,participant,That's true. So all of your guys you are from applied linguistics or or not.,4
44,17,1,0,Nome,participant,Yes.,4
46,19,0,0,Nome,participant,"Yeah, me, too. So so, which which final, you think is the most challenging one.",4
47,20,0,0,Tiffany Qian,participant,I will!,4
48,21,0,0,wenqi,participant,"Language, Pragmatics.",4
51,24,0,0,Tiffany Qian,participant,"Well, sorry. Actually, I will vote for this cause.",4
52,24,1,0,Tiffany Qian,participant,An interaction.,4
53,25,0,0,Nome,participant,"Yeah, me, too. especially on Monday morning.",4
55,27,0,0,Jinchi LIU,participant,"This cost, analysis.",4
57,29,0,0,Jinchi LIU,participant,I think this course is the most difficult.,4
59,31,0,0,Nome,participant,"I asked the teacher for for any sample, but she said, this semester, the topic is totally different.",4
60,31,1,0,Nome,participant,So there's no sample.,4
62,31,3,0,Nome,participant,That's the simple. She also.,4
65,34,0,0,Tiffany Qian,participant,"Yeah, we have to do the transcription.",4
66,34,1,0,Tiffany Qian,participant,"And then the analysis, both of the 2 parts are really both time consuming and physical consuming.",4
67,34,2,0,Tiffany Qian,participant,And I have to really.,4
69,36,0,0,Tiffany Qian,participant,Attention to that.,4
71,38,0,0,Nome,participant,"Actually, 1st you want.",4
72,38,1,0,Nome,participant,You have to select one proper past a proper audio and then transcribe it so.,4
73,38,2,0,Nome,participant,And I'm also struggling with that.,4
75,40,0,0,Nome,participant,You can.,4
76,41,0,0,Irene,participant,"They are such like, big project.",4
77,41,1,0,Irene,participant,Yeah. And it requires.,4
78,41,2,0,Irene,participant,"yeah, big workout, like 6,000 or 9 9,000 for 3.",4
79,41,3,0,Irene,participant,A group of 3.,4
81,42,0,0,Tiffany Qian,participant,"So, for individual is actually 3,000.",4
85,45,0,0,Irene,participant,"Actually, not because I prefer to do an individual, because it only requires you like 3,000 more.",4
87,47,0,0,Nome,participant,If you collaborate with others you have.,4
88,47,1,0,Nome,participant,So you have to spend so much time on communication.,4
91,50,0,0,wenqi,participant,And if you miss someone is.,4
92,50,1,0,wenqi,participant,is not an.,4
93,51,0,0,Tiffany Qian,participant,Cooperative.,4
94,52,0,0,wenqi,participant,You may have other challenges.,4
96,54,0,0,Nome,participant,Yeah. that's true. That.,4
97,54,1,0,Nome,participant,That assignment also made me so anxious.,4
98,55,0,0,Jinchi LIU,participant,I have met 2 terrible teammates.,4
99,55,1,0,Jinchi LIU,participant,so I'm afraid to work with others.,4
100,56,0,0,Nome,participant,"I still remember last semester, there's 1 group in Sla and 1 1 student.",4
101,56,1,0,Nome,participant,her. Yeah. How to say that suddenly attacked depression.,4
102,56,2,0,Nome,participant,Yeah. And she has some mental health health problem and just give up that cause and quit that course.,4
103,56,3,0,Nome,participant,So the group group work just How do you say that?,4
105,56,5,0,Nome,participant,And they had the the other.,4
106,56,6,0,Nome,participant,"remember, have to do the work she should do.",4
109,59,0,0,Nome,participant,You can call me okay.,4
112,61,0,0,Tiffany Qian,participant,That's very experience.,4
114,63,0,0,Nome,participant,"Your how to say that your team, your team member still there, still working with you?",4
115,63,1,0,Nome,participant,Not too bad situation.,4
118,66,0,0,Irene,participant,Second question. and I I wonder how to handle it for that.,4
119,66,1,0,Irene,participant,So did you apply for an extension.,4
120,67,0,0,Nome,participant,"No, it's not me.",4
123,69,0,0,Nome,participant,My friends.,4
125,71,0,0,Nome,participant,That's terrible!,4
127,73,0,0,Nome,participant,Do they? They still do the doing the part of questionnaire and ask for other for collecting data.,4
128,73,1,0,Nome,participant,That means they haven't write the con.,4
129,73,2,0,Nome,participant,The content.,4
130,74,0,0,wenqi,participant,That's that's crazy.,4
131,75,0,0,Nome,participant,Yeah. crazy. So crazy.,4
132,76,0,0,wenqi,participant,"Yeah, actually, I last semester.",4
133,76,1,0,wenqi,participant,"I have a assignment to do my to do with my friends, and at 1st we are.",4
134,76,2,0,wenqi,participant,"We're close friends, and they we and we choose to work together to do the final assignment.",4
137,78,0,0,wenqi,participant,"Yeah, so he always guide.",4
140,78,3,0,wenqi,participant,"And it's all my, it's all my task, and and so then, anyway, do not communicate with with each other now.",4
141,79,0,0,Nome,participant,So so your your teammate doesn't have office in the view of that.,4
142,79,1,0,Nome,participant,Did they complain with you about that?,4
144,80,0,0,wenqi,participant,"Yeah, so I think sometimes if if we want to do some group, team and group work with our friends, it's I think it's quite.",4
145,80,1,0,wenqi,participant,It's quite And Stratton how to say.,4
146,81,0,0,Tiffany Qian,participant,Arranging.,4
147,82,0,0,wenqi,participant,"Yeah, cause you may find some drawbacks of others.",4
148,82,1,0,wenqi,participant,And you you can.,4
149,82,2,0,wenqi,participant,You guys cannot be friends anymore.,4
150,83,0,0,Tiffany Qian,participant,Yeah. it will damage your friendship.,4
154,87,0,0,Jinchi LIU,participant,I found sometimes before teamwork.,4
155,87,1,0,Jinchi LIU,participant,We are all the good friends and after teamwork.,4
156,87,2,0,Jinchi LIU,participant,Maybe we are enemies.,4
157,88,0,0,Nome,participant,Yes.,4
158,89,0,0,Jinchi LIU,participant,"So we can, we can talk about the second question.",4
159,90,0,0,Irene,participant,Yes.,4
160,91,0,0,wenqi,participant,"Yeah, sure.",4
161,92,0,0,Jinchi LIU,participant,"For me. If I feel very stressful, I will choose some sweet food and drinks just like watermelon, ice cream, bubble tea, or some dessert.",4
162,92,1,0,Jinchi LIU,participant,"Me, too.",4
164,94,0,0,Irene,participant,You.,4
167,96,0,0,Irene,participant,Average.,4
170,99,0,0,Jinchi LIU,participant,"Yeah, when I eat something sweet.",4
171,99,1,0,Jinchi LIU,participant,I feel. I feel politer.,4
172,99,2,0,Jinchi LIU,participant,"Yeah, because the sugar in sweets caused the relief of the pain the payment.",4
175,101,0,0,Tiffany Qian,participant,What is coming?,4
176,102,0,0,Jinchi LIU,participant,can. Can I speak Chinese to explain it?,4
181,105,1,0,Irene,participant,"Like, I, I will hang out with my friends, or if something together, or I also will plan a travel after the semester.",4
182,105,2,0,Irene,participant,and it made me feel so excited to go through the tough time.,4
185,107,0,0,Nome,participant,Meetings.,4
186,108,0,0,Tiffany Qian,participant,Hi! Sorry.,4
187,109,0,0,wenqi,participant,Huh!,4
188,110,0,0,Tiffany Qian,participant,"Sorry to interrupt, sorry to interrupt.",4
189,111,0,0,wenqi,participant,No worries.,4
191,112,1,0,Tiffany Qian,participant,Because I'm the person that when I face the stress.,4
192,112,2,0,Tiffany Qian,participant,"I will pretend to be more like procrastinated to delay all the things, and then I would be even more stressful.",4
194,114,0,0,Nome,participant,"Yeah, that's the reason why I I seldom, almost never extend my assignment, even even though that's for final assignment essay just quickly solve it.",4
195,114,1,0,Nome,participant,"Solve this problem, even though the solution is not that good?",4
199,117,0,0,Tiffany Qian,participant,But will the extension influence like got the impact on your final school.,4
200,118,0,0,Irene,participant,No.,4
201,119,0,0,Nome,participant,Actually no.,4
202,120,0,0,Tiffany Qian,participant,Oh. so it's a good choice to get extension for final assignments.,4
203,121,0,0,Irene,participant,"Sometimes, if you know you you got an extension, and then you will just like relax and not be too stressful to or working so hard like like euro.",4
205,121,2,0,Irene,participant,"So for me, the better choice is not to extend my due date.",4
207,121,4,0,Irene,participant,Time is fine.,4
208,122,0,0,Jinchi LIU,participant,So we can talk about the 3 questions.,4
209,123,0,0,Nome,participant,"3rd question, yeah, solution on.",4
210,124,0,0,Jinchi LIU,participant,I think we should adapt to a positive and adaptable mindset.,4
212,126,0,0,Jinchi LIU,participant,Having a good mindset is so necessary.,4
215,126,3,0,Jinchi LIU,participant,If I can do something to strive for the chance.,4
216,126,4,0,Jinchi LIU,participant,Just do it because I've heard the one words that the best solution to overcome anxiety is to take action.,4
217,126,5,0,Jinchi LIU,participant,If you then everything you can do.,4
218,126,6,0,Jinchi LIU,participant,all that's left is destiny.,4
219,126,7,0,Jinchi LIU,participant,So wait for the results and be prepared for any outcome that maybe happen at any time.,4
220,127,0,0,Irene,participant,"Yeah, I totally agree.",4
221,127,1,0,Irene,participant,"And because because I I also my, my approach is to managing this through like positive self-talk is really similar with yours.",4
222,127,2,0,Irene,participant,And I also I often remind myself that everything would eventually get done because I I need to do one step at a time.,4
223,127,3,0,Irene,participant,It's better to like feel stressful.,4
224,127,4,0,Irene,participant,"Yeah. And I also made a detailed schedule like Time, manage my time effectively.",4
226,128,0,0,Jinchi LIU,participant,Yes.,4
228,130,0,0,Irene,participant,So do you have other recommendations for that.,4
229,131,0,0,Jinchi LIU,participant,Hmm! Just to adapted a good mindset because for me about my New Zealand visa in mid break I applied visa for a long day.,4
230,131,1,0,Jinchi LIU,participant,"But it didn't give me the visa, so I tried to call them and send email to them.",4
231,131,2,0,Jinchi LIU,participant,but I haven't received any response until the flight.,4
232,131,3,0,Jinchi LIU,participant,Maybe maybe my flight is tomorrow.,4
233,131,4,0,Jinchi LIU,participant,And today I haven't received my New Zealand visa.,4
234,131,5,0,Jinchi LIU,participant,so I think I try my best.,4
235,131,6,0,Jinchi LIU,participant,"I can do my, I can do anything I can do.",4
236,131,7,0,Jinchi LIU,participant,So that's life is definitely.,4
237,131,8,0,Jinchi LIU,participant,I weigh the result.,4
238,131,9,0,Jinchi LIU,participant,until the the afternoon.,4
239,131,10,0,Jinchi LIU,participant,About one pm. I received a New Zealand from email.,4
240,131,11,0,Jinchi LIU,participant,"So the business give me a lot of a lot of how to say experience, how to to how to deal the stress, because the visa also give me a lot of prior because I have afforded a lot of money just like flight accommodation and some sport the tickets.",4
241,131,12,0,Jinchi LIU,participant,"Yeah. it's totally 3,000 New Zealand dollars a.",4
242,131,13,0,Jinchi LIU,participant,It is a quite a lot a month of model.,4
243,132,0,0,Nome,participant,Yeah. So so that such as the accommodation you can refund.,4
244,132,1,0,Nome,participant,"Ask for refund, right?",4
247,133,0,0,Jinchi LIU,participant,"this. These 2 is 6 to 6 person, 6 people.",4
248,133,1,0,Jinchi LIU,participant,I will.,4
253,136,2,0,Nome,participant,Okay? So so you guys and Bti is J.,4
254,136,3,0,Nome,participant,"Person or P. Person, judging or perceiving G.",4
255,137,0,0,wenqi,participant,Jeez.,4
256,138,0,0,Nome,participant,"Me, too. I'm jay person.",4
257,139,0,0,Irene,participant,But but Mt. Actually.,4
258,139,1,0,Irene,participant,I I really want to change my Mbti to a J.,4
259,139,2,0,Irene,participant,"Person, but but it's hard.",4
260,139,3,0,Irene,participant,"I have tried many times to test my Bpm, but it's always like.",4
261,140,0,0,Tiffany Qian,participant,Decrease it.,4
262,141,0,0,Irene,participant,"Because I I yeah, cause I reckon 3 person like they're all always like they can plan all the things very well.",4
265,143,0,0,Irene,participant,That you join.,4
266,144,0,0,Nome,participant,"Moment is is also really really great, because I'm a j.",4
269,144,3,0,Nome,participant,P. Person is more.,4
271,144,5,0,Nome,participant,"You, you go first.st",4
273,145,1,0,Irene,participant,I I always wanted to be a J person in that on that moment.,4
274,145,2,0,Irene,participant,"Yeah. But actually, in my daily life I really enjoy just like you said, I really enjoy enjoy.",4
275,145,3,0,Irene,participant,"Now enjoy the moment right now, because if I maybe take a wrong train or wrong Metro to a wrong place, I would in I would.",4
276,145,4,0,Irene,participant,"I would, walking through the walking along the seaside, or just enjoy the.",4
278,147,0,0,Irene,participant,You've got a place.,4
280,148,0,0,Nome,participant,7.th,4
281,149,0,0,Irene,participant,"Randomly work to. Yeah, because I found that maybe it's interesting.",4
282,149,1,0,Irene,participant,"But I have a J person friend, because she, if she encounter like that situation, she would immediately change his route to the right place.",4
287,154,0,0,Nome,participant,Happen.,4
291,158,0,0,Jinchi LIU,participant,You can play with the people who good at how good I'd plan.,4
293,160,0,0,wenqi,participant,It's a good solution.,4
294,160,1,0,wenqi,participant,Yep.,4
295,161,0,0,Irene,participant,"But actually, if I want to travel to to some places, I would make plan for that.",4
296,161,1,0,Irene,participant,"But maybe some some person will not, but actually and because my Mbti is EN.",4
297,161,2,0,Irene,participant,"Fp. And one of my best friend, her Mbti is Istg.",4
298,161,3,0,Irene,participant,We are totally different.,4
299,162,0,0,Tiffany Qian,participant,Wow!,4
301,163,1,0,Irene,participant,have totally different. Hmm.,4
302,163,2,0,Irene,participant,totally different view towards one thing.,4
303,163,3,0,Irene,participant,But the interesting is we we we are happy to stay together.,4
305,164,0,0,Nome,participant,A little happy dog.,4
306,165,0,0,Jinchi LIU,participant,But bti can be changed.,4
309,168,0,0,Irene,participant,"yeah, but I have being Efp for about 5 more years.",4
310,168,1,0,Irene,participant,"When I 1st test my Mbti, I was Enfp, and until now I still have is a enfp.",4
314,171,0,0,Nome,participant,"Never have any still, negative attitude to his life.",4
317,171,3,0,Nome,participant,"I forgot I was positive, just really positive to life, because.",4
318,172,0,0,Irene,participant,Bye.,4
319,173,0,0,Nome,participant,"Never be anxious, and it's not a Jefferson.",4
320,174,0,0,Jinchi LIU,participant,I was an I person before.,4
321,174,1,0,Jinchi LIU,participant,But now I'm an E person.,4
324,174,4,0,Jinchi LIU,participant,Maybe 50%. I 50% E.,4
325,175,0,0,wenqi,participant,"I'm introverted Person. And for, and I am also Jay, and for me I have.",4
326,175,1,0,wenqi,participant,"It's and I'm I'm jay, but that means I have I do think I or I do make plans for everything.",4
327,175,2,0,wenqi,participant,I think it depends on different aspects of my life.,4
328,175,3,0,wenqi,participant,"And for some, for example, if I have to finish some assignments and were to go travel with my friends.",4
329,175,4,0,wenqi,participant,"I usually do. I usually make plans, but if sometimes like, if I had to do some cleaning.",4
330,175,5,0,wenqi,participant,I always delay my plan.,4
332,177,0,0,wenqi,participant,Do these actions in.,4
333,177,1,0,wenqi,participant,"And as I, as I planned immediately with something he was.",4
334,177,2,0,wenqi,participant,so I think it depends on different situations.,4
336,178,0,0,Tiffany Qian,participant,Sorry sorry after you ting shu.,4
337,179,0,0,Jinchi LIU,participant,Thank you. I would ask 20 if something's direction is not your plans.,4
339,180,0,0,wenqi,participant,"Yeah, most of the time we feel uncomfortable.",4
340,180,1,0,wenqi,participant,"For example, last last Saturday I have Well, I have to.",4
341,180,2,0,wenqi,participant,"I have my sheet, and I have to begin my work at one Pm.",4
342,180,3,0,wenqi,participant,"And on my way to my workplace I got a phone from my manager and she said, I need to start at 2 Pm.",4
344,180,5,0,wenqi,participant,"And so I said, Okay, I can be there at 2 Pm.",4
345,180,6,0,wenqi,participant,"And then I take the train to come back home, and I rest for 30 min, and then I go.",4
346,180,7,0,wenqi,participant,I take the train and try and go to the workplace again.,4
348,182,0,0,Jinchi LIU,participant,"Me, too. The same.",4
349,182,1,0,Jinchi LIU,participant,"So what causes mental internal friction for the so question, what do you think of.",4
350,183,0,0,Nome,participant,The relationship between between them.,4
352,185,0,0,Irene,participant,"I reckon, mental internal friction happens when when you have conflicting thoughts or feelings like when you are stuck between different responsibility or expectations like we will, we might feel pressure to study for an important exam, but also feel guilty for not spending enough time with family.",4
354,185,2,0,Irene,participant,"Yeah, because it's Chris, and like inner struggle, because you are torn, because between when what you want to do and what you think you should do is is like, yeah.",4
355,186,0,0,Jinchi LIU,participant,For me. I think we are facing the pressure from society and family.,4
356,186,1,0,Jinchi LIU,participant,"For example, it is generally believed in society that graduates from highly educated universities must be associated with high paying jobs, high salary jobs.",4
359,188,0,0,Jinchi LIU,participant,Or even top university graduates are not all that special.,4
360,188,1,0,Jinchi LIU,participant,"So I think, the prior we encounter, maybe from society or our family.",4
361,188,2,0,Jinchi LIU,participant,Do you think so?,4
362,189,0,0,Tiffany Qian,participant,"Yeah, that will. That's gross.",4
363,190,0,0,Jinchi LIU,participant,"And maybe some people say, Oh, you graduated from Uni Melbour.",4
364,190,1,0,Jinchi LIU,participant,The chaos is.,4
365,191,0,0,Nome,participant,13.,4
366,192,0,0,Jinchi LIU,participant,We haven't found her salary job.,4
368,194,0,0,Irene,participant,"Yeah, and it's and it's closely related to stress.",4
369,194,1,0,Irene,participant,"Because, like these things make it harder to focus and manage our pressure.",4
370,194,2,0,Irene,participant,Yeah. like the the mental internal friction makes our stress harder to manage.,4
371,194,3,0,Irene,participant,"Yeah and and the more as resolved this inner conflicts are, the more stressed we will feel and.",4
372,195,0,0,Tiffany Qian,participant,Yes.,4
373,196,0,0,Irene,participant,"Yeah, yeah, because we are trying to jungle everything.",4
376,197,1,0,Nome,participant,if you still want to work on this on this area.,4
377,197,2,0,Nome,participant,Maybe you can get more money.,4
378,197,3,0,Nome,participant,So I I haven't expect to earn so much money and to finish myself applying acoustics.,4
379,198,0,0,wenqi,participant,"True, true.",4
380,199,0,0,Nome,participant,So so what? What do do you guys want to be in the future?,4
382,200,0,0,Jinchi LIU,participant,I think in our major maybe some people will be teacher.,4
384,200,2,0,Jinchi LIU,participant,They're transfer another industry.,4
386,201,1,0,Nome,participant,so many students. They specialize in tesol.,4
387,201,2,0,Nome,participant,And I want to be an English teacher in the future.,4
390,201,5,0,Nome,participant,Maybe that's none of the business of my major right?,4
392,201,7,0,Nome,participant,You can do everything other majors to.,4
394,201,9,0,Nome,participant,Not that useful. I'm not that sure whether I'm right.,4
396,203,0,0,Jinchi LIU,participant,One of my classmates.,4
397,203,1,0,Jinchi LIU,participant,She have received the offer from Pindodo.,4
400,206,0,0,Irene,participant,And Triton's is.,4
401,207,0,0,Jinchi LIU,participant,Called Champion Yunyoung.,4
403,209,0,0,Jinchi LIU,participant,in order to apply the big company.,4
404,209,1,0,Jinchi LIU,participant,"Big company's position. She have some internship like one E, or quite show.",4
407,212,0,0,Jinchi LIU,participant,In one E or choir shows.,4
408,212,1,0,Jinchi LIU,participant,Position is also productive operation.,4
409,212,2,0,Jinchi LIU,participant,So in for recruitment.,4
410,212,3,0,Jinchi LIU,participant,it's very competitive. If you haven't the internship they?,4
411,212,4,0,Jinchi LIU,participant,"Maybe they want to see your Cv, yeah.",4
413,214,0,0,Jinchi LIU,participant,"So for me. I have several education internship, but if I want to transfer, transfer mine.",4
414,214,1,0,Jinchi LIU,participant,transfer the industry like like my classmates.,4
415,214,2,0,Jinchi LIU,participant,it's a little bit difficult.,4
416,215,0,0,Nome,participant,In here because it's never too late.,4
418,216,0,0,Tiffany Qian,participant,Okay.,4
419,217,0,0,Nome,participant,Be brett.,4
420,218,0,0,wenqi,participant,"Yeah, I think it depends on the people's different thoughts.",4
421,218,1,0,wenqi,participant,A different.,4
423,220,0,0,wenqi,participant,"Parts of their of their life, and, for example, and and for me, I want to be on teacher, since when I was, and why, I'm in my primary school.",4
424,220,1,0,wenqi,participant,I think I really admire that teacher.,4
425,220,2,0,wenqi,participant,"They're standing on the stage, and they and share their knowledges to students.",4
426,220,3,0,wenqi,participant,And now for me.,4
427,220,4,0,wenqi,participant,"I still want to be an English teacher in China, but but but at the same time I also want to do some other can't job like and for for me.",4
428,220,5,0,wenqi,participant,Now I'm doing some works about storage.,4
429,220,6,0,wenqi,participant,and I think it makes me feel comfortable.,4
430,220,7,0,wenqi,participant,"I feel everything is quite different for me so, and sometimes I think people should not and or people should and can stand up, stand out of their uncomfortable zoom.",4
431,220,8,0,wenqi,participant,"and they can find something quite different, and something is interesting for you.",4
432,221,0,0,Jinchi LIU,participant,"Yeah, it's a sense of unevenness and balance.",4
433,222,0,0,Irene,participant,Or like sink outside the box.,4
434,223,0,0,Nome,participant,Again.,4
435,224,0,0,Irene,participant,"Yeah, we can find our way, even though it's not relevant to our major.",4
437,225,0,0,Nome,participant,"That's true. Then maybe maybe it's my background limits my my thoughts, because my whole family they are.",4
438,225,1,0,Nome,participant,"Almost everyone is a teacher, and maybe I'm the 4th generation of being a teacher in in our family, so I can't expect what can.",4
439,225,2,0,Nome,participant,What can I be?,4
441,225,4,0,Nome,participant,I've tried to have some internship just like a human resource.,4
442,225,5,0,Nome,participant,but that's that's a little bit challenging for me.,4
443,225,6,0,Nome,participant,"You have to deal with so many prob, so many pro problems you, you can't expect so I'm afraid.",4
444,225,7,0,Nome,participant,"Sometimes accident happen, or you can't.",4
445,225,8,0,Nome,participant,"You have to solve it immediately, even though you have no experience to solve that you have to do it.",4
446,225,9,0,Nome,participant,You have to do it.,4
447,226,0,0,Jinchi LIU,participant,"Yeah, my my classmates she said that she in quite sure her work time from 11 Am.",4
448,226,1,0,Jinchi LIU,participant,To 11 Pm.,4
450,228,0,0,Jinchi LIU,participant,A long time to work.,4
451,229,0,0,Tiffany Qian,participant,Like 12 HA day.,4
454,232,0,0,Tiffany Qian,participant,And stop.,4
455,233,0,0,Nome,participant,Yeah. The 7 Pm.,4
456,233,1,0,Nome,participant,And the 7 Pm.,4
457,234,0,0,Tiffany Qian,participant,Day and night.,4
458,235,0,0,Nome,participant,"Yeah, that's that's also 12 h.",4
459,236,0,0,wenqi,participant,More than 12 h.,4
460,237,0,0,Nome,participant,"Yeah, but at least they have a summer summer vacation and winter vacation.",4
461,238,0,0,wenqi,participant,Teachers may also have the low payment.,4
463,240,0,0,Tiffany Qian,participant,"Yeah, especially in China.",4
465,242,0,0,Tiffany Qian,participant,Like not like the 1st tier cities like small cities.,4
466,242,1,0,Tiffany Qian,participant,"The very, very low pavement.",4
467,243,0,0,Irene,participant,You are.,4
468,244,0,0,Nome,participant,That's true.,4
469,245,0,0,Jinchi LIU,participant,"Yeah, do you want to be?",4
470,245,1,0,Jinchi LIU,participant,Which type of English teacher?,4
471,245,2,0,Jinchi LIU,participant,"Which type university teacher or middle school teacher, public school or private school.",4
472,246,0,0,Nome,participant,"Maybe public school. because I still just after my days I have, I have to fly to Beijing, but my!",4
473,246,1,0,Nome,participant,"My hometown is is Shenzhen, because I just bring my and bring my assignment to the way to have try to find a job.",4
474,246,2,0,Nome,participant,Been bring my resume and and my final assignments on the way to find Joe.,4
475,247,0,0,Jinchi LIU,participant,You. You say you want to be a teacher in public school.,4
476,248,0,0,Nome,participant,"Yeah, a public school.",4
477,249,0,0,Jinchi LIU,participant,You need to attend in Chinese Shibie.,4
478,250,0,0,Nome,participant,"Yeah, that's true. That's true.",4
479,250,1,0,Nome,participant,"Yes, yes.",4
480,251,0,0,Jinchi LIU,participant,Is also competitive. Todd.,4
482,252,1,0,Nome,participant,"most of students they try to find Job close to them, such as in the place of Wuhan or Guangzhou to get a job from Shenzhen.",4
483,252,2,0,Nome,participant,"But but this time Beijing is a little bit far away from there, and that means you have more chance.",4
484,252,3,0,Nome,participant,because because there are less person try to but try to.,4
485,252,4,0,Nome,participant,How to say that.,4
486,252,5,0,Nome,participant,join in the join in the interview?,4
487,252,6,0,Nome,participant,That does it? Does it cause?,4
488,252,7,0,Nome,participant,Means this interview.,4
491,254,1,0,Nome,participant,I'll try to have some question and organize later.,4
492,254,2,0,Nome,participant,That's the interview. So what about,4
493,255,0,0,Tiffany Qian,participant,Are you?,4
496,257,0,0,Jinchi LIU,participant,Some companies have several rounds of interviews.,4
497,257,1,0,Jinchi LIU,participant,"For example, 4 or 5, 4, or 5 rounds.",4
498,258,0,0,Nome,participant,"That's crazy. Yeah. Maybe the 1st 1st 2 round is from Hr, and maybe go further.",4
499,258,1,0,Nome,participant,It's from the it's from your leader in the future.,4
500,258,2,0,Nome,participant,Maybe.,4
501,259,0,0,Jinchi LIU,participant,But I haven't attend any interviews.,4
503,261,0,0,Jinchi LIU,participant,So we can talk about the 5 questions.,4
504,261,1,0,Jinchi LIU,participant,What advice would you give to someone who is struggling to manage their stress like I said.,4
505,262,0,0,Irene,participant,Before yes.,4
508,263,2,0,Jinchi LIU,participant,"Yeah, especially the things that didn't happen.",4
510,265,0,0,Jinchi LIU,participant,"Secondly, be prepared for all kinds of situations.",4
511,265,1,0,Jinchi LIU,participant,"and finally. we can release stress in various ways, such as shopping, traveling, and eating delicious food.",4
512,266,0,0,Nome,participant,That's true.,4
514,268,0,0,Tiffany Qian,participant,Very good idea.,4
515,269,0,0,Jinchi LIU,participant,No. thank you.,4
517,271,0,0,Jinchi LIU,participant,"Yeah, they will use some.",4
518,271,1,0,Jinchi LIU,participant,Otherwise.,4
521,274,0,0,Irene,participant,"Actually, when you ask for help to someone else, the importance is not the advice itself, but just like you want to share your feeling with someone else.",4
524,275,0,0,Nome,participant,"Yeah, sometimes. If my friend is under pressure, maybe I give some advice that's useless.",4
525,275,1,0,Nome,participant,"And and I I believe, my friends, they are all smarter than me.",4
529,277,0,0,Nome,participant,Hmm.,4
530,278,0,0,Irene,participant,"And just like, or we can try to split our tasks into smaller, more manageable steps.",4
532,280,0,0,Irene,participant,"Yeah. And we can focus one thing at a time, and it will make us for feels less overwhelming.",4
533,281,0,0,Nome,participant,"Hmm, yeah, that's true.",4
534,282,0,0,Jinchi LIU,participant,So anyone have ordered otherwise.,4
536,283,1,0,Tiffany Qian,participant,"Get yourself busy, and you won't forget anything.",4
538,283,3,0,Tiffany Qian,participant,and all the things will be done effectively.,4
539,284,0,0,Irene,participant,Yeah. Yep.,4
