Unnamed: 0,turn_index,sent_index,segment,speaker,role,text,topic_cluster
49,22,0,0,Tiffany Qian,participant,Oh!,3
50,23,0,0,Nome,participant,"Oh, that cools! Do you actually.",3
63,32,0,0,Tiffany Qian,participant,"Oh, my! Gosh!",3
64,33,0,0,Nome,participant,Oh!,3
74,39,0,0,Tiffany Qian,participant,Oh!,3
82,43,0,0,Irene,participant,"Oh, 3,000. Yeah, for individuals.",3
84,44,0,0,Nome,participant,"Oh, so you are in groups, right?",3
104,56,4,0,Nome,participant,"Oh, my God! Just stopped!",3
107,57,0,0,Jinchi LIU,participant,Oh! Oh!,3
108,58,0,0,wenqi,participant,"Oh, yeah.",3
110,59,1,0,Nome,participant,"Oh, my God!",3
122,68,0,0,Irene,participant,"Oh, just one of a friend.",3
136,77,0,0,Tiffany Qian,participant,"Oh, my God!",3
138,78,1,0,wenqi,participant,"Oh, she always guide, guided me to do something, and she do.",3
153,86,0,0,Nome,participant,"Oh, that's true!",3
177,102,1,0,Jinchi LIU,participant,"Oh, oh.",3
178,103,0,0,Irene,participant,Oh!,3
179,104,0,0,Nome,participant,"Oh, got it!",3
249,134,0,0,Nome,participant,"Oh, that's oh!",3
250,135,0,0,Jinchi LIU,participant,"Oh, it's a little bit of trouble to.",3
272,145,0,0,Irene,participant,"Oh, yeah, just like, oh, sorry just like when I doing my homework.",3
283,150,0,0,Nome,participant,"Oh, God!",3
316,171,2,0,Nome,participant,"But after that oh, my God!",3
338,179,1,0,Jinchi LIU,participant,"So? Oh. if you feel uncomfortable, all set.",3
347,181,0,0,Nome,participant,Oh!,3
358,187,0,0,Nome,participant,"Oh, yeah.",3
367,193,0,0,Tiffany Qian,participant,Oh!,3
383,200,1,0,Jinchi LIU,participant,"Oh, some people transferred.",3
398,204,0,0,Tiffany Qian,participant,Oh! Hold on!,3
405,210,0,0,Nome,participant,Oh!,3
406,211,0,0,Irene,participant,Oh!,3
412,213,0,0,Nome,participant,"Oh, yeah, that's true.",3
449,227,0,0,Nome,participant,Oh!,3
462,239,0,0,Nome,participant,Oh!,3
490,254,0,0,Nome,participant,"Okay. Okay? Because oh, when once I talk about interview, I just like, Oh, interview, try to.",3
