Unnamed: 0,turn_index,sent_index,segment,speaker,role,text,dialogue_act,informational motive,coordinative motive,social motive,topic_cluster
42,1,0,0,Felicity,participant,"Yes, I'm I'm yeah.",,,,,4
53,6,0,0,Bryan(Host),moderator,Yeah.,All Utility,False,False,True,4
75,14,6,0,Bryan(Host),moderator,"Phd, yeah.",All Utility,True,False,False,4
98,23,0,0,Felicity,participant,"Yeah, that. That's it.",,,,,4
99,24,0,0,Bryan(Host),moderator,"Experience? As well, yeah.",Probing,True,False,False,4
101,26,0,0,Bryan(Host),moderator,Yeah.,All Utility,False,False,True,4
115,33,0,0,Leo,participant,"Yeah, yeah, yeah.",,,,,4
131,43,1,0,Leo,participant,Yeah.,,,,,4
137,49,0,0,Leo,participant,"Yeah, yeah, yeah.",,,,,4
167,57,12,0,leyi,participant,Yeah.,,,,,4
170,59,0,0,leyi,participant,"Yeah, say.",,,,,4
172,61,0,0,leyi,participant,"Yeah, yeah, definitely. So it's always make me feel anxious.",,,,,4
184,61,12,0,leyi,participant,"Yeah, you know, like this.",,,,,4
188,63,0,0,leyi,participant,Yeah. Yeah. And I was because I want to escape.,,,,,4
194,63,6,0,leyi,participant,Yeah.,,,,,4
201,65,2,0,leyi,participant,Yeah.,,,,,4
212,68,0,0,Bryan(Host),moderator,Yeah.,All Utility,False,False,True,4
216,69,3,0,leyi,participant,"Yeah, that one may feel better.",,,,,4
218,69,5,0,leyi,participant,Yeah.,,,,,4
220,71,0,0,leyi,participant,"Yeah, yeah.",,,,,4
226,75,1,0,leyi,participant,Yeah. yeah. So we all anxious about our future.,,,,,4
231,75,6,0,leyi,participant,Yeah.,,,,,4
236,77,3,0,leyi,participant,Yeah.,,,,,4
244,79,5,0,Felicity,participant,But other sales. Yeah.,,,,,4
276,84,20,0,Bryan(Host),moderator,Yeah. So that's so.,All Utility,False,False,False,4
301,92,5,0,Bryan(Host),moderator,"do you find it stressful or very kind of yeah, at the.",Probing,True,False,False,4
308,94,0,0,Bryan(Host),moderator,Yeah.,All Utility,False,False,True,4
311,97,0,0,Felicity,participant,Yeah. So I think everyone will have a job.,,,,,4
327,102,2,0,Bryan(Host),moderator,Yeah.,All Utility,False,False,True,4
328,103,0,0,Leo,participant,"Yeah, I guess so.",,,,,4
333,106,0,0,Bryan(Host),moderator,Yeah.,All Utility,False,False,True,4
338,109,0,0,Leo,participant,"Yeah, yeah, the. I think I also want to share some of my like a, I guess scientific findings.",,,,,4
354,116,0,0,Bryan(Host),moderator,"Hmm, yeah. Yeah. So have you tried since you mentioned meditation?",Probing,True,False,False,4
366,122,1,0,Bryan(Host),moderator,"I see. Yeah, I think a lot of time.",Supplement,True,False,False,4
425,125,14,0,leyi,participant,"Yeah, I will try my best.",,,,,4
428,126,2,0,Bryan(Host),moderator,"Yeah, yeah, happy. Or I think it kind of depend on personality.",Supplement,True,False,True,4
429,126,3,0,Bryan(Host),moderator,Yeah.,All Utility,False,False,True,4
439,128,0,0,Bryan(Host),moderator,"Yeah, yeah, I can see.",All Utility,False,False,True,4
445,128,6,0,Bryan(Host),moderator,"yeah. And then that you don't want that because, yeah, you're happy to help them as a friend, of course.",Interpretation,False,False,True,4
462,132,0,0,Bryan(Host),moderator,Yeah.,All Utility,False,False,True,4
489,145,0,0,Felicity,participant,"Yeah, I did have a lot I had.",,,,,4
508,147,13,0,Felicity,participant,"But gradually, yeah.",,,,,4
510,149,0,0,Felicity,participant,"Yeah, yeah. And every time the same, I every time the problems were very same.",,,,,4
511,150,0,0,Bryan(Host),moderator,"Yeah, just.",All Utility,False,False,True,4
515,153,0,0,leyi,participant,"Yeah, oh, this.",,,,,4
523,158,1,0,leyi,participant,Yeah.,,,,,4
528,160,0,0,leyi,participant,"Yeah, same, same.",,,,,4
531,161,2,0,Bryan(Host),moderator,Yeah.,All Utility,False,False,False,4
534,162,2,0,leyi,participant,"So it's like, yeah.",,,,,4
539,162,7,0,leyi,participant,Yeah.,,,,,4
541,163,1,0,Bryan(Host),moderator,"So, yeah, my friend.",All Utility,False,False,True,4
562,169,4,0,Bryan(Host),moderator,But yeah.,All Utility,False,False,True,4
566,173,0,0,Bryan(Host),moderator,"Oh, by the looks, yeah, sometimes.",Supplement,False,False,True,4
567,173,1,0,Bryan(Host),moderator,Yeah. By the looks.,All Utility,False,False,False,4
574,178,0,0,Leo,participant,"Yeah, yeah.",,,,,4
