Unnamed: 0,turn_index,sent_index,segment,speaker,role,text,dialogue_act,informational motive,coordinative motive,social motive,topic_cluster
0,0,0,0,Bryan(Host),moderator,So welcome to the sessions.,All Utility,False,False,True,0
4,0,4,0,Bryan(Host),moderator,So there's a there's a work called final fight.,Supplement,True,False,False,0
6,0,6,0,Bryan(Host),moderator,"or or, you know, push you forward to be brave, to be courageous, and to to to to chase after the scene that that's beneficial for you.",Supplement,True,False,False,0
7,0,7,0,Bryan(Host),moderator,but depend on different individual.,Supplement,True,False,False,0
9,0,9,0,Bryan(Host),moderator,"So today, I think this discussion is going to be interesting, and also can be helpful for each one of individual here.",Supplement,True,False,True,0
11,0,11,0,Bryan(Host),moderator,And also. how do they affect you so?,Probing,True,False,False,0
12,0,12,0,Bryan(Host),moderator,Maybe starting for myself?,Supplement,False,True,True,0
14,0,14,0,Bryan(Host),moderator,because currently I'm a Phd student.,Supplement,True,False,False,0
15,0,15,0,Bryan(Host),moderator,And I'm doing my research.,Supplement,True,False,False,0
17,0,17,0,Bryan(Host),moderator,The difference is that for the coursework.,Supplement,True,False,False,0
18,0,18,0,Bryan(Host),moderator,"As long as you spend your effort, you spend your time, you have you, you focus on the lecture, you do your assignment, and then you, you can, you know, expect to have certain good outcomes?",Supplement,True,False,False,0
19,0,19,0,Bryan(Host),moderator,"That's, you know, that you deserve.",Supplement,True,False,False,0
20,0,20,0,Bryan(Host),moderator,You pay off on your efforts right?,Supplement,True,False,False,0
21,0,21,0,Bryan(Host),moderator,"But research is kind of different, because there's a lot of saying that you don't know.",Supplement,True,False,False,0
22,0,22,0,Bryan(Host),moderator,"You might end up spending a lot of time, but you get some.",Supplement,True,False,False,0
23,0,23,0,Bryan(Host),moderator,You get nothing back.,Supplement,True,False,False,0
25,0,25,0,Bryan(Host),moderator,I don't know where I'm doing the right thing.,Supplement,True,False,False,0
26,0,26,0,Bryan(Host),moderator,"I'm doing, not sure where I'm going.",Supplement,True,False,False,0
27,0,27,0,Bryan(Host),moderator,I'm not even sure.,Supplement,True,False,False,0
28,0,28,0,Bryan(Host),moderator,"After I finish my Phd, where I will be.",Supplement,True,False,False,0
29,0,29,0,Bryan(Host),moderator,"Yeah. And a supervisor they usually just only give me a big picture, but they don't give me a very detailed guideline.",Supplement,True,False,False,0
31,0,31,0,Bryan(Host),moderator,"So, and it does kind of affect my life as well.",Supplement,True,False,False,0
32,0,32,0,Bryan(Host),moderator,"Sometime, probably, I become more.",Supplement,True,False,False,0
33,0,33,0,Bryan(Host),moderator,People say I become more introvert rather than extrovert.,Supplement,True,False,False,0
34,0,34,0,Bryan(Host),moderator,I choose to spend more time to just be myself rather than social.,Supplement,True,False,False,0
35,0,35,0,Bryan(Host),moderator,"I think that's something that happened to me in the last one or 2 years, and also people share from their perspective.",Supplement,False,False,True,0
36,0,36,0,Bryan(Host),moderator,How I have changed so far.,Supplement,True,False,False,0
37,0,37,0,Bryan(Host),moderator,"So yeah, so let's see this share.",Instruction,False,True,False,0
39,0,39,0,Bryan(Host),moderator,"And also, how does it affect you?",Probing,True,False,False,0
40,0,40,0,Bryan(Host),moderator,Maybe we can start from velocity.,Instruction,True,True,False,0
46,2,0,0,Bryan(Host),moderator,It's.,All Utility,False,False,False,0
48,3,1,0,Felicity,participant,And you know it's there is an exist any.,,,,,0
49,3,2,0,Felicity,participant,"I mean, there isn't any perfect experiment design existing in the world.",,,,,0
50,4,0,0,Bryan(Host),moderator,Hmm.,All Utility,False,False,True,0
52,5,1,0,Felicity,participant,There are still a lot of weaknesses.,,,,,0
54,7,0,0,Felicity,participant,"But that's it doesn't mean too much for me, because I think that's natural.",,,,,0
57,9,0,0,Felicity,participant,Yes.,,,,,0
58,10,0,0,Bryan(Host),moderator,"Only in Japan, currently.",Supplement,True,False,False,0
59,11,0,0,Felicity,participant,"Yes, yes, yes, and my!",,,,,0
60,11,1,0,Felicity,participant,My Japanese is not that good?,,,,,0
61,11,2,0,Felicity,participant,And I feel it very difficult to listen listening to others.,,,,,0
64,12,0,0,Bryan(Host),moderator,"Yeah, I can imagine your life must be very difficult.",Supplement,False,False,True,0
66,12,2,0,Bryan(Host),moderator,How long have you been?,Probing,True,False,True,0
67,12,3,0,Bryan(Host),moderator,Japan?,Probing,True,False,False,0
68,13,0,0,Felicity,participant,Since last year. It's almost 2 years.,,,,,0
69,14,0,0,Bryan(Host),moderator,So it's still fairly new.,Interpretation,False,False,True,0
70,14,1,0,Bryan(Host),moderator,And you're still adapting to the new environment.,Interpretation,False,False,True,0
77,16,0,0,Bryan(Host),moderator,Right.,All Utility,False,False,True,0
79,17,1,0,Felicity,participant,I'm still in the 1st year.,,,,,0
80,17,2,0,Felicity,participant,"It's too much subjects to do, and a lot lot of Japanese presentations.",,,,,0
82,17,4,0,Felicity,participant,So that's quite stressful.,,,,,0
84,18,1,0,Bryan(Host),moderator,Or how does that influence you?,Probing,True,False,False,0
85,18,2,0,Bryan(Host),moderator,Does it change your personality?,Probing,True,False,False,0
87,18,4,0,Bryan(Host),moderator,Some the way you are thinking?,Probing,True,False,False,0
88,18,5,0,Bryan(Host),moderator,Or how does it change your life?,Probing,True,False,False,0
89,19,0,0,Felicity,participant,Well chained it. I don't I don't really.,,,,,0
90,19,1,0,Felicity,participant,I'm not sure about.,,,,,0
91,19,2,0,Felicity,participant,"This is a very introverted person, and I think I still am an introverted person.",,,,,0
93,20,0,0,Bryan(Host),moderator,Academic side of things.,Supplement,True,False,False,0
95,21,1,0,Felicity,participant,"I'd rather sitting there and reading books, reading all the papers by myself.",,,,,0
96,22,0,0,Bryan(Host),moderator,I see? I see.,All Utility,False,False,True,0
102,27,0,0,Felicity,participant,"Facts. It's not. There's no use to talk too much with others, because they can't help anything.",,,,,0
104,28,1,0,Bryan(Host),moderator,"Leo, what what do you say is your biggest stresses in your life?",Probing,True,False,False,0
105,28,2,0,Bryan(Host),moderator,Currently.,Probing,True,False,False,0
106,29,0,0,Leo,participant,Currency I don't know,,,,,0
107,30,0,0,Bryan(Host),moderator,"Or you have a peaceful life, easy.",Probing,True,False,False,0
109,31,1,0,Leo,participant,So I was looking for the job.,,,,,0
110,31,2,0,Leo,participant,That period was kind of stressful.,,,,,0
114,32,1,0,Bryan(Host),moderator,"Right? So you just you say you just found your job, and you just started a new job and.",Interpretation,True,False,False,0
119,37,0,0,Leo,participant,Of my of my work.,,,,,0
121,37,2,0,Leo,participant,But I guess my other stressor is I'm trying to find a girlfriend.,,,,,0
122,38,0,0,Bryan(Host),moderator,That's a.,All Utility,False,False,True,0
124,39,1,0,Leo,participant,But that's a hard.,,,,,0
125,39,2,0,Leo,participant,"Well, process, I guess.",,,,,0
128,41,0,0,Leo,participant,So.,,,,,0
130,43,0,0,Leo,participant,The I mean the expectation.,,,,,0
132,44,0,0,Bryan(Host),moderator,"No, no.",All Utility,False,False,True,0
133,45,0,0,Leo,participant,"Definitely, from myself.",,,,,0
138,50,0,0,Bryan(Host),moderator,"Perspective. So do you think, how does that change your behavior?",Probing,True,False,False,0
139,50,1,0,Bryan(Host),moderator,"Do you become more motivated, more active to initiate contact with people, with girls?",Probing,True,False,False,0
140,50,2,0,Bryan(Host),moderator,Or you.,Probing,True,False,False,0
144,53,0,0,Leo,participant,So I'm right now.,,,,,0
145,53,1,0,Leo,participant,"I'm trying to expanding my, I guess social cycle.",,,,,0
149,54,3,0,Bryan(Host),moderator,"Try to be small, social.",Instruction,False,True,False,0
150,54,4,0,Bryan(Host),moderator,Can you.,Probing,True,False,False,0
151,55,0,0,Leo,participant,"Yes, I think yes.",,,,,0
153,56,1,0,Bryan(Host),moderator,"That's very interesting sharing Lee, could you?",Probing,True,False,True,0
155,57,0,0,leyi,participant,"Yeah, actually, I'm someone who gets stressed easily.",,,,,0
158,57,3,0,leyi,participant,"Because, you know, my major is applied linguistics.",,,,,0
159,57,4,0,leyi,participant,"So our major is like we study how language influences our person a people's personality, and how we use language to communicate.",,,,,0
161,57,6,0,leyi,participant,"Sometimes, I would say, and sometimes it's just too theoretical, and I cannot apply it into real job markets and because, you know, I want to find Job in China, and I just find I just can't find a job that matches my field, you know.",,,,,0
164,57,9,0,leyi,participant,But apply linguistic. It's just our background.,,,,,0
165,57,10,0,leyi,participant,So I can't really find a well decent job.,,,,,0
166,57,11,0,leyi,participant,So so that's currently my biggest distress.,,,,,0
169,58,1,0,Bryan(Host),moderator,"Not sure what's going to be the next step, and.",Interpretation,True,False,False,0
171,60,0,0,Bryan(Host),moderator,"Right? Okay? And and do you think, does that kind of make you affect your mood or affect your behavior a lot.",Probing,True,False,True,0
173,61,1,0,leyi,participant,And I always doubt myself.,,,,,0
174,61,2,0,leyi,participant,"Why, why would I spend a lot of money to study here.",,,,,0
175,61,3,0,leyi,participant,But even I study so hard.,,,,,0
176,61,4,0,leyi,participant,Even I invest a lot of money.,,,,,0
177,61,5,0,leyi,participant,But I still couldn't find a well decent job.,,,,,0
178,61,6,0,leyi,participant,What's the meaning of my life.,,,,,0
180,61,8,0,leyi,participant,"and I always become very sad, especially at night.",,,,,0
181,61,9,0,leyi,participant,and I nowadays I find myself unable to sleep.,,,,,0
182,61,10,0,leyi,participant,"and I always think about my future, my my job.",,,,,0
183,61,11,0,leyi,participant,How can I find a job?,,,,,0
185,62,0,0,Bryan(Host),moderator,Wow! That that really does sounds very stressful.,All Utility,False,False,True,0
186,62,1,0,Bryan(Host),moderator,I feel I feel the pity for you.,Supplement,False,False,True,0
187,62,2,0,Bryan(Host),moderator,"So are you still currently in Melbourne, or are you.",Probing,True,False,False,0
189,63,1,0,leyi,participant,"You know, I don't want to go back to China to because what once I go back to China I have definitely to become to prepare for some exams and to attend some job interviews.",,,,,0
190,63,2,0,leyi,participant,I don't want to do that.,,,,,0
191,63,3,0,leyi,participant,So I want to stay here to have a rest.,,,,,0
195,64,0,0,Bryan(Host),moderator,I can feel you.,Supplement,False,False,True,0
196,64,1,0,Bryan(Host),moderator,I can feel you so.,Supplement,False,False,True,0
197,64,2,0,Bryan(Host),moderator,How long has this situation been?,Probing,True,False,False,0
198,64,3,0,Bryan(Host),moderator,"Is it just recently, or it has been a while.",Probing,True,False,True,0
199,65,0,0,leyi,participant,It has been a long while since I choose this subject.,,,,,0
200,65,1,0,leyi,participant,"Yeah, since I major in this subject since my since I failed my go call examination, since I choose the English major in my bachelor degree, since I choose the applied linguistic in my master degree, I always kind of like be haunted by this, but that such kind of anxiety, I think only when I got a well decent job I will feel better.",,,,,0
202,66,0,0,Bryan(Host),moderator,Yeah. I hope that everything well goes well.,All Utility,False,False,True,0
204,66,2,0,Bryan(Host),moderator,"Then, probably, I think now it's probably a good transition point to move on to the next question about, how do we handle stressful situation also?",Instruction,True,True,False,0
205,66,3,0,Bryan(Host),moderator,Or how do we make relief?,Probing,True,False,False,0
206,66,4,0,Bryan(Host),moderator,"So so in the last few years you definitely have moment that you feel very, very stressful and anxious, and perhaps depressed.",Supplement,True,False,True,0
207,66,5,0,Bryan(Host),moderator,So how do you?,Probing,True,False,False,0
208,66,6,0,Bryan(Host),moderator,"How do you? You know, kind of survive with it.",Probing,True,False,True,0
209,66,7,0,Bryan(Host),moderator,How do you handle the center?,Probing,True,False,False,0
210,66,8,0,Bryan(Host),moderator,Handle? The fit? The strong feeling.,Probing,True,False,False,0
211,67,0,0,leyi,participant,Me!,,,,,0
213,69,0,0,leyi,participant,"Oh, so sometimes I would exercise.",,,,,0
215,69,2,0,leyi,participant,"When I finished this exercise, I still feel anxious, yeah, and also listening to some softer music, or just kept kept scrolling through the Tiktok.",,,,,0
217,69,4,0,leyi,participant,I used to spend a lot of time on it.,,,,,0
221,72,0,0,Bryan(Host),moderator,Just.,Supplement,True,False,False,0
222,73,0,0,leyi,participant,"Become. Yeah, just become absorbed into another field.",,,,,0
223,73,1,0,leyi,participant,Then I cannot think about my job.,,,,,0
225,75,0,0,leyi,participant,"Oh, well, actually, my friends have the same situation with me.",,,,,0
227,75,2,0,leyi,participant,"Yeah, because we choose this, major, because it's just a niche major in China and in Australia.",,,,,0
228,75,3,0,leyi,participant,So it's really hard to find a job that matches our field.,,,,,0
229,75,4,0,leyi,participant,The best way we can do is to become an English teacher.,,,,,0
230,75,5,0,leyi,participant,Yeah. maybe you don't want to.,,,,,0
232,76,0,0,Felicity,participant,Exactly.,,,,,0
233,77,0,0,leyi,participant,"Well, not because I want to, but because it's very competitive.",,,,,0
234,77,1,0,leyi,participant,"In China. If you want to be an English teacher, they would prefer the normal university, you know, like which in China we have a lot of normal university, they would prefer normal university students rather than someone who come to who study abroad.",,,,,0
235,77,2,0,leyi,participant,"Yeah. So it's very difficult for me to find English teacher, even though I got Master's degree in Melbourne, even though I got Master's degree in a flying in like the famous university in Australia.",,,,,0
237,78,0,0,Bryan(Host),moderator,"Well, that's very tough situations.",Supplement,False,False,True,0
239,79,0,0,Felicity,participant,"I, yeah, I I really feel Lee.",,,,,0
240,79,1,0,Felicity,participant,"And her words she just said, because I experienced exactly the same period with her when I graduated with the master of applied linguistics.",,,,,0
241,79,2,0,Felicity,participant,"But fortunately, I I'm really interested in being becoming an English teacher, and I didn't find a job at school.",,,,,0
242,79,3,0,Felicity,participant,"I find a job in an English institution, and that might be much easier for someone who is seeking for position, seeking for a job in this field.",,,,,0
245,80,0,0,Bryan(Host),moderator,Right.,All Utility,False,False,False,0
249,81,3,0,Felicity,participant,"I think if I'm going to give a presentation, I need to do my best.",,,,,0
251,81,5,0,Felicity,participant,"They were. They were as students when they are doing a master, and when they are doing their Phd.",,,,,0
252,81,6,0,Felicity,participant,So I think they know the feeling that I am experienced.,,,,,0
253,82,0,0,Bryan(Host),moderator,As well.,All Utility,False,False,True,0
254,83,0,0,Felicity,participant,So if I try my best they can understood.,,,,,0
255,83,1,0,Felicity,participant,"They can understand me in some ways, but I don't know how best is to try my best.",,,,,0
256,84,0,0,Bryan(Host),moderator,"Yeah, I think sometimes having those kind of cognitive mentorship is important to help you to not feeling as stressful.",Supplement,True,False,True,0
257,84,1,0,Bryan(Host),moderator,"So I, personally, I remember that when I just started my 1st job as an it engineer many years ago, my boss just assigned me a very, very difficult, almost impossible mission of Job.",Supplement,False,False,True,0
258,84,2,0,Bryan(Host),moderator,And and I feel really stressful.,Supplement,False,False,True,0
259,84,3,0,Bryan(Host),moderator,I didn't know what's the best.,Supplement,False,False,True,0
261,84,5,0,Bryan(Host),moderator,"And then no one I know have done it before, and I didn't know how to do it, and then I did it for one month, and I asked my boss, is it just for prototyping or experiment?",Supplement,True,False,False,0
262,84,6,0,Bryan(Host),moderator,"And he said, he's actually has signed a contract with the customer.",Supplement,True,False,False,0
264,84,8,0,Bryan(Host),moderator,They already signed a contract.,Supplement,True,False,False,0
265,84,9,0,Bryan(Host),moderator,"I can't get a scene down, but then, after a while, I kind of adjusted myself attitude I feel.",Supplement,True,False,False,0
266,84,10,0,Bryan(Host),moderator,even if this project fell.,Supplement,True,False,True,0
267,84,11,0,Bryan(Host),moderator,It's not my fault.,Supplement,False,False,True,0
268,84,12,0,Bryan(Host),moderator,It's the fault is not just my own responsibility.,Supplement,True,False,False,0
269,84,13,0,Bryan(Host),moderator,It's a the fault is also the manager's responsibility because he assigned a project to a Luki.,Supplement,True,False,False,0
270,84,14,0,Bryan(Host),moderator,"Right? So I just try my best, and as long as I try my best doesn't matter.",Supplement,True,False,True,0
271,84,15,0,Bryan(Host),moderator,It goes well or bad.,Supplement,False,False,True,0
272,84,16,0,Bryan(Host),moderator,It's it's not just my own fault.,Supplement,True,False,False,0
275,84,19,0,Bryan(Host),moderator,The rest is up to the manager.,Supplement,True,False,False,0
277,84,21,0,Bryan(Host),moderator,That's while my experience.,Supplement,True,False,False,0
279,84,23,0,Bryan(Host),moderator,"So you say, you also have gone through that time.",Confronting,True,False,False,0
280,84,24,0,Bryan(Host),moderator,"When you just finish your apply, master, apply linguistic master, and you couldn't find Job and couldn't don't know what's your next step for the future.",Probing,True,False,False,0
282,85,0,0,Felicity,participant,I just keep sending my resumes to the companies to all the.,,,,,0
284,87,0,0,Felicity,participant,As long as they are recruiting a English teacher.,,,,,0
285,87,1,0,Felicity,participant,and I got rejected for many times because they they don't need me to be their teachers.,,,,,0
286,87,2,0,Felicity,participant,They just want an some kind of assistant.,,,,,0
287,87,3,0,Felicity,participant,That's ridiculous.,,,,,0
288,88,0,0,Bryan(Host),moderator,Was that Becky was that baking Australia or baking china.,Probing,True,False,False,0
289,89,0,0,Felicity,participant,Are they based in China.,,,,,0
291,91,0,0,Felicity,participant,Because I I don't really want to stay in Australia at the time.,,,,,0
293,91,2,0,Felicity,participant,And I will use this money to go Japan to study further.,,,,,0
294,91,3,0,Felicity,participant,"Yeah. And even though I even though I don't earn enough money, my family will support me.",,,,,0
298,92,2,0,Bryan(Host),moderator,But how did you handle the rejections?,Probing,True,False,False,0
300,92,4,0,Bryan(Host),moderator,"Cause you, you say.",Probing,True,False,False,0
302,93,0,0,Felicity,participant,"I mean at the very beginning I was really up absurd, because I think I'm like good good enough to I I think I'm good enough for this job, but it rejected me.",,,,,0
304,93,2,0,Felicity,participant,But soon I find it's not my fault.,,,,,0
305,93,3,0,Felicity,participant,It's just that companies.,,,,,0
306,93,4,0,Felicity,participant,They are really ridiculous.,,,,,0
307,93,5,0,Felicity,participant,I just fine with it.,,,,,0
309,95,0,0,Felicity,participant,"And I finally find a find a company it's a very small institution, and they value me a lot.",,,,,0
310,96,0,0,Bryan(Host),moderator,And.,All Utility,False,False,False,0
312,97,1,0,Felicity,participant,It's just a time problem.,,,,,0
313,98,0,0,Bryan(Host),moderator,Let's see. Thanks for your sharing.,All Utility,False,False,True,0
314,98,1,0,Bryan(Host),moderator,"Let's at least ask Leo Leo, so probably beside like, find, the stress of finding girlfriend.",Probing,True,True,False,0
319,99,1,0,Leo,participant,But job seeking job hunting stuff.,,,,,0
320,100,0,0,Bryan(Host),moderator,Hmm.,All Utility,False,True,False,0
323,101,2,0,Leo,participant,So after I realized that I kind of just keep trying and accepting the rejection.,,,,,0
324,101,3,0,Leo,participant,I guess that helped me a lot.,,,,,0
325,102,0,0,Bryan(Host),moderator,But how do you help yourself to accept rejections?,Probing,True,False,False,0
326,102,1,0,Bryan(Host),moderator,"Because sometimes it's just, you know, to swallow.",Supplement,True,False,True,0
330,104,0,0,Bryan(Host),moderator,Hmm! I I.,All Utility,False,False,False,0
331,105,0,0,Leo,participant,"Sincome, if we kind of want.",,,,,0
332,105,1,0,Leo,participant,don't make that kind of connection.,,,,,0
335,107,1,0,Leo,participant,It's out of our control.,,,,,0
336,108,0,0,Bryan(Host),moderator,I think that's a very interesting point.,Supplement,True,False,True,0
337,108,1,0,Bryan(Host),moderator,"So you are saying that a failure or a rejection objectively is just simply just a failure or rejections, but very often we can interpret it further, and then we can then, causing us to change our definition or our perceived meaning of ourselves, to become somewhat negative, and that negative effect is kind of prolonged or some sometime permanent, and we try to.",Interpretation,True,False,False,0
341,111,1,0,Leo,participant,"Don't know whether you guys heard about it, but basically.",,,,,0
342,111,2,0,Leo,participant,and when you've been become stressful.,,,,,0
343,111,3,0,Leo,participant,"We kind of release this kind of a a corridor, a neural chemical released in your brain.",,,,,0
346,113,1,0,Leo,participant,"Adrenaline, epinephrine, that kind of stuff.",,,,,0
349,113,4,0,Leo,participant,a brief work. Meditation also works.,,,,,0
350,114,0,0,Bryan(Host),moderator,Hmm.,All Utility,False,False,False,0
351,115,0,0,Leo,participant,Exercise also works. What else?,,,,,0
355,116,1,0,Bryan(Host),moderator,Have you tried meditation?,Probing,True,False,False,0
359,118,0,0,Bryan(Host),moderator,Okay. But do you think works for you just simply sitting there and meditate.,Probing,True,False,False,0
360,119,0,0,Leo,participant,Real. I don't have a I could.,,,,,0
361,119,1,0,Leo,participant,"I didn't observe anything, so I'm not sure whether it works.",,,,,0
362,120,0,0,Bryan(Host),moderator,"Or not, but I.",Probing,True,False,False,0
363,121,0,0,Leo,participant,I believe in science behind it.,,,,,0
365,122,0,0,Bryan(Host),moderator,Hope you calm down right?,All Utility,False,False,True,0
368,122,3,0,Bryan(Host),moderator,"if the rejection make you think that oh, I am bad.",Supplement,True,False,False,0
369,122,4,0,Bryan(Host),moderator,"So that's why I get rejected, and that will cause you you know, have a very low emotions and very negative mood, and also probably make you become less energetic to go for longer futures.",Supplement,True,False,False,0
370,122,5,0,Bryan(Host),moderator,"Right? So I so I think sometimes, really, about how do you switch the thinking?",Supplement,True,False,False,0
371,122,6,0,Bryan(Host),moderator,And one way to kind of I can also share my experience.,Supplement,True,False,False,0
372,122,7,0,Bryan(Host),moderator,One way to make yourself feel better is to find people who are doing worse.,Supplement,True,False,False,0
373,123,0,0,leyi,participant,"This is, I know.",,,,,0
374,124,0,0,Bryan(Host),moderator,So so how? So?,Probing,True,False,False,0
375,124,1,0,Bryan(Host),moderator,There's a movie called Fight Club.,Supplement,True,False,False,0
376,124,2,0,Bryan(Host),moderator,I'm not sure if you know them.,Probing,True,False,False,0
377,124,3,0,Bryan(Host),moderator,It's a very old movie.,Supplement,True,False,False,0
378,124,4,0,Bryan(Host),moderator,So in the beginning of the movie.,Supplement,True,False,False,0
379,124,5,0,Bryan(Host),moderator,So I can't remember the detail.,Supplement,True,False,False,0
381,124,7,0,Bryan(Host),moderator,Nothing goes well. So what did he?,Probing,True,False,False,0
383,124,9,0,Bryan(Host),moderator,"You know, what was a cancer helping group.",Probing,True,False,False,0
387,124,13,0,Bryan(Host),moderator,"So he joined this group, and then he didn't have cancer, obviously that he just pretended that he got cancer.",Supplement,True,False,False,0
388,124,14,0,Bryan(Host),moderator,And then he just joined a group to listen people's cancer story.,Supplement,True,False,False,0
389,124,15,0,Bryan(Host),moderator,"And then I make him feel that his life is not too bad, so so you could do that as well.",Supplement,True,False,True,0
390,124,16,0,Bryan(Host),moderator,"And I also tried similar thing when I was in undergrad My last year in university, I did a volunteer in person, so I in the prison.",Supplement,True,False,False,0
391,124,17,0,Bryan(Host),moderator,We do kind of facilitate some talking program.,Supplement,True,False,False,0
392,124,18,0,Bryan(Host),moderator,The person asking prisoner to have a conversation.,Supplement,True,False,False,0
393,124,19,0,Bryan(Host),moderator,So that was kind of also therapy to therapy to me as well.,Supplement,True,False,True,0
396,124,22,0,Bryan(Host),moderator,the well is not too small.,Supplement,True,False,False,0
397,124,23,0,Bryan(Host),moderator,There are people who doing weight worse than me.,Supplement,True,False,False,0
398,124,24,0,Bryan(Host),moderator,And then there are probably also other different kind of way and opportunity.,Supplement,True,False,False,0
402,124,28,0,Bryan(Host),moderator,So you might have friends who say who just break up.,Supplement,True,False,True,0
403,124,29,0,Bryan(Host),moderator,and you trying to do something to help them.,Probing,True,False,False,0
404,124,30,0,Bryan(Host),moderator,and how do you help them?,Probing,True,False,False,0
405,124,31,0,Bryan(Host),moderator,Not sure. If you if you guys have any experience.,Probing,True,False,False,0
406,124,32,0,Bryan(Host),moderator,maybe we can stop on lay again.,Instruction,False,True,False,0
407,124,33,0,Bryan(Host),moderator,Have you tried to help your.,Probing,True,False,False,0
408,124,34,0,Bryan(Host),moderator,I know you probably at a stage.,Supplement,True,False,True,0
409,124,35,0,Bryan(Host),moderator,You need some help on people.,Probing,True,False,False,0
412,125,1,0,leyi,participant,so actually I think I'm kind of considerate.,,,,,0
414,125,3,0,leyi,participant,I'll just say to figure out some solutions.,,,,,0
416,125,5,0,leyi,participant,"For example, my friends, recently she has a kind of situationship with a man.",,,,,0
419,125,8,0,leyi,participant,"But I failed. Yeah, but I failed.",,,,,0
420,125,9,0,leyi,participant,"But actually, I still told to my friends that that guy probably likes you.",,,,,0
423,125,12,0,leyi,participant,"Then I always told him, you're the best you're you look very good you.",,,,,0
426,126,0,0,Bryan(Host),moderator,"But how do you feel when you try to help in other tools, or when you're trying to separate?",Probing,True,False,True,0
427,126,1,0,Bryan(Host),moderator,"Do you feel tired, or do you feel?",Probing,True,False,False,0
431,127,1,0,leyi,participant,"For example, if my friends want to complain about her appearance, anxiety.",,,,,0
432,127,2,0,leyi,participant,"Then I normally, I feel it's not a big deal.",,,,,0
433,127,3,0,leyi,participant,I'm very happy to help her.,,,,,0
435,127,5,0,leyi,participant,If she continue to talk about something.,,,,,0
438,127,8,0,leyi,participant,"It's really meaningless, right?",,,,,0
440,128,1,0,Bryan(Host),moderator,"Yeah, I totally understand.",All Utility,False,False,True,0
441,128,2,0,Bryan(Host),moderator,"When people feel anxious, they probably sometimes they don't really want to answer a solution from you.",Supplement,True,False,True,0
442,128,3,0,Bryan(Host),moderator,"They just want someone to listen, I guess.",Supplement,True,False,True,0
443,128,4,0,Bryan(Host),moderator,Yeah. But that also can cause you feel stressful as well.,Supplement,True,False,False,0
446,128,7,0,Bryan(Host),moderator,But you don't want to also make your life become negative.,Supplement,False,False,True,0
447,128,8,0,Bryan(Host),moderator,"Yeah, understand? How about you, Leo?",Probing,True,False,False,0
448,128,9,0,Bryan(Host),moderator,Do you think? Do you have friends who have gone through stressful situation or moments.,Probing,True,False,False,0
449,128,10,0,Bryan(Host),moderator,How did how did you help them?,Probing,True,False,False,0
450,129,0,0,Leo,participant,I I don't know.,,,,,0
452,129,2,0,Leo,participant,"I guess the simple answer is, no.",,,,,0
455,130,2,0,Bryan(Host),moderator,Who's.,Probing,True,False,False,0
456,131,0,0,Leo,participant,"Well, I I guess.",,,,,0
458,131,2,0,Leo,participant,I'm trying to find a solution.,,,,,0
461,131,5,0,Leo,participant,Solve the the emotion.,,,,,0
463,133,0,0,Leo,participant,No.,,,,,0
465,134,1,0,Bryan(Host),moderator,"although not always. But it does, I say sometime.",Supplement,True,False,False,0
466,135,0,0,Leo,participant,Yep. Yep.,,,,,0
467,136,0,0,Bryan(Host),moderator,So your best way of supporting your friend is through helping them to solving the problem together.,Interpretation,True,False,False,0
468,137,0,0,Leo,participant,"Yeah, I guess I'm suggesting a solution.",,,,,0
471,139,1,0,Leo,participant,Don't talk about the emotion that much.,,,,,0
472,140,0,0,Bryan(Host),moderator,I think that's an interesting thing.,Supplement,True,False,False,0
473,140,1,0,Bryan(Host),moderator,"I cannot agree with you is that sometimes when I have those kind of low emotion, moment or email moment, and I agree with you.",Supplement,True,False,True,0
474,140,2,0,Bryan(Host),moderator,My 1st thought would not to find my male friend.,Supplement,True,False,False,0
475,140,3,0,Bryan(Host),moderator,I will go for my female friend.,Supplement,True,False,False,0
476,140,4,0,Bryan(Host),moderator,I feel as if female are better at listening and also helping you to reinterpretating your thinking and also your emotions.,Supplement,True,False,False,0
477,140,5,0,Bryan(Host),moderator,Yeah. So I totally agree with you.,Supplement,True,False,True,0
478,141,0,0,Leo,participant,So. Do you know?,,,,,0
480,141,2,0,Leo,participant,Do you know why we don't.,,,,,0
481,142,0,0,Bryan(Host),moderator,Why?,Probing,True,False,False,0
482,143,0,0,Leo,participant,Do you wanna elaborate?,,,,,0
486,144,1,0,Bryan(Host),moderator,"velocity, velocity. Do you have, friend?",Probing,True,False,False,0
487,144,2,0,Bryan(Host),moderator,Who had a stressful moment?,Probing,True,False,False,0
488,144,3,0,Bryan(Host),moderator,And how did you help them?,Probing,True,False,False,0
490,145,1,0,Felicity,participant,"I once had a friend, and she she we grew up together, and we knew each other for over 20 years, and but now we don't contact with each other because I think she is too annoying.",,,,,0
491,145,2,0,Felicity,participant,"And he she came to me, and always for some emotional counseling.",,,,,0
493,145,4,0,Felicity,participant,"What? What? And I think it's not appropriate, so I want broke up with her with him.",,,,,0
494,146,0,0,Bryan(Host),moderator,But.,All Utility,False,False,True,0
495,147,0,0,Felicity,participant,"Finally she didn't. No matter how many solutions I suggest, I think I'm also a solution.",,,,,0
496,147,1,0,Felicity,participant,Orient oriented person. She came to me so I thought she wants to like wanted to solve the problem right?,,,,,0
497,147,2,0,Felicity,participant,So I suggest my solutions.,,,,,0
499,147,4,0,Felicity,participant,She just wants someone to listen to her experience.,,,,,0
500,147,5,0,Felicity,participant,But I don't want always I don't want.,,,,,0
501,147,6,0,Felicity,participant,Listen how I mean I don't want.,,,,,0
502,147,7,0,Felicity,participant,Listen what you did with your boyfriend.,,,,,0
504,147,9,0,Felicity,participant,I have a lot other things that are more important to do.,,,,,0
505,147,10,0,Felicity,participant,"So. Yeah, I think at the very beginning I was really willing to help her.",,,,,0
506,147,11,0,Felicity,participant,"because I find her in a very difficult situation where she did have some problem with her girlfriend, her, her boyfriend and I, and that the in the in that time.",,,,,0
507,147,12,0,Felicity,participant,I think she really wanted to solve these problems.,,,,,0
509,148,0,0,Bryan(Host),moderator,"Then just drag on, and it could repeat and.",Supplement,True,False,False,0
512,151,0,0,Felicity,participant,Keep happening. and you just don't want to solve the problem.,,,,,0
513,151,1,0,Felicity,participant,So what's the point of coming to me to say those words.,,,,,0
514,152,0,0,Bryan(Host),moderator,"Maybe you can plug in a chat, Gpt with your account and automatic reply to her.",Supplement,False,False,True,0
516,154,0,0,Bryan(Host),moderator,"Oh, really you did that reply.",Supplement,False,False,True,0
518,155,1,0,leyi,participant,Think about some words.,,,,,0
520,157,0,0,Bryan(Host),moderator,"Did it work? Well, though treachery say something.",Probing,True,False,False,0
522,158,0,0,leyi,participant,"Yeah, I think it works well that because when Chatgpt says this and I'll copy this, and then my relatives, they just don't want to invite me.",,,,,0
526,159,2,0,Bryan(Host),moderator,I know some of my friends did when they feel stressful or depressed and couldn't find someone to talk to.,Supplement,True,False,False,0
529,161,0,0,Bryan(Host),moderator,Does it? How do you find it?,Probing,True,False,False,0
530,161,1,0,Bryan(Host),moderator,Do you find is useful in that way?,Probing,True,False,False,0
532,162,0,0,leyi,participant,"I found Chatgp is super useful, because if every time I talk to her I talked to him.",,,,,0
537,162,5,0,leyi,participant,Isn't it a human?,,,,,0
538,162,6,0,leyi,participant,How can they be so considerate and caring?,,,,,0
540,163,0,0,Bryan(Host),moderator,"Hmm, interesting. Yeah, I can feel that.",All Utility,False,False,True,0
543,164,1,0,leyi,participant,So I feel it's really warm hearted.,,,,,0
544,165,0,0,Bryan(Host),moderator,"Yeah, so you can actually give it a role.",Supplement,True,False,False,0
545,165,1,0,Bryan(Host),moderator,"Say, now, your role is a psychologist or a counselor, and then you can even give him some background settings.",Supplement,True,False,False,0
547,165,3,0,Bryan(Host),moderator,So you will actually try to.,Probing,True,False,False,0
548,165,4,0,Bryan(Host),moderator,"I'm not sure how accurate it's going to be, but it will try to do something that's very typical response of those people you describe, so you can change your strategy in that way.",Supplement,True,False,False,0
550,165,6,0,Bryan(Host),moderator,And I hope you guys did enjoy the conversations.,Supplement,False,False,True,0
551,165,7,0,Bryan(Host),moderator,I think there were some interesting insight and some interesting stories.,Supplement,True,False,False,0
552,165,8,0,Bryan(Host),moderator,"Anyone have anything else they want to share, or they want to say before we close out the session.",Probing,True,True,False,0
553,166,0,0,Leo,participant,"Yeah, I guess I will try chat gpt next time.",,,,,0
554,167,0,0,Bryan(Host),moderator,You have a you?,Probing,True,False,False,0
555,167,1,0,Bryan(Host),moderator,Could you find a job?,Probing,True,False,False,0
556,167,2,0,Bryan(Host),moderator,"You are the only one among us, for have the job.",Supplement,False,False,True,0
558,169,0,0,Bryan(Host),moderator,"Kind of half and half, if you see.",Supplement,True,False,False,0
559,169,1,0,Bryan(Host),moderator,it's very stressful lifestyle and a lot of uncertainty.,Supplement,False,False,True,0
560,169,2,0,Bryan(Host),moderator,"And also. yeah, but we have a lot of freedom.",Supplement,False,False,True,0
561,169,3,0,Bryan(Host),moderator,That's the only one thing I kind of cherish.,Supplement,False,False,True,0
564,171,0,0,Bryan(Host),moderator,And.,All Utility,False,False,False,0
565,172,0,0,Leo,participant,By the looks of it.,,,,,0
571,176,1,0,Leo,participant,"Yeah, constant state.",,,,,0
573,177,1,0,Bryan(Host),moderator,There.,All Utility,False,False,True,0
576,179,1,0,Bryan(Host),moderator,"If there's no nothing else you want to say, I'll just close the recording here.",Instruction,False,True,False,0
577,179,2,0,Bryan(Host),moderator,Thank you.,All Utility,False,False,True,0
578,180,0,0,Felicity,participant,Thank you.,,,,,0
