Unnamed: 0,turn_index,sent_index,segment,speaker,role,text,dialogue_act,informational motive,coordinative motive,social motive,topic_cluster
32,2,0,0,Elda (host),moderator,Yeah.,All Utility,False,False,False,3
33,3,0,0,Bryan Chen,participant,"My work. Yeah, also, recently, yeah.",,,,,3
40,7,2,0,Bryan Chen,participant,"Yeah, I guess I is.",,,,,3
52,13,0,0,Bryan Chen,participant,Yeah.,,,,,3
55,15,0,0,Bryan Chen,participant,"Yeah, like.",,,,,3
58,18,0,0,Elda (host),moderator,"Yeah, and just.",All Utility,False,False,True,3
114,36,0,0,Elda (host),moderator,Yeah.,All Utility,False,False,True,3
127,38,10,0,Elda (host),moderator,"yeah, most of the time.",All Utility,True,False,False,3
136,40,0,0,Elda (host),moderator,Yeah.,All Utility,False,False,True,3
149,43,0,0,jessica,participant,Yeah.,,,,,3
151,45,0,0,jessica,participant,Yeah.,,,,,3
152,46,0,0,Elda (host),moderator,"Yeah, that that's a really brave yeah thing to do, because a lot of times.",Supplement,False,False,True,3
165,50,0,0,Elda (host),moderator,"Right, yeah.",All Utility,False,False,False,3
168,51,2,0,jessica,participant,So yeah.,,,,,3
172,52,3,0,Elda (host),moderator,"Yeah, I hope. Yeah.",All Utility,False,False,True,3
243,61,13,0,Peggy Lin,participant,Yeah.,,,,,3
294,67,3,0,Amy,participant,"Yeah. Oh, sorry. Yeah.",,,,,3
316,68,0,0,Elda (host),moderator,"Oh, no, no. But yeah.",All Utility,False,False,True,3
318,70,0,0,Elda (host),moderator,"We're sharing. Yeah, how?",All Utility,False,False,True,3
338,71,15,0,Amy,participant,Yeah. Yeah.,,,,,3
346,73,6,0,Amy,participant,Yeah.,,,,,3
351,77,0,0,Amy,participant,Yeah.,,,,,3
362,81,0,0,Amy,participant,"Yeah, if I like.",,,,,3
365,82,0,0,Bryan Chen,participant,Okay. Yeah.,,,,,3
376,85,8,0,Amy,participant,"Yeah, something something like that.",,,,,3
377,85,9,0,Amy,participant,Yeah.,,,,,3
380,87,0,0,Amy,participant,"Oh, I think yeah.",,,,,3
389,87,9,0,Amy,participant,Right? Yeah. So.,,,,,3
448,92,0,0,Elda (host),moderator,Yeah.,All Utility,False,False,True,3
454,96,0,0,Elda (host),moderator,"Yeah. yeah, yeah, different definition.",Supplement,True,False,True,3
494,98,3,0,Elda (host),moderator,"Yeah, can any anyone relate to this.",Probing,False,False,True,3
507,103,1,0,Amy,participant,Yeah.,,,,,3
526,108,0,0,Elda (host),moderator,"I see? Yeah. so that yeah, that's that's a good point.",All Utility,False,False,True,3
527,108,1,0,Elda (host),moderator,"Yeah, to have someone.",Supplement,False,False,True,3
536,110,1,0,Elda (host),moderator,"I see. Well, that's that's yeah.",All Utility,False,False,True,3
562,121,4,0,Mandy,participant,"So like sometimes, yeah.",,,,,3
590,124,1,0,Elda (host),moderator,"And yeah, I I can.",Interpretation,False,False,True,3
616,129,5,0,Mandy,participant,"So like, I think, yeah.",,,,,3
619,131,0,0,Mandy,participant,Yeah.,,,,,3
642,138,0,0,Elda (host),moderator,Yeah.,All Utility,False,False,True,3
666,147,3,0,jessica,participant,"And right, yeah. something like that.",,,,,3
691,153,3,0,Amy,participant,"Yeah, go work out.",,,,,3
704,162,2,0,Amy,participant,"Yeah, for a while, and it also really help as well.",,,,,3
716,167,4,0,Amy,participant,So yeah.,,,,,3
722,171,0,0,Amy,participant,Yeah.,,,,,3
743,176,10,0,Peggy Lin,participant,You are stressful. Yeah.,,,,,3
778,182,0,0,Mandy,participant,"Yeah, that's what I can think for.",,,,,3
828,188,21,0,Bryan Chen,participant,"Yeah, I guess.",,,,,3
831,190,0,0,Bryan Chen,participant,Yeah.,,,,,3
856,196,0,0,Mandy,participant,Yeah.,,,,,3
857,197,0,0,Bryan Chen,participant,Yeah.,,,,,3
866,206,0,0,Bryan Chen,participant,Yeah. But for.,,,,,3
