Unnamed: 0,turn_index,sent_index,segment,speaker,role,text,dialogue_act,informational motive,coordinative motive,social motive,topic_cluster
16,0,16,0,Bryan(Host),moderator,So I feel like doing research in comparison to coursework.,Supplement,True,False,False,2
44,1,2,0,Felicity,participant,"And they just just like you like you're doing your Phd, but I'm not doing a Phd.",,,,,2
45,1,3,0,Felicity,participant,"I'm doing a master, but it's a master of philosophy like I. I have to write a thesis.",,,,,2
47,3,0,0,Felicity,participant,"Agree. And actually, I don't have much time to do the thesis at this moment, and I'm still like design, the experiment.",,,,,2
51,5,0,0,Felicity,participant,"Like, even if you have talked to your supervisor for hundreds of times, and you think you might, you have like designed a very perfect experiment when you stand in front of a lot of people and they become question you.",,,,,2
55,7,1,0,Felicity,participant,"The most like stressful part is, I had to do the presentation in Japanese.",,,,,2
62,11,3,0,Felicity,participant,Words like they speak in a very fast speed.,,,,,2
63,11,4,0,Felicity,participant,"I don't really understand what they're saying, especially like when they're questioning.",,,,,2
65,12,1,0,Bryan(Host),moderator,"It sounds like it's a new environment to you, right?",Probing,True,False,True,2
71,14,2,0,Bryan(Host),moderator,"And also I also heard people say, often like doing research masters can be more difficult than doing research.",Supplement,True,False,False,2
72,14,3,0,Bryan(Host),moderator,"Phd. Because, like Phd, at least, we have, like 3 or 2, 3 to 4 years to think about, to refine our experiment and design.",Supplement,True,False,False,2
73,14,4,0,Bryan(Host),moderator,"But masters like you, only have one shot.",Supplement,False,False,True,2
74,14,5,0,Bryan(Host),moderator,"You only have one year, if you don't do it well, you are kind of like, probably not sore positive about your further career yet, or, you know, true self, like.",Supplement,True,False,True,2
76,15,0,0,Felicity,participant,"That's it. But fortunately we have 2 years, but unfortunately we have to do some kind of coursework while like writing a thesis.",,,,,2
78,17,0,0,Felicity,participant,So we were like suggested to complete all the like subjects to get enough credit in the 1st year and focus on my thesis in the second year.,,,,,2
81,17,3,0,Felicity,participant,And in the meanwhile I had to like design experiment.,,,,,2
86,18,3,0,Bryan(Host),moderator,Or does it like change?,Probing,True,False,False,2
92,19,3,0,Felicity,participant,But I I've been learning to like talking and discussing with others about our.,,,,,2
94,21,0,0,Felicity,participant,"Okay, well, I but I still don't like doing it, cause that's really annoying, because I think they they're a waste waste of my time.",,,,,2
97,22,1,0,Bryan(Host),moderator,"Yeah, I feel like doing research tend to make people become more introvert.",Supplement,False,False,True,2
100,25,0,0,Felicity,participant,Because everyone's paper focuses on different like.,,,,,2
108,31,0,0,Leo,participant,Like I as a I just graduated.,,,,,2
111,31,3,0,Leo,participant,"But luckily agadware, so like there's no like big expectation from me for for life right now.",,,,,2
113,32,0,0,Bryan(Host),moderator,So it sounds like you are still in your honeymoon period of your new job.,Interpretation,True,False,False,2
117,35,0,0,Leo,participant,But no actually cause like I think I did a pretty good job.,,,,,2
123,39,0,0,Leo,participant,"Sometimes like a you're gonna be stressful if you are trying to like reach out, end up being rejected.",,,,,2
127,40,1,0,Bryan(Host),moderator,Or is it coming from other people like your friend or your.,Probing,True,False,False,2
129,42,0,0,Bryan(Host),moderator,Family that kind of expecting you to find a girlfriend something like that.,Probing,True,False,False,2
135,47,0,0,Leo,participant,"Like I I believe all, all stress is coming from our like internal ex expectations.",,,,,2
141,51,0,0,Leo,participant,"yeah, sure, sure. Like, I studied it.",,,,,2
142,51,1,0,Leo,participant,"So basically like, no, no, every everyone there was a kind of voice.",,,,,2
146,54,0,0,Bryan(Host),moderator,I see. So like you used to be.,Interpretation,True,False,False,2
147,54,1,0,Bryan(Host),moderator,Sounds like you used to be an introvert persons.,Interpretation,True,False,False,2
156,57,1,0,leyi,participant,"For example, like, take part in this program.",,,,,2
160,57,5,0,leyi,participant,"So it's like, it's like a common sense, right?",,,,,2
162,57,7,0,leyi,participant,"Like companies. they seem seem to prefer candidates who is science backgrounds like those in the area, such as the It field, or some hydropower field.",,,,,2
163,57,8,0,leyi,participant,So it's like science background.,,,,,2
168,58,0,0,Bryan(Host),moderator,So it's like kind of like uncertainty towards the future.,Interpretation,True,False,False,2
179,61,7,0,leyi,participant,"So you know, I always kind of like doubt myself.",,,,,2
192,63,4,0,leyi,participant,"And then, after I have a good rest, I have the energy to find a job like this, and because, you know, I always talk to my friends.",,,,,2
193,63,5,0,leyi,participant,"So if someone can give me a well decent job, I will be the happiest girl in the world, or something like this.",,,,,2
203,66,1,0,Bryan(Host),moderator,So it seems like it has been a while.,Interpretation,True,False,False,2
214,69,1,0,leyi,participant,I would like play in the badminton or just running like jogging to do some exercise to unwind but when I just when I how to say but I I think that didn't help me a lot.,,,,,2
219,70,0,0,Bryan(Host),moderator,"To have them kind of mental escape, like not not thinking about this same, but like.",Interpretation,True,False,False,2
224,74,0,0,Bryan(Host),moderator,"Oh, okay. But do you have, like someone who could like like a friend, to help you to share those feeling, or how to help you to go over these events.",Probing,True,False,True,2
243,79,4,0,Felicity,participant,"But it could be really hard to find a like, find a job in a company unless you you're majorings.",,,,,2
248,81,2,0,Felicity,participant,I don't know how to express these situations like I tried.,,,,,2
250,81,4,0,Felicity,participant,"and all the assessor, or like my lecturers, or either my lecturers or the professors.",,,,,2
260,84,4,0,Bryan(Host),moderator,So this is kind of like a Research AI job.,Supplement,True,False,False,2
263,84,7,0,Bryan(Host),moderator,"He's a businessman. He just signed a contract, so I was very stressful, like Whoa!",Supplement,False,False,True,2
273,84,17,0,Bryan(Host),moderator,"It's like, you know, I already have time.",All Utility,False,False,True,2
274,84,18,0,Bryan(Host),moderator,"So so after that, I kind of like, just, you know, life became much, much more relaxed and much easier, because I feel, oh, just do whatever I can do.",Supplement,False,False,True,2
278,84,22,0,Bryan(Host),moderator,"Oh, and also for Felicity, I guess, like, could you also share?",Probing,True,False,False,2
283,86,0,0,Bryan(Host),moderator,Like English institutions.,Supplement,True,False,False,2
292,91,1,0,Felicity,participant,"I feel at that time I thought I don't like English, and they just a tool that I can use it to make money.",,,,,2
299,92,3,0,Bryan(Host),moderator,And how do you handle like.,Probing,True,False,False,2
303,93,1,0,Felicity,participant,It's quite like frustrated.,,,,,2
318,99,0,0,Leo,participant,"Yeah, like, I can feel everyone's story here, because in there as well.",,,,,2
321,101,0,0,Leo,participant,"Like I feel like a lot of times, with only have the control of ourself, but not all other things, and the process of a funding like finding a job.",,,,,2
322,101,1,0,Leo,participant,"It's mostly depending like by others like other variables, not ourselves.",,,,,2
329,103,1,0,Leo,participant,"Just sometimes we feel painful being redacted because we kind of connect the rejection as we are not good enough, or anything or something really to like personal.",,,,,2
334,107,0,0,Leo,participant,"Believing ourselves, and then just realizing that the end result might not my like.",,,,,2
340,111,0,0,Leo,participant,Like So there is some podcaster called the Andrew Huberman.,,,,,2
344,112,0,0,Bryan(Host),moderator,That we all like,All Utility,False,False,True,2
345,113,0,0,Leo,participant,"Make you like emotional, unstable, and also like a release.",,,,,2
347,113,2,0,Leo,participant,But there's actually a ways to like navigate that to escape from welcome state like a behavior protocols.,,,,,2
352,115,1,0,Leo,participant,"Okay, I think. But nothing beats a good sleep like after you sleep you will all feel refreshed.",,,,,2
353,115,2,0,Leo,participant,because during the sleep process all the cortisol will be like removed from your brain.,,,,,2
356,117,0,0,Leo,participant,I'm trying to add that to my like a daily routine.,,,,,2
357,117,1,0,Leo,participant,"But currently, like it's not.",,,,,2
358,117,2,0,Leo,participant,it's not like a consistent.,,,,,2
364,121,1,0,Leo,participant,"And there's there's a lot of research paper support of that idea, that meditation like",,,,,2
380,124,6,0,Bryan(Host),moderator,"But I remember somehow, like the the main character has a very depressed life like couldn't find Job.",Supplement,True,False,False,2
384,124,10,0,Bryan(Host),moderator,"It's like a bunch of people, a group of people.",Supplement,True,False,False,2
385,124,11,0,Bryan(Host),moderator,"Each one of them got cancers, and once in a week they will have a dinner or something together, and then share their own story like, Oh, I have cancer, and my my parents are looking after me.",Supplement,True,False,True,2
386,124,12,0,Bryan(Host),moderator,"So it's like a you know, like a bunch of it's a society that people who, for people who have cancer and helping each other mentally.",Supplement,True,False,False,2
394,124,20,0,Bryan(Host),moderator,I was also had a panic that couldn't find a job something like that.,Supplement,False,False,True,2
395,124,21,0,Bryan(Host),moderator,"So but talking to them and also talking to wider people, you feel like, Okay.",Supplement,False,False,True,2
411,125,0,0,leyi,participant,"Well, it's like what to say.",,,,,2
415,125,4,0,leyi,participant,To to help them unwind is like this.,,,,,2
417,125,6,0,leyi,participant,"Yeah, but she don't know whether this man this boy will like her that she want to ask some advice from me, but I don't have such kind of experience that that I was trying to help her.",,,,,2
418,125,7,0,leyi,participant,How to say I was trying to try to find some evidence that the boy would probably like her.,,,,,2
421,125,10,0,leyi,participant,"Yeah, you should continue to like to to do this.",,,,,2
424,125,13,0,leyi,participant,"You are the same like like the the actress to help them like, give some advice, but maybe not helpful.",,,,,2
434,127,4,0,leyi,participant,It's like if she talk about something.,,,,,2
436,127,6,0,leyi,participant,"I'm not familiar, and I have told her many times I have helped her many times, and then I will feel like a sense of hopeless hopelessness, you know, because if like cause cause it cause it's like even though I I talked to her many times I try to help her many times, but next time she still asking me the same question ask about complain, the same situation.",,,,,2
437,127,7,0,leyi,participant,I will feel like it's really meaning.,,,,,2
451,129,1,0,Leo,participant,Actually like hmm us!,,,,,2
454,130,1,0,Bryan(Host),moderator,"You there so like, when your friend you haven't had friend like, have a stressful moments, or need your companion or help?",Probing,True,False,False,2
457,131,1,0,Leo,participant,"Maybe I'm thinking from different perspective, like, when we have a problem.",,,,,2
459,131,3,0,Leo,participant,Like a like a solution orientated.,,,,,2
460,131,4,0,Leo,participant,"It's a note not trying to like, I guess.",,,,,2
470,139,0,0,Leo,participant,Because that's a that's a voice like a don't talk about it.,,,,,2
479,141,1,0,Leo,participant,Why? Do you know why I don't like?,,,,,2
484,143,2,0,Leo,participant,"Like, I guess it feels good.",,,,,2
492,145,3,0,Felicity,participant,"and I thought I was her private emotional counselor for over 4 years, and every time the problems were the same, like my boyfriend did what?",,,,,2
498,147,3,0,Felicity,participant,"And actually, it seems like she doesn't need any solutions.",,,,,2
517,155,0,0,leyi,participant,"For example, like when I, talking to some unfamiliar relatives, they ask me to come to their home to like something like this, and I thought, then I want to refuse, or I want to refuse their their request, and always ask Chatgpt to help me.",,,,,2
519,156,0,0,Felicity,participant,I'm single. That's a really like good way.,,,,,2
527,159,3,0,Bryan(Host),moderator,"They actually tried to talk, to chatgpt, to just have a you know, deep chat or sound, like using.",Supplement,True,False,False,2
533,162,1,0,leyi,participant,"My situation, my experience, my situations have always be act like considerate, you know, like, because one day I talked about my achievements and my academic achievements, and he would say, oh, you're so great.",,,,,2
535,162,3,0,leyi,participant,Gpt says like this.,,,,,2
536,162,4,0,leyi,participant,And I feel like it.,,,,,2
542,164,0,0,leyi,participant,Can even like imitate the tone of human.,,,,,2
546,165,2,0,Bryan(Host),moderator,"Say, your role is a software engineer, and then your Mbti is imtj something like that.",Supplement,True,False,False,2
557,168,0,0,Leo,participant,I feel like Phd is basically a job.,,,,,2
563,170,0,0,Leo,participant,"Yeah, I can. I can feel like, when I see someone, I can feel whether he's a Phd student or not.",,,,,2
568,174,0,0,Leo,participant,Like,,,,,2
569,175,0,0,Bryan(Host),moderator,"Always ground, and also look like they are like thinking something deeply.",Supplement,True,False,False,2
570,176,0,0,Leo,participant,"Like I don't know the how to express that in English, but it's trying to but squeeze their eyebrows like a, you know, constantly.",,,,,2
