Unnamed: 0,turn_index,sent_index,segment,speaker,role,text,dialogue_act,informational motive,coordinative motive,social motive,topic_cluster
5,0,5,0,Elda (host),moderator,"yeah, not not the the most you know, desired thing.",All Utility,False,False,True,2
28,1,12,0,Bryan Chen,participant,"You don't know what's coming there when you don't know what's there, and also especially in the research of AI, because AI is very popular these days, so it's very competitive.",,,,,2
46,9,0,0,Bryan Chen,participant,So. So we know there's something else out there.,,,,,2
53,14,0,0,Elda (host),moderator,"Right? Yeah, I I think that's that's a really good point.",Supplement,False,False,True,2
76,21,9,0,Mandy,participant,"So let's kind of trace try me to, you know, improve myself.",,,,,2
97,27,11,0,Mandy,participant,"You know, out.",,,,,2
123,38,6,0,Elda (host),moderator,"And I think that kind of reflects also our age cause we we are at the age of like, you know.",Supplement,True,False,False,2
148,42,0,0,Elda (host),moderator,"I see. So even even you know, it was a really good pay job.",Interpretation,True,False,False,2
150,44,0,0,Elda (host),moderator,"But you decided to quit, because, you know, it's affecting you physically and mentally.",Interpretation,True,False,True,2
161,48,0,0,Elda (host),moderator,That's that's really good to know.,Supplement,False,False,True,2
170,52,1,0,Elda (host),moderator,"You know, previous kind of stresses.",Interpretation,False,False,True,2
174,52,5,0,Elda (host),moderator,You can find we can secure a good job with with a good pay.,Supplement,False,False,True,2
200,54,24,0,Elda (host),moderator,you know this is something serious like I I didn't know depression because that that was like my 1st time.,Interpretation,True,False,False,2
201,54,25,0,Elda (host),moderator,You know who I'm in my life.,All Utility,False,False,True,2
204,54,28,0,Elda (host),moderator,I really really suffered from this kind of kind of helplessness like I didn't know what to do.,Supplement,False,False,True,2
219,56,7,0,Elda (host),moderator,"You know. The the counselor didn't know me or my friend personally, so it sounded.",Supplement,True,False,False,2
250,63,1,0,Peggy Lin,participant,"And if I cannot medit, let all know why.",,,,,2
254,63,5,0,Peggy Lin,participant,"So I think it's important to let your colleague or your friend know why, why and why you are facing right now, and they will kind of knowing you is not.",,,,,2
257,63,8,0,Peggy Lin,participant,But if they know what situation you are in.,,,,,2
260,63,11,0,Peggy Lin,participant,"you are too busy and cannot go off then, and your manager will know they shouldn't give you more project or more work in this time.",,,,,2
261,63,12,0,Peggy Lin,participant,"Yeah, kind of good things to let people know.",,,,,2
262,64,0,0,Elda (host),moderator,"Yeah, that's that's actually really good advice.",Supplement,False,False,True,2
267,64,5,0,Elda (host),moderator,"you know, refusing us, or like to to go hang out, or you know why she's pulling this face at work?",Supplement,False,False,True,2
269,64,7,0,Elda (host),moderator,yeah. So that's that's a really good idea to to voice out.,Supplement,False,False,True,2
270,64,8,0,Elda (host),moderator,"You know why, you're busy and what you're actually facing.",Interpretation,True,False,True,2
272,64,10,0,Elda (host),moderator,They can know how to help you that that's a good strategy.,Supplement,True,False,True,2
277,65,1,0,Amy,participant,"And yeah, it just hidden me cause there is a you know, Timeline, that for you to finish your dissertation.",,,,,2
291,67,0,0,Amy,participant,"I know, because it's so loud.",,,,,2
304,67,13,0,Amy,participant,"They recommended me to see the the therapy, so I got I got into the I don't know how to say it.",,,,,2
309,67,18,0,Amy,participant,"You know, go through this kind of stressful and depression period during the dissertation.",,,,,2
311,67,20,0,Amy,participant,"It's so common that people you know, help need this kind of extra help.",,,,,2
313,67,22,0,Amy,participant,"you know, realize the problem and learn how to deal with it.",,,,,2
314,67,23,0,Amy,participant,"And and in the end I can, you know, finish I my dinotation.",,,,,2
325,71,2,0,Amy,participant,I didn't know how and who I can.,,,,,2
326,71,3,0,Amy,participant,"I can search like search for help, for I know.",,,,,2
329,71,6,0,Amy,participant,"So let's also yeah, a very obvious, Simpson, that you probably, you know.",,,,,2
334,71,11,0,Amy,participant,"Is that his stress can be like you can, you know, deal deal with it by doing exercise, or, you know, just have a rest, or break or talk to your friend.",,,,,2
335,71,12,0,Amy,participant,"But if that leads to depression, depression is kind of mood disorder, so it couldn't really soothe smooth or comforting by, you know.",,,,,2
372,85,4,0,Amy,participant,"You are not, you know.",,,,,2
374,85,6,0,Amy,participant,"You don't need to, you know, put into the action immediately.",,,,,2
385,87,5,0,Amy,participant,"So they probably, you know, too urgent to say, Okay, you should do this.",,,,,2
386,87,6,0,Amy,participant,"You should do that, but they even don't know what is right or wrong answer, and they probably can guide you to another, you know.",,,,,2
387,87,7,0,Amy,participant,Wrong direction. Yeah. So I don't know.,,,,,2
390,88,0,0,Elda (host),moderator,"Yeah, that's that's a good point.",Supplement,False,False,True,2
392,88,2,0,Elda (host),moderator,And you know they're not there to to give you answers.,Supplement,True,False,False,2
396,88,6,0,Elda (host),moderator,"But when you're when you're actually in that, you know moment, you don't.",Supplement,True,False,False,2
419,88,29,0,Elda (host),moderator,"you know, powerless. That's helpless, basically.",Supplement,True,False,False,2
438,89,3,0,Bryan Chen,participant,"You know. more than one thought or desire, you know, like they say you want to.",,,,,2
440,89,5,0,Bryan Chen,participant,"and then you have been kind of like, you know, having kind of been contract between yourself and you are repeating asking similar questions.",,,,,2
456,96,2,0,Elda (host),moderator,when you know you should.,Supplement,True,False,False,2
457,96,3,0,Elda (host),moderator,Maybe a a quick example is when you know you.,Supplement,True,False,False,2
461,96,7,0,Elda (host),moderator,"so I can complete my day better, or even though you know you should go to sleep.",Supplement,True,False,False,2
462,96,8,0,Elda (host),moderator,It's it's good for you.,Supplement,False,False,True,2
464,96,10,0,Elda (host),moderator,There's this torn of 2 to powers like you know the the angel and the and the devil.,Supplement,True,False,False,2
478,97,13,0,Bryan Chen,participant,"Oh, the you know they have.",,,,,2
512,105,0,0,Peggy Lin,participant,I don't know how to handle it.,,,,,2
531,109,0,0,Peggy Lin,participant,You know. Maybe. Yeah.,,,,,2
537,110,2,0,Elda (host),moderator,That's a good point.,Supplement,True,False,True,2
543,112,0,0,Elda (host),moderator,Do you know.,Probing,True,False,False,2
591,124,2,0,Elda (host),moderator,I can relate that to that to the point that you know I I also had the same experience of like wanting to.,Interpretation,False,False,True,2
602,126,0,0,Elda (host),moderator,"Yeah, exactly. But if you yeah, if you look at it, you know kind of closely.",Supplement,False,False,True,2
603,126,1,0,Elda (host),moderator,"Maybe it. You know, it's not even about the weekend and how you spend it.",Supplement,True,False,False,2
621,132,1,0,Elda (host),moderator,But you don't know where to start.,Interpretation,True,False,False,2
668,148,1,0,Elda (host),moderator,"Yeah, that's that's that's really good.",Supplement,False,False,True,2
684,151,8,0,Amy,participant,"So regularly, you know, work out.",,,,,2
685,151,9,0,Amy,participant,"Yeah, that's really good.",,,,,2
713,167,1,0,Amy,participant,"But if there's, you know, if like, they didn't know what you happen, what you're going through your life.",,,,,2
729,175,0,0,Elda (host),moderator,I don't know. I don't have any like yeah messages.,All Utility,False,False,True,2
745,177,0,0,Elda (host),moderator,That's that's good advice.,Supplement,False,False,True,2
752,178,4,0,Mandy,participant,You don't know how to help her.,,,,,2
760,178,12,0,Mandy,participant,My! My! Able to and I don't know.,,,,,2
767,178,19,0,Mandy,participant,"We? We have friends, or I. I don't know.",,,,,2
770,178,22,0,Mandy,participant,"Yeah, really try to know what we have might able to make ourselves not less hopeless.",,,,,2
773,181,0,0,Elda (host),moderator,"No, that's that's really good advice.",Supplement,False,False,True,2
775,181,2,0,Elda (host),moderator,You know what you have.,Interpretation,True,False,False,2
796,187,1,0,Elda (host),moderator,It's a really good advice.,Supplement,False,False,True,2
799,187,4,0,Elda (host),moderator,"You know, what are the things they are going through.",Supplement,True,False,False,2
800,187,5,0,Elda (host),moderator,"And yeah, later on, when they come back to it, and you know they'll feel.",Supplement,True,False,False,2
801,187,6,0,Elda (host),moderator,"Oh, this this is nothing, you know I I can know what I've gone through.",Interpretation,True,False,True,2
803,187,8,0,Elda (host),moderator,"So it's yeah, it's like keeping a record of your journey and that's that's really, really good.",Interpretation,False,False,True,2
813,188,6,0,Bryan Chen,participant,"You can find, you know, go out to the nature, but I can say why important thing is to give meaning of it.",,,,,2
854,195,0,0,Elda (host),moderator,Have a good night.,All Utility,False,False,True,2
859,199,0,0,Amy,participant,Good.,,,,,2
