Unnamed: 0,turn_index,sent_index,segment,speaker,role,text,topic_cluster
8,6,0,0,wenqi,participant,Yeah.,1
10,7,1,0,Irene,participant,Yeah.,1
17,9,5,0,Irene,participant,So yeah? And because.,1
20,9,8,0,Irene,participant,"Yeah, that's it.",1
24,12,0,0,Irene,participant,Yeah.,1
33,15,0,0,Jinchi LIU,participant,Yeah.,1
45,18,0,0,Tiffany Qian,participant,I'm Yeah.,1
54,26,0,0,Tiffany Qian,participant,Yeah.,1
56,28,0,0,wenqi,participant,Yeah.,1
58,30,0,0,Tiffany Qian,participant,Yeah.,1
68,35,0,0,Nome,participant,Yeah.,1
70,37,0,0,Irene,participant,Yeah.,1
80,41,4,0,Irene,participant,Yeah.,1
83,43,1,0,Irene,participant,Yeah.,1
86,46,0,0,wenqi,participant,Yeah.,1
89,48,0,0,Tiffany Qian,participant,Yeah.,1
90,49,0,0,Irene,participant,"Yeah, yeah.",1
95,53,0,0,Tiffany Qian,participant,Yeah.,1
111,60,0,0,Irene,participant,"Yeah, yeah, we.",1
113,62,0,0,Irene,participant,Yeah.,1
117,65,0,0,Nome,participant,Yeah.,1
124,70,0,0,Irene,participant,Yeah.,1
151,84,0,0,wenqi,participant,Yeah.,1
152,85,0,0,Irene,participant,Yeah.,1
163,93,0,0,wenqi,participant,Yeah.,1
169,98,0,0,Tiffany Qian,participant,Yeah.,1
174,100,0,0,Nome,participant,Yeah.,1
180,105,0,0,Irene,participant,"Yeah, yeah, it's true.",1
183,105,3,0,Irene,participant,Yeah.,1
184,106,0,0,wenqi,participant,Yeah.,1
193,113,0,0,Irene,participant,"Yeah, sometimes.",1
197,115,0,0,Tiffany Qian,participant,Yeah.,1
198,116,0,0,Irene,participant,Yeah.,1
211,125,0,0,Irene,participant,Yeah.,1
227,129,0,0,wenqi,participant,Yeah.,1
251,136,0,0,Nome,participant,"Oh, yeah, yeah, that's true.",1
279,147,1,0,Irene,participant,Yeah.,1
284,151,0,0,Irene,participant,Yeah.,1
286,153,0,0,Irene,participant,"Yeah, yeah, yeah.",1
288,155,0,0,Irene,participant,Yeah.,1
290,157,0,0,Irene,participant,Yeah.,1
292,159,0,0,Irene,participant,"Yeah, yeah.",1
304,163,4,0,Irene,participant,Yeah.,1
307,166,0,0,Irene,participant,"Yeah, yeah.",1
308,167,0,0,wenqi,participant,"Yeah, but.",1
313,170,0,0,Irene,participant,"Yeah, yeah.",1
331,176,0,0,Nome,participant,Yeah. Sometimes I'm the one who do the same.,1
335,177,3,0,wenqi,participant,And yeah.,1
351,184,0,0,Jinchi LIU,participant,Yeah.,1
374,196,1,0,Irene,participant,"But we, yeah.",1
385,201,0,0,Nome,participant,"Yeah. because so many, so many.",1
395,202,0,0,wenqi,participant,Yeah.,1
402,208,0,0,Nome,participant,"Yeah, yeah.",1
422,219,0,0,Nome,participant,Yeah.,1
436,224,1,0,Irene,participant,Yeah.,1
452,230,0,0,Jinchi LIU,participant,Yeah.,1
464,241,0,0,wenqi,participant,Yeah.,1
502,260,0,0,Nome,participant,"Yeah, me, too. Me, too.",1
509,264,0,0,Irene,participant,Yeah.,1
513,267,0,0,Irene,participant,Yeah.,1
519,272,0,0,Irene,participant,Yeah.,1
528,276,0,0,Irene,participant,Yeah.,1
531,279,0,0,Nome,participant,Yeah.,1
