Unnamed: 0,turn_index,sent_index,segment,speaker,role,text,dialogue_act,informational motive,coordinative motive,social motive,topic_cluster
0,0,0,0,Elda,participant,About the the question.,,,,,0
1,0,1,0,Elda,participant,I'm just trying to type out the the question.,,,,,0
2,0,2,0,Elda,participant,So everyone is clear where we at.,,,,,0
3,1,0,0,Bryan Chen,moderator,Right? Okay.,All Utility,False,False,False,0
4,2,0,0,Shunto,participant,"Okay, if if it's okay, I let me talk fast about this topic.",,,,,0
9,5,0,0,Bryan Chen,moderator,So.,All Utility,False,False,False,0
13,6,3,0,Shunto,participant,But I think that's 1 of the basic basic things the theory says.,,,,,0
14,6,4,0,Shunto,participant,"And yeah, I'm not sure if I can, I can rub it, rub it where?",,,,,0
15,6,5,0,Shunto,participant,But,,,,,0
17,7,1,0,Bryan Chen,moderator,I can't remember exactly.,All Utility,False,False,False,0
18,8,0,0,Shunto,participant,"Oh, yeah, I I don't remember exactly.",,,,,0
22,8,4,0,Shunto,participant,Maybe maybe it's the opposite.,,,,,0
23,8,5,0,Shunto,participant,I I forgot.,,,,,0
24,9,0,0,Bryan Chen,moderator,"Games, and.",All Utility,False,False,False,0
28,11,1,0,Bryan Chen,moderator,"So, for you.",Probing,True,False,False,0
29,12,0,0,Shunto,participant,I forgot which one is which.,,,,,0
30,12,1,0,Shunto,participant,"But basically, that's that's not the.",,,,,0
31,13,0,0,Bryan Chen,moderator,Okay.,All Utility,False,False,False,0
36,14,4,0,Shunto,participant,"How we can speed up, or how we can slow it down?",,,,,0
40,14,8,0,Shunto,participant,It heavily depends on our brain.,,,,,0
41,15,0,0,Bryan Chen,moderator,What about for yourself?,Probing,True,False,False,0
42,15,1,0,Bryan Chen,moderator,What was the longest moment in your life?,Probing,True,False,False,0
43,16,0,0,Shunto,participant,Longest moment. It's very.,,,,,0
49,16,6,0,Shunto,participant,"But chemically, that's that's a that's how I perfect.",,,,,0
50,17,0,0,Bryan Chen,moderator,Okay.,All Utility,False,False,False,0
52,19,0,0,Bryan Chen,moderator,Right.,All Utility,False,False,True,0
54,20,1,0,Shunto,participant,But I think I think it's a very related one.,,,,,0
55,21,0,0,Bryan Chen,moderator,The experience while you were travelling in Colorado was.,Probing,True,False,False,0
56,22,0,0,Shunto,participant,But.,,,,,0
57,23,0,0,Bryan Chen,moderator,"Was a very special and new experience, and.",Supplement,True,False,False,0
58,24,0,0,Shunto,participant,"Yes, exactly.",,,,,0
59,25,0,0,Bryan Chen,moderator,That moment were longer.,Supplement,True,False,False,0
61,27,0,0,Bryan Chen,moderator,Okay.,All Utility,False,False,True,0
63,29,0,0,Bryan Chen,moderator,Cool. Anyone else want to contribute any?,Probing,True,False,False,0
64,29,1,0,Bryan Chen,moderator,You want to say something I thought you raised.,Probing,False,True,False,0
65,29,2,0,Bryan Chen,moderator,"Oh, Jessica, was it Jessica or any?",Probing,True,False,False,0
66,29,3,0,Bryan Chen,moderator,Was it? Okay? I think I saw Jessica.,Probing,True,False,False,0
67,30,0,0,jessica,participant,"Oh, oh, Emi, wanna go first.st I'm okay.",,,,,0
68,31,0,0,Bryan Chen,moderator,Okay.,All Utility,False,True,False,0
69,32,0,0,Annie,participant,"Okay, I'll go first, st though I think time is a valuable thing, and it's also fair to everyone, because every single day only has 24 h, and every person.",,,,,0
72,32,3,0,Annie,participant,"For example, when I was.",,,,,0
73,32,4,0,Annie,participant,I'm now in in the Uk.,,,,,0
74,32,5,0,Annie,participant,"But when I went back to Taiwan I only went back for 2 weeks, but it feel like only 2 days, and every day that I enjoy my time with my friends, my family.",,,,,0
76,32,7,0,Annie,participant,Just fly with our conscious.,,,,,0
80,32,11,0,Annie,participant,"But after I got into university and started to study harder, do internship part times, then time just fly, and 4 years just gone without any conscious.",,,,,0
81,32,12,0,Annie,participant,"Yeah, that's basically my opinion.",,,,,0
82,33,0,0,Bryan Chen,moderator,"Right, so so do so.",Probing,True,False,False,0
87,35,0,0,Bryan Chen,moderator,"Okay, cause I I think, like when Shonto mentioned her experience, his experience, he say, when he was traveling in Colorado, he feels the time was longer.",Interpretation,True,False,False,0
88,35,1,0,Bryan Chen,moderator,Was it shorter or longer?,Probing,True,False,False,0
90,36,0,0,Shunto,participant,"Longer, basically.",,,,,0
93,37,2,0,Bryan Chen,moderator,"And some people. More, more in person, memorable.",Supplement,True,False,False,0
94,37,3,0,Bryan Chen,moderator,And then it's longer.,Interpretation,True,False,False,0
96,38,0,0,Shunto,participant,"Oh, that's true, I mean I it depends on the experience to be honest.",,,,,0
100,41,1,0,Bryan Chen,moderator,Jessica?,Probing,True,False,False,0
102,42,1,0,jessica,participant,I used to be a pastry chef.,,,,,0
104,42,3,0,jessica,participant,So it's I think it's called float.,,,,,0
108,42,7,0,jessica,participant,"Oh, now it's 10 Am.",,,,,0
109,42,8,0,jessica,participant,"12 pm. And 2 pm, so not not the moment for me.",,,,,0
111,42,10,0,jessica,participant,So I do realize.,,,,,0
114,43,1,0,Bryan Chen,moderator,"So, for example, some artists, when they are very focused in creating a new art.",Supplement,True,False,False,0
117,43,4,0,Bryan Chen,moderator,"There were, for example, like a pianoist right when they were playing playing piano.",Supplement,True,False,False,0
119,43,6,0,Bryan Chen,moderator,It's like it's at the moment this reads there and then everything become in slow motion cause they were so focused and they knew every detail where I'm very critical.,Supplement,True,False,False,0
126,44,4,0,Elda,participant,"So you concentrate it on your energy, and then your focus is so on it.",,,,,0
129,44,7,0,Elda,participant,And I also feel the same in in that regard.,,,,,0
134,44,12,0,Elda,participant,How should I put it?,,,,,0
137,44,15,0,Elda,participant,But it feels more for me at the end of the day.,,,,,0
139,44,17,0,Elda,participant,"Kind of I wish the moment can stay this way for much longer, so I can continue this happy day.",,,,,0
140,44,18,0,Elda,participant,"This happy day can can extend to what maybe 30 h, or 40 h.",,,,,0
141,45,0,0,Bryan Chen,moderator,Right.,All Utility,False,False,True,0
150,47,3,0,Bryan Chen,moderator,"What what do you you, how you use it?",Probing,True,False,False,0
152,47,5,0,Bryan Chen,moderator,"You get? Why, you you get what you invested in.",Interpretation,True,False,False,0
153,47,6,0,Bryan Chen,moderator,"Right? So yeah. So you invest that into certain thing that you want or certain kind of title thing, drain or goals that you want, and you will get some return directions right?",Supplement,True,False,False,0
155,47,8,0,Bryan Chen,moderator,But.,Interpretation,True,False,False,0
156,48,0,0,Shunto,participant,Hmm.,,,,,0
159,49,2,0,Bryan Chen,moderator,"Well, to achieve your your work or achieve your study.",Supplement,True,False,False,0
160,49,3,0,Bryan Chen,moderator,"Da, da, but I guess I but I guess, like you need to have a go.",Supplement,True,False,False,0
161,49,4,0,Bryan Chen,moderator,And what what do you define success before you define if you before you approach.,Probing,True,False,False,0
163,49,6,0,Bryan Chen,moderator,So if your if your goal is to.,Supplement,True,False,False,0
167,49,10,0,Bryan Chen,moderator,"How many, how many moment?",Supplement,True,False,False,0
168,49,11,0,Bryan Chen,moderator,How can you have As many moments as possible to be remembered tomorrow or or one week after.,Probing,True,False,False,0
169,49,12,0,Bryan Chen,moderator,I think it's kind of different thinking rather than rather than taking the boxes.,Interpretation,True,False,False,0
170,49,13,0,Bryan Chen,moderator,"Say, okay, I have.",Supplement,True,False,False,0
172,49,15,0,Bryan Chen,moderator,BI have done my homework.,Supplement,True,False,False,0
174,49,17,0,Bryan Chen,moderator,What did I do on that day?,Probing,True,False,False,0
175,49,18,0,Bryan Chen,moderator,"There were probably some nothing that's really impress you, or nothing that you can remember.",Supplement,True,False,False,0
178,49,21,0,Bryan Chen,moderator,"How do you kind of like, manage your day so that maybe sometime in the future you can still remember the moment you currently live in as in a second different angle.",Probing,True,False,False,0
179,49,22,0,Bryan Chen,moderator,Okay.,All Utility,False,False,True,0
181,50,1,0,Elda,participant,"oh, how was what?",,,,,0
182,50,2,0,Elda,participant,What were the highlights of your your week.,,,,,0
184,52,0,0,Elda,participant,"So after a week later, yeah, what did you do last week?",,,,,0
185,52,1,0,Elda,participant,And what were your highlights?,,,,,0
186,52,2,0,Elda,participant,"And the 1st things that come to mind, I think, would be kind of what you're trying to say right.",,,,,0
188,54,0,0,Elda,participant,And.,,,,,0
191,55,2,0,Bryan Chen,moderator,"Efficiency. Yeah. But for me, that's personally, that's not the most important thing I mean for my boss, maybe.",Supplement,True,False,False,0
193,55,4,0,Bryan Chen,moderator,What's you guys view and managements?,Probing,True,False,False,0
194,55,5,0,Bryan Chen,moderator,Or how do you prioritize?,Probing,True,False,False,0
197,56,0,0,Peggy Lin,participant,"Yeah, sure actually, I'm doing the checklist things to remind me to do things actually, I feel in my life right now is too comfy.",,,,,0
198,56,1,0,Peggy Lin,participant,And now stay in a conflict area.,,,,,0
200,56,3,0,Peggy Lin,participant,And what should I do for next?,,,,,0
201,56,4,0,Peggy Lin,participant,So I'm very ready to achieve my goal.,,,,,0
202,56,5,0,Peggy Lin,participant,So I just write down the things I want to achieve most.,,,,,0
204,56,7,0,Peggy Lin,participant,So I do write down plan and just try to take a len every day to make sure.,,,,,0
207,56,10,0,Peggy Lin,participant,"Oh, help me, but I'm thinking you you cannot have like every day is meaningful.",,,,,0
208,56,11,0,Peggy Lin,participant,Obviously you can have some day.,,,,,0
210,56,13,0,Peggy Lin,participant,"But sometimes because it's a long time ago, like learning language, I'm learning Japanese right now, so you can't just remember every every day what you learning.",,,,,0
211,56,14,0,Peggy Lin,participant,"But after maybe a month, 3 months, you definitely improve the it's just.",,,,,0
213,56,16,0,Peggy Lin,participant,You can remember what you have done.,,,,,0
214,57,0,0,Bryan Chen,moderator,"Yeah. I think that's a good point of view, because they are definitely something that you have to contribute or per effort consistently to achieve rather than you are right.",Supplement,True,False,True,0
215,57,1,0,Bryan Chen,moderator,You can't make every day meaningful right?,Supplement,True,False,False,0
216,57,2,0,Bryan Chen,moderator,"There are only that many days that you can remember to be meaningful, maybe in total, perhaps.",Supplement,True,False,False,0
220,59,1,0,Bryan Chen,moderator,Do you have any tips to create your checklist cause?,Probing,True,False,False,0
222,59,3,0,Bryan Chen,moderator,Sometimes it doesn't. doesn't reflect a reality.,Supplement,True,False,False,0
223,59,4,0,Bryan Chen,moderator,"Sometimes, like other is 2 less items, or sometimes too many items.",Supplement,True,False,False,0
224,59,5,0,Bryan Chen,moderator,And then you still.,Probing,True,False,False,0
225,60,0,0,Peggy Lin,participant,All. Okay.,,,,,0
228,62,1,0,Peggy Lin,participant,But I'm thinking you can make last.,,,,,0
231,62,4,0,Peggy Lin,participant,"We'll just repeat, but I want I just chose the most important thing right now for me.",,,,,0
233,62,6,0,Peggy Lin,participant,"So yeah, so I take land, and I feel always different color.",,,,,0
234,62,7,0,Peggy Lin,participant,So when I look back and I feel a lot of color in my schedule.,,,,,0
235,62,8,0,Peggy Lin,participant,"I feel, okay. I've done a lot of things which is very great to me, because I can see different color, my schedule not colorful, nothing like that.",,,,,0
236,62,9,0,Peggy Lin,participant,My personal.,,,,,0
237,63,0,0,Bryan Chen,moderator,"Hmm, that's interesting. Yeah, color.",Supplement,True,False,True,0
238,63,1,0,Bryan Chen,moderator,And also visual aid does help.,Supplement,True,False,False,0
243,65,2,0,Bryan Chen,moderator,"Oh, very, cap planning.",Supplement,True,False,False,0
244,66,0,0,Amy,participant,It's a lot. Hello!,,,,,0
245,66,1,0,Amy,participant,"Oh, very noisy.",,,,,0
246,67,0,0,Bryan Chen,moderator,"Oh, you're big. One.",All Utility,False,False,True,0
248,68,0,0,Amy,participant,Is that all right?,,,,,0
250,69,0,0,Bryan Chen,moderator,It's currently it's fine.,All Utility,False,False,True,0
254,70,2,0,Amy,participant,"I will start to do something 8, 10, and 11 better tech schedule.",,,,,0
255,70,3,0,Amy,participant,"But then, after a day I found out, okay, I only made maybe 3 3 tests.",,,,,0
258,70,6,0,Amy,participant,I try to manage my energy.,,,,,0
259,71,0,0,Bryan Chen,moderator,Okay.,All Utility,False,False,True,0
262,72,2,0,Amy,participant,and I deal with negative potential.,,,,,0
265,72,5,0,Amy,participant,I need to use my brain to think too much.,,,,,0
267,72,7,0,Amy,participant,So now I switch to this title.,,,,,0
269,72,9,0,Amy,participant,And I feel for me because I'm not this not disappointing person?,,,,,0
270,72,10,0,Amy,participant,I am not good at Matching with a plan.,,,,,0
273,72,13,0,Amy,participant,"So now I'm happier, definitely.",,,,,0
274,73,0,0,Bryan Chen,moderator,I think that's a very nice point cause.,Supplement,True,False,True,0
275,73,1,0,Bryan Chen,moderator,I also have a similar view.,Supplement,True,False,True,0
276,73,2,0,Bryan Chen,moderator,"So like, so you say, you categorize your different activity based on different energy level.",Interpretation,True,False,False,0
279,74,0,0,Amy,participant,What's up?,,,,,0
281,75,1,0,Bryan Chen,moderator,Right? So a beef.,All Utility,True,False,False,0
282,75,2,0,Bryan Chen,moderator,"You have different label, different gray of meat.",Supplement,True,False,False,0
284,76,0,0,Amy,participant,Wow!,,,,,0
285,77,0,0,Bryan Chen,moderator,"You have eye filler, you have round steak you have playing some lower level.",Supplement,True,False,False,0
286,77,1,0,Bryan Chen,moderator,"Some lower level meat, right?",Supplement,True,False,False,0
287,77,2,0,Bryan Chen,moderator,"So if you if the butcher they killed a cow, they divide the meat into different gray and different categories, right?",Supplement,True,False,False,0
289,77,4,0,Bryan Chen,moderator,"and then you can also divide, categorize the tasks that you need to do so.",Supplement,True,False,False,0
290,77,5,0,Bryan Chen,moderator,"So some tasks require maybe more creativity, and then you probably want to assign those high quality hour for those high creativity.",Supplement,True,False,False,0
292,77,7,0,Bryan Chen,moderator,You cannot speak. You are just 2 type of speaking.,Supplement,True,False,False,0
293,77,8,0,Bryan Chen,moderator,"You can just like, do some online courses, online classes because you are just listening.",Supplement,True,False,False,0
297,77,12,0,Bryan Chen,moderator,I also try to divide in and into different blocks as well.,Supplement,True,False,False,0
304,77,19,0,Bryan Chen,moderator,and probably you need 10 to 20 min to transition.,Supplement,True,False,False,0
305,77,20,0,Bryan Chen,moderator,Say that transition your mind from one context to another context.,Supplement,True,False,False,0
306,77,21,0,Bryan Chen,moderator,"So I think like, 90 min will be the right size of the block to do some progressive work.",Supplement,True,False,False,0
308,78,0,0,Amy,participant,Risk.,,,,,0
309,79,0,0,Bryan Chen,moderator,"Personal taste. Like state grading system, we block kind.",Supplement,True,False,False,0
312,80,2,0,Amy,participant,You timer your test in like a 25 or 20 min.,,,,,0
313,80,3,0,Amy,participant,"Oh, sorry.",,,,,0
314,81,0,0,Bryan Chen,moderator,Questions.,Probing,True,False,False,0
315,82,0,0,Amy,participant,Tomato tomato. I'm management.,,,,,0
316,83,0,0,Bryan Chen,moderator,What is that? Do you?,Probing,True,False,False,0
317,83,1,0,Bryan Chen,moderator,Can you share that?,Probing,True,False,False,0
318,83,2,0,Bryan Chen,moderator,What's tomato? 10 min.,Probing,True,False,False,0
319,84,0,0,Amy,participant,So can anyone do it?,,,,,0
322,86,1,0,Amy,participant,Thank you. Lovely.,,,,,0
325,87,2,0,Peggy Lin,participant,You will have 25 min before.,,,,,0
326,88,0,0,Amy,participant,Yes.,,,,,0
327,89,0,0,Peggy Lin,participant,And by all 10 min relax and go to next circle.,,,,,0
331,90,1,0,Amy,participant,Yeah. So you constantly switch on and switch off.,,,,,0
332,90,2,0,Amy,participant,And it's gonna somehow help you to be more effective.,,,,,0
333,91,0,0,Bryan Chen,moderator,Okay. But isn't 25 min too short.,Probing,True,False,False,0
334,91,1,0,Bryan Chen,moderator,What can you do in 25 min.,Probing,True,False,False,0
336,92,1,0,Amy,participant,"I think if there's somebody, because I think the 19 min sometimes is more for, like a big worth, big work.",,,,,0
337,93,0,0,Bryan Chen,moderator,Okay.,All Utility,False,False,False,0
344,95,2,0,Bryan Chen,moderator,"So you probably have to kind of like balance between job hunting and maybe learning, new skill, preparation for this document, or whatever.",Supplement,False,True,False,0
346,96,0,0,Annie,participant,"Well, to be honest, I used to be a very well planned person, that I will list everything I have to do in the day.",,,,,0
347,96,1,0,Annie,participant,"But recently, I just find out that many things are not under your own control.",,,,,0
348,96,2,0,Annie,participant,"For example, finding a job in a foreign country, it sometimes more depends on your lot.",,,,,0
349,96,3,0,Annie,participant,"So it's not like, if you plan for those kind of thing, then you can get a great result you want at a date you planned so recently.",,,,,0
351,96,5,0,Annie,participant,"But back then, when I was studying, I always make a list on what I should do in that day, so I know before the day ends.",,,,,0
352,96,6,0,Annie,participant,I have to finish all kind of thing.,,,,,0
353,97,0,0,Bryan Chen,moderator,Hmm.,All Utility,False,False,False,0
354,98,0,0,Annie,participant,And it's similar to others.,,,,,0
356,99,0,0,Bryan Chen,moderator,Right. I guess I maybe not specifically planning.,Interpretation,True,False,False,0
357,99,1,0,Bryan Chen,moderator,"But I guess that you have the point that sometime, maybe light is at a stage that's too dynamic to plan everything ahead.",Interpretation,True,False,False,0
359,99,3,0,Bryan Chen,moderator,I think that's probably a better question to ask.,Interpretation,True,False,False,0
360,99,4,0,Bryan Chen,moderator,How do you make the base out tone currently.,Probing,True,False,False,0
361,100,0,0,Annie,participant,"Currently, I just have some ghost that I try to reach every single day.",,,,,0
362,100,1,0,Annie,participant,"For example, I try to learn German in the morning, and I apply for Job in the afternoon, after the application, I'll go on a short walk and cook for dinner.",,,,,0
365,100,4,0,Annie,participant,So I just do that.,,,,,0
366,100,5,0,Annie,participant,So there are not specific goals for everything.,,,,,0
367,101,0,0,Bryan Chen,moderator,Sounds pretty well balanced.,Supplement,False,False,True,0
368,101,1,0,Bryan Chen,moderator,Live? Yeah. How about your son?,Probing,True,False,False,0
369,101,2,0,Bryan Chen,moderator,Do? How do you are you do?,Probing,True,False,False,0
372,102,1,0,Shunto,participant,"I mean, I mean I I my account management skill is whoa bad super bad, which means like I I will Miss Deadline, or I will.",,,,,0
374,102,3,0,Shunto,participant,"And yeah, that's that's my most challenge I need to face.",,,,,0
375,102,4,0,Shunto,participant,And,,,,,0
378,104,0,0,Shunto,participant,"Yeah, I think Japanese, I think it's very important to think about things.",,,,,0
380,104,2,0,Shunto,participant,"But we we, for we put priority on that.",,,,,0
382,105,0,0,Bryan Chen,moderator,"Oh, okay.",All Utility,False,False,True,0
385,107,1,0,Bryan Chen,moderator,I think we have count good discussion so far.,Supplement,False,False,True,0
386,107,2,0,Bryan Chen,moderator,"Oh, Jessica, you wanna say, something.",Probing,True,False,False,0
387,107,3,0,Bryan Chen,moderator,"Okay, go ahead.",Instruction,False,True,False,0
388,108,0,0,jessica,participant,"I just wanna share this multi to help me can to focus for when we want to learning or study something, is that because our brain so easy gets distracted by other things.",,,,,0
391,108,3,0,jessica,participant,"You can go to take a break, then ask and come back to continue to focus, because can refresh your brain.",,,,,0
392,108,4,0,jessica,participant,Brent.,,,,,0
393,109,0,0,Bryan Chen,moderator,Here it is!,All Utility,False,False,True,0
395,111,0,0,Bryan Chen,moderator,"But I feel sometimes, once I get relaxed, I become very.",Supplement,False,False,True,0
396,111,1,0,Bryan Chen,moderator,It become very difficult for me to go back to work.,Supplement,False,False,True,0
397,112,0,0,jessica,participant,"Yeah, you get excited, and I go back to play a little bit fun, and maybe 10.",,,,,0
400,115,0,0,Bryan Chen,moderator,"Well, recently, I've become so distracted by my phone and so inefficient.",Supplement,True,False,False,0
402,115,2,0,Bryan Chen,moderator,"Thanks, Jessica. Now, I can probably also go to the next question.",All Utility,False,True,True,0
404,115,4,0,Bryan Chen,moderator,I guess I maybe discuss this discussing our sense of identity is a little bit too difficult.,Interpretation,False,False,True,0
405,115,5,0,Bryan Chen,moderator,But but I guess it doesn't have to be identity.,Supplement,True,False,False,0
407,115,7,0,Bryan Chen,moderator,"So cause. So, for example, I some people will say after like moving overseas say in New Zealand, for example.",Supplement,True,False,False,0
408,115,8,0,Bryan Chen,moderator,"I still see some people, even though they have been states living in that country for many, many years, they still don't quite fit in.",Supplement,True,False,False,0
414,115,14,0,Bryan Chen,moderator,They just become suddenly become a close friend.,Supplement,True,False,False,0
415,115,15,0,Bryan Chen,moderator,So so do you think what what roles do?,Probing,True,False,False,0
419,115,19,0,Bryan Chen,moderator,"Is it necessary? Is it not necessary for relationship, for feeling, for identity?",Probing,True,False,False,0
423,116,0,0,Elda,participant,Sure. I think in in Japan.,,,,,0
424,116,1,0,Elda,participant,In there is a common phrase.,,,,,0
426,116,3,0,Elda,participant,"Now, if I think of about it.",,,,,0
427,116,4,0,Elda,participant,"When I literally translate it to maybe Chinese or English, it would actually sound a bit strange.",,,,,0
428,116,5,0,Elda,participant,"It's the phrase, when you finish like when you go out, hang out with your friends, and at the end of the day you will send a message to whoever the friend or friends that you hung out with that day, and you would say, Thank you for the happy day today.",,,,,0
429,116,6,0,Elda,participant,Thank you for the happy memory today.,,,,,0
432,116,9,0,Elda,participant,"Oh, thank you for the happy day, of course.",,,,,0
434,116,11,0,Elda,participant,"But we don't normally say that in Taiwan, when you hang out with friends or or even in Western countries, when you hang out with friends.",,,,,0
442,116,19,0,Elda,participant,We are making memory together with that someone.,,,,,0
445,116,22,0,Elda,participant,be allocated to other classes.,,,,,0
447,116,24,0,Elda,participant,Because we shared so many memories together.,,,,,0
448,116,25,0,Elda,participant,We we were a team.,,,,,0
449,116,26,0,Elda,participant,And now we can't be together.,,,,,0
450,116,27,0,Elda,participant,"So I think definitely, time that plays a role in in shaping, not just shaping our memories, but also forming our memories.",,,,,0
452,116,29,0,Elda,participant,And for sense of identity.,,,,,0
453,116,30,0,Elda,participant,I'm gonna leave it to other people to answer.,,,,,0
456,117,2,0,Bryan Chen,moderator,That's already a sense of commitment and dedication.,Interpretation,True,False,False,0
461,118,3,0,Elda,participant,That's something to to be thankful for.,,,,,0
462,118,4,0,Elda,participant,Absolutely.,,,,,0
464,119,1,0,Bryan Chen,moderator,"We also say similar thing as well when we, especially in the 1st few meeting when you hang out with someone, mostly in romantic date.",Supplement,False,False,True,0
465,119,2,0,Bryan Chen,moderator,But I I think it's not limited to that.,Supplement,True,False,False,0
472,120,2,0,Peggy Lin,participant,"like, if you just do the sensing every every day and meet some people talk about sensing you.",,,,,0
474,120,4,0,Peggy Lin,participant,But if we you guys have some deep talk or more.,,,,,0
475,120,5,0,Peggy Lin,participant,"Some accident happen, and you will see the people active, different when let's some emergency thing or some incident happen, and you will know them better.",,,,,0
476,120,6,0,Peggy Lin,participant,But if they just Russian the sensing every day.,,,,,0
477,120,7,0,Peggy Lin,participant,"And it's no matter you just made in one day or 10 years, just like I said.",,,,,0
478,121,0,0,Bryan Chen,moderator,Hmm! Got it.,All Utility,False,False,True,0
479,122,0,0,Peggy Lin,participant,Your 2 are not touched to each other.,,,,,0
482,124,1,0,Peggy Lin,participant,Because you guys have new topic and new things to come about.,,,,,0
483,125,0,0,Bryan Chen,moderator,Hmm.,All Utility,False,False,True,0
485,127,0,0,Bryan Chen,moderator,"Yeah, I can definitely resonate with you.",Supplement,False,False,True,0
490,127,5,0,Bryan Chen,moderator,And in the 1st 3 months.,Supplement,True,False,False,0
491,127,6,0,Bryan Chen,moderator,and there were so many things happen.,Supplement,True,False,False,0
494,127,9,0,Bryan Chen,moderator,But but when I think that it was only just 2 or 3 months.,Supplement,True,False,False,0
495,127,10,0,Bryan Chen,moderator,"But then, later, after the relationship becomes stabilized.",Interpretation,True,False,False,0
499,127,14,0,Bryan Chen,moderator,Just provide a possibility for something to happen.,Supplement,True,False,False,0
502,127,17,0,Bryan Chen,moderator,Any! Do you have any thought.,Probing,True,False,False,0
503,128,0,0,Annie,participant,"Oh, it's me again!",,,,,0
505,129,0,0,Bryan Chen,moderator,"Okay, that that's totally fine.",All Utility,False,False,True,0
507,129,2,0,Bryan Chen,moderator,those kind of something that define yourself.,Supplement,True,False,False,0
511,130,2,0,Annie,participant,Just fly by. That's what I feel as well.,,,,,0
512,130,3,0,Annie,participant,And another thing kind of interest me is is from Elta.,,,,,0
513,130,4,0,Annie,participant,"She say people in Japan say, thank you for the day after you meet other people.",,,,,0
514,130,5,0,Annie,participant,and people also do it in the Uk and back in Taiwan.,,,,,0
515,130,6,0,Annie,participant,Before I study abroad.,,,,,0
516,130,7,0,Annie,participant,I also do that to my friends.,,,,,0
520,131,0,0,Bryan Chen,moderator,"Hmm, hmm. yeah, I think I totally agree with that.",Supplement,True,False,False,0
521,131,1,0,Bryan Chen,moderator,I also do that as well.,Supplement,False,False,True,0
523,131,3,0,Bryan Chen,moderator,"And just cnn. Some small messages say, oh, so you have safely a ride home.",Supplement,False,False,True,0
532,134,2,0,Elda,participant,"After hangout they would send a message, and they'd be like, Oh, let's meet again.",,,,,0
533,134,3,0,Elda,participant,But some people we never met again.,,,,,0
537,135,1,0,Bryan Chen,moderator,Say.,Probing,True,False,False,0
539,136,1,0,Shunto,participant,I guess we we have this culture right.,,,,,0
542,138,1,0,jessica,participant,"In in, for example, everything.",,,,,0
543,138,2,0,jessica,participant,You have a a good thing or bad thing happening in in your day.,,,,,0
544,138,3,0,jessica,participant,But we our brain.,,,,,0
545,138,4,0,jessica,participant,"We might choose the only remember the good thing, or only remember the bad thing, but the feeling of a a part of how can I say after the feeling?",,,,,0
550,139,2,0,Bryan Chen,moderator,I think that's a saying of that.,Supplement,True,False,False,0
553,139,5,0,Bryan Chen,moderator,You can. and I'll be relieved from your pain or some bad negative experience.,Supplement,True,False,False,0
556,140,2,0,jessica,participant,Hmm.,,,,,0
558,141,1,0,Bryan Chen,moderator,They only remember the negative scene.,Supplement,True,False,True,0
559,141,2,0,Bryan Chen,moderator,They don't remember the the positive thing.,Supplement,False,False,True,0
561,142,1,0,jessica,participant,"for example, if I I do have something bad happening in the past by after 1 6 months, one year.",,,,,0
563,143,0,0,Bryan Chen,moderator,"Yeah, true. That's true.",Supplement,False,False,True,0
564,143,1,0,Bryan Chen,moderator,Yeah. So you cannot reduce the emotional intensity.,Supplement,True,False,False,0
566,143,3,0,Bryan Chen,moderator,You're also experiencing something else.,Supplement,True,False,False,0
567,143,4,0,Bryan Chen,moderator,"And then, once you introduce more information into your memory, you cannot dilute that particular moment that you experienced a while ago.",Supplement,True,False,False,0
569,143,6,0,Bryan Chen,moderator,So I totally agree.,Supplement,True,False,False,0
571,143,8,0,Bryan Chen,moderator,"Our memory, or good or bad thing.",Supplement,True,False,False,0
572,143,9,0,Bryan Chen,moderator,Cool. I think now we can move on to our next question.,Instruction,False,True,False,0
575,143,12,0,Bryan Chen,moderator,does it make us feel more rushed and overwhelmed in our life.,Probing,True,False,False,0
577,143,14,0,Bryan Chen,moderator,"And then without electronic, you also some people.",Supplement,True,False,False,0
579,143,16,0,Bryan Chen,moderator,"So so I mean, definitely, there's some benefit part.",Supplement,True,False,False,0
581,143,18,0,Bryan Chen,moderator,"So I just want to hear, maybe.",Probing,True,False,False,0
583,143,20,0,Bryan Chen,moderator,It's better because of technology or these things kind of make us more stressful.,Probing,True,False,False,0
584,143,21,0,Bryan Chen,moderator,"Shondo, do you want to answer these questions?",Probing,True,True,False,0
585,144,0,0,Shunto,participant,"I think it has a pro sound calls, I mean because it brought like a bright slide over time, or maybe it brought our simultaneously.",,,,,0
589,144,4,0,Shunto,participant,It has a lot of limitation.,,,,,0
592,144,7,0,Shunto,participant,But I think I think it does that.,,,,,0
593,144,8,0,Shunto,participant,That's a production of it.,,,,,0
596,144,11,0,Shunto,participant,So so like this is basically definitely make make made our life more complicated.,,,,,0
599,144,14,0,Shunto,participant,The amount of entertainment is now it's too much definitely.,,,,,0
600,144,15,0,Shunto,participant,"It's it's different. It's definitely it's definitely obvious from many, many people's view.",,,,,0
604,144,19,0,Shunto,participant,And that's it. That's my opinion.,,,,,0
605,145,0,0,Bryan Chen,moderator,Okay. I think that's a very concise analysis that you.,Supplement,False,False,True,0
608,147,1,0,Bryan Chen,moderator,I I do totally agree with you.,Supplement,False,False,True,0
610,147,3,0,Bryan Chen,moderator,I'm not sure whether it's a technology or not.,Supplement,True,False,False,0
612,148,0,0,Shunto,participant,"Space. Yes, yes.",,,,,0
613,149,0,0,Bryan Chen,moderator,"So, for example, I I have a few friends.",Supplement,False,False,True,0
614,149,1,0,Bryan Chen,moderator,"They have waiting recently, and then 1 1 friends in Korea, and one friend in China.",Supplement,False,False,True,0
617,149,4,0,Bryan Chen,moderator,"And then all their wedding ceremony, including dinner and all that.",Supplement,True,False,False,0
618,149,5,0,Bryan Chen,moderator,"It's only happened in 2 h, and then, and they say it's because it's expensive.",Supplement,True,False,False,0
619,149,6,0,Bryan Chen,moderator,And then they have a the next group next wedding coming out scheduled right after then.,Supplement,True,False,False,0
621,149,8,0,Bryan Chen,moderator,"No, because I was because my friend fried Bench in China just to attend her friend's wedding.",Supplement,True,False,False,0
622,149,9,0,Bryan Chen,moderator,"and then and but she said, like the wedding only to only happen 2 h, and after 2 h, because I originally imagined they will stay overnight.",Supplement,False,False,True,0
625,149,12,0,Bryan Chen,moderator,"But then, actually, everything just happened in 2 or 3 h, and people are back need to go back to work.",Supplement,True,False,False,0
626,149,13,0,Bryan Chen,moderator,"The next day, even on in a weekend.",Supplement,True,False,False,0
629,149,16,0,Bryan Chen,moderator,So I'm not sure.,Probing,True,False,False,0
630,149,17,0,Bryan Chen,moderator,Is that because of technology or just modernity in general?,Probing,True,False,False,0
634,150,0,0,jessica,participant,"I think definitely, yes, technology have us, experience more.",,,,,0
635,150,1,0,jessica,participant,"And compared with our maybe last generation, our parent generation, we got more resource and we can reach the our goal.",,,,,0
636,150,2,0,jessica,participant,Hmm. much better than our parent generation.,,,,,0
638,150,4,0,jessica,participant,"So because technology. Also, how is, for example, I'm in Australia now, and I can contact my family just back in Taiwan and all my friends around the world, maybe in Europe or in the U.S.A.",,,,,0
639,150,5,0,jessica,participant,But also another another thing I do read.,,,,,0
640,150,6,0,jessica,participant,I do read a news for the next generation for Gen. Z.,,,,,0
643,150,9,0,jessica,participant,"So I think, yeah, the social media, especially the technology.",,,,,0
644,150,10,0,jessica,participant,"I'm being used like social media, because social media completely changeable, not only for in the beginning, just for connect to maybe your friend or family.",,,,,0
646,150,12,0,jessica,participant,"a lot of business behavior showing in the social media, especially Tito and Instagram.",,,,,0
647,150,13,0,jessica,participant,"So more and more, it's like every day we open our phone, we connect to all of the world.",,,,,0
648,150,14,0,jessica,participant,And the more thing we receive.,,,,,0
650,151,0,0,Bryan Chen,moderator,"Oh, okay, I think that's a good observation.",Supplement,False,False,True,0
655,151,5,0,Bryan Chen,moderator,Maybe in some sense that's also causing that feeling or more lonely.,Interpretation,True,False,False,0
659,151,9,0,Bryan Chen,moderator,"And whatever you do, people tend to be trying to mix in fastest, and then we lose that kind of peaceful pace.",Supplement,True,False,False,0
660,151,10,0,Bryan Chen,moderator,Sometimes.,Supplement,True,False,False,0
664,152,3,0,jessica,participant,"Recently, people more try to insight.",,,,,0
668,153,3,0,Bryan Chen,moderator,I mean reducing fastest.,Interpretation,True,False,False,0
671,153,6,0,Bryan Chen,moderator,"I I personally, at least myself.",Supplement,True,False,False,0
678,154,2,0,jessica,participant,"But until our generation we want at least, and we also want that.",,,,,0
681,155,1,0,Bryan Chen,moderator,"make us to have that perception of possibility that we think doing thing have a very tight schedule, achieve all our goal is possible.",Supplement,True,False,False,0
682,155,2,0,Bryan Chen,moderator,So we start thinking about it.,Supplement,True,False,False,0
683,155,3,0,Bryan Chen,moderator,And then we have that expectation and that expectation make us feel stressful.,Supplement,True,False,False,0
688,156,0,0,jessica,participant,True.,,,,,0
689,157,0,0,Bryan Chen,moderator,"Interesting. okay, I think we're going to move to our last questions.",Instruction,False,True,False,0
694,157,5,0,Bryan Chen,moderator,You will have a different level of urgency that you want to get something down.,Supplement,True,False,False,0
695,157,6,0,Bryan Chen,moderator,So for myself I feel there were definitely a certain level of urgency before my study.,Supplement,True,False,False,0
697,157,8,0,Bryan Chen,moderator,There were many moments.,Supplement,True,False,False,0
699,157,10,0,Bryan Chen,moderator,"I need to write, finish writing a novel.",Supplement,True,False,False,0
701,157,12,0,Bryan Chen,moderator,"A child needs to have a few romance, romantic relationship.",Supplement,True,False,False,0
702,157,13,0,Bryan Chen,moderator,"Blah blah! But then, when I get into study, I've realized there were so many things I haven't done, and I feel.",Supplement,True,False,False,0
705,157,16,0,Bryan Chen,moderator,"So everything now I I feel more loose, I feel more relaxed about it.",Supplement,True,False,False,0
706,157,17,0,Bryan Chen,moderator,So I no longer trying to adhere to low skills or low scale expectations.,Supplement,True,False,False,0
707,157,18,0,Bryan Chen,moderator,"So that's so, that's me.",Supplement,True,False,False,0
708,157,19,0,Bryan Chen,moderator,So what about you guys?,Probing,True,False,False,0
709,157,20,0,Bryan Chen,moderator,Do you feel a different life stage?,Probing,True,False,False,0
710,157,21,0,Bryan Chen,moderator,You have different urgency or pressure.,Probing,True,False,False,0
713,158,0,0,Elda,participant,"Oh, wait! Oh, yes.",,,,,0
714,158,1,0,Elda,participant,sorry. Just before question 5.,,,,,0
715,158,2,0,Elda,participant,Sorry I I raised my hand because you were in the middle of talking.,,,,,0
716,158,3,0,Elda,participant,"I was just curious to hear what Amy would think, because we talked about like generation, the new generation.",,,,,0
724,159,2,0,Amy,participant,Cause I found we have a term.,,,,,0
726,159,4,0,Amy,participant,So they think that we have the terms.,,,,,0
728,159,6,0,Amy,participant,"If the company is not attractive enough, then you just stroll to our place.",,,,,0
734,159,12,0,Amy,participant,"But now there's just so many stuff online, you can watch.",,,,,0
736,159,14,0,Amy,participant,"So it kind of stress out everybody, not just somebody who's in this field also, like post general audience.",,,,,0
738,160,1,0,Elda,participant,"it's, it's quite tough.",,,,,0
740,161,0,0,Bryan Chen,moderator,"No, no, that's.",All Utility,False,False,True,0
741,162,0,0,Amy,participant,You very good.,,,,,0
742,163,0,0,Bryan Chen,moderator,Questions and also interesting.,All Utility,False,False,True,0
743,163,1,0,Bryan Chen,moderator,It's.,All Utility,False,False,True,0
744,164,0,0,Elda,participant,Yes. Question. 5.,,,,,0
746,165,1,0,Bryan Chen,moderator,"So yeah. So, Auda, what's your view on.",Probing,True,False,False,0
748,166,1,0,Elda,participant,"I definitely feel more a higher urgency level, because I'm older and I feel life is short.",,,,,0
749,166,2,0,Elda,participant,So I want to.,,,,,0
752,166,5,0,Elda,participant,"Especially yeah, when I when I think about it, like before I started working when I was younger, when I wasn't working.",,,,,0
754,166,7,0,Elda,participant,But because I wasn't working so it didn't feel that important.,,,,,0
756,166,9,0,Elda,participant,And we get health problems now and then.,,,,,0
758,166,11,0,Elda,participant,"Like. maybe. Yeah, I'll try to plan my weekend and say, Oh, I need to read this book.",,,,,0
759,166,12,0,Elda,participant,and then I make sure that a make time to read that book that I want to read.,,,,,0
761,166,14,0,Elda,participant,"Then go to this class and make sure that I actually do it, and not just leave a hanging there.",,,,,0
764,167,1,0,Bryan Chen,moderator,Do also change your feeling of urgency.,Probing,True,False,False,0
765,167,2,0,Bryan Chen,moderator,"What about you, Peggy?",Probing,True,False,False,0
767,167,4,0,Bryan Chen,moderator,Said.,Probing,True,False,False,0
768,168,0,0,Peggy Lin,participant,For me. I feel more relaxed.,,,,,0
770,168,2,0,Peggy Lin,participant,"like I was very aggressive in my 1st few years in my career, because I want to learn a lot of things about my work, my career everything.",,,,,0
775,168,7,0,Peggy Lin,participant,Do nothing. You might be kind.,,,,,0
779,169,3,0,Bryan Chen,moderator,"Is that English word for that fun, Kong.",Probing,True,False,False,0
780,169,4,0,Bryan Chen,moderator,"How do you say fun, Kong?",Probing,True,False,False,0
782,169,6,0,Bryan Chen,moderator,"Your mind is also very important use of time, because sometimes, when our brand or our minds packed with a lot of things, we cannot hear what we really need like deep in our heart or deep in.",Supplement,True,False,False,0
784,169,8,0,Bryan Chen,moderator,"Oh, it's space out.",Supplement,True,False,False,0
785,169,9,0,Bryan Chen,moderator,"Hong Kong, yeah, maybe.",All Utility,True,False,False,0
789,169,13,0,Bryan Chen,moderator,"The thing we're working on is actually what we really need, but sometimes not necessarily the truth.",Supplement,True,False,False,0
790,169,14,0,Bryan Chen,moderator,We need to kind of space out or empty our mind to have some reflections.,Supplement,True,False,False,0
791,169,15,0,Bryan Chen,moderator,"I guess that's also the reason why meditation become very popular nowadays, just like making people to adjust their pace and slow down and try to find the best balance.",Supplement,True,False,False,0
792,169,16,0,Bryan Chen,moderator,I guess. Cool.,All Utility,False,False,True,0
795,171,1,0,Bryan Chen,moderator,"Now, because I also want to reach that stage of relax lifestyle.",Supplement,False,False,True,0
796,172,0,0,Peggy Lin,participant,You have. You have just started.,,,,,0
799,174,1,0,Peggy Lin,participant,"Have your Phd. Degree, and in thirties.",,,,,0
800,174,2,0,Peggy Lin,participant,You must have something.,,,,,0
801,174,3,0,Peggy Lin,participant,People are very chest.,,,,,0
802,174,4,0,Peggy Lin,participant,Let's go. and very afraid to.,,,,,0
803,174,5,0,Peggy Lin,participant,You are behind your peers.,,,,,0
804,174,6,0,Peggy Lin,participant,"But in Europe people just you can do whatever you want, in whatever age, and no one will judge you, and thinking you are too old and do something.",,,,,0
806,174,8,0,Peggy Lin,participant,I always feel okay.,,,,,0
807,174,9,0,Peggy Lin,participant,I need to do this.,,,,,0
808,174,10,0,Peggy Lin,participant,"This is in my weekday, and I need to do that in my weekend and have a very fully schedule.",,,,,0
810,174,12,0,Peggy Lin,participant,"Relax, and having times with your friends, and neglect.",,,,,0
811,175,0,0,Bryan Chen,moderator,"that's true. I mean cultural, probably also of big factors.",Supplement,True,False,False,0
812,175,1,0,Bryan Chen,moderator,I see. Amy writes out her sound.,All Utility,False,False,True,0
813,175,2,0,Bryan Chen,moderator,Do you have something to say.,Probing,True,False,False,0
816,176,2,0,Amy,participant,"Otherwise the the master will say like, Oh, okay.",,,,,0
822,177,2,0,Bryan Chen,moderator,I'm not sure if that's true or not.,Supplement,True,False,False,0
825,178,2,0,Amy,participant,I mean Japan as well.,,,,,0
827,179,0,0,Bryan Chen,moderator,Any rest of her sound any?,Probing,True,False,False,0
828,179,1,0,Bryan Chen,moderator,"Well, something you want to say.",Probing,True,False,False,0
830,180,1,0,Annie,participant,"I have some German friends, and they say they are the most hard working European.",,,,,0
833,180,4,0,Annie,participant,"So I would say the whole In my opinion European are still more relaxed about time, and one of my Spanish friends told me that they they they work to live.",,,,,0
834,180,5,0,Annie,participant,But we live to work.,,,,,0
836,180,7,0,Annie,participant,Do you spend it on working.,,,,,0
838,181,1,0,Bryan Chen,moderator,Or do you still stick with your kind of original approaches?,Probing,True,False,False,0
845,183,1,0,Bryan Chen,moderator,And there's a lot.,Supplement,True,False,False,0
858,184,8,0,Shunto,participant,"I felt a little bit busy, but now I changed my priority a little bit, and",,,,,0
859,185,0,0,Bryan Chen,moderator,"No longer feel the pressure, because you throw Flaco.",Supplement,True,False,False,0
860,186,0,0,Shunto,participant,Sorry. Could you say that again.,,,,,0
861,187,0,0,Bryan Chen,moderator,"Also, you no longer feel the temperature, because I you can't give out that.",Interpretation,True,False,False,0
862,187,1,0,Bryan Chen,moderator,Go to go to New Zealand for.,Probing,True,False,False,0
866,188,3,0,Shunto,participant,"And yeah, I I it made it made my life a little bit simple, like, because the task is very, very simple.",,,,,0
868,188,5,0,Shunto,participant,Right? It? It's not that complicated.,,,,,0
871,189,0,0,Bryan Chen,moderator,"So once you're not as ambitious, and once you become more stable.",Interpretation,True,False,False,0
874,190,1,0,Shunto,participant,I gave up that.,,,,,0
877,191,0,0,Bryan Chen,moderator,Okay? So you may.,All Utility,False,False,True,0
878,191,1,0,Bryan Chen,moderator,I think I think that's good.,Supplement,False,False,True,0
880,191,3,0,Bryan Chen,moderator,"Oh, no! You already mentioned so sorry if I mistake.",All Utility,False,False,True,0
882,192,0,0,jessica,participant,I'm okay. Sorry I I get a little bit lost.,,,,,0
883,193,0,0,Bryan Chen,moderator,"Okay, okay, that's totally fine.",All Utility,False,False,True,0
884,193,1,0,Bryan Chen,moderator,"Yeah, I think we probably reach the end of our sessions.",Supplement,False,True,False,0
885,193,2,0,Bryan Chen,moderator,So that was our last question.,Instruction,False,True,False,0
886,193,3,0,Bryan Chen,moderator,"So I'll just rip it out a bit, I guess.",Interpretation,True,False,False,0
890,193,7,0,Bryan Chen,moderator,"So I think if you want to give to a conclusion for today's discussion, I would say.",Supplement,True,False,False,0
893,193,10,0,Bryan Chen,moderator,How would you? How would you put it this way?,Probing,True,False,False,0
897,193,14,0,Bryan Chen,moderator,"I think that's the most more important question to ask than if we come if we complete all the assigned tasks, or if we have fully pick our schedules.",Supplement,True,False,False,0
898,193,15,0,Bryan Chen,moderator,"So I guess, like the conclusion of the day, is anything you want to add, I'll add to what would you say would be the conclusion of the day.",Probing,True,False,False,0
899,194,0,0,Elda,participant,Do we have to have a conclusion.,,,,,0
900,195,0,0,Bryan Chen,moderator,We haven't got crochet.,Interpretation,False,True,False,0
905,196,3,0,Elda,participant,Also it can be influenced by.,,,,,0
906,196,4,0,Elda,participant,The culture you're in as well.,,,,,0
908,196,6,0,Elda,participant,But I think what we all agreed on was that?,,,,,0
910,197,0,0,Bryan Chen,moderator,It's not.,Interpretation,True,False,False,0
912,198,1,0,Elda,participant,"But also, yeah, make sure that those are the things that you really want to do.",,,,,0
915,199,0,0,Bryan Chen,moderator,"Okay, I see the much greater conclusions.",Supplement,True,False,False,0
917,200,1,0,Elda,participant,You're the host.,,,,,0
919,201,1,0,Bryan Chen,moderator,Just to think about a good.,Supplement,False,False,True,0
920,201,2,0,Bryan Chen,moderator,"Now, you just did it.",Supplement,False,False,True,0
921,201,3,0,Bryan Chen,moderator,"Okay? So I think a better conclusion is, how I think today, based on our some discussion today, we kind of this, the more important question is to how to better leave your time.",Interpretation,True,False,False,0
926,201,8,0,Bryan Chen,moderator,Is that good conclusions maybe.,Probing,True,False,False,0
928,203,0,0,Bryan Chen,moderator,"Okay, okay. I'm finished here.",All Utility,False,True,False,0
929,203,1,0,Bryan Chen,moderator,"Thank you. Everyone. Oh, yes.",All Utility,False,False,True,0
