Unnamed: 0,turn_index,sent_index,segment,speaker,role,text,topic_cluster
39,3,6,0,Emma E,participant,"Oh, I think that's my perception.",3
53,6,7,0,Yelin Ma,participant,"But the the experience is the experience is quite like a torture, but after that you can finish the 2 hard things at the same time, and that is really, I think, that is really satisfying.",3
76,10,14,0,Yelin Ma,participant,"So I think if you want to make time like really vicious, effective it's it's not only about listing out everything you have to do.",3
82,11,0,0,Emma E,participant,I think the effective time management strategy.,3
84,11,2,0,Emma E,participant,I think the most.,3
85,11,3,0,Emma E,participant,"I think the useful tool would be like Google Calendar, the simplest, the if more effective, the most effective it is.",3
108,13,5,0,Leyi CAO,participant,So I think this is really effective it.,3
110,13,7,0,Leyi CAO,participant,I think it really helps.,3
114,15,1,0,Emma E,participant,"And I do think it, and I think it comes from a research paper.",3
124,18,1,0,Yelin Ma,participant,Yeah. I think maybe everyone has the same experience.,3
126,19,1,0,Leyi CAO,participant,So I think this question.,3
128,19,3,0,Leyi CAO,participant,"Oh, I think he's a very abstract question.",3
138,20,4,0,Yelin Ma,participant,"And I think, I think not not only for memories, but also like identity.",3
139,20,5,0,Yelin Ma,participant,I think this is a little bit abstract.,3
155,21,5,0,Emma E,participant,I think it's really important.,3
161,22,2,0,Karin,participant,and those memories shape how we see ourselves and who we think we are.,3
167,22,8,0,Karin,participant,So I think this is example.,3
188,26,11,0,Yelin Ma,participant,"So I think, especially for this kind of spec special moments.",3
190,27,0,0,Emma E,participant,"I also think, for calendar is very important.",3
200,27,10,0,Emma E,participant,And I think it.,3
202,28,0,0,Karin,participant,"And oh, I think for this question, I think.",3
204,28,2,0,Karin,participant,"On the one side, I think technology really helps us manage, manage time better and be more efficient.",3
213,29,0,0,Leyi CAO,participant,"For me, I think it really depends on how we use technology for me, I really like some entertainment and software.",3
227,33,0,0,Leyi CAO,participant,"Oh, I think I think sometimes it's a waste of time, because I was doing something millions, but sometimes scrolling through.",3
229,33,2,0,Leyi CAO,participant,"Yeah, I think it makes sense.",3
235,34,5,0,Yelin Ma,participant,"And so it really it really depends on the situation, I think, because, like everyone has different pursuits, like, if you are going to continue a Phd study.",3
254,35,4,0,Emma E,participant,I think that's that's on my percent.,3
270,37,0,0,Leyi CAO,participant,I think for me time is more.,3
279,38,0,0,Yelin Ma,participant,"I think just as I mentioned, like relating back to the Mdpi.",3
283,38,4,0,Yelin Ma,participant,"So it's like the the due dates are quite tense, and I think it's really hard to manage so many kinds of assignments.",3
297,38,18,0,Yelin Ma,participant,"and I think this is really helpful, because, you know, you're on the right track.",3
300,38,21,0,Yelin Ma,participant,"Yeah, I think this one is really helpful.",3
301,39,0,0,Leyi CAO,participant,I think for me.,3
304,39,3,0,Leyi CAO,participant,I think he's because I always play until I until I'm I'm tired then that I well started doing my homework.,3
313,40,3,0,Yelin Ma,participant,"I I mean, like, I think you have yeah.",3
