Unnamed: 0,turn_index,sent_index,segment,speaker,role,text,dialogue_act,informational motive,coordinative motive,social motive,topic_cluster
6,4,0,0,Shunto,participant,"Yeah, this topic, I think this topic is something very deep, you know, like how like in the production of time.",,,,,3
12,6,2,0,Shunto,participant,"So in other words, and like like it depends, like, if you think the time like, it depends like it depends on like the experience if you think the timer is going faster or slower.",,,,,3
16,7,0,0,Bryan Chen,moderator,"So what does a serious state, again, can you remind us, is like the time becomes slower when you travel in light year or fastest, or something like that.",Probing,True,False,False,3
20,8,2,0,Shunto,participant,"So if you want to, if you like, the experience, maybe like the times, you feel the time slower, and if you feel like the experience is like bullshit.",,,,,3
25,10,0,0,Shunto,participant,"Exact thing, but basically like, but if you like, if you like, or not like, if like affecting the our perception of the time, so that's that's 1 of the thing.",,,,,3
27,11,0,0,Bryan Chen,moderator,"No, you say like, if you like, the time it goes up, then, if you don't like the time, it will go slower.",Interpretation,True,False,False,3
32,14,0,0,Shunto,participant,"Yeah, so like, it's very like vague.",,,,,3
34,14,2,0,Shunto,participant,"So like, I, I like, I cannot say like time for it.",,,,,3
38,14,6,0,Shunto,participant,"I mean, I think, like it.",,,,,3
39,14,7,0,Shunto,participant,It depends on like the our brain like it.,,,,,3
44,16,1,0,Shunto,participant,"I got a question like, Okay, like, when when I went to Colorado Colorado, actually, I I tried weed there because it it's legalized that.",,,,,3
45,16,2,0,Shunto,participant,"I think, like, this kind of things can break our type of perception.",,,,,3
46,16,3,0,Shunto,participant,But I think it has like some kind of that function like.,,,,,3
47,16,4,0,Shunto,participant,"So like, my point is like, we can break.",,,,,3
79,32,10,0,Annie,participant,"Including, like non important things, like playing video games or just doing nothing whole day.",,,,,3
86,34,1,0,Annie,participant,"Basically, whenever I'm enjoying or really doing something, then I feel like it goes very fast.",,,,,3
91,37,0,0,Bryan Chen,moderator,Right. So like some people feel happy.,Interpretation,True,False,False,3
101,42,0,0,jessica,participant,"Okay for me, my experience, I would say so when I do something I like, for example, the job.",,,,,3
103,42,2,0,jessica,participant,"So when I do the something I like, I feel like the time pass really fast.",,,,,3
105,42,4,0,jessica,participant,"So you were more into like, really focus the thing you like to do.",,,,,3
107,42,6,0,jessica,participant,So I every time the thing I'm not really like to do so every time we feel like.,,,,,3
112,42,11,0,jessica,participant,So if you do something you're passionately the type like pass pass fast.,,,,,3
115,43,2,0,Bryan Chen,moderator,"they just like a few days, just fly back, fly by, and then they just like.",Supplement,True,False,False,3
125,44,3,0,Elda,participant,And you're like. because you like it.,,,,,3
132,44,10,0,Elda,participant,But for me I I feel that kind of saying is more like I want to have longer experience of.,,,,,3
133,44,11,0,Elda,participant,"I I wish I could have that moment continued, instead of yeah, like, how?",,,,,3
147,47,0,0,Bryan Chen,moderator,I think any mention a very important thing is like she feel time is something that's valuable.,Interpretation,True,False,False,3
148,47,1,0,Bryan Chen,moderator,It's like a money right?,Interpretation,True,False,False,3
149,47,2,0,Bryan Chen,moderator,And then like how you invested.,Interpretation,True,False,False,3
165,49,8,0,Bryan Chen,moderator,"So like, for example, like, instead of thinking about how many thing you have down in the checklist from the box.",Supplement,True,False,False,3
166,49,9,0,Bryan Chen,moderator,and another perspective would be thinking about thinking about like.,Supplement,True,False,False,3
173,49,16,0,Bryan Chen,moderator,"You might take all the boxes, but like after one week, when you're trying to remember.",Supplement,True,False,False,3
180,50,0,0,Elda,participant,It's like asking like.,,,,,3
189,55,0,0,Bryan Chen,moderator,"In skills like, if you talk about time management, I guess like, people will say, Okay, you can create like checklist.",Supplement,True,False,False,3
196,55,7,0,Bryan Chen,moderator,"Pecky, would you like to say something.",Probing,True,False,False,3
199,56,2,0,Peggy Lin,participant,"Maybe like. Okay, I'm have a good life.",,,,,3
205,56,8,0,Peggy Lin,participant,"Okay, I'm done something I want to do, not just like chill and do nothing.",,,,,3
209,56,12,0,Peggy Lin,participant,"You are really lucky, and you have you done very meaningful things and you quite like it.",,,,,3
212,56,15,0,Peggy Lin,participant,"It's a long term goal, not like every day.",,,,,3
221,59,2,0,Bryan Chen,moderator,Sometimes I feel like my checklist doesn't work pretty well.,Supplement,True,False,False,3
229,62,2,0,Peggy Lin,participant,"Just try to choose most important thing you want to do in those days like for me, I think I choose 3 or 4 things I really really want to achieve.",,,,,3
232,62,5,0,Peggy Lin,participant,"And also I dumb like geography, so graphic.",,,,,3
253,70,1,0,Amy,participant,And I used to like I would have like a quite a straight schedule like 8 o'clock I will wake up 9 o'clock.,,,,,3
256,70,4,0,Amy,participant,So that's like coordinates will make the whole like a half schedule.,,,,,3
260,72,0,0,Amy,participant,"Well, like, yeah. So like, for example, before afternoon, I probably feel more like something need creativity.",,,,,3
261,72,1,0,Amy,participant,And like they need more in output.,,,,,3
264,72,4,0,Amy,participant,"Then I will. I will sweep to like a routine daily, pass nothing.",,,,,3
266,72,6,0,Amy,participant,"And then in the upper in the afternoon, in the even then I would do like studying or reading or watch some informative Youtube video, I'd like to watch.",,,,,3
271,72,11,0,Amy,participant,"I planned it so now I feel better, because people always like I always like myself.",,,,,3
272,72,12,0,Amy,participant,"Why, I made a plan, but I never stick with it like what the hell I'm doing like what's wrong with me.",,,,,3
277,73,3,0,Bryan Chen,moderator,And so I have this kind of approach which I call like the steak systems.,Supplement,True,False,False,3
288,77,3,0,Bryan Chen,moderator,"So it's like our 24 h, so you can divide certain hours as like a high quality hour, certain hour of like low quality hour.",Supplement,True,False,False,3
294,77,9,0,Bryan Chen,moderator,"And there are also something that just like doing, repeated Job.",Supplement,True,False,False,3
295,77,10,0,Bryan Chen,moderator,"Like, you know. marketing students, assignment, for example, and then I'll just like, do that in the evening, when my brain cannot worry, and I use that those just to exchange those low, level quality time for money.",Supplement,True,False,False,3
296,77,11,0,Bryan Chen,moderator,"Yeah. And then, I guess, like for me, beside dividing and into different grade.",Supplement,True,False,False,3
298,77,13,0,Bryan Chen,moderator,"So cause I feel like, if I assign one task with to with a big block, let's say 4 or 5 h. I will have that false perception.",Supplement,True,False,False,3
311,80,1,0,Amy,participant,Do you have like like you?,,,,,3
339,94,1,0,Amy,participant,And then you switch to next call somehow like that.,,,,,3
363,100,2,0,Annie,participant,But there's no like specific goal that.,,,,,3
364,100,3,0,Annie,participant,"for example, that, like I should learn German for 4 h, or something like that, I just feel how much I want to do.",,,,,3
373,102,2,0,Shunto,participant,I also like being late for some kind of things.,,,,,3
379,104,1,0,Shunto,participant,"I I think, like, it's a, it's a very global thing, especially in the Western culture countries.",,,,,3
381,104,3,0,Shunto,participant,And that's why I feel like or I. I sometimes struggle with walking.,,,,,3
394,110,0,0,jessica,participant,So it's like a smartie for me to focus on my study like that.,,,,,3
406,115,6,0,Bryan Chen,moderator,"It can be like relationship, or it can be a feeling.",Supplement,True,False,False,3
410,115,10,0,Bryan Chen,moderator,and also in like human relationship.,Supplement,True,False,False,3
413,115,13,0,Bryan Chen,moderator,"and but like in the opposite side, there were also people who only know each other for a few days, and then they feel like they have known each other for a very long time.",Supplement,True,False,False,3
421,115,21,0,Bryan Chen,moderator,"The the deeper thing that like define ourselves, I would say together.",Supplement,True,False,False,3
422,115,22,0,Bryan Chen,moderator,"Ldad, would you like to share something on that.",Probing,True,False,False,3
425,116,2,0,Elda,participant,like. which is quite like.,,,,,3
430,116,7,0,Elda,participant,"And that's like a really set phrase when you're like, especially hanging out with someone the 1st time.",,,,,3
431,116,8,0,Elda,participant,"And I thought, that's really nice, like, it's really nice thing to to say, and even be said to and be like.",,,,,3
436,116,13,0,Elda,participant,"things for today was like, really awesome.",,,,,3
437,116,14,0,Elda,participant,"It was like, really cool, really fun.",,,,,3
438,116,15,0,Elda,participant,But you wouldn't like thank the other person.,,,,,3
443,116,20,0,Elda,participant,"And that's especially true, like especially in the team in a group environment like at school.",,,,,3
446,116,23,0,Elda,participant,"It'll be like, oh, so sad!",,,,,3
454,117,0,0,Bryan Chen,moderator,"Okay, interesting. So so you feel like, like, it's the fact that someone invest because we previously, we mentioned that we can potentially consider time like something that's valuable, like money.",Interpretation,True,False,False,3
457,117,3,0,Bryan Chen,moderator,"And then that's purely just by that is, a people shirt like appreciate.",Interpretation,True,False,False,3
467,119,4,0,Bryan Chen,moderator,"Peggy, do you have anything you would like to share like?",Probing,True,False,False,3
484,126,0,0,Peggy Lin,participant,Something like this.,,,,,3
486,127,1,0,Bryan Chen,moderator,"I can definitely echo you because I I think I think, especially in relationship, like in the back to our 1st question, When do you feel slow?",Interpretation,True,False,True,3
493,127,8,0,Bryan Chen,moderator,"Much, much better. But that 3 months feel very, very long, like a year.",Supplement,True,False,False,3
500,127,15,0,Bryan Chen,moderator,"But the more important thing is probably like, whether you guys have experience on events or something together.",Supplement,True,False,False,3
506,129,1,0,Bryan Chen,moderator,"Yeah, just like, so this question is just like, Where do you think time is necessary for like relationship or self identity.",Probing,True,False,False,3
509,130,0,0,Annie,participant,"Like. okay, I feel like, we just grow with the time.",,,,,3
510,130,1,0,Annie,participant,"And and as you say, sometimes when you meet people, you like it feels like time.",,,,,3
517,130,8,0,Annie,participant,So I think it's more like a personality thing.,,,,,3
518,130,9,0,Annie,participant,"So it doesn't really like it's a it isn't really a regional thing, I guess.",,,,,3
522,131,2,0,Bryan Chen,moderator,"Yeah, I think that's like, after meeting people.",Supplement,False,False,True,3
525,132,0,0,Elda,participant,Or or maybe that's just a Japanese thing like everyone wants to be nice to each other.,,,,,3
526,132,1,0,Elda,participant,So it's like. everyone says the same thing.,,,,,3
529,133,2,0,Bryan Chen,moderator,"They will just like, say.",Supplement,False,False,True,3
531,134,1,0,Elda,participant,"But this is, it's like the set phrase they they say, like all the Japanese friends that I've met in my life.",,,,,3
536,135,0,0,Bryan Chen,moderator,"People say like, usually after you hang out with someone, do you send them short message?",Probing,True,False,False,3
538,136,0,0,Shunto,participant,"I think everyone said like, let's meet meet next time, like even even in English, every in every country.",,,,,3
540,137,0,0,Bryan Chen,moderator,"Okay. yeah. Jessica, do you have anything would like you would like to share.",Probing,True,False,False,3
547,138,6,0,jessica,participant,"Yeah. So maybe you in the moment you feel like this angry, but after maybe one month and one year you totally will feel a different feeling and memory.",,,,,3
548,139,0,0,Bryan Chen,moderator,So it's like trying heal your wound.,Interpretation,True,False,False,3
549,139,1,0,Bryan Chen,moderator,"So something like that, like, how do you and i'll like, make you give you the relief.",Probing,True,False,False,3
554,140,0,0,jessica,participant,"Even not only for the negative thing, even for some new, maybe the happy thing, and happened in the past like like a good memory.",,,,,3
576,143,13,0,Bryan Chen,moderator,"Because if you think about it like one years ago, before even, maybe before the industry, industrial revolutions, the traveling time in comparison to now is much longer like people need to ride the horses and then to travel just a few miles, and there were no car, and there were the communications time, and also very, very long, that you have to write a letter and everything just like much, much slower.",Supplement,True,False,False,3
580,143,17,0,Bryan Chen,moderator,"But I guess, like this probably can also make us potentially feel rushing overwhelmed.",Supplement,True,False,False,3
586,144,1,0,Shunto,participant,"It brought our life a little bit like rushed, or maybe like more overwhelmed like in the process.",,,,,3
587,144,2,0,Shunto,participant,"We it has a pros of like, you know, like it provide us like it provided us a better time management, too.",,,,,3
591,144,6,0,Shunto,participant,And the dark side of this is maybe like it brought us more tasks.,,,,,3
594,144,9,0,Shunto,participant,"So for example, like a year due to the technology, we we we physically can like connect to the work in like a 1224 h. If you, if you, if you, if you really want to do you can.",,,,,3
597,144,12,0,Shunto,participant,"Or maybe, like we have, like a lot of entertainment content.",,,,,3
598,144,13,0,Shunto,participant,"So like, I think it's like that.",,,,,3
601,144,16,0,Shunto,participant,"And so like, we have Youtube or you, Netflix, or whatever.",,,,,3
611,147,4,0,Bryan Chen,moderator,But I feel like modern life is much fast paced than yeah.,Supplement,True,False,False,3
615,149,2,0,Bryan Chen,moderator,"And then, when I heard that their wedding ceremony were only like 2 h. And I was like, really shy.",Supplement,False,False,True,3
620,149,7,0,Bryan Chen,moderator,So like. And then people were?,Supplement,True,False,True,3
624,149,11,0,Bryan Chen,moderator,"Do something fun like bachelor party, or whatever.",Supplement,False,False,True,3
627,149,14,0,Bryan Chen,moderator,"So I was like shouting, Wow, that's waiting.",Supplement,False,False,True,3
632,149,19,0,Bryan Chen,moderator,"Jessica, do you have anything you would like to say?",Probing,True,False,True,3
637,150,3,0,jessica,participant,"But these are like like Paul and Paul, Paul and Chrome.",,,,,3
641,150,7,0,jessica,participant,Because same side because they they they was born grow with this technology like social media.,,,,,3
642,150,8,0,jessica,participant,"And Facebook, Instagram Tiktok, but seems like they do feel more lonely than our generation.",,,,,3
645,150,11,0,jessica,participant,"But now it's more developing, for like a business.",,,,,3
649,150,15,0,jessica,participant,"Maybe it's knowledge, or maybe advertising, but the more thing we receive, but we seems like we feel more lonely.",,,,,3
651,151,1,0,Bryan Chen,moderator,It's like more lonely.,Interpretation,False,False,True,3
652,151,2,0,Bryan Chen,moderator,"I'm not sure if it's more lonely or not, because I feel it's different sort of like social interaction.",Interpretation,True,False,False,3
656,151,6,0,Bryan Chen,moderator,But one thing I do agree is like we definitely living faster pace.,Supplement,True,False,False,3
657,151,7,0,Bryan Chen,moderator,"I guess, like everything just goes faster.",Supplement,True,False,False,3
658,151,8,0,Bryan Chen,moderator,"It's like waiting faster, like even cut noodle become fastest.",Supplement,True,False,False,3
661,152,0,0,jessica,participant,True. And thus the recently I do find a lot of of like class show up.,,,,,3
662,152,1,0,jessica,participant,It's like more like about spring rail about your like.,,,,,3
663,152,2,0,jessica,participant,Try to understand. It's like we not for how to explore this one.,,,,,3
676,154,0,0,jessica,participant,Maybe because we want to reach more like more goals.,,,,,3
677,154,1,0,jessica,participant,"We can maybe before last generation, they just doing one thing, one career, or one job, or like like they think.",,,,,3
680,155,0,0,Bryan Chen,moderator,"Sure. True. And then there's also, I guess, like we have, this kind of expectation is also because, like technology.",Supplement,True,False,False,3
685,155,5,0,Bryan Chen,moderator,"You just like, wake up when the sunrise, and do the farming until the sunset, and then, like us.",Supplement,True,False,False,3
691,157,2,0,Bryan Chen,moderator,"But it's not probably not the experience itself, but it's like your ex expectation.",Interpretation,True,False,False,3
696,157,7,0,Bryan Chen,moderator,I feel like because I they were big before study.,Supplement,True,False,False,3
698,157,9,0,Bryan Chen,moderator,"I try where I was trying to say, I I say something like, oh, before 30, I need to achieve this.",Supplement,True,False,False,3
703,157,14,0,Bryan Chen,moderator,"have a list kind of like self identity crisis like Oh, they're not good enough, and I'm not achieving what I expected to be blah blah.",Supplement,True,False,False,3
712,157,23,0,Bryan Chen,moderator,"Audal, would you like to go first.st",Probing,False,True,False,3
718,158,5,0,Elda,participant,"They spend more time on social media, and I agree that a lot of times that marketing has, you know, shifted from kind of your physical and like, you know, big billboards on the streets or newspaper, and those like physical media to like digital devices or or digital media.",,,,,3
720,158,7,0,Elda,participant,"But at the same time we want them to see more, because that's what social media is for like, it's how like people make money and stuff.",,,,,3
727,159,5,0,Amy,participant,"Because when you scroll like on social media, it's only 0 point 30 seconds, you would decide if you're going to like it or not, or otherwise you're just.",,,,,3
729,159,7,0,Amy,participant,So it's like at least 0 point 30 seconds.,,,,,3
730,159,8,0,Amy,participant,Decide like our company available or not.,,,,,3
737,160,0,0,Elda,participant,I see. So it's like.,,,,,3
766,167,3,0,Bryan Chen,moderator,"Do you feel the same like, Alda?",Probing,True,False,False,3
769,168,1,0,Peggy Lin,participant,"Actually, I feel it's just like you say, it depends on what stage in your life you are right now.",,,,,3
773,168,5,0,Peggy Lin,participant,"I need to download in like a year or 3 months, so I feel more.",,,,,3
777,169,1,0,Bryan Chen,moderator,"Yeah, actually, like. I seem like, you know, sometimes just like doing enough?",Supplement,False,False,True,3
798,174,0,0,Peggy Lin,participant,"Kind of feel this, maybe a little bit like cultural difference I feel when I was in a shop the society will expect in which age you need to dump something like in 22 we are in going to working, and 24, maybe you are.",,,,,3
814,176,0,0,Amy,participant,"Yeah, I I definitely feel like big difference between when I was in Taiwan or in Japan, people are really concerned, or they are really care about their own time.",,,,,3
815,176,1,0,Amy,participant,"So like, if you try to order something, you definitely supposed to answer the question like in maybe 10 seconds.",,,,,3
818,176,4,0,Amy,participant,"But I mean, here in Uk, like you can think whatever how long you want until it starts coming to to you, and they won't even hurry you like nobody is being hurry.",,,,,3
819,176,5,0,Amy,participant,"So I definitely feel more relaxed here like I I don't need to like rushing, or something.",,,,,3
820,177,0,0,Bryan Chen,moderator,But but not all the euro people are like that.,Supplement,True,False,False,3
831,180,2,0,Annie,participant,"But when you see how they work, you realize that the most hard working compared to Asia country is still not hard working enough, because in Germany they have like sort of like summer vacation, for even you're a full time employer.",,,,,3
832,180,3,0,Annie,participant,"So during like July to August, many of them go to a loan vacation, and even if they are working in July to August, they still like shorten the operating time.",,,,,3
839,182,0,0,Annie,participant,I will say after I but to Europe I feel like You have more.,,,,,3
840,182,1,0,Annie,participant,"You have the own control of your time, more like you can do whatever you like, and people don't really judge you by doing that.",,,,,3
841,182,2,0,Annie,participant,"But back in Asia I feel like, Oh, I have to do internships.",,,,,3
843,182,4,0,Annie,participant,"But here it's just that you try to live a life you like, no matter if you like to dedicate yourself to your work, or you want to spend more time on your hobbies.",,,,,3
844,183,0,0,Bryan Chen,moderator,"Interesting. Yeah. Cause I I think, like in in some, if I mean, maybe mostly in Asian country, they all feel like.",Supplement,True,False,False,3
850,184,0,0,Shunto,participant,"Yeah, like, if you have too many things to do, maybe you feel like washed, or like other reason, I feel I feel I feel washed or overwhelmed, and maybe like, if you can, if I cannot finish like the tasks on time, or maybe like I have to like, leave some tasks there.",,,,,3
851,184,1,0,Shunto,participant,As like as unfinished starters.,,,,,3
852,184,2,0,Shunto,participant,Maybe like it may be I may feel some guilty or about it.,,,,,3
855,184,5,0,Shunto,participant,"I was a little bit busier hour 2 years ago, because, like I I like, at that moment, like I I my primary goal is like I I wanted to go to like New Zealand, for like a enrolling in some like it program that's that was my 1st objective at that moment.",,,,,3
856,184,6,0,Shunto,participant,"But so that like I need to, I needed to do a lot of things.",,,,,3
857,184,7,0,Shunto,participant,"So that's why, like.",,,,,3
863,188,0,0,Shunto,participant,"Oh, I I don't feel the temperature about it, I mean, at least I feel like I can do it like in in a few years later as well.",,,,,3
864,188,1,0,Shunto,participant,And I think like I have something to do right now right now.,,,,,3
865,188,2,0,Shunto,participant,Like making money or something like that.,,,,,3
867,188,4,0,Shunto,participant,It's not always so that complex like like doing work and simultaneously study for that.,,,,,3
869,188,6,0,Shunto,participant,"So yeah, I think I like, I feel a little bit of what we relax compared to us a few years ago.",,,,,3
870,188,7,0,Shunto,participant,That's that's what what I feel now.,,,,,3
873,190,0,0,Shunto,participant,I I didn't say like I gave up.,,,,,3
875,190,2,0,Shunto,participant,"Yeah, I just I just think like it's not like what I need to do right now that that's how I how I feel about it.",,,,,3
879,191,2,0,Bryan Chen,moderator,"Yeah. Amy, would you like to say?",Probing,True,False,False,3
881,191,4,0,Bryan Chen,moderator,"Jessica, would you like to say something.",Probing,True,False,True,3
887,193,4,0,Bryan Chen,moderator,"Like today, we have defer.",Interpretation,True,False,False,3
892,193,9,0,Bryan Chen,moderator,"But but it sounds like, even though we can.",Interpretation,True,False,False,3
895,193,12,0,Bryan Chen,moderator,like packing things more together.,Interpretation,True,False,False,3
896,193,13,0,Bryan Chen,moderator,"I guess I'm what is more important is like how we feel about our life, or how we feel, what what is our experience with the time?",Supplement,True,False,False,3
911,198,0,0,Elda,participant,It's not just about like doing the things like checking off those to do lists.,,,,,3
922,201,4,0,Bryan Chen,moderator,"I think it's not about how many thing you have done within the timeframe, or how many thing you have achieved, but it's like whether you feel happy, you feel you are fulfilled.",Supplement,True,False,False,3
