Unnamed: 0,turn_index,sent_index,segment,speaker,role,text,dialogue_act,informational motive,coordinative motive,social motive,topic_cluster
5,3,0,0,Bryan Chen,moderator,"Yeah, okay.",All Utility,False,False,True,4
10,6,0,0,Shunto,participant,"Yeah. yeah, yeah. So like, it's also about the time.",,,,,4
26,10,1,0,Shunto,participant,It's it's saying. And yeah.,,,,,4
51,18,0,0,Shunto,participant,Yeah.,,,,,4
53,20,0,0,Shunto,participant,"Yeah, yeah, if you feel uncomfortable with this topic.",,,,,4
60,26,0,0,Shunto,participant,Yeah. Yes.,,,,,4
62,28,0,0,Shunto,participant,Yeah.,,,,,4
85,34,0,0,Annie,participant,"Yeah, I would say so.",,,,,4
89,35,2,0,Bryan Chen,moderator,Yeah.,Probing,True,False,False,4
95,37,4,0,Bryan Chen,moderator,Yeah.,All Utility,False,False,True,4
97,39,0,0,Bryan Chen,moderator,True. Yeah.,All Utility,False,False,True,4
98,40,0,0,Shunto,participant,Yeah.,,,,,4
99,41,0,0,Bryan Chen,moderator,"Yeah, okay, so what about you?",Probing,True,False,False,4
113,43,0,0,Bryan Chen,moderator,"Okay. Interesting cause. I, there were also, yeah, yeah, so definitely, people were quoted like you are in the zone when you self.",Interpretation,True,False,False,4
121,43,8,0,Bryan Chen,moderator,Yeah. yeah. So how do I wanna contribute some dumping.,Probing,True,False,False,4
122,44,0,0,Elda,participant,"Me, yeah. I'm sure.",,,,,4
123,44,1,0,Elda,participant,"yeah, like, I agree to what?",,,,,4
127,44,5,0,Elda,participant,"And that's when. yeah, when you realize it.",,,,,4
130,44,8,0,Elda,participant,"So yeah, a lot of people say.",,,,,4
135,44,13,0,Elda,participant,Like the time? Yeah.,,,,,4
145,46,3,0,Elda,participant,"Yeah. Anyway, yeah, that's how I that's how I feel!",,,,,4
146,46,4,0,Elda,participant,Yeah.,,,,,4
183,51,0,0,Bryan Chen,moderator,"Yeah, yeah, how do you.",Probing,True,False,False,4
187,53,0,0,Bryan Chen,moderator,"Yeah, yeah, so like.",Interpretation,False,False,True,4
192,55,3,0,Bryan Chen,moderator,"But yeah, so what's your people's?",Probing,True,False,False,4
206,56,9,0,Peggy Lin,participant,Just a rot. Yeah.,,,,,4
217,57,3,0,Bryan Chen,moderator,Yeah.,All Utility,False,False,True,4
218,58,0,0,Peggy Lin,participant,Yeah.,,,,,4
226,61,0,0,Bryan Chen,moderator,Yeah.,All Utility,True,False,False,4
227,62,0,0,Peggy Lin,participant,"Yeah, actually, I'm still not very good at life.",,,,,4
239,63,2,0,Bryan Chen,moderator,Yeah.,All Utility,False,False,True,4
240,64,0,0,Peggy Lin,participant,Yeah.,,,,,4
247,67,1,0,Bryan Chen,moderator,Yeah.,All Utility,False,False,False,4
249,68,1,0,Amy,participant,Yeah.,,,,,4
251,69,1,0,Bryan Chen,moderator,"Yeah, it's fine.",All Utility,False,False,True,4
280,75,0,0,Bryan Chen,moderator,"Yeah, so it's like a beef.",Supplement,True,False,False,4
307,77,22,0,Bryan Chen,moderator,"Yeah, that's my point.",Supplement,True,False,False,4
320,85,0,0,Peggy Lin,participant,"Oh, yeah.",,,,,4
321,86,0,0,Amy,participant,"Yeah, yeah, I put it on technical.",,,,,4
330,90,0,0,Amy,participant,"Yeah, so you have your timer.",,,,,4
342,95,0,0,Bryan Chen,moderator,"Okay? Well, interesting. Yeah, yeah, maybe just find your the best interval that suits you, I guess.",Supplement,False,False,True,4
383,106,0,0,Shunto,participant,"Yeah, yeah.",,,,,4
398,113,0,0,Bryan Chen,moderator,Yeah.,All Utility,False,False,True,4
401,115,1,0,Bryan Chen,moderator,But yeah. I think that's good tips.,Supplement,True,False,False,4
435,116,12,0,Elda,participant,"And and you say, Yeah.",,,,,4
451,116,28,0,Elda,participant,With one another. Yeah.,,,,,4
460,118,2,0,Elda,participant,"So I thought, that's yeah.",,,,,4
466,119,3,0,Bryan Chen,moderator,"But yeah. okay, we can, we can move on to the next persons.",Instruction,False,True,False,4
469,119,6,0,Bryan Chen,moderator,"Or, Yeah.",All Utility,False,False,False,4
480,123,0,0,Bryan Chen,moderator,"Right? Right? Yeah, I, I, yeah.",All Utility,False,False,True,4
501,127,16,0,Bryan Chen,moderator,"Yeah, yeah, I think that's a very good point from Peggy.",Supplement,True,False,True,4
534,134,4,0,Elda,participant,"But yeah, it's definitely the personality.",,,,,4
535,134,5,0,Elda,participant,Yeah.,,,,,4
568,143,5,0,Bryan Chen,moderator,So yeah. cool. Yeah.,All Utility,False,False,True,4
603,144,18,0,Shunto,participant,So yeah. it has like a bright side.,,,,,4
606,146,0,0,Shunto,participant,Yeah.,,,,,4
631,149,18,0,Bryan Chen,moderator,"Yeah, okay, 2 h questions.",Probing,True,False,False,4
665,153,0,0,Bryan Chen,moderator,yeah. So I guess I based on that.,Interpretation,True,False,False,4
675,153,10,0,Bryan Chen,moderator,Yeah. So.,Supplement,True,False,False,4
687,155,7,0,Bryan Chen,moderator,Yeah.,All Utility,False,False,False,4
722,159,0,0,Amy,participant,"Okay, yeah, I guess.",,,,,4
723,159,1,0,Amy,participant,"Yeah, that's a really good question.",,,,,4
739,160,2,0,Elda,participant,"Like i imagine like yeah, thank you yeah, sorry for interrupting, I was just.",,,,,4
745,165,0,0,Bryan Chen,moderator,"Okay? Question, 5, yeah.",All Utility,False,True,False,4
750,166,3,0,Elda,participant,"yeah, I I tried to.",,,,,4
760,166,13,0,Elda,participant,or yeah to to learn this.,,,,,4
762,166,15,0,Elda,participant,Yeah. yeah. that's it.,,,,,4
786,169,10,0,Bryan Chen,moderator,"Yeah. I think space out, yeah.",Supplement,True,False,True,4
787,169,11,0,Bryan Chen,moderator,"yeah. Yeah. So if we are too busy, we don't we?",Supplement,True,False,False,4
793,170,0,0,Peggy Lin,participant,Yeah.,,,,,4
794,171,0,0,Bryan Chen,moderator,"Yeah. Yeah. So I kind of kind of like envy, Peggy.",Supplement,False,False,True,4
797,173,0,0,Bryan Chen,moderator,"Yeah, yeah.",All Utility,False,False,True,4
823,178,0,0,Amy,participant,I think they're yeah.,,,,,4
826,178,3,0,Amy,participant,Yeah. I see.,,,,,4
848,183,4,0,Bryan Chen,moderator,"Yeah. okay, I think we have just the last few people.",Instruction,False,True,False,4
853,184,3,0,Shunto,participant,"So like, yeah, I mean?",,,,,4
854,184,4,0,Shunto,participant,"Yeah, I I mean, I was.",,,,,4
872,189,1,0,Bryan Chen,moderator,Okay. Yeah.,All Utility,False,False,False,4
876,190,3,0,Shunto,participant,Yeah.,,,,,4
901,195,1,0,Bryan Chen,moderator,Yeah.,All Utility,False,False,True,4
902,196,0,0,Elda,participant,"Yeah, yeah, no, no, I I feel, you know, we had a really good sharing and good discussion.",,,,,4
909,196,7,0,Elda,participant,Yeah. what do we agree on?,,,,,4
916,200,0,0,Elda,participant,"Yeah, yeah, go ahead.",,,,,4
927,202,0,0,Elda,participant,"Yeah, I think that's good.",,,,,4
