Unnamed: 0,turn_index,sent_index,segment,speaker,role,text,dialogue_act,informational motive,coordinative motive,social motive,topic_cluster
7,4,1,0,Shunto,participant,"And I think if you discuss about this like, we cannot avoid talking about like a theory of relatively I I don't know how.",,,,,1
8,4,2,0,Shunto,participant,"I don't know how to say the English, but the theory discovered by the Einstein.",,,,,1
21,8,3,0,Shunto,participant,Maybe the time I I don't know.,,,,,1
33,14,1,0,Shunto,participant,"And it's very, you know, depending, each depending on like each individual.",,,,,1
37,14,5,0,Shunto,participant,"Or but yeah, I don't know.",,,,,1
92,37,1,0,Bryan Chen,moderator,"Moment, you know, faster.",Interpretation,True,False,False,1
116,43,3,0,Bryan Chen,moderator,"Oh, I completed my work, and already there was a, you know, a few days already passed, but there were also some artists.",Supplement,True,False,False,1
118,43,5,0,Bryan Chen,moderator,"They feel the whole world just pose, and then every every brave is, you know, like frozen.",Supplement,True,False,False,1
120,43,7,0,Bryan Chen,moderator,I don't know. I still how people's perception and experience on time can vary so much.,Supplement,True,False,False,1
124,44,2,0,Elda,participant,"Jessica just shared that when you're focusing on something that you you know, really, really, in the zone.",,,,,1
151,47,4,0,Bryan Chen,moderator,"And you will possibly get you know how you oh, how do I rephrase it?",Interpretation,True,False,False,1
164,49,7,0,Bryan Chen,moderator,"you know, achieving your study achieving, you know, achieving your work, and maybe like, just say, aiming for efficiency might be might be your thing to do, but they are also different angle and a different perspective about thinking about time management.",Supplement,True,False,False,1
171,49,14,0,Bryan Chen,moderator,"I have done, you know, task one task.",Supplement,True,False,False,1
242,65,1,0,Bryan Chen,moderator,I know you are a busy person as well.,Supplement,False,False,True,1
263,72,3,0,Amy,participant,"And then afternoon, because I think my energy probably, you know, still, from like a half, or you know, not much energy to do this, to think about different things.",,,,,1
268,72,8,0,Amy,participant,"You know, no more time management.",,,,,1
278,73,4,0,Bryan Chen,moderator,"So so it's like, you know, the steak.",Supplement,True,False,False,1
283,75,3,0,Bryan Chen,moderator,You know some part of your.,Supplement,True,False,False,1
291,77,6,0,Bryan Chen,moderator,"Tasks. And then there are also some, you know, some hours like you are your brand.",Supplement,True,False,False,1
310,80,0,0,Amy,participant,I'm wondering how many people know and the use about the tomato car management.,,,,,1
323,87,0,0,Peggy Lin,participant,"Yeah, I know. I know that though I'm very spotty, is not tomatoes promote rules like you.",,,,,1
335,92,0,0,Amy,participant,I don't know a short task.,,,,,1
338,94,0,0,Amy,participant,"It wasn't fine. But if your test, it's not that, you know it's not that it'll be like the 25 min and through the email.",,,,,1
340,94,2,0,Amy,participant,"So nobody try any like time management, you know.",,,,,1
341,94,3,0,Amy,participant,"You know food, or you know any matter.",,,,,1
350,96,4,0,Annie,participant,I don't really plan a lot.,,,,,1
409,115,9,0,Bryan Chen,moderator,They still don't feel that identity.,Supplement,True,False,False,1
411,115,11,0,Bryan Chen,moderator,"Sometimes you 2 people, they might know each other for more than 10 years, but they are still.",Supplement,True,False,False,1
412,115,12,0,Bryan Chen,moderator,"They still don't know each other quite well, there's their relationship is still not quite close.",Supplement,True,False,False,1
420,115,20,0,Bryan Chen,moderator,"Those kind of, you know, deeper.",Supplement,True,False,False,1
440,116,17,0,Elda,participant,"And that kind of you know, after moving to Japan, that kind of made me yeah, be more aware of.",,,,,1
444,116,21,0,Elda,participant,"Events, you know, when you team up with other classmates and at the end of the year, when you have to say goodbye because you you have to go.",,,,,1
463,119,0,0,Bryan Chen,moderator,"I don't know, cause I I feel like in Australia.",Interpretation,True,False,False,1
470,120,0,0,Peggy Lin,participant,"I don't know, actually.",,,,,1
473,120,3,0,Peggy Lin,participant,You wouldn't know more about them.,,,,,1
488,127,3,0,Bryan Chen,moderator,"Faster. I, I feel, is in the beginning of a relationship like I. I feel the time is slower when you don't know each other, and then when you become closer, you know this person more and more, and there were more event event happened before you, and that person's you definitely feel like cause.",Supplement,True,False,False,1
489,127,4,0,Bryan Chen,moderator,I have this experience like I know someone.,Supplement,True,False,False,1
492,127,7,0,Bryan Chen,moderator,"And because of those things we know like, I think, like Peggy say, it's probably not just the lane of time, but it's also about what event or what incidents happens, because in that 3 months we, because of some incident we know each other.",Interpretation,True,False,False,1
496,127,11,0,Bryan Chen,moderator,"The type, the the time feel much, much faster, just like, you know, because our relationships are already stabilized, and there were nothing really.",Supplement,True,False,False,1
497,127,12,0,Bryan Chen,moderator,"nothing. That's, you know, super super new happen between us.",Supplement,True,False,False,1
504,128,1,0,Annie,participant,I really don't know how to answer those questions.,,,,,1
508,129,3,0,Bryan Chen,moderator,I know sleep.,Supplement,False,False,True,1
527,133,0,0,Bryan Chen,moderator,"I mean, they don't really.",Supplement,True,False,True,1
530,134,0,0,Elda,participant,"I don't know, like maybe they're just trying to be polite.",,,,,1
557,141,0,0,Bryan Chen,moderator,"I think that you are a very positive person, because I know some people.",Supplement,False,False,True,1
578,143,15,0,Bryan Chen,moderator,"They probably don't even have clock they have to rely on, you know, just by observing the sky, see the sunset or the sunrise to control their daily routine.",Supplement,True,False,False,1
595,144,10,0,Shunto,participant,"You can do it at risk, like, you know, physically.",,,,,1
607,147,0,0,Bryan Chen,moderator,"You know the the bright side, and also the best side.",Interpretation,True,False,False,1
609,147,2,0,Bryan Chen,moderator,So I I don't know where is I?,All Utility,True,False,False,1
616,149,3,0,Bryan Chen,moderator,"I was like, Wow, that's a life, you know, that's that's that's a once in a lifetime, memory.",Supplement,False,False,True,1
623,149,10,0,Bryan Chen,moderator,"They will have a drink to catch up with their classmate they were going to, I don't know.",Supplement,False,False,True,1
628,149,15,0,Bryan Chen,moderator,"And it only 3 h. Okay, so yeah, I don't know.",All Utility,False,True,False,1
666,153,1,0,Bryan Chen,moderator,You know what what people have discussed so far.,Interpretation,True,False,True,1
669,153,4,0,Bryan Chen,moderator,"We, you know, do see many things more efficient.",Supplement,True,False,False,1
670,153,5,0,Bryan Chen,moderator,but somehow we don't always have us.,Interpretation,True,False,False,1
674,153,9,0,Bryan Chen,moderator,"But I consistently feel I don't have enough time, and this is a very weird feeling that I don't know.",Supplement,True,False,True,1
700,157,11,0,Bryan Chen,moderator,"I want to. You know, find a find.",Supplement,True,False,False,1
711,157,22,0,Bryan Chen,moderator,"The bell your view on, you know, on your time.",Probing,True,False,False,1
721,158,8,0,Elda,participant,"So I'm just wondering what Amy thanks in in this, because I know you, you work with social media and how do you feel about techno technology and time.",,,,,1
725,159,3,0,Amy,participant,I don't know if there's a lot of people.,,,,,1
732,159,10,0,Amy,participant,"They probably don't, you know, not get that distracted by other famous easily.",,,,,1
735,159,13,0,Amy,participant,And people don't want to miss it.,,,,,1
755,166,8,0,Elda,participant,"But, as you know, we become older.",,,,,1
774,168,6,0,Peggy Lin,participant,I can just chill and just I don't know.,,,,,1
778,169,2,0,Bryan Chen,moderator,I don't know what's a word for that.,Probing,True,False,False,1
781,169,5,0,Bryan Chen,moderator,"English. just, you know, empty your mind empty.",Supplement,False,False,True,1
783,169,7,0,Bryan Chen,moderator,"I don't know, deep in our soul, because we just been bombarded with a lot of space.",Supplement,True,False,False,1
788,169,12,0,Bryan Chen,moderator,"Sometime we, if we are too busy we get there's a hallucinations that you know.",Supplement,True,False,False,1
817,176,3,0,Amy,participant,"So you know, they might feel annoyed.",,,,,1
904,196,2,0,Elda,participant,You know what live stage you're at and what environment you're in.,,,,,1
913,198,2,0,Elda,participant,"and not just because someone, you know tells you to do it.",,,,,1
914,198,3,0,Elda,participant,"It's actually, you know, what what do you want to do.",,,,,1
