Unnamed: 0,turn_index,sent_index,segment,speaker,role,text,topic_cluster
4,0,4,0,Leyi CAO,participant,It's like every second.,2
12,1,1,0,Yelin Ma,participant,"But for me, I like I was like when I was like at the beginning of this year.",2
13,1,2,0,Yelin Ma,participant,"When I was like in traveling to Beijing, and we are carrying in the universal studio.",2
14,1,3,0,Yelin Ma,participant,"That that queue was quite disaster like you have to wait all day long, and I remember I entered the apartment like from 10 am.",2
15,1,4,0,Yelin Ma,participant,"But that just like you have to queue for a long time, and you wouldn't know when Will, what is when when it's your turn to take the like the roller coaster or any other items in the apartment park.",2
16,1,5,0,Yelin Ma,participant,"Amusement. Park. So for me, that was like quite a torture.",2
17,1,6,0,Yelin Ma,participant,"there! There is some some time that I feel like time is like just flying for example, like for this semester.",2
18,1,7,0,Yelin Ma,participant,"I think time really flies because it's already like 11, I mean, like I I couldn't believe it.",2
19,1,8,0,Yelin Ma,participant,It's it's it feels like I just came here and it doesn't feel like quite a long time since I became a graduate student here.,2
20,1,9,0,Yelin Ma,participant,And it's especially like in July I in July.,2
23,1,12,0,Yelin Ma,participant,"I mean, it's like a magic yeah, camera, replies.",2
35,3,2,0,Emma E,participant,"I just stay at home, and it feels like it felt I just can't sleep all day, and with without thinking anything.",2
40,4,0,0,Leyi CAO,participant,"And also like, when I was exercising.",2
42,4,2,0,Leyi CAO,participant,Yeah. So it feels like when you hit something and you have to do it.,2
47,6,1,0,Yelin Ma,participant,Exactly the same experience when I was doing like workouts?,2
49,6,3,0,Yelin Ma,participant,"But I just recently found a really like a really devil message like, if you are doing the workout.",2
51,6,5,0,Yelin Ma,participant,It's like when we're doing 2 really filtering things.,2
62,10,0,0,Yelin Ma,participant,"I'm I'm not sure if anybody knows anything about 16 personality type the Mdpi things like if you're the the lost, I mean, the last character is the full focus.",2
64,10,2,0,Yelin Ma,participant,"And it's like, if you're the J type of prison you you're gonna show the tendency to lose everything and make a schedule for your daily life.",2
67,10,5,0,Yelin Ma,participant,"I don't mean like this is a bad thing, like everyone has its own temple to do everything.",2
69,10,7,0,Yelin Ma,participant,So I like to make everything in the list I have to.,2
70,10,8,0,Yelin Ma,participant,"I mean, like I have to make a list for every day.",2
74,10,12,0,Yelin Ma,participant,"My schedule, not only for the single day, but also for maybe like couple of days or awake, and even for a month a year I But honestly, honestly, he.",2
78,10,16,0,Yelin Ma,participant,"The most important thing is like, you have to follow what you have list.",2
79,10,17,0,Yelin Ma,participant,and that is also related to some like self push.,2
87,11,5,0,Emma E,participant,"When you like, you are doing your implementing of experiments within your project.",2
104,13,1,0,Leyi CAO,participant,Do. I don't know whether you use it before it's called it's like a tomato.,2
118,16,2,0,Yelin Ma,participant,But it's like. especially last year when I was preparing for ielts.,2
119,16,3,0,Yelin Ma,participant,I I will like to use that application.,2
120,16,4,0,Yelin Ma,participant,"And just just remind me like what I have to do for like for for a single for a single day, and I will just record everything I did, and about the length like at the end of the day if I look back to what I have done for the for the day, like I did 3 h of reading, and I did 2 h of listening, and maybe have an hour of practice of spoken English, and that will make me feel a really strong sense of achievement, because like, it's like if the things you have done was recorded or written in detail, you will feel that is some kind of like.",2
129,19,4,0,Leyi CAO,participant,"so it's like, when you have some bad memories.",2
134,20,0,0,Yelin Ma,participant,"Yeah, I agree with Lee, like in the past, like when I was in Junior or senior high school, I did something that really fails.",2
135,20,1,0,Yelin Ma,participant,"Like, if I like, fill an exam or something even worse, I would never at that time I just feel like I would never forget this experience, because it's so so humiliating, and I feel just very embarrassed to have such a bad experience.",2
140,20,6,0,Yelin Ma,participant,but I will try to explain like like in the in the past like.,2
141,20,7,0,Yelin Ma,participant,"For my 1st 18 years I was born and raised in in the family, composed of my parents and my sister my elder sister, and I never feel like like any other identity, except being the children being the younger sister of the family, and being the student in the society but after like, after coming to Australia, like after certain kind of time.",2
142,20,8,0,Yelin Ma,participant,I started to realize I am also single in a society like.,2
146,20,12,0,Yelin Ma,participant,I I'm like I'm not only being the identity that in the family or being just a student.,2
147,20,13,0,Yelin Ma,participant,I feel more like I'm I'm immersed in this kind of society.,2
177,26,0,0,Yelin Ma,participant,"Okay, so like technology.",2
179,26,2,0,Yelin Ma,participant,"Like. I think, currently, everyone is surrounded by all kinds of high tech, high tech things like you're using a mobile phone that is quite smart things that help us like manage time.",2
181,26,4,0,Yelin Ma,participant,"I just organized a consultation hour with my tutor for this evening, and I have to use the mobile phone because I have to open the calendar and add a link and add some notes to remind myself, like you have to attend the conversation this evening, and you have to attend a group discussion.",2
184,26,7,0,Yelin Ma,participant,"Like with the calendar, with the especially the electronic calendar.",2
189,26,12,0,Yelin Ma,participant,like a a calendar in your phone is a great way to remind yourself like what you're going to do in the rest of the day.,2
215,29,2,0,Leyi CAO,participant,"So I feel like some software, some entertainment software really make, how make us overwhelmed like some video apps like some yeah, like some ebook caps you.",2
221,30,1,0,Yelin Ma,participant,"Yeah. like, how many hours will you spend?",2
222,30,2,0,Yelin Ma,participant,scrolling? Takes up per day like on average.,2
233,34,3,0,Yelin Ma,participant,like this is already the 3rd semester in my in my postcard aids learning.,2
237,34,7,0,Yelin Ma,participant,"like thinking about how to how to get a high average score, and how to publish more papers.",2
238,34,8,0,Yelin Ma,participant,"But if you are the kind of person like you have to find a really perfect job after graduation, like some of my friends like were from Japan.",2
240,34,10,0,Yelin Ma,participant,"You have to start the golf company quite early, like, maybe like one year from graduation.",2
241,34,11,0,Yelin Ma,participant,"I mean, like, if you're that kind of person, you really have to spend more time on job hunting things.",2
244,34,14,0,Yelin Ma,participant,"Right? Like individuals, have different purses.",2
248,34,18,0,Yelin Ma,participant,But now you have to balance like several aspects of your life.,2
260,36,4,0,Karin,participant,and I always felt like I had to keep keep up.,2
262,36,6,0,Karin,participant,"It was like, if I slowed down I will miss out for daily progress, and that makes things pretty stressful.",2
274,37,4,0,Leyi CAO,participant,"you know, play with your toys, play with your doors, and something, or, yeah, you know, just like I like and didn't didn't have as many tasks as I do now, because, you know, we have a lot of task is going to be to do soon.",2
280,38,1,0,Yelin Ma,participant,"Things I have mentioned like, I'm the kind of G prison, and I have to make everything detailed way before I started doing them.",2
281,38,2,0,Yelin Ma,participant,"Like to be honest, I have 4 4 courses for this semester, and each of them has a final paper around 3,000 words, or even more like, and their and their dues are quite close.",2
282,38,3,0,Yelin Ma,participant,"I mean, like 28th of this month I have 2 dues, and on the 1st of November I have one, and on the 4th of November I have the last one.",2
286,38,7,0,Yelin Ma,participant,"I really have to start earlier, like you have to like.",2
293,38,14,0,Yelin Ma,participant,And by the end of like 13.,2
295,38,16,0,Yelin Ma,participant,"I I have to like, I'm emailing.",2
311,40,1,0,Yelin Ma,participant,"I know you're the kind of key person, because you always like leave everything to the last minute.",2
314,40,4,0,Yelin Ma,participant,"Until now you have done a great job in most of your courses, so I don't think like delaying.",2
