,Start,End,Text
0,00:00:00.000,00:00:09.480,Bryan Chen: But so welcome to today's discussion sessions. And our topic today is how AI impact our daily life now and the futures.
1,00:00:09.540,00:00:38.079,"Bryan Chen: So in today's discussion, we will explore and talk about the profound impacts of artificial intelligence on our daily life. So we're going to look into the current applications. How you use AI, and also what are the potential future possibilities and challenges. So as the AI technology advance, they integrate into our life in many different way in healthcare, in finance, in education or in our daily academia work."
2,00:00:38.180,00:00:45.713,"Bryan Chen: So sounds, yeah, some benefit it has obviously have brought to us. But there are also some challenges and potential"
3,00:00:46.160,00:00:55.210,"Bryan Chen: potential issues that really depending on on, you know, issue has side effect, or how people using AI in ethically."
4,00:00:55.420,00:01:11.640,"Bryan Chen: So to start with the 1st questions we want to talk about, what are some of the most significant changes AI has brought to your personal and professional life today. And also, how do these changes enhance or complicate your daily activity?"
5,00:01:12.070,00:01:18.300,"Bryan Chen: So for me, obviously, also, as a Phd student, I use Chatg video a lot."
6,00:01:18.370,00:01:45.190,"Bryan Chen: So Chatgvt, I mean, I don't write my paper with Chatgpt. Obviously, that's kind of cheating, but not the whole paper. But I do help using Chatgpt to help me to polish my writing. So I write some of the key bullet points some of the key idea, and then I just ask Chatgv to help me to kind of like smooth it make. It sounds more professional while the main idea and the main content is still coming from myself."
7,00:01:45.770,00:01:56.419,Bryan Chen: So so what about yourself. Maybe we can start from Sissy. Would you mind be to share like how AI has impact you today?
8,00:01:56.620,00:02:20.910,"CiCi: Okay for AI. I also use AI to polish my, I say, sometimes I don't for a topic. I don't have any idea about it. I just ask the Chatgp, could you give me some ideas or some point about this topic, and according to the keywords? And then I will Google it in Google Scholar."
9,00:02:20.910,00:02:45.770,"CiCi: and read this essay. I think that is really helpful for my essays, and I also use AI to polish my English. Sometimes I'm not sure there is some, some grammar, wrong or not. I just asked. Pt. That could you check for me for my grammar and"
10,00:02:45.770,00:03:09.650,"CiCi: and in my daily life. Sometimes I also use AI to ask some basic questions just like, Oh, what vegetables that contain the vitamin C or BI think that is the basic that is so common knowledge in our life. But I don't know. I just ask the Chat. Gdp."
11,00:03:09.710,00:03:10.969,CiCi: so this is.
12,00:03:11.400,00:03:22.329,"Bryan Chen: I wonder, Chatgpt, have you used other AI as well? Because I think nowadays, when people talk about AI people kind of associate it with like Chatgpt. But I think AI is kind of broader than chatgpt."
13,00:03:23.128,00:03:36.830,"CiCi: But for me, for just focus on Chatgpt. So sorry about that. I know it. But in my in my life I just use the chat. Gdp as A AI tool."
14,00:03:37.570,00:03:46.450,"Bryan Chen: Actually, I think the definition of AI is actually quite broad, like, sometime for example, like your face recognitions function in your phone."
15,00:03:46.470,00:03:55.780,"Bryan Chen: It's also kind of considered as AI, at least in the research field. It's kind of facial recognition or image recognitions. Yeah."
16,00:03:55.810,00:03:58.229,Bryan Chen: So yeah. But anyway.
17,00:03:58.646,00:03:59.893,CiCi: Know it? Yeah.
18,00:04:00.610,00:04:01.610,Bryan Chen: Yeah.
19,00:04:02.420,00:04:03.459,Bryan Chen: Yeah. Sorry. Carolyn.
20,00:04:03.860,00:04:08.449,"CiCi: Oh, I think of"
21,00:04:08.830,00:04:31.730,"CiCi: I I I know it. But but for this function, for the for the way I use it. Yeah, I just so focus the polish my polish my essay, and and ask them to provide some some keywords and polish my writing, and I think that is awful."
22,00:04:31.830,00:04:33.690,CiCi: Not for me. Yeah.
23,00:04:33.860,00:04:39.919,"Bryan Chen: I think it's become more and more common, and it's somehow like, I mean as a student, it's kind of."
24,00:04:40.040,00:04:55.550,"Bryan Chen: you know, makes the writing part easier, but for the teacher or for the tutor, it may sometimes it makes the marking part harder. You don't know if this coming from AI or is it actually written by human? So you have been a big challenge in the last few years?"
25,00:04:55.620,00:05:03.570,"Bryan Chen: Okay, let's see, Maureen, do you have anything you want to share, are you there."
26,00:05:04.131,00:05:15.358,"Marine: Yes, I'm here. My pointer is I just say 1 point the pointer is that? I think"
27,00:05:16.210,00:05:23.610,Marine: I think now we can seek emotional support and guidance from
28,00:05:23.680,00:05:51.740,"Marine: Latin language models rather than rely on human relationships. I think this is pretty beneficial in situations where, in situations where we may not have access to trusted friends or family members who can provide informed and in testing support."
29,00:05:53.800,00:06:01.740,Marine: for example. You know that. When you seeking feedback on the Phd.
30,00:06:01.740,00:06:12.520,"Marine: Application letters or research proposals and the uncertain and self-duberative, I think I need to all work."
31,00:06:13.230,00:06:14.610,"Marine: oh, valid."
32,00:06:14.870,00:06:21.720,Marine: So in this. In these situations the not the not language models
33,00:06:22.620,00:06:26.960,Marine: when he when it is at the
34,00:06:27.632,00:06:34.920,Marine: conversation conversational partner. It is really helpful for me.
35,00:06:35.722,00:06:56.509,"Marine: Yes, I think it provides a safe and low judgment low judgmental space to express express my emotions and concerns. I think it offers me emotional stability. And"
36,00:06:56.720,00:06:59.789,"Marine: yeah, emotionless diabetes."
37,00:06:59.790,00:07:13.190,Bryan Chen: I'm curious about how you use it as an emotional kind of conversational partner. Do you use it like as a friend that you talk to? Or do you use it as someone like a tool to help you to think about
38,00:07:13.280,00:07:34.832,"Bryan Chen: some worries or problems? Because I think this 2 way are kind of different friend is more like you can send it some very casual or random stuff like, Hey, today, I just ate ice cream right? I just want to share to you. But for, like like a problem solving or kind of like a worry sharing, it was more like, Okay, today, I feel bad because"
39,00:07:35.140,00:07:47.550,"Bryan Chen: my! My application didn't go through. I don't know what to do about my future. And then and then the the AI can't give you some feedback or solutions. So I'm curious, like how you actually use it for"
40,00:07:47.610,00:07:48.970,Bryan Chen: emotional support.
41,00:07:50.323,00:07:57.775,"Marine: I my, my research topic is, how to do"
42,00:07:58.320,00:08:14.759,Marine: how to do large language model based applications. So I know how to use match language models. I will set rulers in the proper. And when
43,00:08:14.770,00:08:27.319,"Marine: I was really frustrated, I would ask he ask it. Ask the natural language models to act as a friend and a doctor."
44,00:08:27.790,00:08:29.459,"Marine: Oh, no, dental doctor."
45,00:08:30.534,00:08:36.499,"Bryan Chen: I see. So you give it a role and then depending on the situation, you activate different role to help you."
46,00:08:37.010,00:08:38.830,"Marine: Yes, and yes."
47,00:08:39.309,00:08:41.489,"Bryan Chen: Okay, that's very interesting. Yeah."
48,00:08:42.114,00:08:48.679,"Bryan Chen: Okay. Let's see. Lise, do you have anything you would like to say? How you use AI."
49,00:08:49.590,00:09:08.340,"Liz: Yes, and I'd love to share my experience about AI assessment. And 1st because I took Pte before I come here. So I. You know, the Pde test is Pd English test is a computer based test, and it"
50,00:09:08.580,00:09:12.900,"Liz: the the greeting, the greeting of the Pdu was best"
51,00:09:12.990,00:09:15.630,Liz: was based on the AI technology.
52,00:09:15.780,00:09:29.379,"Liz: So I think that's a very important application of AI, you know, application in the assessment. And I specialize in number testing. And my final paper was focused on. Now focus on the"
53,00:09:29.440,00:09:34.550,Liz: on the explorer exploration of the Pd test. And I mentioned it.
54,00:09:34.620,00:09:42.129,"Liz: The computer based assessment as an important part in my kind of paper, and I think that's a very important"
55,00:09:42.510,00:09:48.409,"Liz: field or area. Yeah, it's it is worth very worthwhile to explore it."
56,00:09:48.420,00:10:03.100,Liz: whether to promote and profit the AI technology in the area of the application and assessment. I know another. Another application for AI in my life was about online shopping. You know the.
57,00:10:03.745,00:10:04.390,Bryan Chen: Okay.
58,00:10:04.630,00:10:05.250,Liz: Yeah.
59,00:10:05.250,00:10:15.579,"Liz: online shopping online shopping platform is, are, they are very popular. They're super, very super popular in China. And"
60,00:10:16.324,00:10:20.684,"Liz: once you search one product like, you search"
61,00:10:22.668,00:10:31.060,"Liz: iphone. And then and the yeah, the app, the mobile app of like, how about"
62,00:10:31.690,00:10:32.920,Liz: You can
63,00:10:33.150,00:10:43.450,"Liz: guess what you like what you like, and then generate a list or shopping list for you. Then next time, when you go into that app."
64,00:10:43.490,00:10:46.939,"Liz: okay, and it will show you, I guess."
65,00:10:47.090,00:10:53.420,"Liz: Oh, yes, home page, like iphone or the iphone, the iphone"
66,00:10:53.964,00:11:00.259,Liz: holder and some other accessories or small products related to iphone.
67,00:11:00.800,00:11:07.029,"Bryan Chen: They're still sometimes that's also scary. Sometimes, like I had a conversation with my friend about certain things."
68,00:11:07.030,00:11:07.640,Liz: Okay.
69,00:11:07.640,00:11:15.579,"Bryan Chen: And I sort of thing just pop out in the advertisements, either in Facebook or Intel belt. And I was like, Whoa, okay, how did it?"
70,00:11:16.360,00:11:17.080,Bryan Chen: Yes.
71,00:11:17.080,00:11:18.160,"Liz: Yeah, I think."
72,00:11:18.717,00:11:38.849,"Liz: To some extent. Yeah. Now it's it's it's very convenient for us to know, to shop and find what we need and what we like, we want to want to buy. But to on the other side. Yeah, I just think I'm on the other side, that maybe it might violate"
73,00:11:38.920,00:11:44.969,"Liz: some of our, some of our security. Yeah, privacy. Yeah, to some extent. Yeah."
74,00:11:45.300,00:11:45.800,Bryan Chen: No.
75,00:11:45.800,00:11:49.330,Liz: The 2 important application of AI technology in my life.
76,00:11:49.720,00:11:54.829,"Bryan Chen: Okay. Interesting, Urania. Do you have anything you would like to share."
77,00:11:56.890,00:12:18.829,"Urania: Yeah. I think, especially for the students. AI plays a relatively important pore than that in the past. Like as just mentioned. For example, for the academic writing. Many students choose to"
78,00:12:19.392,00:12:42.439,"Urania: use Jgbt to do the brainstor or to ask for some suggestions for the like choices of topic to organize the language, and then maybe use some other tools to translate the l 1 writing text."
79,00:12:42.690,00:12:47.780,"Urania: And also there are some AI tools, I think, to"
80,00:12:48.415,00:12:56.289,"Urania: especially for students to use it to, some summarize, some articles to"
81,00:12:58.130,00:13:24.730,"Urania: no, to give us the main points like the study aim, or conclusion or limitation, something like that to show us a very clear direction of the whole of the whole article. Yeah, something like that. And then at the final period, I think, is the"
82,00:13:24.980,00:13:40.260,"Urania: yeah language polishing, just as as just mentioned. And actually, I often use Chatgpt to help me to polish my language. But I think there is a problem that if I do not"
83,00:13:41.550,00:13:54.480,"Urania: to instruct a prompt, for like please do not change my my idea in this text or this paragraph."
84,00:13:54.520,00:14:04.148,"Urania: and do not. you know, like reduce some of the ideas in these tags."
85,00:14:05.380,00:14:08.417,"Urania: otherwise, maybe chatgptial."
86,00:14:10.020,00:14:25.819,"Urania: choose to, you know. Reduce the tax as much as possible. But there is another benefit for that is to to meet the world limitation for some assignments."
87,00:14:26.890,00:14:35.269,"Urania: Yeah, I think I think, chat chat video does better than me in."
88,00:14:35.490,00:14:39.539,"Urania: you know, to express them"
89,00:14:39.660,00:14:54.698,"Urania: ideas in a more relatively shorter passage, shorter text, something like that. So I think it's a very clear for me to learn this"
90,00:14:55.990,00:14:59.780,Urania: maybe we can call it linguistics resources.
91,00:15:00.080,00:15:00.620,Bryan Chen: Yeah.
92,00:15:00.620,00:15:01.780,Bryan Chen: But I'm interested.
93,00:15:01.780,00:15:04.049,Urania: This very helpful for everyone.
94,00:15:04.842,00:15:13.100,"Bryan Chen: Knowing that. Because I I think learning a language, you need to learn how to write."
95,00:15:13.210,00:15:16.040,Bryan Chen: and writing is kind of a way of
96,00:15:16.060,00:15:28.259,"Bryan Chen: thinking like you want to piece. You have to put these words together, put these sentences together to make it sound smooth, not just to not just the idea itself, but also the the way how you communicate it."
97,00:15:28.944,00:15:31.519,Bryan Chen: So using chat beauty is.
98,00:15:31.730,00:15:53.019,"Bryan Chen: it always gives you some very good example how to write, essay how to write in a more concise manner, so you can express your idea or express your thought more clearly and more concisely. But I wonder, as a secondary learner. To what extent have you learned the writing style from Chatgpt?"
99,00:15:53.330,00:15:54.150,Bryan Chen: Because
100,00:15:54.260,00:16:06.929,"Bryan Chen: you have been using it for a while right? And then you know how to really write. But do you think without it? Can you write in a similar, do you think? Have you get any improvement in in your own writing after using it."
101,00:16:07.340,00:16:08.589,Bryan Chen: It's a shortcut.
102,00:16:08.590,00:16:08.980,Urania: Yeah.
103,00:16:08.980,00:16:09.370,Bryan Chen: Yeah.
104,00:16:09.370,00:16:15.219,"Urania: Yeah, if I, if I sign some typical examples or some"
105,00:16:16.009,00:16:33.139,"Urania: certain words in a context like the linking words or some sentence patterns, especially, for, for example, the literature review part. I think it's helpful for me, and sometimes when I meet some"
106,00:16:33.550,00:16:48.770,"Urania: like some expressions that I'm not sure, or I think I have mentioned these. Mentioned them, seeing in the 1st part of the article. But I cannot change this change. The"
107,00:16:48.830,00:16:52.164,Urania: I use another expression for this
108,00:16:52.900,00:17:12.810,"Urania: in order to avoid the repetition of the expression, I will choose to ask in Chatgpt, what do you think about express blah blah to use, and then and it will give me a lot of choices. Then I can choose some of that, and"
109,00:17:13.220,00:17:16.579,Urania: but maybe not time of remembering.
110,00:17:17.060,00:17:25.499,"Bryan Chen: I think that's good cause. I know some people. They just use chat duty, and just, you know, let it do whatever, and then, and then never."
111,00:17:25.500,00:17:26.250,Urania: Really.
112,00:17:26.250,00:17:29.000,Bryan Chen: If they're on writing or reading. So yeah.
113,00:17:29.190,00:17:29.930,Urania: Yeah.
114,00:17:29.930,00:17:37.249,"Bryan Chen: So now we, Jen, would you like to share how you use AI, or how AI has impact your life so far."
115,00:17:37.480,00:17:40.088,"Jane: Yeah, I'm sure. So what"
116,00:17:40.650,00:17:47.950,"Jane: took? Why, took the 1st semester in the of my master program in the Unl."
117,00:17:48.491,00:17:52.180,Jane: I took a course called presenting academic discourse.
118,00:17:52.230,00:18:03.560,"Jane: and in that course our tutor will taught us how to use AI to brainstorm ideas, for, like"
119,00:18:04.322,00:18:07.437,"Jane: literature, review things like that."
120,00:18:08.500,00:18:14.359,Jane: and we just use chat. Gpt to do that.
121,00:18:16.220,00:18:26.200,Jane: But I find sometimes it can be very challenging to ask AI tools like Chat gpt to do to
122,00:18:26.570,00:18:31.650,Jane: process something that you really want it to do.
123,00:18:31.660,00:18:36.990,Jane: And sometimes it might change my ideas.
124,00:18:37.948,00:18:40.990,Jane: Yeah. And I think it's
125,00:18:42.015,00:18:48.274,Jane: sometimes it. It's it's not very convenient for me to
126,00:18:49.220,00:18:56.360,"Jane: use it as a tool when I when I'm writing, when I'm writing and"
127,00:18:57.600,00:19:01.719,Jane: and I also use AI as a
128,00:19:01.800,00:19:12.020,"Jane: dictionary tool, because when I use the dictionary online, like Oxford, dictionary, English?"
129,00:19:12.817,00:19:17.790,Jane: There's so many different meanings. And I need to
130,00:19:17.810,00:19:24.200,Jane: take quite a lot of time to to gather information that I want to.
131,00:19:25.117,00:19:34.659,"Jane: But when I use AI as a dictionary I find it's quite convenient, because I have a context and"
132,00:19:34.960,00:19:40.960,Jane: chat. Gpt can just give me the meaning of a word very quickly.
133,00:19:42.128,00:19:47.300,Jane: Yeah. And that's it. And I think the the
134,00:19:47.520,00:19:56.840,Jane: most early AI tool I used maybe like caption tool
135,00:19:58.188,00:20:02.940,"Jane: or like siri in the smartphone, things like that."
136,00:20:04.160,00:20:06.189,"Bryan Chen: Hmm, I see. Yeah."
137,00:20:06.340,00:20:07.190,Jane: Yeah.
138,00:20:07.660,00:20:12.530,Bryan Chen: I think churchity really has been kind of bye
139,00:20:12.850,00:20:21.430,"Bryan Chen: all the students using in our day. I haven't heard, like one student insist not to use not to using it."
140,00:20:21.870,00:20:36.970,"Bryan Chen: yeah. So I think that kind of also link us to the next questions. So the AI is, you know, like? Probably not just AI, but, like all the human technology, is, one way or another, try to automate some of the work or"
141,00:20:36.970,00:20:51.910,"Bryan Chen: job that human do. So you can start from a simple as basic as traffic light, which is just like switching different color automatically from red to green to something that's probably more complicated like."
142,00:20:51.950,00:20:57.274,"Bryan Chen: I don't know, like like some automatic"
143,00:20:58.360,00:21:17.970,"Bryan Chen: features, some of the automatic like automatic door that open the door for you, and you can climb the label to some automated function of your email auto reply. And nowadays we have, like, you know, Chat Gpt, which can do far more complicated thing. So automating also means that a lot of our tasks"
144,00:21:18.070,00:21:23.118,"Bryan Chen: can be replaced by the technology. So I wonder,"
145,00:21:24.560,00:21:48.170,"Bryan Chen: do you guys feel like your future? Or maybe your current opportunity are straightened by AI, because I know, because they are always new, saying, AI can do a lot of things now, and they can do even more saying in the future they can do programming. They can teach you English. They can write paper, they can do whatever. And then so are you guys worried?"
146,00:21:48.450,00:22:00.960,"Bryan Chen: And also, how do you have you think about any strategy? How are you going to adapt with the new generation of AI, or to keep continuously improving future."
147,00:22:01.470,00:22:06.268,Bryan Chen: Maybe we can start from marine marine. Now you worry.
148,00:22:06.700,00:22:15.330,"Marine: Oh, honestly, to be honest, honest, I feel theoretically"
149,00:22:17.540,00:22:27.840,"Marine: I I used to use the chat gpt to program, because because I have a"
150,00:22:27.890,00:22:30.220,Marine: because I have a
151,00:22:30.430,00:22:41.401,"Marine: some functions that I think it is complicated, and I don't know how to achieve with these functions, how to. Yeah."
152,00:22:42.080,00:22:49.200,"Marine: And I noticed that when I just write a comment, the"
153,00:22:49.290,00:22:54.123,"Marine: plug, the AI AI based the AI driven"
154,00:22:54.710,00:23:04.469,Marine: plug can help me it. It'll read the context code and the and it will write code.
155,00:23:04.710,00:23:30.299,"Bryan Chen: Okay, I'll I'll explain a little bit to people who don't write code here. So what she just described is that so usually there's a unique. She need to write like a algorithm, which is sometimes can be very complicated and marine just shared that. Now she can just write her purpose what she want to do. And the AI can write the rest of the algorithm for her, like even some complicated one. Right?"
156,00:23:30.590,00:23:37.970,"Bryan Chen: Okay? Sorry for interruption. And just some people here are not from the computer science background. I just explained a bit. Yeah, continue."
157,00:23:37.970,00:23:40.090,Marine: Exactly exactly.
158,00:23:40.100,00:23:57.189,"Marine: And another example is that it not only generating code, but it also can debug. And sometimes you spend a lot of times to debug, and you will find it just you."
159,00:23:57.460,00:24:04.699,"Marine: Oh, you just type, type, error. You just have a type error. But when you"
160,00:24:04.890,00:24:09.249,"Marine: give this code to large language models, it will be"
161,00:24:10.020,00:24:14.389,Marine: response. Give the right response in a very short time.
162,00:24:14.460,00:24:29.186,"Marine: So I think it is obvious it is obviously that with future advancements, AI can potentially replace many, many at least"
163,00:24:30.360,00:24:33.759,Marine: entry level programming positions.
164,00:24:34.930,00:24:43.499,"Bryan Chen: Yeah, I think it's going to be difficult for Junior Junior engineer, Junior developer. It's going to be super hard. Yes, I agree."
165,00:24:43.500,00:24:44.790,"Marine: Yes, yeah. But"
166,00:24:46.194,00:25:03.080,"Marine: but actually, I'm a lot overly concerned because I also read some current current papers, and it indicates that large language, large language models lack true logical reasoning"
167,00:25:04.310,00:25:18.130,"Marine: abilities. So although the Gpt, oh, o 1 preview have a complex reasoning ability"
168,00:25:18.190,00:25:25.720,Marine: ability. But the researchers still think they marker the true logical reasoning.
169,00:25:25.890,00:25:28.359,"Marine: Yeah. Yes, I."
170,00:25:28.470,00:25:32.297,Marine: And I think I think
171,00:25:32.970,00:25:42.230,"Marine: so much language models also have some limitations. For example, the AI generated data, maybe"
172,00:25:42.883,00:25:50.470,Marine: may be used in the pre-trended data. And this may cause some problems.
173,00:25:50.470,00:25:53.680,Bryan Chen: Some potential biases. And yeah.
174,00:25:53.880,00:26:18.540,"Bryan Chen: and also recently, I have heard news, I think, well, the Major AI company, either I can't remember. Is it all Openai or cloud a, so they essentially develop like a what they call the computer agent. So computer agent means is that they can. You can have an AI that's not just chatting with you like chat duty, the AI can actually control your computer. So which means that you can control"
175,00:26:18.864,00:26:38.959,"Bryan Chen: all the function of your computer. You can, you know, do the emailing, you can, you know, open the word of office where you can open different. All the other program you have in your computer and do whatever tasks you give it to them. So yeah, so I think, like the coverage of automation has become higher and higher. Yeah."
176,00:26:39.900,00:26:53.428,"Marine: Yes, exactly. I think maybe in the future, the the personal, the person the not language based agent for personal applications via"
177,00:26:54.020,00:26:55.750,Marine: there will be more and more.
178,00:26:56.745,00:27:04.700,Bryan Chen: Cool thanks for the perspective from the it field. Maybe you can hear from urania.
179,00:27:04.760,00:27:10.280,"Bryan Chen: so urania are, you from the the linguistic field"
180,00:27:11.100,00:27:12.860,"Urania: Yeah, yeah."
181,00:27:13.240,00:27:13.660,Bryan Chen: So.
182,00:27:13.660,00:27:16.549,Urania: Now it's deploy linguistics. So yeah.
183,00:27:16.550,00:27:23.869,Bryan Chen: Right? Right? So do you think that AI does it kind of do you feel the threat from AI? Because I think kind of
184,00:27:24.040,00:27:40.919,"Bryan Chen: potentially might replace some of the applied linguistic associated role like marketing. You know, or teaching or some other associated jobs. So do you feel like anxious."
185,00:27:41.637,00:27:46.672,"Urania: Yeah, especially for the language testing language assessment, something like that."
186,00:27:47.160,00:28:14.339,"Urania: because we all know that there are some. You know, the authority of standard language, testing like or tofu, but actually with the increasing the AI use. Maybe in the future. There are some language assessment, which are scored or written by AI as long as we set up"
187,00:28:15.265,00:28:21.390,"Urania: certain rating criteria, some items or sense."
188,00:28:21.860,00:28:38.170,Urania: seeing that we can tell the student or the participant. Ultimately. And we can get the score very quickly. But there are also some difficulties for that now.
189,00:28:39.060,00:28:48.780,"Urania: actually, when I mentioned that and the replacement of AI and the 1st field. I think"
190,00:28:48.800,00:28:58.239,"Urania: it's about translation, because maybe because of the major. During my undergraduate period. I"
191,00:28:58.837,00:29:24.460,"Urania: I would choose. I always face a direction of different directions, and should to choose one of them. And when I consider the major of translation, I think it's really a big challenge for that, major. And you know, nowadays the machine translation is very"
192,00:29:24.570,00:29:41.879,"Urania: popular and very feasible and practical, and many students use. Translate especially for writing this aspect, and it's a very common phenomena. But I think the"
193,00:29:42.920,00:29:52.120,"Urania: replacement is not completely happen because of there are still, because there are still a lot of needs that"
194,00:29:52.630,00:29:57.779,Urania: a lot of parents that need face-to-face translation.
195,00:29:57.830,00:30:01.540,Urania: And this is also pro. Yeah.
196,00:30:01.900,00:30:12.490,"Urania: And I guess maybe with the development. AI, there are maybe, like robot translation, just like face to face"
197,00:30:12.630,00:30:19.160,"Urania: in a meeting, or something like that robot can do the translation like human beings."
198,00:30:19.350,00:30:28.290,"Bryan Chen: I think talking about translation, I think translation sometimes is not just about word to word translations. You also need to have that"
199,00:30:28.450,00:30:30.590,Bryan Chen: cultural sensitivity.
200,00:30:30.610,00:30:38.599,Bryan Chen: because I remember there's a very famous translation story. There was a Japanese writer. I can't remember his name.
201,00:30:38.610,00:30:42.499,Bryan Chen: So one day his student trans translate the English
202,00:30:42.760,00:31:00.109,"Bryan Chen: sentence like, I love you directly to Japanese, which is just directly I love you. And then the teacher say, No, no, you don't translate it directly. Japanese people don't say thing in this way. You should translate it to tonight. The moon is so pretty. That's"
203,00:31:00.110,00:31:00.640,Bryan Chen: oh.
204,00:31:00.640,00:31:09.889,Bryan Chen: Chinese people say I love you. We don't say I love you directly. So there are some cultural considerations that probably
205,00:31:10.320,00:31:14.275,"Bryan Chen: appear illogical or irrational to AI, yeah."
206,00:31:14.840,00:31:22.280,Urania: Totally agree. This is very typical and important factors that related to culture.
207,00:31:22.710,00:31:24.040,Bryan Chen: Yeah. Yeah.
208,00:31:24.070,00:31:32.330,"Bryan Chen: Okay, cool. Thanks for sharing from the linguistic side. Now, Jen, do you have anything you would like to share?"
209,00:31:33.060,00:31:40.019,Bryan Chen: Do you feel threatened or anxious because you can potentially be automatic or replaced by AI.
210,00:31:41.685,00:31:48.549,"Jane: Yeah, honestly, I'm not quite worried about that, because"
211,00:31:49.132,00:31:56.370,Jane: I think I'll be like a house teacher in future. And also I
212,00:31:56.980,00:32:21.120,"Jane: I did an internship before my master program, and I met some students at the time, and after chatting with them, I found that some of them have had already used AI tools like Chat Gpt to prepare for language tests like arts."
213,00:32:21.987,00:32:27.563,"Jane: And according to what they said, I found"
214,00:32:28.650,00:32:33.469,Jane: learning to use. AI is not an easy work.
215,00:32:33.670,00:32:40.820,Jane: And yeah. And they found and they used
216,00:32:41.560,00:32:50.769,"Jane: they use AI in a wrong way, and that might be an obstacle when they are preparing for arts. Test."
217,00:32:53.580,00:33:01.820,Bryan Chen: Okay. So you think that there are some element that human teacher can do but cannot easily be replaced by AI.
218,00:33:02.330,00:33:08.809,Jane: Yeah. And sometimes when students felt frustrated about the
219,00:33:09.551,00:33:27.000,"Jane: process, when they when they are preparing for the language test, the teacher can can encourage them. But I don't think AI can provide emotional like like this kind of emotional support for them."
220,00:33:27.500,00:33:41.500,"Bryan Chen: Okay, I think marine say they can. So I think there's a disagreement here. I can provide emotional support and sounds like you can't. But that's we can probably discuss that in the next questions."
221,00:33:41.530,00:33:45.950,"Bryan Chen: Let's see if, Stacey, do you have anything you want to share."
222,00:33:46.240,00:33:55.870,"CiCi: Oh, yeah, I for me, my major is marketing. I think in there are 3 areas. One is content marketing."
223,00:33:55.970,00:34:22.649,"CiCi: digital marketing and events for content marketing, or where marketers always need to write the script. You have to have a idea you have to think about the product or people, or where people use this product in their daily life. And then you have to write a script"
224,00:34:22.650,00:34:47.510,"CiCi: to tell the story about your products. For this one. I think AI could provide some good idea about it. But for the details that is happening in our life, I think marketers should have their observation to think about the benefits of the products and"
225,00:34:47.510,00:35:08.900,"CiCi: for the events. And I think a AI could come up with a good event about this brand or product. But during the event we should to communicate with the customers, and in in in this way we should have I"
226,00:35:09.100,00:35:14.009,CiCi: and contacting body. We should have body language.
227,00:35:14.230,00:35:38.010,"CiCi: AI don't have this, don't have a eye content and body language. So in this way, human is very important in the marketing events. But for digital marketing. We also do the SEO that is so. That is, such such."
228,00:35:38.010,00:35:38.750,Bryan Chen: Doing optimization.
229,00:35:38.750,00:36:03.240,"CiCi: Yeah, that is for this one. We also need to grab the data. The AI is a good good way to grab the data. But during this way we need to analyze the data, the traffic. Why, it is important where we could make some improvement. Ai just a tool for marketers, but for the"
230,00:36:03.240,00:36:09.070,"CiCi: reason why it is good or not, that is our opinion. Our insights."
231,00:36:09.280,00:36:31.200,"Bryan Chen: Hmm! Interesting actually, my friend, he just joined a company based in Melbourne, called Brand ninja. So they are like a new company started company. They do brand marketing. And they just like trial and using generative model or AI, or something like Chatgpt to do the content marketing."
232,00:36:31.680,00:36:40.640,"Bryan Chen: Yeah. So I think that associate related to what you are doing. You might, if you are interested, might be you could search out the Comp the company."
233,00:36:41.060,00:36:50.869,Bryan Chen: Okay? Maybe we can move on to leads these. Do you have any thought or idea? Or do you feel anxious about AI replacing your potential job in the future?
234,00:36:52.020,00:37:03.160,"Liz: And actually, I have not. I have noted development of AI technology."
235,00:37:03.634,00:37:08.635,"Liz: Cause. I think. 1st of. 1st of all, I think I,"
236,00:37:09.770,00:37:26.669,"Liz: okay, maybe I will go for some positions like researchers to promote to to explore the application of air technology. Or I will work as a a developer or designer of English language assessment."
237,00:37:27.220,00:37:34.229,"Liz: I think in the in these 2 options, I think I I want the"
238,00:37:34.860,00:37:47.490,"Liz: like a master or a developer to control, to promote, to make the AI technology more perfectly and more convenient for in our life. So"
239,00:37:47.980,00:37:55.580,"Liz: no to this, for this point I would think that the AI technology will threaten, threaten my"
240,00:37:56.153,00:37:58.919,Liz: my my career. And so
241,00:38:00.164,00:38:24.389,"Liz: on the other side, that the second point is that I think the the relationship between people between human being and the development of AI technology is dynamic. Yeah, as the development of the AI technology. Maybe some of the some of the positions which are which"
242,00:38:24.450,00:38:33.960,Liz: are done by human beings. Maybe we might vanish or disappear. But at the same time
243,00:38:34.060,00:38:42.480,Liz: there will be be more and more positions will become available for human beings for people. So
244,00:38:42.640,00:38:52.549,Liz: I I do think that as the application of the AI community. Most of our careers are
245,00:38:52.620,00:38:56.500,Liz: positions will be threatened by by it.
246,00:38:56.810,00:39:07.559,"Bryan Chen: Okay, I think that's fair point. As a researcher, you are always trying to bring in new innovations and new idea. So which is"
247,00:39:07.710,00:39:18.100,"Bryan Chen: that aspect cannot be replaced by AI, because AI especially Beta, build upon the older data that we have, which is our past."
248,00:39:18.490,00:39:34.030,"Bryan Chen: And so the past sometime doesn't include the novelty that you are going to build in the futures. But I think there are also some research saying that they, I think recently Stanford had a research paper. They compare"
249,00:39:34.040,00:39:48.309,"Bryan Chen: AI researchers, the the new idea from AI, new research idea from AI researcher versus new research idea from Chatgpt. And then it asks human to make a judgment about which"
250,00:39:48.310,00:40:06.669,"Bryan Chen: idea are more innovative or more creative. I think I score higher than human, maybe, but I mean, how fair is a score I don't know. So it's just one of the recent paper. So interesting. Paper."
251,00:40:06.710,00:40:07.620,Bryan Chen: Yeah.
252,00:40:07.990,00:40:08.390,Liz: No.
253,00:40:08.390,00:40:26.879,Bryan Chen: Another thing that you mentioned is about the human relations with AI which is leading to our questions. So how does AI influence our relationship between humans. And how does the social interactions works when AI become more prevalent?
254,00:40:26.880,00:40:46.570,"Bryan Chen: Cause? I I think I think many of you have mentioned about emotional support one way or another. Marine mentioned about how she used AI to be a conversational partner, and also, I think, one of the maybe Urania or Jen also also mentions kind of the the emotional aspect of AI."
255,00:40:46.710,00:40:56.139,"Bryan Chen: So I think AI is pretty good in that aspect. You're always trying to be considerate, trying to be mindful trying to make you feel comfortable."
256,00:40:56.649,00:41:01.979,"Bryan Chen: But the concern is, once people get used to this way of communications."
257,00:41:02.060,00:41:06.490,Bryan Chen: I'm not sure if people. Is going to be.
258,00:41:06.880,00:41:10.380,Bryan Chen: is it? And I'm not sure if it's going to be harder for normal
259,00:41:10.710,00:41:39.620,"Bryan Chen: interaction between human to humans to happen, because human are impolite, arrogant, selfish. And if you get used to the comfort level of AI, I'm not sure how human how people can get along with other humans. So, marine, do you have any thought? Do you think AI can help people interact better? Or do you think people will be overly relying on AI emotionally?"
260,00:41:40.910,00:41:42.240,Urania: And.
261,00:41:42.490,00:41:42.890,Bryan Chen: Oh!
262,00:41:42.890,00:41:44.880,Urania: Main sorry.
263,00:41:45.480,00:41:46.899,"Bryan Chen: Oh, yeah, you can go. You can. Yeah."
264,00:41:46.900,00:42:01.969,"Urania: Yeah, for me. I I now I can think about the examples about the interaction or the relationship between different people using AI, but I think it is still possible to"
265,00:42:02.570,00:42:08.989,Urania: a replacement for the maybe like a role as a friend.
266,00:42:09.875,00:42:17.960,"Urania: For people cause if the as as the development. AI, if it is developed as a"
267,00:42:18.080,00:42:36.900,"Urania: like a listener, or just like a friend, and she can provide the emotional values mental values for for some people who are, maybe they they need some help."
268,00:42:38.640,00:42:45.339,"Urania: Yeah, especially for some difficult time, like in troubles."
269,00:42:45.510,00:42:54.950,Urania: So if these people choose to rely on AI to express their maybe
270,00:42:55.290,00:43:03.169,"Urania: something unhappy, or like what we said at the sense of shame, something like that."
271,00:43:03.360,00:43:10.820,Urania: And so it is possible to impact the relationship between differently. Yeah.
272,00:43:13.561,00:43:17.679,"Bryan Chen: interested to know marine's view. Marine, are you there?"
273,00:43:19.810,00:43:21.079,"Marine: Yes, Anna, here."
274,00:43:21.080,00:43:37.779,"Bryan Chen: Interesting to know your view about, because because you say you work on this subject so interesting to view your view on the relationship between AI and a human. Do you think? Can AI have a sorry? Can human have a romantic relationship with AI."
275,00:43:39.110,00:43:48.250,"Marine: Oh, that is a very interesting questions actually, for me, I I think"
276,00:43:48.280,00:43:57.740,Marine: there are some situations that if you talk to AI! He he can give you some very
277,00:43:58.070,00:44:06.389,"Marine: a comfortable response, but somehow you can feel it didn't get your point."
278,00:44:06.820,00:44:21.210,"Bryan Chen: Oh, okay, but maybe that that part can be improved right? But let's say that the AI can understand you and can give you support, but, like philosophically or conceptually, do you think AI can be a partner for human."
279,00:44:22.110,00:44:27.219,"Marine: Actually, I think that human AI can be a partner."
280,00:44:28.210,00:44:30.039,Bryan Chen: You can be a partner. Okay.
281,00:44:30.290,00:44:41.259,"Marine: Yes, I I always think to call agent for personal applications via the future directions. And I"
282,00:44:41.340,00:44:53.604,Marine: also believe the advancement of the of the complex reasoning of not language models. I believe in this and
283,00:44:54.590,00:45:00.830,"Marine: in actually, actually, I really, I really."
284,00:45:01.780,00:45:12.490,"Marine: I really appreciate. It's the appearance of AI, for example. Myself."
285,00:45:12.500,00:45:16.099,Marine: I think I have some social difficulties.
286,00:45:16.160,00:45:25.069,"Marine: For example, in yesterday's experiment. It was a group discussions without a"
287,00:45:25.760,00:45:29.789,Marine: meditor. It's also a matter like you.
288,00:45:30.520,00:45:31.000,Bryan Chen: Yeah.
289,00:45:31.000,00:45:46.930,"Marine: Yeah, yes. In in this case. People like me, who are relatively introverted, tend to believe rather than speak up most of the time. I think it is not a problem."
290,00:45:46.930,00:46:03.415,"Marine: But however, you can think, if this is a group, a group meeting during during a job interview without a without you, without"
291,00:46:04.490,00:46:05.550,Bryan Chen: Moderator.
292,00:46:05.550,00:46:20.450,"Marine: Yes, moderator, yes, without a moderator to notice me, or help to help me. Help me to polish polish my point of people like me will be"
293,00:46:20.580,00:46:21.750,Marine: overlooked.
294,00:46:22.110,00:46:23.370,Bryan Chen: Okay. I see.
295,00:46:23.370,00:46:23.880,Marine: Yeah.
296,00:46:24.050,00:46:32.729,"Bryan Chen: But do you think that? Would that be an issue if they say you don't want to social with people? But you kind of like to social with AI, and does it"
297,00:46:32.760,00:46:35.590,Bryan Chen: push you further away from people?
298,00:46:35.890,00:46:38.880,Bryan Chen: Because AI make you comfortable. But people don't.
299,00:46:39.830,00:46:45.290,"Bryan Chen: Do you think, would that be an issue for people like introvert people to make them even more introvert."
300,00:46:46.700,00:46:50.179,"Marine: Oh, I think it is possible."
301,00:46:51.110,00:46:52.889,"Bryan Chen: It is impossible, right? So."
302,00:46:52.890,00:46:54.520,Marine: I used that shoe
303,00:46:54.890,00:47:16.959,"Marine: communicated with my friends, and tell tell them a lot of things. But now I think now I have a not language based conversational partner, so I can say all things safe safe, and I can tell tell him everything."
304,00:47:16.960,00:47:21.830,"Bryan Chen: Yeah, yeah, which is maybe difficulty."
305,00:47:21.830,00:47:27.957,"Bryan Chen: Find a human to do that. A trustable human to do that. Okay, let's see what other people think?"
306,00:47:28.370,00:47:33.959,"Bryan Chen: CC, do you have any thought? Do you think AI and human can"
307,00:47:34.060,00:47:43.089,"Bryan Chen: become have a deeper relationship rather than just superficially kind of partner? Can it be like, actually like, become like a romantic partner."
308,00:47:44.305,00:47:46.389,CiCi: I think AI
309,00:47:46.660,00:48:02.569,"CiCi: just like a friend that is, could be a partner, because for me, the partner that is not that is, doesn't just mean the emotional support that is also means that the the."
310,00:48:02.710,00:48:27.440,"CiCi: the the companion, I think that is very important for me to have. We have to stay together, to do, to do some things, to choose some goods together. If I just share my life, or just share some ideas with chat or with AI, that is, the AI just can give me some emotional support."
311,00:48:27.440,00:48:51.970,"CiCi: Maybe they can understand my situation. And you could provide some suggestions about about a certain situation that is very useful. That is so good for me, but for a partner, I think he he is, not only could provide some suggestions, but also could stay"
312,00:48:51.970,00:48:58.559,"CiCi: with me that he's a physic physical, that is, a physics that is not."
313,00:48:58.560,00:49:01.259,"Bryan Chen: Physical, physical presence to have the physical"
314,00:49:01.720,00:49:06.959,"Bryan Chen: touch it. You can feel that you can feel the body, the warm, the temperature."
315,00:49:07.390,00:49:14.059,"CiCi: Yeah, that is a really important of important for me, for me how to partner. I think"
316,00:49:14.060,00:49:17.128,CiCi: maybe maybe in the future there might be robot.
317,00:49:17.470,00:49:24.163,"CiCi: Yeah, maybe maybe I hope one day. But I really like real person, not just"
318,00:49:24.920,00:49:28.760,CiCi: just just a robot. I think that is so weird.
319,00:49:29.400,00:49:40.020,"Bryan Chen: Yeah, I think I agree with you some part, but probably not just a physical part. I feel it's really largely depending on how do you define what is a relationship?"
320,00:49:40.130,00:50:07.509,"Bryan Chen: So for me, relationship is not single way. Because when we talk about AI like uranium, talk about it and also marine talk about it's like AI offer us comfort. So we are playing the receiving or the supportive role we've been looked after by AI. But in relationship. We are, you know, trying to our our role is kind of double way, right? We receive someone's comfort and support. But we also have the"
321,00:50:07.690,00:50:21.950,"Bryan Chen: moment that we give out, we supporting or helping someone. So only when it's kind of two-way cycle foreign, you might have a stronger and deeper relationship. But but if AI is only single way"
322,00:50:21.960,00:50:24.090,Bryan Chen: helping you.
323,00:50:24.300,00:50:42.019,"Bryan Chen: I think that still cannot stay at the label as a tool for me it cannot. Born as a relationship. That's my thought. So I feel on that aspect human, because, like sometimes we say, sometimes we, we think human have weakness, and that weakness is"
324,00:50:42.280,00:50:54.560,"Bryan Chen: bad. But maybe it's the weakness that make us human, and that's the weakness make us to have a relationship with humans. So I think that for me that part is kind of irreplaceable."
325,00:50:54.740,00:51:00.860,"Bryan Chen: But let's see what Jen, do you have any thought on this topic?"
326,00:51:01.892,00:51:03.369,"Jane: Yeah, I think."
327,00:51:05.590,00:51:14.080,Jane: I think for me it's never possible for AI tools to replace
328,00:51:14.948,00:51:18.509,"Jane: the the interaction between human beings, because."
329,00:51:19.207,00:51:25.210,"Jane: from my perspective, AI tools are just like like"
330,00:51:26.120,00:51:31.950,Jane: they're just the tools just like the computer or smartphone. So
331,00:51:32.940,00:51:43.010,"Jane: it's hard for me to imagine that I have like, emotional connection with AI tools."
332,00:51:44.680,00:51:45.380,Jane: See.
333,00:51:45.900,00:51:55.280,"Bryan Chen: But I think this may have happened before, because there were news that I feel, I think, like 2 weeks ago there was a guy who fall in love with one of the AI model."
334,00:51:55.470,00:51:57.082,"Bryan Chen: and then somehow,"
335,00:51:58.010,00:52:10.490,"Bryan Chen: he committed suicide because the AI just like fully supported, or whatever he said. So he was saying something like, I can't remember exactly the detail. Maybe I can find the news later."
336,00:52:10.660,00:52:16.549,"Bryan Chen: Yeah, okay, I think leads you haven't shared your thoughts? Right? So what's your thought on?"
337,00:52:16.590,00:52:22.130,Bryan Chen: You know deeper relationship between human and AI. And how does that affect humans relationship?
338,00:52:23.940,00:52:25.370,"Bryan Chen: Lise, are you still there."
339,00:52:30.180,00:52:39.709,"Bryan Chen: Okay, I think she's probably away. It's okay. We can move on to our last questions. So I think we can just quickly show what"
340,00:52:40.247,00:52:41.859,Bryan Chen: I was here.
341,00:52:42.240,00:52:42.805,Bryan Chen: Okay.
342,00:52:43.640,00:52:51.900,"Liz: Yeah, cause I I'm use. I'm using my mobile phone that zoom on my mobile phone. And what? When? Cause? Yeah, it's some difference"
343,00:52:51.980,00:52:54.531,Liz: from their their laptop.
344,00:52:55.350,00:52:55.950,Bryan Chen: I can't hear you.
345,00:52:55.950,00:53:12.589,"Liz: Yeah, about the relationship between, like between the human beings and AI, yeah, I think, I feel that it could be a a good friend, a good friendship or personal relationship."
346,00:53:12.590,00:53:27.479,"Liz: but it could not be a very deep relationship or a romantic relationship, because, according to my experience, this semester. Because I took speaking language programmatics, this subject, this semester and"
347,00:53:27.988,00:53:36.420,Liz: some of my friends made their design. Their final projects is the Internet interaction between human being. And
348,00:53:36.560,00:53:39.380,"Liz: in AI and Chat Gpt, yeah."
349,00:53:39.440,00:54:00.589,"Liz: they found that, yes, are very friendly, is very friendly, and they and it can make very good organization of the like secret organization, like greeting, and give you a positive and a very nice, very kind responses when you are talking with it. But"
350,00:54:01.463,00:54:02.830,Liz: but in
351,00:54:03.477,00:54:21.850,"Liz: to some extent, according to my experience, I came across some difficulties in my like, in my study planning and in my in interpersonal relationship. This method. I felt like I felt anxious. I felt upset or frustrated, and I asked"
352,00:54:22.300,00:54:27.480,"Liz: just gestures from Chatgpt. Hmm, yeah, it's"
353,00:54:27.540,00:54:37.120,"Liz: it was very comforting, comforting, and warm, very, very nice and very kind. But it's it is too positive."
354,00:54:37.330,00:54:39.800,"Liz: Yeah, 2 of us."
355,00:54:40.240,00:54:50.709,"Liz: Yeah, yeah, I I escalate. Like, Oh, I I had a problem like that. That. What can I do"
356,00:54:50.740,00:55:08.600,"Liz: next? What if I do this? Actually, just I choose this option. What will my interrupters, or what? My, what the other, what other people around me think about this, or whether this, my decision or my choice, my option is"
357,00:55:08.700,00:55:10.730,Liz: proper or
358,00:55:11.160,00:55:23.679,"Liz: or not it. It always support. It always supported me. It's it's too positive. And it always said that, yeah, you're correct. Yeah, you can do it."
359,00:55:23.680,00:55:31.210,"Bryan Chen: It's too artificial. It's like a plastic right, too cheap, too, too. Possibly, like Pasta."
360,00:55:31.210,00:55:33.639,Liz: Too positive. It's not so.
361,00:55:34.288,00:55:39.039,"Liz: Realistic. Yeah, yeah, sometimes to some extent, it will"
362,00:55:39.400,00:55:51.690,Liz: prevent you prevent you from from realizing or recognizing some potential challenges or risks. From the decision or the choices you made?
363,00:55:51.930,00:55:55.700,"Liz: Yeah, because, yes, 2 perfect. Yeah, that's my answer."
364,00:55:56.200,00:56:19.169,"Bryan Chen: Okay, I think now we are also almost about time. But we have one more last question, so this probably can do it very fast. So for the last question, I want people to just quickly, maybe answer with one single sentence, you can think about it for maybe 1 min how you want to answer that, like what other things you believe human have cannot be replaced by AI."
365,00:56:19.310,00:56:25.209,"Bryan Chen: Can you say that in one sentence, let's see."
366,00:56:27.730,00:56:33.210,"Bryan Chen: this stuff from marine, do you? Can you say in one sentence, like, what do you think"
367,00:56:33.230,00:56:36.270,Bryan Chen: human have that cannot be replaced by AI.
368,00:56:37.580,00:56:47.332,"Marine: Oh, good question let me think you as you mentioned you said that"
369,00:56:48.380,00:57:09.958,"Marine: that the natural language models can improve their impasse and the emotional intent intelligence. Yes, I think this is correct. I think this may be a future direction. However, as you know, sometimes we will set us"
370,00:57:10.460,00:57:30.119,"Marine: 7. Our text, our languages cannot convert, cannot convert all informations. You know, some emotions are not only expressed by the language by the text, sometimes the"
371,00:57:30.160,00:57:37.870,"Marine: the tale of voice, the body languages, and the some a sound"
372,00:57:38.705,00:57:44.150,Marine: herding informations are also crucial. I am not sure.
373,00:57:44.350,00:57:47.600,Marine: Check that language. Models can
374,00:57:47.700,00:58:10.629,"Marine: handle this detailed information. Yes, and I and the second point is that you mentioned that the brain store and the natural language models can. Think of some insights. Think of some ideas about the research. I also read that paper."
375,00:58:10.970,00:58:23.910,"Marine: Yes, that's a but I but actually oh, I think like it would soaked."
376,00:58:24.060,00:58:27.630,Marine: It was really shocked. That
377,00:58:27.740,00:58:47.060,"Marine: that the insight, the ideas, multilingual models higher. I always think that people may have a more. Could we"
378,00:58:48.330,00:58:52.669,"Marine: create creative ideas? Yeah, that is."
379,00:58:53.340,00:58:57.939,"Bryan Chen: But I guess I think, like, how do you judge? Creativity is another"
380,00:58:58.220,00:59:07.690,"Bryan Chen: problem. Right? So I feel that measurements probably not precise and also, maybe not fair. So I haven't looked into detail of that paper. To be honest, though, we'll see."
381,00:59:07.870,00:59:08.710,Bryan Chen: Okay.
382,00:59:09.570,00:59:14.009,"Bryan Chen: CC, can you say? Maybe in one or 2 sentence, what do you think"
383,00:59:14.290,00:59:17.130,Bryan Chen: human have that cannot be replaced by AI.
384,00:59:17.840,00:59:23.380,CiCi: I think the social interaction that takes to be
385,00:59:23.780,00:59:35.470,"CiCi: with the AI, because the social interaction that is based on the shared experience, and that just happened to human and human that is not human. And AI."
386,00:59:35.730,00:59:37.410,"Bryan Chen: Hmm, hmm! I see."
387,00:59:38.111,00:59:41.719,Bryan Chen: Urania do. Can you say? One or 2 sentence.
388,00:59:43.408,00:59:55.910,"Urania: Yeah, I think it's that the problem related to firstly, emotion, and secondly, some complex culture."
389,00:59:56.310,00:59:57.660,Bryan Chen: And.
390,01:00:00.480,01:00:11.180,"Urania: Thirdly, it depends on different context, because I think AI is based on a very, very large database."
391,01:00:11.934,01:00:21.860,"Urania: Although there was something similar to something creative. But actually, it is worked based on the database."
392,01:00:22.190,01:00:23.510,Urania: So yeah.
393,01:00:24.100,01:00:34.160,Bryan Chen: Cool. That's very nice. Summary. How about you? Jen? Can you say one or 2 sentence? How? What are the scene? That human
394,01:00:34.350,01:00:36.579,Bryan Chen: cannot be replaced by AI.
395,01:00:37.331,01:00:44.559,"Jane: Yeah, I think, AI cannot use the language as a way that human beings"
396,01:00:44.710,01:00:50.960,"Jane: do. Because, for example, for Scarism."
397,01:00:51.350,01:00:56.379,"Jane: I don't think, given the context, AI will use"
398,01:00:56.790,01:01:03.419,"Jane: Scarism, or they will do Scarism in the way that like human beings, do."
399,01:01:03.780,01:01:05.340,"Bryan Chen: Yeah, okay."
400,01:01:05.540,01:01:06.349,Jane: Let's see.
401,01:01:06.550,01:01:15.040,"Bryan Chen: Interesting. You mentioned the language part, and finally, Lise, can you share one or 2 sentence, and we can probably wrap it up."
402,01:01:15.740,01:01:31.117,"Liz: Yes, and I I feel that I feel that the the original innovation for innovation of human beings and not will not be replaced by AI technology, because"
403,01:01:31.730,01:01:34.190,Liz: although apparently there are some
404,01:01:34.695,01:01:46.990,"Liz: with their AI technology, AI can do something better like in designing and the arts, or in create in creating something but creative ideas. But I think."
405,01:01:47.040,01:02:09.049,"Liz: and like the advantage of AI, is that they can deal with thousands of data. So those ideas much faster than people they can. What you can do is is organizing, collecting, organizing, synthesizing thousands of ideas on the Internet from the Internet, and then."
406,01:02:09.470,01:02:12.380,"Liz: and then generator of produce, one State."
407,01:02:12.490,01:02:22.559,"Liz: But compared with the creativity or innovation for human, of the of the ideas in the in people's"
408,01:02:22.670,01:02:25.399,Liz: brain in people's mind. I think
409,01:02:25.500,01:02:30.449,"Liz: human being, we human beings can do better than the AI technology."
410,01:02:31.260,01:02:43.120,"Bryan Chen: I see. So I think you guys have mentioned emotions, capability, social interaction, and maybe innovation, creativity and all that. And also language skill."
411,01:02:43.120,01:03:04.330,"Bryan Chen: But I personally think all of those things you guys have mentioned can potentially be overcome in the future. So I don't think I, personally, I think the biggest power of human. If you ask me to summarize in one sentence, is the power, the superpower, or the capability to create meaning, because human is an animal of meaning."
412,01:03:04.330,01:03:33.290,"Bryan Chen: So you go to. So you spend money to buy expensive clothes like it's expensive shoes or expensive scene, not because they about not just because of their quality. It's also because of brand the meaning behind it, the story behind it. And also that's the reason why people fight for country people fight for religions, people fight for different causes. It's because of the scene that generate meaning and usually generating meaning doesn't mean that you have to"
413,01:03:34.000,01:03:52.499,"Bryan Chen: provide the best or the biggest or the fast human, are very complicated about where the meaning is coming from. And it's also our unique superpower of creating meaning. So I think the human superpower and that AI cannot easily replace is"
414,01:03:52.500,01:04:07.739,"Bryan Chen: creating meaning. That's probably my conclusions. So yeah, I think we'll probably just read out today here today. Thanks everyone for your participation and thanks for your time. And again, just, you know, supporting us"
415,01:04:07.870,01:04:09.410,Bryan Chen: for our research.
416,01:04:09.680,01:04:12.630,"Bryan Chen: Yeah, we'll just close it now."
