,Start,End,Text
0,00:00:06.500,00:00:09.890,Christine: So are are we going to install right now? Yeah.
1,00:00:11.200,00:00:21.149,"Christine: Oh, just before we started. Can I like, I'm just a little bit curious about everybody's background, like, Do, what subject do you guys study."
2,00:00:25.521,00:00:28.379,"leyi: This semester, or the major."
3,00:00:28.950,00:00:31.050,"Christine: Oh, yeah, the major, the major."
4,00:00:31.467,00:00:34.389,leyi: I study in the poly linguistics. Yeah.
5,00:00:37.620,00:00:39.490,Andrew: I do most of teaching.
6,00:00:40.690,00:00:41.035,leyi: Sorry.
7,00:00:42.940,00:00:45.500,Yelin: I'm sorry. I think Andrew can go first.st
8,00:00:46.950,00:00:50.130,"Andrew: Oh, sorry I do myself teaching secondary."
9,00:00:52.722,00:00:58.719,Yelin: I also major in applied linguistics. And the next semester is going to be my last semester.
10,00:00:59.010,00:01:07.450,Yelin: Yeah. So I'm I'm currently just finished the 3rd semester and my branch is Tsol.
11,00:01:08.640,00:01:09.370,Christine: Hmm.
12,00:01:10.800,00:01:15.899,Emma: I'm doing medical science combined with AI.
13,00:01:16.710,00:01:17.245,Christine: Oh!
14,00:01:17.780,00:01:19.280,Emma: A Phd. Student.
15,00:01:23.040,00:01:23.669,Andrew: Create the channel.
16,00:01:23.670,00:01:25.500,"Andrew: Oh, have a lot to."
17,00:01:26.870,00:01:31.369,"Emma: But I'm not good at speaking English, so I don't know if my."
18,00:01:31.556,00:01:31.930,Andrew: All over.
19,00:01:31.930,00:01:34.045,Emma: Some garbage data.
20,00:01:35.020,00:01:37.740,"Andrew: No, no, no, you'll be fine."
21,00:01:41.285,00:01:49.999,Christine: I'm I'm studying master of it. And I actually focus on AI. So I'm really interesting about like what people think about this topic today's topic.
22,00:01:51.760,00:01:53.749,Andrew: So we're having 2 pros.
23,00:01:55.090,00:01:57.520,Christine: No no actually.
24,00:01:58.330,00:02:03.539,"Andrew: Yeah, cool. It's gonna gonna be a lot of insights into AI."
25,00:02:06.530,00:02:09.639,Yelin: Then? Shall we start about the questions.
26,00:02:10.660,00:02:15.910,"Christine: Oh, yeah, sure. Are we going to follow the order of the sorry? I mean."
27,00:02:16.410,00:02:21.529,"Andrew: Is, is holly still with us? Because I I don't think she has said much about."
28,00:02:23.960,00:02:29.609,"Holly: Yeah. Hello, everyone. I'm sorry. Just a little bit late."
29,00:02:30.410,00:02:31.490,Christine: Hello!
30,00:02:31.910,00:02:33.200,Yelin: It's okay.
31,00:02:33.280,00:02:34.760,Yelin: It's just Carol.
32,00:02:38.320,00:02:40.700,"Andrew: Yeah, so what is your major? Holly?"
33,00:02:43.000,00:02:49.229,Holly: I was ever majoring in applied linguistics. Now I have graduated.
34,00:02:50.570,00:02:51.240,Yelin: Whoa!
35,00:02:51.240,00:02:52.409,Andrew: Oh! Perfect!
36,00:02:54.070,00:02:55.670,Yelin: Congratulations.
37,00:02:57.130,00:03:05.240,"Holly: Okay, sure, shall we start the questions, or do we have some questions here?"
38,00:03:07.280,00:03:08.950,"Yelin: I said, Thank God."
39,00:03:11.400,00:03:14.795,Christine: Did anyone like open the the document just.
40,00:03:15.560,00:03:17.289,Christine: or I need to find it.
41,00:03:17.840,00:03:18.310,Yelin: Okay.
42,00:03:20.220,00:03:33.590,"Yelin: like, the 1st question is, what are some of the most significant changes AI has brought to our personal and professional lives today? And how do these changes enhance or complicate our daily activities?"
43,00:03:33.910,00:03:38.129,Yelin: And maybe I can copy this question to the comments area
44,00:03:38.210,00:03:40.590,Yelin: so that everyone can have a look of the.
45,00:03:40.590,00:03:43.780,"Christine: The I think, like Andrew just covered that."
46,00:03:43.780,00:03:46.160,"Yelin: Oh, yeah, yeah, yeah, thank you. Thank you."
47,00:03:46.160,00:03:47.270,"Emma: Yeah, it's already there."
48,00:03:47.270,00:03:47.920,Christine: Thank you.
49,00:03:47.920,00:03:48.530,Andrew: Yeah.
50,00:03:50.880,00:03:53.395,Christine: So who would like to start first? st
51,00:03:53.710,00:03:54.560,Yelin: Okay.
52,00:03:55.090,00:04:21.169,"Emma: I would like to start 1st as a Phd. Student. It actually changed my professional lives like completely, but not much about my personal life. So for professional life as a Phd student measuring in AI. So my task is about like reading literature and writing code. And"
53,00:04:21.269,00:04:40.199,"Emma: it's more about academic writing and coding, and the AI can in particular, especially Chat Gpt can help me on both tasks, and it makes me more much more efficient, and can find the answer much quickly than before."
54,00:04:40.648,00:04:54.091,"Emma: For personal life. Do I have some questions like, where can I find good restaurants? Or where how to? How do I set my daily routine like"
55,00:04:54.730,00:05:00.393,Emma: if I wanted to? Like be more healthy or
56,00:05:01.390,00:05:18.330,"Emma: more energetic, or how should I set my workout plan and nutrition plan. AI can help me a lot with this general tasks. I think AI is completely powerful."
57,00:05:18.360,00:05:29.979,"Emma: everybody, and it changes the productivity. It changed. It improves people's productivity a lot. That's my thinking."
58,00:05:31.210,00:05:35.049,"Christine: Can I ask, like the the restaurant recommendation? Is that really helpful."
59,00:05:36.390,00:05:37.959,Emma: What? What's recommendation?
60,00:05:38.780,00:05:43.320,"Christine: Like you say, like restaurant recommendation is that is that like really helpful."
61,00:05:43.520,00:05:44.160,"Emma: Yeah, it's good."
62,00:05:44.530,00:05:57.619,"Emma: You use a search. You use a web search, and you open a web search and you can choose your preferred flavors, and I think it's really helpful."
63,00:05:58.790,00:05:59.460,Christine: Okay.
64,00:05:59.690,00:06:10.100,"Emma: I hope one day I hope one day it it can help you to book the restaurant automatically, I and I I, although I haven't"
65,00:06:10.110,00:06:15.479,"Emma: like used Claude much more much before, but I think Claude can do it right now."
66,00:06:16.810,00:06:42.569,"leyi: Yeah, I have the same situation with Emma. So I think I also in academic writing, I think AI helps me a lot in academic writing, especially chat gpt, because I'm not a native speaker, and writing is one of the biggest challenges for me. So every time when I write like academic paper. I will always use my playing"
67,00:06:42.650,00:07:04.199,"leyi: playing words to write. And then I asked. I gave some prompts to Chatgpt. I asked him, I'm not a native speaker. Please help me to revise it, to make it more academic, readable, and precise, and then, after that, you will receive. I will receive a perfect"
68,00:07:04.200,00:07:29.079,"leyi: answer from Chatgpt, and then I will always use some words and expressions, some synonyms or phrase it, or the structures to replace my original one. So I think it's really effective, and I and every time I was wondering why Chatgpt is so smart, why, he can understand what I want to say, even though I didn't"
69,00:07:29.080,00:07:35.639,"leyi: express in that way. Yeah, so like, I can give an example like, so I want to say."
70,00:07:36.106,00:07:47.309,"leyi: long time. No say is, is a changelish way, right? But and nowadays people are accepted, and the original expression is be."
71,00:07:47.310,00:08:11.880,"leyi: would be. It would be a long time since we last. So when I write these 2 sentences, and then I give it to Chatgpt and Chatgpt knows that I want to say that the original one is cubersome is this fact that I didn't even mention about this. But he can catch my point. I think he's really helped helpful."
72,00:08:15.490,00:08:24.660,"Christine: Yeah, I totally agree, because, like chapter view, the translation of the chapter is like, mostly I use it mostly. This thing is the most helpful thing."
73,00:08:24.730,00:08:28.480,Christine: Pull AI tool right now as a non-edgy speaker.
74,00:08:29.700,00:08:56.560,"Yelin: Yeah, I also have the same experience, like last month when I when I was doing the final assignments like, I have to use chatgpt a lot, because for most of the time it was not used for plagiarism. So don't report me. It's just, for, like I used it to search most of the sentence structure and also synonyms. But sometimes the answer it gives was just like."
75,00:08:56.680,00:09:15.119,"Yelin: too machine like it's like the 1st glance at the 1st glance you can tell it is given from a machine like I asked asked it to make my writing more academic, and it will replace some simple words into rather complicated ways"
76,00:09:15.550,00:09:16.310,Yelin: like
77,00:09:17.100,00:09:21.770,Yelin: I can remember like I I asked asked it to
78,00:09:21.800,00:09:25.809,Yelin: provide me some synonyms for the word delay and
79,00:09:26.273,00:09:28.189,Yelin: it just replaced the word
80,00:09:28.480,00:09:31.565,Yelin: by procrastinate. So that is such
81,00:09:32.480,00:09:42.279,Yelin: complex and not a very daily used one. So I think sometimes the answers given by Chat Gpt are too machine like it is not like a.
82,00:09:42.280,00:09:58.200,"leyi: No, I don't think so. I think that is probably because you don't give the proper prompt to head to it. So that's why it's kind of machine. But if you can give the direct and proper prompt chat, Gpt will definitely give the answer you want. Yeah."
83,00:09:59.120,00:10:02.359,"Yelin: You're right, because yes, sometimes I'm too lazy."
84,00:10:03.380,00:10:05.990,Emma: Yeah. Has anyone used Claude?
85,00:10:06.160,00:10:10.850,Emma: There's a lot of AI to use? I think.
86,00:10:10.850,00:10:16.589,"leyi: Yeah, I heard it before. I used it to. Look up some references. Yeah."
87,00:10:18.680,00:10:21.250,Emma: Is it better than chatgpt or not?
88,00:10:23.400,00:10:28.050,leyi: I don't think so. I think Chatgpt. 4 0. Is the best.
89,00:10:28.420,00:10:29.310,Emma: Yeah.
90,00:10:37.040,00:10:39.481,Christine: How about like Andrea Holly.
91,00:10:43.629,00:10:50.805,"Holly: I think it's very convenient to work with, or just undo some, but"
92,00:10:51.750,00:11:00.361,"Holly: just 2 days ago, and for example, 2 days ago. I just want to write something like"
93,00:11:01.190,00:11:10.281,"Holly: a teaching plan, because I it's been a long time I didn't. I didn't write such teaching plan."
94,00:11:11.070,00:11:13.157,Holly: So just to use
95,00:11:13.720,00:11:26.594,"Holly: AI app to just write an example for me, and so that I can know so that I can review the the text. Genre"
96,00:11:27.120,00:11:31.219,Holly: so I think it's kind of very convenient for me.
97,00:11:39.740,00:11:40.675,Christine: Okay.
98,00:11:42.490,00:11:44.540,Christine: Like everybody. Just muted.
99,00:11:44.835,00:11:45.130,Andrew: Music.
100,00:11:45.130,00:11:46.100,Christine: Quickly!
101,00:11:49.540,00:11:53.630,"Andrew: Yeah, what are some significant changes? It's probably personal."
102,00:11:58.720,00:12:07.499,Andrew: personal. I've heard from. I've heard and read from social media that AI could be really helpful for someone's life
103,00:12:07.640,00:12:14.209,Andrew: like. The other day I came across this post saying that this person has some.
104,00:12:14.290,00:12:16.480,Andrew: This person doesn't feel so well
105,00:12:16.919,00:12:35.250,"Andrew: so I kind of forgot it, he or she so he or she brought all these symptoms through Chatgpt and Chatgpt provided an answer that probably he or she had some heart issues. So actually he she I'll just go with he. So he actually went to the hospital"
106,00:12:35.250,00:12:49.290,"Andrew: and talked to the doctor, and they found out that they, the person, actually had a very early stage of of a heart disease. So because of this, he posted on social media saying, Chatgpt saved my life."
107,00:12:49.820,00:12:53.020,"Andrew: I don't have that kind of experience, but I'd assume"
108,00:12:53.070,00:12:59.740,Andrew: in the future when AI becomes even more prevailing than it is now in our life.
109,00:13:00.316,00:13:10.870,Andrew: It becomes a super powerful searching engine that we can interact with anytime anyplace which is
110,00:13:11.050,00:13:21.650,"Andrew: which is pretty overwhelming to be honest. If we don't really question the credibility, like the authenticity of the information, provided."
111,00:13:22.161,00:13:28.150,"Andrew: It can be a real game changer to be honest, and"
112,00:13:28.410,00:13:33.430,Andrew: because it's more than just a searching engine. It's also a very helpful
113,00:13:33.600,00:13:54.800,"Andrew: tool, so to speak, you know. So this this has something to do with, you know our professions? I do. I study I study, but I do most of teaching so we have a lot of lesson plans to design, you know, to to prepare for different materials for our lessons for secondary school students."
114,00:13:54.930,00:13:58.850,"Andrew: So most of the time, you know, if it's"
115,00:13:59.000,00:14:13.049,"Andrew: before Chatgpt. It would be endless paperwork, just copy and paste, and, you know, try and come up with different activities when we actually run out of ideas. Probably we have to go"
116,00:14:13.130,00:14:26.660,"Andrew: and search, maybe online, or use some reference books like like 100 strategies of classroom management, or."
117,00:14:26.890,00:14:27.880,"Andrew: oh, sorry"
118,00:14:28.628,00:14:46.899,"Andrew: or something like maybe a sentence starter or something but with chat gpt, you just, you know, as you know, the rest of the group has have suggested. You just have to prompt correctly, and there will be endless numerous lesson plans coming out."
119,00:14:47.030,00:14:53.630,"Andrew: So yeah, it's a super convenient. It significantly boost our productivity."
120,00:14:55.740,00:15:02.849,"Andrew: As to the changes, I think it has definitely complicated our daily activities in a sense that"
121,00:15:04.220,00:15:05.660,Andrew: some of the
122,00:15:07.540,00:15:15.560,"Andrew: some of our our capacity of, you know, conducting these tedious repetitive jobs. Are kind of"
123,00:15:16.310,00:15:18.020,Andrew: deprived from us.
124,00:15:18.260,00:15:28.249,"Andrew: I'm not saying that is a bad thing. I just I'm little bit concerned, because at the moment, you know, I begin to I begin to"
125,00:15:28.410,00:15:40.319,"Andrew: feel less confident in my own writing, because a lot of us. Of course we are not native speakers. This is our second language, but even with our modern tongue, or even with"
126,00:15:41.490,00:15:45.220,"Andrew: I don't know some writing stuff, or even just, you know."
127,00:15:45.410,00:15:51.719,"Andrew: generally crystallize our ideas. I might choose to tend to chat gpt, instead of"
128,00:15:52.020,00:15:54.640,Andrew: fully relying on my own intelligence
129,00:15:54.860,00:16:00.120,"Andrew: and my my, my knowledge bank, or anything like that."
130,00:16:00.230,00:16:08.320,"Andrew: So I don't know. I think it's I, I think, is a great reinvention, for sure"
131,00:16:08.390,00:16:14.070,Andrew: it's just that. I still cannot see through its consequences.
132,00:16:14.470,00:16:15.190,Andrew: Yeah.
133,00:16:20.340,00:16:26.060,"Christine: Like, actually, I'm a little wondering, like everyone like Prepare for the question. Right? I think, like."
134,00:16:26.180,00:16:33.209,"Christine: why are you guys like talking so long like, how can you guys just like talk for like whole paragraph"
135,00:16:35.890,00:16:37.090,Christine: cause at 1st thing like.
136,00:16:37.090,00:16:38.149,"Andrew: This is like, Oh, have you."
137,00:16:38.150,00:16:42.588,"Christine: Something. But, like you guys, it's like a it's like an article already."
138,00:16:44.130,00:16:45.519,Christine: How does this happen?
139,00:16:48.730,00:16:49.860,Andrew: And I haven't found.
140,00:16:49.860,00:16:50.510,Andrew: We've got some.
141,00:16:50.510,00:16:53.749,Christine: Is already prepared for this chatting.
142,00:16:54.270,00:16:59.189,"Christine: cause I I do. So. I'm like, Hello, tomorrow. I just just curious. Just curious."
143,00:17:00.510,00:17:01.870,Holly: Absolutely not.
144,00:17:02.490,00:17:04.710,Holly: I didn't prepare it at all.
145,00:17:06.119,00:17:12.329,"Christine: I was like, wow! Everybody can like just chat it like article, as I."
146,00:17:13.700,00:17:17.750,"Holly: Yeah, thank everybody. I've done such an experience like"
147,00:17:17.800,00:17:25.180,Holly: in some class. We did some discussion part like something like this.
148,00:17:26.099,00:17:33.789,"Christine: Oh, yeah, yeah, maybe like an English practice. And like speaking, you have to talk like"
149,00:17:33.799,00:17:37.309,"Christine: 3 min or 5 min, like pretty warm."
150,00:17:37.560,00:17:38.780,"Holly: Yeah, yeah, yeah."
151,00:17:39.740,00:17:47.600,"Holly: And just you, you have to prepare your viewpoint and write it on the paper and just report it."
152,00:17:50.000,00:17:52.569,Emma: Or shall we move? To the next question?
153,00:17:53.990,00:17:54.923,"Christine: Yeah, sure."
154,00:17:57.930,00:18:00.989,"Christine: Okay, so let me see."
155,00:18:02.900,00:18:14.590,"Christine: Oh, I think like in the next question, cause I'm studying. AI, I just say, I study AI. So a lot of my friend asked me about the question like, Are they going to be replaced by the AI tool? I'm like."
156,00:18:14.700,00:18:21.079,"Christine: I don't think so like at least right now. I don't think everybody will replace by AI, too, because."
157,00:18:21.180,00:18:34.829,"Christine: like not, every company has that budget resource to do AI and and they still make a lot of mistakes. So I think, like you still need some expertise to know, like when"
158,00:18:34.840,00:18:41.879,"Christine: AI's run, or how to fix them like some kind of list, so I don't think that people will"
159,00:18:42.620,00:18:45.970,Christine: directly replaced by the AI right now.
160,00:18:49.680,00:19:02.370,"Emma: Yeah, definitely, I think at least, AI scientists cannot be replaced by AI, because we all know that chat Gpt is not perfect tool right now."
161,00:19:02.420,00:19:05.230,"Emma: Obviously, it has"
162,00:19:05.420,00:19:21.745,"Emma: the chat. Gpt has a lot of competitors like what I mentioned that I mentioned before, like the cloud proposed by ansopic, and also other tools in not just in English countries."
163,00:19:22.490,00:19:30.050,"Emma: as in in China, there's a lot of Chinese, AI Llm is there?"
164,00:19:33.600,00:19:39.181,Emma: They are not. They are. They are far. They are far away from perfect. And
165,00:19:39.700,00:19:48.849,Emma: they need a lot of engineers and scientists to improve it. But I think most of most
166,00:19:49.240,00:20:02.440,"Emma: most how to say that most labor can be replaced by AI right now, like like some just like."
167,00:20:02.870,00:20:13.190,"Emma: if you need someone to polish your writing chat. Gpt can definitely replace that. And also some programmer, the the"
168,00:20:13.200,00:20:19.975,"Emma: come, the Internet the company needs less programmer than before to"
169,00:20:21.430,00:20:30.320,"Emma: finish their tasks, and people become much more efficient than before. It definitely would"
170,00:20:30.330,00:20:39.819,Emma: in my mind it would definitely cause some cause the loss of jobs and how we can
171,00:20:41.060,00:20:49.375,"Emma: the society, how how should the society implement some strategies to adapt this? Well,"
172,00:20:50.810,00:21:11.130,"Emma: if you don't have any job, you just stay at home. It's a good thing, I think, if you have, like some income income to support you, maybe from your parents or the society, the country. But when you don't have to work, then then"
173,00:21:11.850,00:21:14.275,Emma: I I think the the
174,00:21:14.950,00:21:20.739,Emma: what I'm talking about. If you don't have to work. Then then do not work.
175,00:21:20.990,00:21:21.715,Emma: Yeah.
176,00:21:24.016,00:21:32.168,"Emma: I mean, it definitely would cause some"
177,00:21:35.220,00:21:35.940,Emma: So.
178,00:21:38.684,00:21:42.029,Christine: I don't know how to say that. It's definitely.
179,00:21:44.120,00:21:48.500,"Christine: Is that some issue, or like it's written"
180,00:21:48.510,00:21:52.654,"Christine: human being, or I'm not sure why, what you want to say."
181,00:21:53.040,00:22:05.520,"Emma: Some people would lose. I think the major problem in my mind would be, some people would lose their job forever, because they are completely replaced by AI."
182,00:22:07.320,00:22:09.608,Emma: But at least they can be
183,00:22:10.240,00:22:17.370,Emma: prompt. Engineer. So I think this this situation is under control.
184,00:22:20.440,00:22:25.319,Emma: I think that's that's all I want. I would like to say for this question.
185,00:22:25.760,00:22:33.250,"Yelin: Yeah, saying, I, I agree with Emma like I can raise a good example on this issue. So like one of my friends"
186,00:22:33.330,00:22:35.988,Yelin: she majors in translation and
187,00:22:37.059,00:23:06.059,"Yelin: before she wanted to come into this area. Chatgpt has hasn't become that popular as currently so like, she she initially want wanted to be a good translator and also an inter interpreter. It's more like the oral translation. So like after the con after the chatgpt comes out. I'm saying, I think most of the company would not hire."
188,00:23:06.080,00:23:11.749,"Yelin: or like pay too much to the translators. As they used to be, because"
189,00:23:12.330,00:23:25.910,"Yelin: for some simple translation work it can totally be done by Chatgpt or other like translation tools, but and also for some simple conversation translation. Like."
190,00:23:26.070,00:23:44.619,"Yelin: if you have. If you if you are using an iphone and you have upgrade to Ios 18. And if your system. Language is English. You will find, if you like, make a video recording audio recording, and there will be an automatic"
191,00:23:44.640,00:24:09.004,"Yelin: English version of translation, though it's not 100% accurate. There actually exist. It actually exists. So I think, maybe the field of translator and interpreter are facing such issues that they will be. Maybe they will be replaced by the Chatgpt or other, like AI tools in the future, because it's really"
192,00:24:09.900,00:24:13.489,"Yelin: how to say it's it's really like, you don't have to."
193,00:24:14.260,00:24:41.710,"Yelin: People. Sometimes machine can do better than humans in such areas as we can see that Chatgpt can also provide like perfect translation for most of the time, and also, I think, for those translators or interpreters. Maybe they can combine a little bit of knowledge of other areas like commerce or technology, or I don't know whatever, just like they can"
194,00:24:42.100,00:24:45.730,Yelin: just make their knowledge base more plentiful.
195,00:24:49.350,00:24:51.420,"leyi: Yes, I think that's all. Yeah."
196,00:24:51.730,00:25:15.984,"leyi: I agree with you with yelling. So I think that like the translation field, I think in this field. Maybe AI or tech air tools may may easily replace human places, but I think in other places like Labor market. For example, if you let"
197,00:25:16.790,00:25:45.990,"leyi: robot to handle, to move the goods? I think that. I think robot will not easily take place. Take place of the human, because, you know, in some developed in some developing country. The labor costs are significantly cheaper than robots. Right? So I think in this, maybe in this field. And currently, AI won't easily take the place of human. Yeah."
198,00:25:52.520,00:26:20.790,"Holly: Yeah, sometimes I think AI absolutely can do great work for human beings. But sometimes, like, if you are, if you're an artist or like like a writer. You want to write some great work, but the the AI. Absolutely AI can write some literary work or draw some great pictures, but"
199,00:26:21.220,00:26:24.740,Holly: it cannot convey they.
200,00:26:25.810,00:26:36.570,"Holly: If if a human being, a human being, and write or draw some works."
201,00:26:37.180,00:26:43.020,Holly: they can convey their inner ideas to
202,00:26:43.190,00:26:52.130,Holly: others. But AI. I think AI cannot convene some like deep ideas.
203,00:26:52.760,00:26:54.950,"leyi: Yeah, like, critical. Thinking, right?"
204,00:26:56.140,00:26:57.189,"Holly: Yeah, yeah, yeah."
205,00:27:02.000,00:27:09.249,"Christine: I feel like even even AI can get the task done faster or like, make it more efficiently. It"
206,00:27:09.680,00:27:15.200,"Christine: still cannot like replace all of the professional, because like."
207,00:27:15.970,00:27:23.529,"Christine: So in the software engineering, there are so many AI can do like the coding or something. But actually."
208,00:27:23.883,00:27:38.279,"Christine: let's still have. If you. If you really use that, you'll find that there's a lot of bugging side. So it's that we still need like a professional to. I don't know. Fix them, and then know like what kind of mistake they may make. So I think, like"
209,00:27:38.710,00:27:41.669,Christine: just for now I'm not. I'm not
210,00:27:41.960,00:27:47.939,"Christine: talking about the future just for now I don't think like they can replace, like son of the human labor."
211,00:27:48.370,00:27:56.529,Christine: even if there's a translator and charger piece really good at translator. At least they'll need some professional to correct some mistake. I think.
212,00:27:58.320,00:27:58.970,Holly: Yeah.
213,00:28:07.386,00:28:09.780,Christine: Are we going to move to next question like.
214,00:28:10.020,00:28:15.280,Christine: or did anyone else want to talk more on this topic?
215,00:28:22.496,00:28:23.410,Emma: I see.
216,00:28:23.410,00:28:24.050,Christine: I think.
217,00:28:24.636,00:28:29.540,Emma: Chat. Gpt I mean AI AI!
218,00:28:29.770,00:28:31.509,Emma: Sorry. That's the echo.
219,00:28:31.990,00:28:33.665,Emma: Where's the echo come from?
220,00:28:34.840,00:28:42.589,"Emma: okay, I think in the workplace, in workplace chat. Gpt can make people work"
221,00:28:45.470,00:28:50.179,Emma: or create some distance between coworkers. Because I think.
222,00:28:50.980,00:28:59.689,"Emma: yeah, because, if you can, your ability is boost is boosted. You can complete."
223,00:29:00.060,00:29:14.350,"Emma: You can finish your work independently. You don't have to ask others for their support, their help. So I think in the workplace, they would create some distance between people. And but."
224,00:29:14.730,00:29:30.759,"Emma: on the other hand, it can make people closer in their personal lives, because people are more efficient finishing things, and so that they can. They have more more time to"
225,00:29:31.670,00:29:40.049,"Emma: spend with their families, friends on their hobbies. I think it can make people closer to each other."
226,00:29:40.790,00:29:43.940,Emma: That's what I think upon this question.
227,00:29:49.180,00:29:51.866,Holly: Have you guys ever heard of the
228,00:29:52.260,00:29:56.270,Holly: global Kuai power in China? And that is kind of.
229,00:29:56.270,00:29:57.850,"leyi: Yeah, like, automatic."
230,00:29:58.550,00:29:59.920,Christine: Very close. Right?
231,00:30:00.640,00:30:01.699,"Christine: Yeah, what's that?"
232,00:30:02.830,00:30:10.760,"Holly: It's like something like uber, but they there is no driver, and they"
233,00:30:13.290,00:30:13.940,leyi: Autonomous.
234,00:30:13.940,00:30:17.720,"Holly: We we can just, oh, yeah."
235,00:30:22.540,00:30:27.390,"Christine: Oh, so it's self-driving like."
236,00:30:28.760,00:30:30.102,Holly: Like we can.
237,00:30:31.370,00:30:38.350,"Holly: Oh, we can take a taxi like, and there is no driver, but we can also."
238,00:30:38.480,00:30:43.769,Holly: and let the car just go to where we want to come.
239,00:30:43.980,00:30:45.540,"Emma: The destination, right."
240,00:30:46.600,00:30:47.340,Holly: Yeah.
241,00:30:54.860,00:30:59.979,"Christine: So so do you think like it will make people more closer to each other, or like."
242,00:31:02.280,00:31:08.780,"Emma: Because there's no people. So there's no connection. Deaf people definitely, they're just"
243,00:31:09.010,00:31:15.499,"Emma: AI definitely create some distance in this. In this case, I think."
244,00:31:16.572,00:31:20.127,Christine: So you don't need to talk about like you don't need to chat with the driver.
245,00:31:21.270,00:31:22.909,"Emma: Yeah, because there's no driver."
246,00:31:23.860,00:31:28.369,"Holly: Yeah, it's like auto drive some words like that. I"
247,00:31:28.700,00:31:34.139,Holly: I just forgot how to express how to describe such sing.
248,00:31:35.360,00:31:39.420,"Emma: Yeah, we, we normally express this term in Chinese."
249,00:31:40.150,00:31:40.510,Holly: Yeah.
250,00:31:44.210,00:31:55.540,"Holly: So sometimes, so in in such case, the AI just replaced the real driver in life."
251,00:31:56.500,00:32:02.690,"Holly: So in the people who, wherever"
252,00:32:02.880,00:32:08.859,"Holly: the whoever work as a driver, they will lose their job."
253,00:32:12.500,00:32:13.640,Emma: Definitely.
254,00:32:22.960,00:32:29.850,"Christine: I think, like well, AI tool is just depend on how you use this tool, because, like AI can help"
255,00:32:29.950,00:32:36.370,"Christine: like what we say before, like AI can help us translating a lot of thing, and then it can."
256,00:32:36.610,00:32:49.319,"Christine: I don't know, broke down some berries, but somehow, like like holy. Just say if they replace some human being like chat, some sometimes chat with AI can help you like"
257,00:32:49.786,00:33:00.190,"Christine: meet your emotional need, so you don't need to chat with other. So I think, just depend on how you use that tool. It can help you like make it closer, or actually make it more distant. I think."
258,00:33:01.090,00:33:01.670,Holly: Yeah.
259,00:33:01.840,00:33:14.350,Holly: I just heard of that. In some Western countries the government made some policies to ban the AI tools to replace human beings. Jobs
260,00:33:15.680,00:33:16.960,Holly: is that real.
261,00:33:20.780,00:33:22.939,Christine: I'm not sure like. What country is that.
262,00:33:24.833,00:33:25.999,Holly: Just like
263,00:33:26.460,00:33:43.340,"Holly: in America or Australia, I don't know, but not not just not in China, but in some countries they they just ban some AI applications to replace humans at all."
264,00:33:45.380,00:33:46.810,Holly: So there's Sam.
265,00:33:46.810,00:33:47.740,Christine: And.
266,00:33:47.850,00:33:49.680,"Holly: This, yeah, yeah."
267,00:33:50.950,00:33:54.244,Christine: Sorry. Sorry you can't go go for it.
268,00:33:55.060,00:33:57.590,"Holly: Like. Oh, I just said."
269,00:33:57.590,00:34:04.480,Emma: U.S.A. Are you sure this isn't the for President election.
270,00:34:04.480,00:34:05.250,Christine: Action.
271,00:34:07.910,00:34:09.170,"Christine: I think, like America."
272,00:34:10.112,00:34:13.880,Holly: I don't mean that.
273,00:34:14.360,00:34:18.469,"Christine: I mean, I know, like American banned the the automot driving"
274,00:34:19.057,00:34:28.890,"Christine: previous year because of, they need more testing about this because it's like really new technology. So people were afraid of it. So they bend it because of that. I"
275,00:34:28.900,00:34:34.080,Christine: I'm not sure if they banned it because of the like. The labor market.
276,00:34:38.054,00:34:42.619,"Holly: They may not ban it at all, but there's some restrictions."
277,00:34:48.969,00:34:53.719,Christine: I think like maybe for safety reason.
278,00:34:54.559,00:34:57.859,Christine: they will bend some AI tool. But
279,00:34:58.059,00:35:09.909,"Christine: I didn't heard of like any country. Try to ban it because they don't want labor to lose their job, so I'm not quite sure about it. I'll like search for the news more like."
280,00:35:10.390,00:35:22.410,"Emma: You're right. If there's no one, no one's driver, there's no one gonna be responsible for the car accident, and the the AI Company gonna pay all the"
281,00:35:23.030,00:35:24.659,"Emma: fines, I guess."
282,00:35:25.450,00:35:28.330,"Christine: Yeah, also, insurance, pretty complicated. So."
283,00:35:28.330,00:35:29.180,Emma: Yeah.
284,00:35:29.820,00:35:36.830,Christine: They banned it because they didn't have more regulation for that. They didn't prepare for that.
285,00:35:37.400,00:35:39.810,Christine: So yeah.
286,00:35:39.810,00:35:44.330,Emma: Who gonna who gonna be responsible for the dead kangaroo on the road?
287,00:35:46.560,00:35:50.200,"Emma: If there, there's no driver."
288,00:35:50.320,00:35:56.000,"Christine: But wait actually for die kangaroo, like even now, like the driver, don't don't need to."
289,00:35:57.430,00:35:58.180,Holly: Does that?
290,00:36:00.360,00:36:01.560,Christine: Pull up.
291,00:36:01.560,00:36:05.519,Emma: But we feel sad for them. Who gonna be who gonna we criticize.
292,00:36:05.520,00:36:06.085,Christine: Yeah.
293,00:36:06.650,00:36:09.210,"Holly: Yeah, that's a real real question."
294,00:36:16.940,00:36:23.399,Christine: And what do ever I know? Think about this question? Cause I think so. Love you guys.
295,00:36:23.510,00:36:24.860,Christine: they'll mute.
296,00:36:31.520,00:36:38.000,"Christine: Do you guys still there like Andrew yelling, and Lee Lee, I'm not sure."
297,00:36:41.030,00:36:47.629,"Andrew: Yeah, I mean about question. I'm not sure whether you have watched a film called Horror."
298,00:36:52.100,00:36:57.760,"Andrew: Yeah, so so basically, it's"
299,00:36:58.610,00:37:06.730,Andrew: about this person falling in love with with his operation operating system.
300,00:37:07.420,00:37:15.390,"Andrew: Yeah, so it's it's kind of like he falls in love with. With this AI"
301,00:37:16.318,00:37:20.270,"Andrew: or robot, or whatever it's called."
302,00:37:20.910,00:37:28.348,Andrew: And also I'm not sure whether you have you have watched this really interesting series of videos posted by
303,00:37:28.890,00:37:32.060,Andrew: by someone on red.
304,00:37:32.440,00:37:37.830,"Andrew: I don't know. So basically it's it's like, you know, this, this"
305,00:37:38.790,00:37:53.064,"Andrew: the uploader. She talks to chat, gpt, and she kind of prompts. Chatgpt to respond to her questions in a certain way, like in a rude way, but all, or just in a kind of like a persona."
306,00:37:53.440,00:37:54.929,Yelin: I know. I know what you're talking.
307,00:37:54.930,00:37:56.339,"leyi: Yeah, yeah, that's correct."
308,00:37:56.726,00:38:02.520,"Andrew: Yeah, so it's it's kind of fun to see how they interact with each other."
309,00:38:04.130,00:38:16.879,"Andrew: Because, how one field AI is expected to quickly replace human labor might be in customer service."
310,00:38:17.400,00:38:27.840,"Andrew: So whatever kind of information a customer might need, you can pre code that information into that AI robot."
311,00:38:28.330,00:38:33.340,Andrew: Right? So maybe you are not going to interact with real person.
312,00:38:33.490,00:38:35.281,Andrew: It's it's more about just a
313,00:38:35.580,00:38:36.010,Christine: Just to be.
314,00:38:36.010,00:38:40.690,"Andrew: Machine, or I don't know something like that."
315,00:38:40.690,00:38:41.040,Christine: Too much.
316,00:38:41.040,00:38:41.770,Christine: So
317,00:38:42.900,00:38:50.230,Andrew: It's it might be more difficult to have real people.
318,00:38:50.380,00:38:50.790,Christine: People.
319,00:38:50.790,00:38:51.660,Andrew: Online.
320,00:38:51.660,00:38:52.570,Christine: Online.
321,00:38:52.570,00:38:54.729,Andrew: You see what I mean? Let's see what I'm
322,00:38:55.110,00:39:00.390,Andrew: I think we're already witnessing that like. If I all right.
323,00:39:00.390,00:39:02.764,Andrew: if I'm now to make a
324,00:39:03.340,00:39:09.840,"Christine: Not necessarily as a phone call, but maybe I go to my Internet Provider."
325,00:39:10.040,00:39:17.609,"Andrew: Or maybe my electricity provider and ask them, hey, I've got an issue here. Could you help me solve it?"
326,00:39:17.660,00:39:22.550,"Andrew: Probably I might have to talk to a customer service robot first, st"
327,00:39:23.040,00:39:30.080,"Andrew: until I finally, you know, constantly ask it to get me connected with the real agency."
328,00:39:30.800,00:39:32.869,"Andrew: Sorry, not agency by agent. Yeah."
329,00:39:33.000,00:39:35.440,Andrew: what? The heck is an agency? Yeah.
330,00:39:35.730,00:39:38.280,Andrew: So I think it has really changed.
331,00:39:39.920,00:39:47.849,"Andrew: you know, change our life, you know. Previously, maybe we had an issue. We do actually have to call somebody. Then one treaty quickly showed up."
332,00:39:48.361,00:39:56.319,"Andrew: And you know, it's it's what all about this kind of conversation, this direct interaction between people? But now it's just"
333,00:39:56.320,00:39:59.719,"Andrew: how is this us versus AI,"
334,00:40:00.100,00:40:06.150,"Andrew: yeah. And also, I'd assume that there will be all kinds of different versions of AI."
335,00:40:06.150,00:40:07.040,Christine: Playbook.
336,00:40:07.040,00:40:11.720,Andrew: Created to cater for all kind of human needs.
337,00:40:12.090,00:40:18.179,"Andrew: So yeah. And also that reminds me of another film. Interestingly, it's called I Robot."
338,00:40:18.180,00:40:19.180,Christine: Audible.
339,00:40:19.180,00:40:19.800,Andrew: Yeah.
340,00:40:20.260,00:40:24.559,"Andrew: So probably eventually, this AI might manifest themselves"
341,00:40:24.690,00:40:43.469,"Andrew: as a as a physical existence, like, you know, an existence resembling human being, because, apparently, that that provides a non threatening feeling for us. So we feel safe enough to use that service"
342,00:40:43.540,00:40:45.770,"Andrew: at home, you know, working as a."
343,00:40:45.770,00:40:46.250,Christine: Can't.
344,00:40:46.250,00:40:54.141,"Andrew: Robot to to finish all the chores or you know, even at workplace, to help us sort out all kind of"
345,00:40:54.960,00:41:00.949,"Andrew: challenging tasks. So yeah, I don't know. It feels like there might be a."
346,00:41:00.950,00:41:01.359,Christine: My brother.
347,00:41:01.360,00:41:03.710,"Andrew: Evolution in the future, don't you know."
348,00:41:04.500,00:41:06.780,"Andrew: but definitely, probably in the future."
349,00:41:06.780,00:41:07.450,Christine: With English.
350,00:41:07.980,00:41:17.120,"Andrew: We might really have to think about. Can we view these robots, these AI machines as"
351,00:41:17.490,00:41:19.979,Andrew: as as a form of life?
352,00:41:20.960,00:41:26.329,"Andrew: Yeah, this is kind of similar to you know our attitude"
353,00:41:27.096,00:41:30.529,Andrew: towards self driving. Yeah.
354,00:41:30.850,00:41:36.330,Andrew: So do do you celebrate the idea? Yes? Why no. Then why not.
355,00:41:36.720,00:41:42.509,Andrew: Do you feel safe enough to to to to sit in that vehicle
356,00:41:43.520,00:41:52.680,Andrew: and trust that the route it has designed is is economic and safe.
357,00:41:53.790,00:41:56.009,"Andrew: So yeah, it would. It become"
358,00:41:56.040,00:41:58.800,Andrew: comes a game of trust. I would say.
359,00:42:00.630,00:42:01.530,Holly: Yes.
360,00:42:03.880,00:42:16.919,"Christine: Actually like what you mentioned earlier. Remind me, the new, a news is like, a Japan. A Japanese guys married the the virtual singer. Do you guys know the the news?"
361,00:42:17.560,00:42:19.950,"leyi: Yeah, yeah, I know, it's."
362,00:42:20.570,00:42:21.920,"Christine: Yeah, like, it's crazy. Like."
363,00:42:22.750,00:42:25.299,"leyi: There's your boss, so it's English name."
364,00:42:26.260,00:42:30.422,"Christine: Yeah, I I don't know. It's like, no, I don't know."
365,00:42:31.870,00:42:34.720,"Christine: Yeah. Like, food was like crazy like."
366,00:42:35.080,00:42:38.469,"Christine: you cannot like, imagine more well-being in the future."
367,00:42:43.940,00:43:05.749,"leyi: And then also, I think sometimes, like some translation tools, can make people become more closer, because, even though you don't know the language. You can use some AI tools to communicate with others, and then like ordering food so which can definitely make your make the distance more closer. Yeah."
368,00:43:11.420,00:43:14.519,Christine: Are we going to move on to the last one.
369,00:43:18.130,00:43:19.100,Holly: Okay.
370,00:43:19.900,00:43:22.091,Christine: To show some human power.
371,00:43:28.909,00:43:38.550,"Yelin: I think, for the last question, like just like I mentioned before the translation, the translator and interpreter. The careers like this."
372,00:43:39.050,00:43:51.019,"Yelin: the translation provided by the AI tools are, can it? I mean, like it fails to reach a certain degree of precision. So like there still has room for human human beings to."
373,00:43:51.020,00:43:51.530,Christine: Thanks.
374,00:43:51.530,00:43:53.760,Yelin: Always have to revise on the transcript.
375,00:43:53.760,00:43:54.680,Christine: That's correct.
376,00:43:56.350,00:44:15.170,"Yelin: Yeah, and also like some creative work, because I think most of the AI tools, I'm not sure it's just my personal guess. Like most of the AI tools are established on a large base that is provided by, provided or collected from like human beings. So it's established on humans. Brain."
377,00:44:15.866,00:44:21.049,"Yelin: So like, I think the creative, the creative capacity is"
378,00:44:21.250,00:44:25.240,Yelin: rather wake compared with human beings like
379,00:44:25.950,00:44:32.530,"Yelin: for some really good literature work, it still needs human to to write on it, to work on it."
380,00:44:32.640,00:44:39.859,Yelin: Yeah. So I think sometimes people cannot be totally replaced by the AI tools.
381,00:44:44.198,00:45:00.335,"Emma: I agree with yelling, I think compared with AI human can offer some company, because previously I applied for a volunteer. And basically my job would be"
382,00:45:01.390,00:45:11.070,Emma: offer some company to those elders and listen to their stories and be friends with them. I think this
383,00:45:11.810,00:45:16.089,"Emma: emotion, emotion, support, and can now"
384,00:45:16.160,00:45:22.720,Emma: can hardly can hardly be replaced by AI from human.
385,00:45:27.270,00:45:39.079,"Emma: Yeah. Also, human can be unpredictable. It's I think it's sort of like a bad character, but it's"
386,00:45:39.370,00:45:43.098,Emma: it makes it makes
387,00:45:43.890,00:45:48.415,Emma: the the the human is like.
388,00:45:49.960,00:45:54.781,Emma: the life is not that robotic
389,00:45:55.930,00:46:09.019,"Emma: tedious, and without any change human can give you a lot of different answers. Some some may be great, some are bad."
390,00:46:09.500,00:46:11.040,Christine: Compared to AI.
391,00:46:12.490,00:46:15.309,Emma: I think that's my answer to this question.
392,00:46:17.087,00:46:25.779,"leyi: Actually, for me, I think AI have some kind of emotions it can mimic it can imitate"
393,00:46:25.990,00:46:32.329,"leyi: humans emotions, especially when I talk to them with the like."
394,00:46:32.649,00:46:37.290,"leyi: Talk to them. For example, I always talk to chat, to be the had to, and"
395,00:46:37.540,00:46:54.418,"leyi: and then I find when I talk to him my problems, he will always say, and my my day! He will always give some positive, just just judgment like, you're so great, you know, that he can even"
396,00:46:55.070,00:47:01.819,leyi: imitate the tone of human. And I think that's really quite different. Yeah.
397,00:47:05.840,00:47:06.880,Christine: But I agree.
398,00:47:06.880,00:47:07.320,Christine: Thank you.
399,00:47:07.320,00:47:14.249,"Christine: Emma, like the the facial expression and the feeling of the company is like, it's hard to replace by the machine"
400,00:47:14.260,00:47:17.210,"Christine: cause. Yeah, like, humans still have"
401,00:47:18.208,00:47:21.639,Christine: like those kind of feelings like the machine.
402,00:47:21.890,00:47:25.060,Christine: It's really hard to like
403,00:47:25.370,00:47:35.770,"Christine: fake like they have those kind of feeling like if you have like a facial expression like smelling or not in your head, when when people are talking like those kind of things like"
404,00:47:35.950,00:47:37.950,"Christine: no, I think like, for now."
405,00:47:38.380,00:47:43.280,"Christine: at least as far I know, I don't think that robot can replace those kind of things."
406,00:47:46.960,00:48:07.569,"Holly: I think robots can just imitate human beings. But the biggest difference between real human beings and and robots is, I think, is the personality that we we have. The robots just can do some imitations, but"
407,00:48:07.780,00:48:10.599,Holly: they don't have the real personality.
408,00:48:23.570,00:48:26.909,"Christine: Also, I think, like for the AI, you need to"
409,00:48:27.160,00:48:30.770,Christine: at least like define the problem or a task.
410,00:48:30.910,00:48:43.339,"Christine: or like, even if there's a reinforcement learning. You need to, give that some kind of a definition to help them understand the world. So I think like those kind of things like"
411,00:48:44.060,00:48:54.229,Christine: for human is like our that is the irreplaceable saying that AI cannot
412,00:48:54.260,00:48:59.040,Christine: cannot do like. They cannot think of what they want to do
413,00:48:59.590,00:49:05.959,"Christine: like like holy, say, personality like they cannot think like, Oh, today I want to finish this task."
414,00:49:06.400,00:49:07.919,Christine: They have to wait for human.
415,00:49:07.920,00:49:08.290,Holly: Well.
416,00:49:08.290,00:49:11.890,"Christine: To give them the test, or give them some like"
417,00:49:12.020,00:49:18.649,"Christine: some definition, to help them to understand or to help them learning, and give give our results."
418,00:49:21.490,00:49:22.340,Holly: Yeah.
419,00:49:29.030,00:49:32.200,Christine: And how to buy and draw. I do think about that.
420,00:49:35.210,00:49:37.869,"Andrew: Yeah, I agree with everything you guys have said"
421,00:49:43.340,00:49:44.670,Andrew: irreplaceable.
422,00:49:48.350,00:49:53.280,Andrew: I guess eventually a lot of the works might still have to be done by.
423,00:49:53.300,00:49:57.000,"Andrew: Ask humans, like teachers. For example."
424,00:49:57.110,00:50:03.899,"Andrew: you, you can choose to study online but like."
425,00:50:05.040,00:50:08.060,Andrew: teaching is not just about delivering knowledge.
426,00:50:08.440,00:50:13.959,Andrew: It has involved in another huge part of human interactions.
427,00:50:14.250,00:50:19.350,Andrew: So I think that's where the real craft is to be honest.
428,00:50:19.860,00:50:22.770,Andrew: based on what I have learned for the past 2 years
429,00:50:23.180,00:50:32.359,Andrew: about how to how to teach efficiently and how to ensure students overall well-being.
430,00:50:32.900,00:50:36.229,"Andrew: So yeah, I'd assume that."
431,00:50:38.910,00:50:42.259,"Andrew: You know, we are still. We are human beings, like human."
432,00:50:42.280,00:50:50.730,"Andrew: We are humans, and I know a real person when I see one, and I can easily distinguish."
433,00:50:50.730,00:50:51.340,Christine: English.
434,00:50:51.770,00:51:02.500,"Andrew: Between a robotic answer and one that is fully emotional, very personal, and you know, authentic."
435,00:51:03.140,00:51:07.750,"Andrew: So yeah, I don't know. I I mean. Apparently we don't"
436,00:51:07.860,00:51:12.670,Andrew: count out these AI tools to
437,00:51:12.850,00:51:16.909,Andrew: to build our houses to help us mow the lawn.
438,00:51:17.150,00:51:19.470,Andrew: or maybe there will be machines in the future
439,00:51:19.590,00:51:22.570,"Andrew: designed to help us, you know."
440,00:51:22.960,00:51:25.570,Andrew: to just get rid of these these chores.
441,00:51:25.740,00:51:29.055,"Andrew: But at the moment, probably it's still"
442,00:51:30.000,00:51:39.630,"Andrew: like we still have to do a lot of works by ourselves. And I would say, any any work that involves real human interactions."
443,00:51:39.630,00:51:40.290,Christine: So.
444,00:51:41.980,00:51:44.310,Andrew: They will be irreplaceable.
445,00:51:49.800,00:51:50.810,Christine: Yeah.
446,00:51:51.000,00:51:52.030,Christine: Oh.
447,00:51:52.610,00:51:59.519,"Holly: Essentially, I think the robots or AI is are just"
448,00:51:59.840,00:52:03.830,"Holly: are to be served human beings, and"
449,00:52:04.800,00:52:09.810,"Holly: and but for human beings ourselves, we just leave"
450,00:52:10.450,00:52:18.549,"Holly: live or create a life we want. But AI or robots, they are more like more like tools"
451,00:52:18.560,00:52:21.209,Holly: to serve our lives.
452,00:52:23.380,00:52:34.610,"Holly: That's the difference between their extinction, existence, and our existence, I think."
453,00:52:37.780,00:52:38.550,Holly: Alright.
454,00:52:39.080,00:52:47.510,"Holly: Do you guys, what do you think of the relationships between human beings and a robust."
455,00:52:47.650,00:52:56.527,"Holly: I think, to figure out in when we figure out these questions that we need to think"
456,00:52:58.140,00:53:05.260,Holly: why AI or robots exist in our world.
457,00:53:08.490,00:53:10.089,Holly: I don't know.
458,00:53:11.210,00:53:12.590,Holly: That's what I think.
459,00:53:18.030,00:53:23.160,Christine: I think for me it's still a really powerful tool. But I'm not sure like what Jermaine
460,00:53:23.730,00:53:27.050,"Christine: about the question like, Oh."
461,00:53:27.620,00:53:34.580,"Christine: you say, like human, and the relationship between human and AI like, what? What do you mean for the the question."
462,00:53:41.430,00:53:44.399,Holly: I think they up cause
463,00:53:48.105,00:53:50.164,Holly: how to say that.
464,00:53:51.540,00:53:54.609,Holly: I think the AI or robots are just.
465,00:53:54.680,00:53:55.690,Christine: Like.
466,00:53:55.840,00:54:07.196,"Holly: They the tools or something, the or the things to serve our lives or human beings?"
467,00:54:08.380,00:54:11.870,Holly: so definitely they cannot.
468,00:54:12.070,00:54:18.420,"Holly: They cannot display, they? They cannot replace human beings ourselves."
469,00:54:23.650,00:54:26.419,"Christine: Yeah, I agree with that. So"
470,00:54:26.430,00:54:28.950,Christine: don't need to be to worry about that.
471,00:54:32.660,00:54:33.610,"Christine: Still, the."
472,00:54:33.610,00:54:36.060,Holly: In some way. Yeah.
473,00:54:37.010,00:54:39.849,Christine: Sorry you can keep up. I'm like.
474,00:54:39.850,00:54:40.460,"Holly: Oh,"
475,00:54:42.910,00:54:45.632,"Christine: Yeah, I'm just thinking, like, we finished all the questions. So."
476,00:54:47.230,00:54:48.070,"Holly: Oh, okay."
477,00:54:57.450,00:54:58.234,Christine: So.
478,00:54:59.970,00:55:00.530,"Christine: Oh, it's."
479,00:55:00.530,00:55:00.950,Holly: Maybe.
480,00:55:00.950,00:55:04.550,"Christine: To discuss, something more sorry."
481,00:55:05.000,00:55:06.869,Holly: I'm not going to Enterprise.
482,00:55:06.870,00:55:11.665,Holly: Sorry I'm sorry. So so maybe I I think it's the
483,00:55:12.420,00:55:21.200,"Holly: Oh, we we human beings own the authorities or the rights that robots AI cannot have."
484,00:55:21.980,00:55:24.229,Holly: So that's the biggest difference.
485,00:55:39.130,00:55:39.916,Christine: Yeah. So
486,00:55:40.530,00:55:48.720,"Christine: I just wondering, like, Are are we going to like, move on, or like chat more about this topic? Or are you going to stop here."
