Start,End,Text
0.14,1.04,"jessica: He was"
1.35,13.719,"jessica: oops sorry he wasn't in the office all the time, so I normally I need to plan and work with other team. And so once per month he will have a meeting with me. But sometime."
13.82,25.769,"jessica: sometimes we feel like after one. Once per month I got a meeting with him. I reported why, I have a dumb in past one month, so sometimes we will give him the feedback like. That's not the the thing he want."
26.61,27.189,"Elda: Yeah."
27.77,42.44,"jessica: So like I was like, Oh, my God! But we have really short. I can catch up to to fix the other thing so every. I will feel like every state I take really long process to meeting, to follow on and to update."
42.8,43.49,"Bryan Chen: Hmm."
43.49,46.969,"jessica: So for me. It's a little piece called In In Act Fiction."
49.77,50.49,"Bryan Chen: Right."
50.71,51.35,"jessica: Yeah."
51.61,53.56,"Elda: Oh, you think it's more efficient."
54.04,57.609,"jessica: No other. Formation is not affections."
57.61,58.89,"Elda: Not. It's not efficient."
58.89,71.63,"jessica: Yes, compared with the Asian culture. So it's if in Asia culture, so we even every morning we will have a meeting, and you need to go the right direct extension to do the right thing like that."
73.09,79.7,"Elda: when give a humanly, when given too much freedom, it can be not efficient is what I mean."
80.09,82.379,"Elda: oh, okay, thank you."
83.52,86.17,"Elda: I think Peggy, Peggy has her hand."
86.17,88.78,"Peggy: Yeah, yeah, I have my hands up."
89.505,96.58,"Peggy: It depends on the industry. Because when I was in Taiwan we usually not"
96.64,112.049,"Peggy: communicate landmark with my manager. We usually like have a review the meeting Quarterly or every 6 months, but when I came to Uk, I'm working Uk now. My manager."
112.13,121.799,"Peggy: I experience a lot of miniature. I don't know. Somehow they just switch a lot position things, some miniature. We have a 1 on one meeting weekly."
122.21,130.429,"Peggy: So we have a lot of time to communication, so I feel like it's a little bit different with"
130.55,134.77,"Peggy: Jessica. So that's why I raised my hand, and"
135.74,138.309,"Peggy: but in later 1 1 meeting. We"
138.36,143.569,"Peggy: usually don't talk a lot of technical things like"
143.73,146.929,"Peggy: what direction I should do something"
147.01,160.089,"Peggy: to detail. They will likely just generally checking. Are you okay right now? And do you facing any difficulty? And while we want to"
160.23,167.64,"Peggy: retrieving like, if we are in the middle of promotion, what else"
167.73,169.51,"Peggy: I should do"
169.73,179.01,"Peggy: to me to next level. So I feel that's good in Taiwan. We, when your manager says we need to have a"
179.28,185.34,"Peggy: some meetings, you, either in a big trouble, or you did very good job. That's why I think."
186.17,187.07,"Peggy: yeah."
187.52,188.4,"Elda: Right."
191.09,196.018,"Bryan Chen: I see. Thank you, Peggy. And now I also have ever tat as well."
197.99,199.61,"Bryan Chen: Right? Everyone has everything."
200.13,201.09,"Bryan Chen: Yeah."
203.24,215.269,"Bryan Chen: so I guess I they can all lead to our next questions like so sometime we, our our boss, might have, like different or manager, have a different cultural background."
215.46,225.589,"Bryan Chen: But then? You know, like, but because you're also coming from different cultural background, you have potentially have some misalignment or different needs."
225.65,226.7,"Bryan Chen: And"
226.71,250.365,"Bryan Chen: how do you kind of approach what we call up managing so, or up and upper management, which just means that you're trying to do something to influence your goals so that they can somehow do something that's infer in favor of you or in, you know, have some output that or outcome that you wanted to. You want to."
250.9,265.39,"Bryan Chen: So have you done anything like that? How you influence your manager to achieve this thing you want to achieve. It can be either like some project that you want to put forward or some solution you want to propose. Or maybe you just want to ask for, like, Cere, rice."
265.875,270.89,"Bryan Chen: Yeah. So anyone have a good taste that how they influence their"
270.9,272.459,"Bryan Chen: manager of both."
273.756,277.86,"Bryan Chen: Hatty, do you have anything you want to share."
279.362,296.609,"Hailey: For me. I've worked in Japan for most of my career. So I know this is not everyone's cup of tea, but something that's really important in Japan is kind of going out for dinners and things like that with your team."
297.011,321.929,"Hailey: And so sometimes I spend private time hanging out with my managers. It's not just for career advancement purposes. Of course, I genuinely enjoy sort of hanging out with them. But I think that's really helpful, for when you wanna, you know, make a suggestion or something like that. That you have that personal relationship and trust as well."
322.27,322.79,"Bryan Chen: Right."
322.79,324.86,"Elda: Do you? Do you invite them?"
325.2,326.31,"Elda: Do you invite your."
326.31,327.06,"Hailey: Last time."
327.06,328.449,"Elda: Lunch or dinner."
329.79,334.69,"Hailey: Usually they invite me, but"
335.32,345.58,"Hailey: I at my last job. I've invited my seniors before, but I just switched jobs like less than a year ago, so I haven't done that for my current job yet."
345.81,346.23,"Bryan Chen: Okay."
347.96,350.409,"Bryan Chen: So do you think it's always kind of"
350.42,365.28,"Bryan Chen: beneficial to have like personal relationship with your manager, or do things really depending on person, because that your private, your former manager, you you guys kind of have like a quite matching personality. So you say it's good to."
365.48,368.3,"Bryan Chen: you know, like, build out some bounding, but"
368.39,370.709,"Bryan Chen: like in some other cases, probably like"
370.82,375.654,"Bryan Chen: like people just like keep a little bit of professional distance. What we call"
376,385.34,"Hailey: Yeah, I think it definitely depends on the personality of both you and your boss. Or managers."
387.04,393.03,"Hailey: yeah, if they don't like spending, if they like to sort of keep"
393.31,399.799,"Hailey: a strict divide between private life and work life that might be kind of difficult."
400.22,405.149,"Bryan Chen: Yeah, yeah, yeah, I think some people they prefer that way. Some people they"
405.32,423.8,"Bryan Chen: they for me. I also quite kind of like, like, the way, how Haley is described that, you know, making a job or work, not simply just as something you do for money or but it's something sounds like a project that a group of people that you like or"
424.232,435.72,"Bryan Chen: yeah. So we grew up here. We are quite close, alive to kind of like achieve something together, like how feeling like how you know achieving thing together. Feeling is quite enjoyable, in my in my opinion. But"
435.74,443.92,"Bryan Chen: but I guess that's not everyone's cup of tea. Some people they have a very clear division of like private life and professional life. Yeah."
445.39,453.009,"Bryan Chen: But yeah, so I think, yeah, building relationship and bounding with the leader is a very nice point. Thank you, Hayley."
456.1,458.59,"Bryan Chen: Who else want to? Oh."
458.72,464.59,"Bryan Chen: Amy, I couldn't recognize you because you changed your name so."
465.08,467.489,"Elda: Mara, she's a capy power now."
467.49,472.959,"Bryan Chen: Yeah, Kevin found out. So do you have any advice how to influence"
473.07,475.94,"Bryan Chen: your manager to achieve what you want."
476.84,477.83,"ピン 王: Hmm!"
478.28,479.36,"ピン 王: I think"
481.44,482.62,"ピン 王: I"
483.34,489.289,"ピン 王: recently I used a technique. Well, I call it like a technique. But"
489.61,492.67,"ピン 王: when I try to, you know inference."
492.78,504.61,"ピン 王: my manager, or even my client, to do something I want to do. I depends on their personality. So my previous clients, she's quite."
504.85,520.96,"ピン 王: She's quite like like to do new things, innovate, be innovative. So I would give her lots of ideas about oh, wait. Maybe we can try this. Maybe we can try that, but let everything is what I want to do."
521.07,524.67,"ピン 王: so I will make. It sounds very exciting."
524.84,532.81,"ピン 王: and then she will jump into the direction that I'd like to go. But my previous clients"
533.532,552.989,"ピン 王: he's more like insecure. He's not sure what to do, so I have to. Prepare lots of data or explain every single detail why I should do this and why we should do that. So make him be more secure and make sure."
553.345,564.72,"ピン 王: You know it's not just waste time and money to do is something for a purpose and good for the good, for the company or brand. So I I think my tech"
564.72,574.08,"ピン 王: technique, like technique, will be when I try to pursue somebody. I will depends on their personality. If they are more."
574.15,586.77,"ピン 王: you know, secure and or insecure if they are more an adventure type of person, or they are more like conservative. Yeah, that's my technique."
587.215,594.36,"Bryan Chen: I think, yeah, I think that's a very good point, like observing, first, st before you take the live and then before you take the actions."
594.51,595.42,"Bryan Chen: Yeah."
595.923,608.63,"Bryan Chen: I think I have a similar experience, like when how to persuade people. So the way, how I do it is like, sometime I have some idea, but I know this idea is a little bit"
608.956,615.49,"Bryan Chen: how would you say? Innovative is a good way to say that there's a new idea. No one has tried it before."
615.784,640.259,"Bryan Chen: So if I just like sometime I feel if I just straight away tell my manager or my boss say, Oh, I wanna try this. I wanna try a they will say, this is a cute idea, but don't waste your time so, and then they will. They will say something like, probably not so positive. So. And then people, if you cannot, if I insist to do it like, you know, just like do my away, and then sometime"
640.26,641.73,"Bryan Chen: have a good result."
641.73,668.51,"Bryan Chen: I think it's kind of like, doesn't also, this still doesn't give them a good feeling, because, like you are late denied it. And then you it's like it's it's become like kind of like a competition. You're trying to prove it over them right? So, which is still even, you might. Still you might achieve your outcome. But you this is not making them feel feel good. You just feel like you are very rebellion, I think a better way for me to do it is that if I have a idea A"
668.64,686.038,"Bryan Chen: and I won't tell in, I won't tell in the idea so early. I will probably just like run something secretly without a notice, and then just do some experiment by myself or some trial by myself, and then, if I have some good results, like like a sample or example,"
686.53,711.139,"Bryan Chen: then I will present to them say, Hey, I have done something this, and then this is some of the good. This result looks amazing, and it's good. Maybe we should go. Take a little bit a few steps further to see how it goes, and then, most likely, if you show them some good evidence and good result, they will agree with you and support you, and then later on, if you, the result, turn out to be something that's even greater than you, you create account Field."
711.14,718.27,"Bryan Chen: and you achieve something together. It's not because I it's better than like denying your proposal, and it's still"
718.86,737.41,"Bryan Chen: keep going. And then and it kind of like slap land on their face and say, Hey, I proved myself, yeah. So so I think, just like the older. When do you prove your point, and how and when do you propose idea? I think it's quite important. Based on my experience. Yeah."
740.9,742.79,"Bryan Chen: Jessica."
743.16,745.72,"Bryan Chen: Oh, Shondo, do you have any"
745.96,751.129,"Bryan Chen: one thing you want to share? How to influence your manager?"
752.11,758.919,"Shunto: I think I like the key is trust relationship with with our boss."
759.63,762.59,"Shunto: And let's say."
763.177,768.599,"Shunto: the technique I I can come up with some, but I think"
768.64,795.195,"Shunto: I guess the most easiest way is like going going to going to drink after party or dinner with your boss, I mean, so more communication with your boss. I guess it's a very easy way to build a trust relationship. And if you if you have, if you have that. Maybe, like, it's easy. It's easier to convince your boss in in a difficult situation. So that's why I guess it's very important."
796.461,800.469,"Elda: So I have a question. For chinto."
800.64,801,"Shunto: Yeah."
801.542,805.34,"Elda: You are talking about Japanese boss, or."
805.742,834.73,"Shunto: Even Western boss. I guess it's very key because we are like human. And we, we have emotion, we, we, we like some people. We dislike some people. So the key, the key, is like, how you can be your bosses like people liking people. So in this, in in this view. I guess it doesn't matter if it's it's western or Eastern, I guess. Like it's a"
834.78,855.28,"Shunto: like. It's a little bit different or different to do like how to how to communicate and like, maybe maybe you don't. You don't need to do some kind of hierarchy things in the western boss in the Western culture. But I even even in this case, maybe you you use"
855.44,860.69,"Shunto: it. It doesn't harm to go drinking or going dinner with your boss."
860.9,864.019,"Elda: And do you invite them by like from you or you."
864.02,865.02,"Shunto: Oh, yes, I'm a"
865.21,869.307,"Shunto: sometimes I invite, invite, invite, invite my boss, because yeah, because"
870.163,879.676,"Shunto: because my boss doesn't. My my boss generally doesn't. Doesn't go ask. Ask me out. Ask? Ask me out. But yeah, but"
880.68,886.889,"Shunto: yeah. But I I believe it's it's very important even for him. So that's why I I sometimes do it."
888.97,890.35,"Bryan Chen: Let's see."
891.45,893.239,"ピン 王: Sorry I have one question."
893.71,894.7,"ピン 王: Oh, yep."
894.84,901.43,"ピン 王: is is for is for everybody. Each cause. After I heard about shinto shared."
902.32,922.009,"ピン 王: Well, like cause. There's lots of say, we say, like, Okay, your caller is not your friend, so don't be friend with your anyone at your workplace. Then how about your your manager, or who's leader above you like? Would you guys, you know, happy to be friend with them? Because, as what I've heard."
922.07,928.83,"ピン 王: Hallie and she, until you guys hang out with your boss even in the private time. Right? So."
928.83,956.461,"Shunto: Yeah. Oh, you you don't need to. You don't need to like sacrifice your like personal time, or you don't need to be. You don't necessarily to be be friends with them. But if if you can, if you can be friends with your boss and you you become, you become that this. If the things will definitely go easier, that that's my point."
956.88,959.01,"ピン 王: Clause. New York, oh, okay."
959.01,960,"Shunto: Yes, yes."
960,961.819,"Bryan Chen: It's not necessary, though, because I know."
961.82,973.705,"Shunto: No, not yeah, not necessary. Yeah, exactly. I I don't. I don't say like you should do it. But if you, if you feel comfortable with it. And you you you you do it. It's definitely makes things easier."
974.27,975.5,"Bryan Chen: True, but"
975.54,979.71,"Bryan Chen: but I get I have her in some bigger company. And then they had."
980.52,983.43,"Bryan Chen: you know, different groups of party."
983.43,984.06,"Shunto: Hello!"
984.06,990.41,"Bryan Chen: Getting inside a company. So some of them they will. For example, when you just join a company."
990.72,991.13,"Shunto: Yeah."
991.13,995.279,"Bryan Chen: The manager will actively be nice to you."
996.1,1002.109,"Bryan Chen: And then just he or she actually intentionally want to pull you to her side or his side."
1002.25,1002.64,"Shunto: Yeah."
1002.64,1007.839,"Bryan Chen: Maybe in the future. That cause, you know. Sometimes the company can divide the 2. There's like a few."
1007.84,1008.37,"Shunto: Yeah."
1008.37,1009.585,"Bryan Chen: You know, big head."
1009.89,1010.63,"Shunto: That's true."
1010.63,1016.03,"Bryan Chen: Dividing, supporting you. Are you the person? Are you, you know? Are you supporting this guy or."
1016.454,1018.579,"Shunto: Yeah. So it's a big."
1018.58,1020.399,"Bryan Chen: Party right? And then it's called."
1020.4,1022.31,"Shunto: It's pretty awesome."
1022.31,1022.83,"Bryan Chen: Yeah."
1022.87,1031.584,"Shunto: I I didn't consider over it. But I I just like it's just a general point, like a in simple situation."
1032,1035.729,"Bryan Chen: So office politic can be something that's very."
1036.04,1036.55,"Shunto: Yes."
1037.72,1038.979,"Shunto: Yeah. Yeah."
1039.619,1055.719,"Bryan Chen: So I don't know. I if they don't work, play, people are overly nice to me. I'll become very cautious about to me, is that, and then I guess I only if I feel comfortable, and if that person is genuine, just be a personal friend. No."
1055.749,1058.261,"Bryan Chen: not afraid of a group of people."
1059.12,1060.12,"Shunto: Yeah, yeah."
1060.12,1066.429,"Bryan Chen: I probably will. I wouldn't mind to have some personal relationship, because office politics can be very disgusting."
1067.73,1068.38,"Bryan Chen: Yeah."
1068.82,1069.66,"Bryan Chen: yeah."
1071.473,1072.1,"Shunto: Yeah, yeah."
1072.1,1074.45,"Bryan Chen: Have like experience with politics."
1074.48,1076.35,"Bryan Chen: I mean office politics."
1076.35,1077.009,"Shunto: I don't."
1077.18,1079.09,"Bryan Chen: Have you experienced anything like that?"
1080.96,1085.045,"Bryan Chen: No, okay. People are all have having happy life."
1085.5,1086.819,"Elda: Am I gonna share something."
1086.82,1088.11,"Bryan Chen: Yeah, go for it."
1089.812,1093.25,"Elda: So I I'm like, not into"
1093.54,1097.499,"Elda: politics. And I it was within the company. And I"
1097.56,1101.89,"Elda: I tend to just focus on my my work."
1102.19,1107.09,"Elda: But I was told I I only knew, like later, that"
1107.59,1116.449,"Elda: you know, actually, everyone, especially the the managers and the higher ups. They're actually really looking at everyone's behavior."
1116.74,1127.33,"Elda: And during this drinking party, and people like they they would say, Oh, this so and so many Nani song, this, this person and this person."
1127.49,1129.17,"Elda: They must be like"
1129.26,1138.569,"Elda: aiming for the next President's position. They must be like thinking this and that. So that's why they are doing this and that."
1138.59,1139.739,"Elda: And I was like."
1139.81,1142.809,"Elda: Wow, how can you tell? Like, how can you?"
1142.96,1143.67,"Elda: Just."
1143.79,1148.2,"Elda: you know, in in the meeting, whatever people say, and they can just"
1148.42,1150.58,"Elda: sends that they have that"
1150.74,1151.633,"Elda: kind of"
1154.36,1156.04,"Elda: yeah, that. That's what they are like"
1156.16,1157.39,"Elda: aiming for."
1157.65,1161.349,"Elda: And from. And then I asked that question, and"
1161.84,1172.262,"Elda: this team leader next to me she sit sits next to me. She's like, Yeah, of course, like you have to choose side. Wisely. She told me that"
1172.81,1174.17,"Elda: you have to like."
1174.6,1175.98,"Elda: actually"
1176.43,1179.57,"Elda: look for like the guy who is gonna help you"
1179.93,1185.44,"Elda: in in the company, and who can give you the resources that you need."
1185.82,1190.02,"Elda: and you need to build a good relationship with that person."
1190.18,1192.069,"Elda: So in the future"
1192.53,1194.153,"Elda: they will help you."
1194.56,1195.61,"Shunto: Yeah. Yes."
1195.61,1195.96,"Elda: Was there."
1196.33,1199.229,"Elda: Oh, my gosh, they're so scary. Pull it."
1199.66,1200.02,"Elda: Other take."
1201.39,1208.85,"Elda: Yeah, that I'm none of that. I thought, Wow, these people, they actually, yeah, they're actually thinking"
1209.429,1215.179,"Elda: about their future and their career. Like when the in in Japan, the longer you stay"
1215.4,1217.139,"Elda: in in the company"
1217.685,1221.599,"Elda: the higher the chance of you getting promoted to the next"
1222.512,1226.027,"Elda: hierarchy. But I guess it's quite different."
1226.65,1240.036,"Elda: in in Western work workplace, because if you don't have. You don't show results. There may be, no, no matter how long you work. Yeah, you won't get promoted. Maybe that's why it's"
1240.88,1244.149,"Elda: It's not so so important to"
1244.41,1245.836,"Elda: to make"
1246.96,1249.32,"Elda: people on your side, even"
1249.93,1255.04,"Elda: sacrificing your private life. I don't know I don't i i really can't say."
1255.04,1255.43,"Bryan Chen: Yeah."
1255.43,1257.289,"Elda: I've never worked in a Western"
1257.41,1259.64,"Elda: yeah workplace. Yeah."
1259.96,1266.469,"Bryan Chen: There are still a lot of politics there can. There still can be office politics in Western company. Of course."
1266.75,1267.76,"Elda: Yeah."
1267.76,1272.45,"Bryan Chen: I think it's not. It's not like exclusive to Asian company. I think it's kind of human nature."
1274.05,1280.95,"Bryan Chen: I just divided into party groups and having conflicts. And yeah, kill the other side."
1282.02,1282.895,"Bryan Chen: Okay?"
1283.95,1288.65,"Bryan Chen: yeah. So also, I think one thing that people haven't"
1289,1298.14,"Bryan Chen: kind of well, people have talked about, but haven't talked about detail. I think it's about communication. How do you communicate to your manager in both when you actually."
1298.14,1299.23,"Elda: 70."
1299.23,1323.14,"Bryan Chen: So I have a kind of a lesson I learned before. So that's all. My junior year 1st year working as a software engineer. So when so, when I joined the company, they told me that they're going to kind of give me a performance review. So which is like a review being how you how good you are, and deciding whether they're going to raise your salary right? So they're going to say they say you're going to give me a performance review."
1323.531,1325.58,"Bryan Chen: My I think like if"
1325.92,1344.06,"Bryan Chen: like 6 months mark. So after working 6 months, they go in to review me and then have a discussion about salary with me and on, but that was a small company, so the company was only around 20 people, and the boss himself is also the manager, so he's super busy."
1344.34,1370.87,"Bryan Chen: So after 6 months he didn't mention anything about performance review, and then everything just like normal. He gave me jobs. He asked me to do something, and then I know it was a time for the performance review, for to negotiate a higher salary by. But I was a junior. I feel like it was. It will make myself looks too greedy. So I was quiet, and then only after maybe"
1370.87,1399.409,"Bryan Chen: 3 or 4 months, and and the manager of the process suddenly realized, hey, Brian, I haven't done sounds like we haven't done your performance review, and then and then like, and then and then so why? Why? You didn't remind me. And then we had the performance review. And I get like 30% salary rise. For after that review. So which means is that he actually had an intention to keeping me theory rise."
1399.41,1415.03,"Bryan Chen: But he was just too busy and didn't prioritize performance review for a junior like me. So I guess I if I communicated more clearly and somehow use some technique to remind him"
1415.03,1432.57,"Bryan Chen: to do performance review, I won't lose maybe a couple of 1,000 for those 4 months that has been delayed. Yeah, I guess I to try to use some way to communicate your need or what you want to get clearly to your career manager. I think"
1432.91,1439.66,"Bryan Chen: quite important. Maybe I don't know how that down is down in in Japan. But like, I guess, like in Western"
1439.79,1447.989,"Bryan Chen: culture, you have to clearly kind of steady that, hey? I want this area. I want that package. Can we negotiate with it."
1448.14,1453.85,"Bryan Chen: So is it the same Japan like, if you want to have a promotion or you want to have a salary rise, adjustment."
1453.85,1455.429,"Elda: No, no."
1456.99,1458.12,"Bryan Chen: Okay."
1461.21,1473.369,"Bryan Chen: so it's always like from the top down, like the manager have to say, Hey, Elda, you have been working very, very hard, and I want to give you this. I want to give you 10% right? It's always like up to date."
1473.37,1476.13,"Elda: It's there! There is a system"
1477.08,1479.629,"Elda: to how much you you should."
1479.9,1488.349,"Elda: There is like a ranking in the in your, in your position, like everyone, has a rank in the company."
1488.46,1498.269,"Elda: and you have to clear it depends on your age. It depends on your how many years you've worked in a company, and also the certifications that you have."
1499.6,1500.08,"Bryan Chen: Oh, okay."
1500.08,1501.99,"Elda: Past that you have obtained."
1502.52,1506.6,"Elda: Yeah, and also your work about evaluation."
1506.84,1508.37,"Elda: So it's like,"
1508.89,1512.16,"Elda: overall evaluation of like everything."
1513.181,1517.819,"Bryan Chen: So it's like an automatic annual thing. It's not like, okay."
1518.67,1520.97,"Shunto: And oh, yeah, sorry."
1521.22,1522.469,"Elda: No, no, you go. You got."
1522.64,1536.58,"Shunto: Oh, yeah, yeah. And let me add some context about like a Japan general specific environment. So basically, we we tend not to get the rates too often, because and the one of the reason is like."
1537.298,1549.511,"Shunto: it's hard for company to reduce reduce work workers wage so easily. So if you if you reduce workers wage we without"
1550.45,1574.31,"Shunto: subject. Oh, sorry without objection. Subject 3. I forgot, maybe subjective objective. I guess the object without object objectable and reasonable reason. And if the worker sue the company, the worker will likely win. So that's why companies companies raise their wage."
1574.46,1575.48,"Bryan Chen: Hmm."
1575.82,1576.85,"Bryan Chen: I see."
1577.93,1580.18,"Bryan Chen: Hmm, okay, interesting."
1581.44,1587.749,"Elda: I guess in Western culture it's it's quite common, right. If you you think you deserve more."
1587.81,1588.96,"Elda: then it's."
1589.31,1590.33,"Bryan Chen: Yeah, you can initiate."
1590.33,1591.87,"Elda: Common because I have people."
1591.87,1595.629,"Bryan Chen: I think it's more frequent, like people jump in between company. So."
1596.64,1609.28,"Bryan Chen: If you're somehow indicating that if you don't give me pace rates and you, I'm going to. Likely I'm going to go to another company. I think that case sometimes that happen as well. Yeah."
1609.38,1617.179,"Bryan Chen: But that also might affect your relationship with the company. But I mean, I think it's it's always tricky place to negotiate your salary. Yeah."
1619.004,1621.62,"Bryan Chen: Okay. Now, we have."
1621.62,1627.75,"Elda: I'm curious to know if Peggy or Jessica has such experience, like"
1627.85,1630.3,"Elda: negotiating with your company about"
1630.43,1634.049,"Elda: your pay condition, or like working condition."
1636.09,1647.139,"jessica: For me. Personally, I don't have that experience yet. For me. I just jump between the different company to get a higher salary."
1647.29,1648.08,"Bryan Chen: Hmm."
1648.21,1648.86,"jessica: Yeah."
1649.76,1650.52,"jessica: But do you have."
1650.52,1674.63,"Bryan Chen: Experience that you really like the current company. But another company is offering a better salary. But so you kind of want to have the best of both. So you will be somehow hinting your manager. Say, Oh, I got this offer. But I really really want to stay with you guys. Can you guys just raise the salary a little bit more so I can stay longer with you guys. Have that happen to you?"
1674.63,1685.559,"jessica: I heard I heard about my friend. They they try to try to negotiate in the the Sara with the company, but for me personally. No, I don't have that chance."
1686.17,1694.93,"jessica: because my work parents is, I jump to the different career, so I don't have enough to the year experience to collect."
1698.42,1699.1,"Bryan Chen: okay."
1699.1,1702.929,"Elda: Yeah, I I guess, even even with like, non."
1703.401,1706.83,"Elda: Asian background people, even though it's more common, like"
1706.85,1709.339,"Elda: I feel in in general cases"
1709.79,1712.47,"Elda: that that that would not be like."
1712.8,1715.38,"Elda: I don't know the 1st thing that you do like."
1715.58,1721.299,"Elda: People complain about their salary that not everyone, actually, you know, goes up and"
1721.57,1723.159,"Elda: and ask for a raise."
1723.28,1724.95,"Elda: I don't know. I don't know just"
1725.717,1728.932,"Elda: maybe they don't have the gods. I don't know."
1730.24,1731,"Bryan Chen: Yeah."
1731.75,1745.719,"Bryan Chen: okay, now, we kind of have our final questions. I think we had discussed about Western and Eastern. But now we kind of want to talk about gender differences in leader style. So I personally, I I had"
1745.81,1752.24,"Bryan Chen: different bosses, like different supervisors, female and male, but I prefer female"
1752.3,1758.349,"Bryan Chen: because I feel I feel female leaders or female manager like Haley mentioned earlier. It's like they are more"
1758.59,1768.979,"Bryan Chen: empathetic, empathetic. They have more greater empathy and also trying to be more personal than male leader, because I feel male leader just like talk about"
1769.07,1780.259,"Bryan Chen: what need to be done, or talk about seeing related to work and female leader. You feel your conversation. Conversation is more diverse with more personal content."
1780.52,1785.78,"Bryan Chen: And then and then you yeah, I feel in general they are more gearing."
1785.81,1796.6,"Bryan Chen: and then they are not just like thinking about at least the 2 or 3 female leader I had in my career. They are not just like thinking about how to get a work done, but they also think about"
1797.09,1810.03,"Bryan Chen: like, how how you can advance your career. What? What you are currently now doing now can be beneficial for you. They actually care about your futures. Yeah, I think they can all. So"
1810.21,1829.702,"Bryan Chen: so I guess, like, there's a theory about why female leader? So far I have made up much better than male leader, because maybe they are still gender biases in the industry. So for female leader for them to be cloud the ranking to eventually become leader. They have a very, very"
1830.07,1857.74,"Bryan Chen: smooth, and at the same time also very, very. How would you say? Something special about like it's like, so they're probably not the normal female. We I kind of a special one that can be tough at the time, but also can be soft when handling people. So yeah, maybe there's some biases there. Yeah. But I really appreciate the few female leader I had encounter. Yeah."
1858.11,1865.67,"Bryan Chen: anyone want to share like how they feel difference when they between male and female leaders or manager?"
1866.77,1869.044,"Bryan Chen: Helly, do have some thought."
1869.81,1871.779,"Bryan Chen: Haven't heard from you for a while."
1873.17,1884.889,"Hailey: All of my direct managers so far have been female to be honest. Even in New Zealand, where I only work for half a year. But"
1885.21,1903.81,"Hailey: yeah, maybe that's 1 of the reasons why I can actually kind of hang out with them as a friend. I think that might be quite hard if I had a male manager to be honest. Because, like you said, I also find them to be really empathetic."
1904.72,1921.91,"Hailey: and I had some non direct managers, so upper managers that were male. But yeah, I found it more difficult to talk to them about private stuff. So yeah, I also prefer female managers. Personally."
1923.63,1924.74,"Elda: No."
1925.43,1946.31,"Bryan Chen: Yeah, people manager. I I just learned so much from them like, especially how they handle people, how they talk to people and communicate, and how to when to be tough, when to be critical, they can like down dance between the 2 spectrum to end on the spectrum. Yeah. So it's pretty."
1946.74,1952.03,"Bryan Chen: Learn a lot from them. Peggy, do you have anything you want to say about"
1952.42,1954.399,"Bryan Chen: female and male leadership?"
1955.37,1960.98,"Peggy: No, I don't have life experience. All the line managers in my life are men."
1960.98,1963.03,"Bryan Chen: Oh, okay. Okay."
1963.18,1963.97,"Peggy: Yeah."
1963.97,1967.269,"Elda: Do you? Do you wish it could have been female"
1967.44,1969.419,"Elda: where you're happy with"
1970.12,1971.6,"Elda: male managers?"
1973.53,1989.57,"Peggy: I don't know, actually, because I don't know what's different if I have a female miniature. But I see right now it works fine, and it's wireless. I think I'm"
1990.33,1996.44,"Peggy: in our company. We only have 3 or now it's 4 4 female engineers"
1997,2000.37,"Peggy: in hunter engineers. So"
2000.68,2002.959,"Peggy: 10 parts by one."
2003.91,2004.52,"Bryan Chen: To, to."
2006.22,2007.07,"Bryan Chen: Yeah."
2009.42,2011.94,"Bryan Chen: Bob, how about you, Jessica? Have you had?"
2012.721,2015.63,"Bryan Chen: Different manager of different genders."
2016.613,2027.489,"jessica: I think from I experience both the male and female manager, but I prefer female manager, I think, for Lalia more carry on."
2027.74,2030.439,"jessica: so they were to"
2030.5,2036.804,"jessica: it. For for me mail manager is like from the up to down. So you will feel like a really"
2037.31,2040.27,"jessica: really."
2041.254,2044.39,"jessica: it's called heavy. The"
2045.97,2050.469,"jessica: he, the the social hero, hero, hierarchy."
2050.52,2058.899,"jessica: Yeah. For the female. You will feel like we work as a team, so they will more care about. How do you feel? And then"
2058.96,2062.98,"jessica: about your feedback, and be a good listener."
2065.46,2068.643,"Bryan Chen: That's true. Okay,"
2070.739,2075.42,"Bryan Chen: how about you, Chantel? Do you have, like different manager with different gender."
2075.82,2083.78,"Shunto: No, I only had female. Sorry I I only have. I only have had a male managers so far."
2085.409,2086.369,"Bryan Chen: I see."
2086.659,2095.412,"Shunto: Yeah, yeah. So basically, I don't know the difference between them. But so far, so far, I'm comfortable with and their managers."
2096.65,2104.6,"Bryan Chen: So what was your manager stuff? Do you guys like talk about seeing outside work? Or it's only you guys only focus on the work."
2105.84,2112.969,"Shunto: We focus on work, we focus on work. But as I said, I sometimes ask, ask my boss to drink. We drink. So"
2113.812,2125.11,"Shunto: Yeah. So in that case, I, I talk about my some partner stuff. So yeah, in that case, maybe like, if if it's mail, I guess it's easier to understand the foremost things."
2125.622,2133.499,"Bryan Chen: I I also curious. I feel like cause. So so like, when you guys go out for drinking, hanging out. What do you guys talk about?"
2134.73,2157.27,"Shunto: Oh, it's a very good question. But generally oh, it's a very big question, basically. My, I I trust my boss, my boss personality characteristics, and I feel I sense. He he put the trust on me. So that's that's why I guess I I am uncomfortable to talk about like my personal stuff like."
2158.47,2163.4,"Shunto: it's very difficult. But like how I feel about like my friendship, or something like that."
2163.4,2167.789,"Bryan Chen: Oh, okay, wow, wow. You guys really have a deep relationship. Personally."
2167.79,2169.75,"Shunto: Yeah, yeah."
2169.75,2178.579,"Bryan Chen: I know I I did struggle with like building personal relationship with my male manager, male supervisors. I never"
2178.61,2185.039,"Bryan Chen: let me think about it. No, I never hang out or go out for dinner with."
2186.15,2194.809,"Bryan Chen: Male leader or male manager, so I didn't have like dinner, or some more personal relation with my female leader or managers."
2195.01,2196.59,"Shunto: Oh, interesting!"
2198.82,2212.659,"Bryan Chen: It's like outside people. Yeah. And so I wonder, like, because, you know, like, between guys, guys don't talk too much about personal stuff, even like friends. We talk about gaming. We talk about"
2214.32,2229.039,"Bryan Chen: investment, but we don't really talk about like, oh, you know, how's your relationship going, how you feel? We don't talk about feeling. We put more talk about facts and information, typical guys interactions. So."
2229.04,2229.75,"Shunto: That's it."
2229.75,2232.793,"Bryan Chen: But that doesn't mean that we don't have that need. So."
2233.07,2233.983,"Shunto: Yeah, yeah."
2234.79,2235.32,"Bryan Chen: Yeah."
2235.32,2244.4,"Shunto: But but I guess, like like many people, talk about their their child or their wife about like in that drinking party, right"
2245.21,2252.119,"Shunto: during training parties. Yeah, I I guess that's that's kind of one of the topics that we can share in that process."
2253.08,2254.06,"Bryan Chen: True."
2254.41,2255.06,"Shunto: Yeah."
2255.92,2258.781,"Bryan Chen: Hello, Dutcham! Do you have any observations."
2259.19,2259.8,"Elda: Watch this."
2262.93,2264.489,"Elda: So my!"
2265.36,2269.44,"Elda: Oh, that's a good question, because I I just realized all my"
2270.31,2273.889,"Elda: like manager, like direct managers have been."
2273.93,2275.389,"Elda: No, no, that's not true."
2275.5,2278.8,"Elda: No, it was. It was female before. And this"
2279.34,2280.49,"Elda: job is"
2281.43,2282.98,"Elda: a guy, so"
2286.23,2291.03,"Elda: hmm! If I could choose, I I think I would still prefer"
2291.04,2292.36,"Elda: female."
2292.54,2293.32,"Bryan Chen: Okay."
2293.56,2303.659,"Elda: That just sucks, because in this world there are more male managers than females. So sometimes you can't choose. But if I can choose, I would choose like a strong."
2303.79,2306.889,"Elda: powerful female, but soft at the same time."
2307.488,2310.229,"Elda: The reason why was because"
2313.38,2316.34,"Elda: in in Japan, specifically like"
2316.93,2324.829,"Elda: it's it will be like, even if I want to go drinking or like, you know, building personal relationship, it can be awkward because of"
2325.39,2329.05,"Elda: gender difference, like I can't just like, invite my"
2329.09,2333.929,"Elda: manager and be like, Hey, do you wanna go drinking after work? And so"
2334.06,2335.519,"Elda: it's it's kind of"
2336.3,2338.91,"Elda: like, because before he was single."
2339.22,2348.64,"Elda: and I was also single, and it can like potentially create like strange rumors in the in the company, even though you know there's no"
2349.3,2353.86,"Elda: whatsoever like intention there that could be kind of awkward."
2354.07,2354.69,"Bryan Chen: Yeah."
2355.182,2358.629,"Elda: So I think there, there's that reason."
2359.444,2363.959,"Elda: And also I I know that before me"
2364.42,2366.98,"Elda: that my manager used to have"
2367.69,2368.36,"Elda: only"
2369.268,2371.86,"Elda: his subordinates are all guys."
2372.17,2372.71,"Bryan Chen: Yeah."
2372.71,2374.279,"Elda: He used to be like"
2375.02,2378.899,"Elda: managing these these guys"
2379.31,2380.84,"Elda: before me."
2381.07,2384.86,"Elda: So he he was like really fierce and like"
2385.22,2386.67,"Elda: when when he"
2386.96,2387.97,"Elda: I guess"
2388.951,2392.96,"Elda: trained these people, or like Mentor. These people"
2393.07,2396.78,"Elda: like the way the way he like talked to them"
2396.95,2399.93,"Elda: were like men's talk. You know."
2399.93,2401.07,"Bryan Chen: Oh, man!"
2401.28,2404.329,"Elda: Yeah, yeah, like, really, like, really strong words."
2404.44,2405.78,"Elda: and even"
2405.96,2413.549,"Elda: can be like, really strong to the point that if if that person is a girl like she's gonna like cry, and"
2414.64,2416.06,"Elda: that kind of strong"
2416.46,2422.87,"Elda: strong. Yes, I only heard that afterwards, because I I never really."
2422.96,2424.909,"Elda: you know, had that directly."
2425.12,2425.92,"Elda: but"
2427.71,2429.48,"Elda: but later on, like."
2429.84,2437.96,"Elda: you know, he started having female subordinates so like he, he told me, like sometimes that oh!"
2438.14,2445.69,"Elda: With like female subordinates, were like team players like you have to really be careful of like what you say, because"
2445.79,2446.92,"Elda: sometimes"
2447.02,2450.76,"Elda: people can can see like a really simple"
2451.99,2457.05,"Elda: thing that you say can be considered as like harassment, like."
2457.1,2462.84,"Elda: yeah, can be considered like, even even when you just praise s0me1. 0, your hair looks nice today."
2463.66,2464.42,"Bryan Chen: It's."
2464.42,2467.89,"Elda: Girl doesn't feel comfortable. Then she she can"
2468.438,2476.411,"Elda: tell him off, saying, You know I don't feel comfortable being praised as a girl like, that's sexual harassment."
2477.44,2477.91,"Elda: And"
2478.56,2479.315,"Elda: or"
2480.52,2483.279,"Elda: yeah, when when when she feels like"
2483.85,2485.96,"Elda: intimidation from"
2485.98,2496.379,"Elda: the manager, she can always say, Oh, I'm being. I'm being harassed by by my boss like power harassment. Blah! Blah! So there! There's that I think"
2497.32,2504.12,"Elda: I I know it could be. It's similarly difficult for him as a manager to deal with"
2504.56,2506.29,"Elda: a female subordinate"
2506.41,2507.969,"Elda: the same way as"
2508.76,2509.85,"Elda: the opposite."
2510.785,2511.519,"Elda: Gender"
2511.73,2514.09,"Elda: a subordinate to cope with."
2515.359,2516.37,"Elda: Him."
2516.81,2519,"Elda: So? Yeah."
2519.79,2520.28,"Bryan Chen: Hmm."
2520.28,2524.769,"Elda: What was the question? Yeah, I prefer female. Yes."
2524.77,2526.869,"Bryan Chen: Yeah, you answer the question. So once it's."
2526.87,2527.46,"Elda: Yeah, I know."
2528.42,2536.339,"Elda: What's the difference? Yeah, like, what you guys said about like being flexible, strong and soft at the same time."
2536.67,2537.23,"Bryan Chen: Yeah."
2537.605,2540.609,"Elda: And being able to to get closer, because."
2541.1,2542.309,"Elda: you know I can."
2542.36,2548.03,"Elda: I share more similarities. Being a woman like I can"
2548.06,2551.16,"Elda: talk to her a little bit more about like personal stuff."
2551.74,2552.32,"Bryan Chen: Hmm."
2552.32,2553.02,"Elda: Yeah."
2553.88,2557.059,"Bryan Chen: Hmm! I just had a hypolysis like."
2558.34,2572.269,"Bryan Chen: Maybe only apply for me, but also, or maybe also apply for some other people or not just guide or girls. Yeah, I mean. So my cause, like currently it sounds like we all prefer, somehow, our manager to be"
2573.2,2595.67,"Bryan Chen: female. Right? Is that because that our upbringing, our childhood, and all that. The you know, the gender that plays a role as a as your mom, as your mother, as your teacher who gives you. You know the role that gives you instruction and comment. Where? Typically or mostly female."
2595.81,2601.819,"Bryan Chen: So and that that's so, it feels no more natural, like someone who gives instructions"
2602.47,2624.75,"Bryan Chen: female. I don't know. It's just a very weird hypothesis sign. Okay, this. Yeah. Don't don't mind me. Okay, yeah. So anyone have anything you want to say? I think that was our last question for today's conversations. Oh, Amy, you haven't spoken for a while. Do you want to share your thought on female and male manager."
2625.68,2630.86,"ピン 王: Okay, I I think I kind of have quite different experience"
2631.05,2632.36,"ピン 王: and"
2632.56,2634,"ピン 王: working with"
2634.03,2638.04,"ピン 王: male and female manager. And"
2638.15,2641.29,"ピン 王: I prefer male manager, probably"
2641.44,2647.009,"ピン 王: because my previous experience working Taiwan."
2647.45,2651.519,"ピン 王: my manager, she was nice. But cause we"
2651.58,2661.41,"ピン 王: we work as like a friend. So we share lots of thing, right? So lots of time I have to. I had to listen to she"
2661.937,2669.58,"ピン 王: like a talk back to other colleagues or company. So there's lots of negative negative things"
2669.67,2699.05,"ピン 王: we were sharing with. So I think this also kind of affects the way how I view Company and my colleague. So eventually I felt like, Oh, can you just stop giving me so many share because I want to work longer like, I want to work as much as possible, but because I've heard lots of story. I started to shift my perspective as well, and then I found when you share too many things to you be too vulnerable."
2699.05,2707.85,"ピン 王: You couldn't really know when she will, or she will. Well, other person will use this to against you."
2709.43,2735.18,"ピン 王: So I think maybe I think too much or too further. But for me I prefer to work with male cause. I don't need to share this kind of like really personal stuff to to them I can be. I feel more comfortable if I keep something still private. I don't need to do like girly thing like we share secrets, so we become friends. I don't want to do that. Yeah. So that's just my personal experience."
2735.18,2755.95,"Bryan Chen: Yeah, yeah, I think that's also true, like you want to some. Because I people, as I mentioned earlier, it's kind of the beginning of the office politics, right people treating you well. And then you guys become close, and then he cannot. He or she can use that kind of relationship to urge you, or to ask you to do something that you don't want to do."
2756.09,2761.75,"Bryan Chen: Yeah. And then it can be tricky situation, especially if he or she is your manager. That's"
2761.76,2767.229,"Bryan Chen: as I can assume. That's a very painful feeling and difficult situation as well."
2767.56,2768.52,"Bryan Chen: Yeah."
2769.534,2788.851,"Bryan Chen: cool. So I think that was our last questions. And I think that's also about time to wrap up, we almost 20 past 9. So today we have discussed people's view on leadership. And I guess that we have a quite a bit. Quite a few good points like leadership is someone who"
2789.58,2810.299,"Bryan Chen: have empathy that can you know, help people to bring the best off land and also leadership can coordinate a team to give Link guideline direction and versions and leader is different to managers. And we also can discuss like, compare some of personal experience between Eastern and Western style leadership."
2810.33,2831.48,"Bryan Chen: And and yeah, so and we talk about how to count influence our leader, and most of people say just making friends with them. And then, now we talk about what would be the good thing, and also what may may be the concern having a private relationship with your managers. Yeah, I think we have a very solid conversation today. Thanks you guys for your participation."
2831.49,2841.359,"Bryan Chen: And yeah, so I think that's it for today, anything or anyone. I mean, anyone want to bring out anything else before we"
2841.8,2843.16,"Bryan Chen: refer to sessions."
2843.36,2846.389,"Bryan Chen: If no thanks for participations."
2846.85,2849.23,"Bryan Chen: and maybe we'll see you"
2849.48,2853.39,"Bryan Chen: up to 2 weeks, I think. Yeah, I don't think we have a session next week."
2853.87,2854.41,"Bryan Chen: Cool."
2854.41,2856.81,"ピン 王: Do have survey after this."
2858.93,2861.59,"Bryan Chen: Yeah, I have survey."
2861.81,2863.71,"Bryan Chen: Let me bring it up."
