,Start,End,Text
0,00:00:00.000,00:00:26.750,"Bryan(host): So today, we're going to talk about a topic. Are you superstitutious? Why do people believe in weird things? So I think in our society, and also in our culture. There are a lot of things that's, you know, beyond our rational or logical understanding. People either build, not just religions, but also a lot of like other other stuff or other components that people believe in."
1,00:00:26.760,00:00:39.169,"Bryan(host): Like. For example, sometime people might be believing in the star sign, or sometimes people might be believing some taboo that you can't you? You shouldn't do whistling to the moon."
2,00:00:39.190,00:01:04.708,"Bryan(host): Or sometimes, you know, people have like believe that you know today you have a lucky color, and you should wear your lucky color so you might meet a girl that you like. So there are, you know all kind of like weird or interesting superstitions. So today, we're just going to talk about like, what are some of the scene that you have experienced? Do you have any your own belief? And also, what is the"
3,00:01:05.140,00:01:15.560,"Bryan(host): kind of scientific foundation like? Why, people believing in that, and also whether this thing are good or bad to to us as individual or to the society."
4,00:01:15.920,00:01:37.079,"Bryan(host): Okay? So we were just going to start our 1st questions, which is pretty straightforward. We just want people to share that. Do you personally believe in something that you think other people don't, or something that you know other people might consider as superstitious superticians."
5,00:01:37.310,00:01:40.719,"Bryan(host): So, for for example, myself, I"
6,00:01:41.190,00:01:56.580,"Bryan(host): I'm a very scientific person, I believe, but sometimes I still watch those kind of star sign forecasting like telling me how good my weeks is going to be. I don't think IA strong believer in that, but I still kind of spend some time reading those kind of"
7,00:01:56.590,00:02:05.210,"Bryan(host): a post or article online. Yeah, so yeah, I'm not sure anyone here have something interesting just to share."
8,00:02:05.230,00:02:15.700,"Bryan(host): Maybe we can start from Emma. Emma, do you have anything you like to share? Some tell me that you believe some certifications, or any interesting thing that you believe in."
9,00:02:16.451,00:02:33.878,"Emma: Basically, I'm a really, really superstitious person. I believe in every can every kind of gods like Chinese God, Western gods. I visit like temples Chinese temples during the New Year to pray for some"
10,00:02:34.710,00:02:37.260,Emma: better life. Happiness
11,00:02:38.230,00:02:52.139,"Emma: like. I hope my life could go smoothly as as much as possible. Yeah. So basically, I think it gives me power sometimes, while facing the difficulties, when I in"
12,00:02:52.180,00:03:15.459,"Emma: some trouble believing God makes me stronger. I think it's really positive for me, and also I don't know what to how to choose. I'm uncertain when I'm uncertain about my future I would go to a fortune tailor. Yeah, I went to all kinds of Fountain, Taylor, whether they're doing like"
13,00:03:16.380,00:03:25.775,"Emma: like traditional Chinese one or Western one. There's tarot cards yeah, all sorts of things, and also"
14,00:03:26.410,00:03:34.777,"Emma: in my like, in my daily life. I just play some music which there's some"
15,00:03:35.450,00:03:42.939,Emma: the sound of the water flowing. It brings it. I think it would bring me like
16,00:03:43.610,00:03:44.769,Emma: good luck.
17,00:03:45.070,00:03:51.269,"Bryan(host): Hmm! I see. So you're not picky about what you believe in, just like whatever like potentially can help me. I'll just"
18,00:03:52.370,00:03:57.390,"Bryan(host): and see if this, God help me, or that God can help me. Is that how you approach it?"
19,00:03:57.510,00:04:08.829,"Emma: No, it's not. It's not self-centered. It's it's about God-centered. You know what God-centered is, not because you want a God to help you. It's about you. Respect every God."
20,00:04:09.070,00:04:19.639,"Bryan(host): Oh, okay. But what if the God conflict like this? God, you know, don't want you to follow different God, or you kind of contract, and what do you do with it?"
21,00:04:19.970,00:04:22.970,"Emma: Well, I don't know this sort of thing, for now."
22,00:04:24.590,00:04:26.660,"Bryan(host): Okay, that's very interesting."
23,00:04:26.660,00:04:41.560,"Emma: But I don't need every God. I when I went to went to a church like last week, I don't need them, and whichever Temple. I went in. I don't need some money, so I think they love. I think all of them would love me."
24,00:04:41.720,00:04:56.950,"Bryan(host): Okay, cool for your sharing. That's very interesting inside. Let's see if Andrew, do you have any thing that you believe in, or any substitutions, or maybe other people's like you have windows before."
25,00:04:59.060,00:05:00.270,"Bryan(host): are you there, man?"
26,00:05:00.660,00:05:01.849,"Andrew: Yeah, yeah. Sorry."
27,00:05:03.620,00:05:09.150,Andrew: I don't have. I don't follow much of a belief system to be honest.
28,00:05:10.710,00:05:18.630,"Andrew: Because based on my life experience, all of the difficult times in my life I kind of survived"
29,00:05:19.920,00:05:24.405,"Andrew: or because of my own efforts to be honest, so"
30,00:05:25.670,00:05:37.420,"Andrew: I have never put my faith into any deity, so to speak. I respect these deities, but being a native Chinese. We the way I interpret"
31,00:05:37.950,00:05:41.180,Andrew: deities and causes like well.
32,00:05:41.500,00:06:07.249,"Andrew: they're gonna do something for us to to win our trust to win our faith. Otherwise it's just like, why the hell should I put all my faith in you? And why should I contribute a huge amount of effort in my life to these gods, to me they don't exist, or maybe they do. It's just that they gotta find a way to manifest themselves at least."
33,00:06:07.640,00:06:10.479,Andrew: But I do believe in luck in
34,00:06:11.208,00:06:16.471,"Andrew: and also, I believe in all the coincidences in life, like,"
35,00:06:17.600,00:06:18.390,Andrew: Yeah.
36,00:06:19.220,00:06:39.809,"Bryan(host): But I think it's not probably not just about religions. But sometimes they people just have this kind of like superstitution, like, you know if today, by wearing this color, or I have my watch, which is, I don't know, and it might probably bring bring luck to me. This kind of thing doesn't have to be like religion or Yeah."
37,00:06:40.350,00:06:43.620,"Andrew: Right, yeah, yeah."
38,00:06:43.760,00:06:59.150,"Bryan(host): I totally understand your perspective, like you feel yourself is probably the only one you can look after or control the scene that's surrounding you. And then maybe there's God, or maybe there's something superpower. But it's out of your control and out of your understanding."
39,00:07:00.030,00:07:04.870,"Bryan(host): Yeah, okay, that's fair enough. In perspective."
40,00:07:05.454,00:07:13.600,"Bryan(host): Let's say, Christine, do you have anything to say about belief or superstitutions?"
41,00:07:14.668,00:07:25.840,"Christine: Yeah, I think, like, actually, I think, like, everyone, have some sort of religious or cultural specifications like at least influenced by one but if you"
42,00:07:25.920,00:07:51.559,"Christine: 1 min to talk about something like someone may not believe I want to share a superstition in Taiwan like, especially for the high tech industrial, because we have like a snack called that means, actually, it means well behave. So basically, we'll put this food be beside the machine, and we believe that, put it beside the machine can make them behave well."
43,00:07:51.560,00:08:02.010,"Christine: and that I think that is only food we can put in the server room. It's like pretty interesting, because I think this only in Taiwan we have this kind of building"
44,00:08:02.010,00:08:10.419,"Christine: and like it, it is really popular in Taiwan, especially in high tech industrial. I don't know why. But yeah, it's pretty interesting."
45,00:08:10.990,00:08:16.319,"Bryan(host): Yeah, I think sometimes those kind of coincidence kind of leading that to become like a"
46,00:08:16.400,00:08:27.080,"Bryan(host): you can call it culture, or something like it's no longer just like one or 2 incident. But it's like when a lot of people doing the same thing that become like a momentum or cultures."
47,00:08:27.130,00:08:30.610,"Bryan(host): Yeah, it's interesting to think about it."
48,00:08:31.040,00:08:36.319,"Bryan(host): Yeah, what about you? Jodi, do you have anything you want to share."
49,00:08:37.250,00:08:42.399,Jodie: Yeah. I think I do have some like superstitious
50,00:08:43.035,00:09:03.549,"Jodie: thing. Yeah. When I was in high school each time we had had an exam. We will received a candidate number, and I believe that certain number will bring me good luck and some numbers just bring me bad luck."
51,00:09:03.880,00:09:07.909,Bryan(host): Sorry you mean certain number for for what is it for.
52,00:09:07.910,00:09:13.670,"Jodie: Canada's number you will receive like a candidates. Number. Okay, okay."
53,00:09:14.030,00:09:26.930,"Bryan(host): I see, cause I have a similar experience, but it's more in like choosing the number in multiple choice, like you got 1, 2, 3, 4, or a, BCD, you will be like, Okay, see? It's my lucky character. Today I'll choose all the answer to be C."
54,00:09:27.450,00:09:28.220,Jodie: Yeah.
55,00:09:29.360,00:09:34.190,"Bryan(host): Okay, yeah, sorry. Carry on. I was in interrupting you."
56,00:09:35.780,00:09:39.010,Jodie: So so and
57,00:09:39.950,00:09:44.969,Jodie: like when I received my the candidates number
58,00:09:45.439,00:09:58.630,"Jodie: such as if it if it was like 14 or 13 or 4, 8, 4. That would definitely bring me some bad luck, because there has a 4."
59,00:10:00.280,00:10:00.780,Jodie: Yeah.
60,00:10:02.330,00:10:15.359,"Bryan(host): Yeah, I think some hospital people, you know, in Asia especially, I know in Taiwan, some hospital. They don't have the label for, because it's just pronounced the sound just very similar to deaf."
61,00:10:15.470,00:10:18.440,"Bryan(host): Yeah, it's probably similar logic. Yeah."
62,00:10:19.390,00:10:27.620,"Bryan(host): But do you think, does it actually work? Do you have experience that you actually receive bad number, and then that lead you to bad result."
63,00:10:27.970,00:10:29.710,"Jodie: Yeah, definitely."
64,00:10:29.710,00:10:34.580,"Bryan(host): Okay, okay, so it's actually true for you. Okay, yeah."
65,00:10:35.800,00:10:43.570,"Bryan(host): cool. How about you, Leo? Do you have any experience? Or what's your view on superstitutions?"
66,00:10:43.990,00:10:44.560,Leo: Yeah.
67,00:10:45.900,00:10:46.250,Bryan(host): Shows.
68,00:10:46.250,00:10:48.570,"Leo: Basically, I'm a atheist."
69,00:10:49.530,00:10:53.720,Leo: I don't believe in any God in in that regard.
70,00:10:54.080,00:11:01.400,Leo: So and I I think the the way I approach. It is per logical and scientific.
71,00:11:01.980,00:11:03.967,Leo: So actually like
72,00:11:05.280,00:11:10.693,Leo: I remember my my grandma used to told me so. Basically
73,00:11:11.840,00:11:14.670,"Leo: back in the day, like in China"
74,00:11:14.890,00:11:19.100,Leo: when we don't have this but the ones the medical.
75,00:11:19.870,00:11:22.800,"Leo: What do we do? It's a way, pray."
76,00:11:23.190,00:11:34.850,Leo: And we have this kind of a traditional it and stuff to hope the delays goes away.
77,00:11:35.050,00:11:45.000,"Leo: But as the technology progresses as the economy, I mean booming up, and we have a more sophisticated approach"
78,00:11:45.120,00:11:47.049,Leo: to cure the disarm.
79,00:11:47.430,00:11:49.979,Leo: Then people start stop doing that.
80,00:11:50.600,00:11:58.419,Leo: So that's kind of my thoughts on that. And I think people become superstitious.
81,00:11:59.158,00:12:03.319,Leo: Because we don't. We don't have a explanation to certain things.
82,00:12:03.360,00:12:12.150,Leo: And we wanted explanation to certain things. And that's where people came to. This canoa approach.
83,00:12:13.730,00:12:35.369,"Bryan(host): That's interesting. I'm interested to know, like, how do when you recall your childhood or your background? Do you think? How did your perspective atheist form. Is it like? From the very early stage of your life you always has been atheist? Or is it like something happened? And then gradually you learn more knowledge, and you eventually."
84,00:12:35.430,00:12:37.499,Bryan(host): but I gradually become acous.
85,00:12:38.582,00:12:43.710,"Leo: Yeah, I think it's more of a social and education. See?"
86,00:12:43.950,00:12:46.820,"Leo: So basically, when I was child."
87,00:12:47.030,00:12:54.730,"Leo: I kind of believe in, there might be a a Buddha, or like a traditional Chinese god or something."
88,00:12:55.220,00:13:02.170,"Leo: But as I learn more about science, about knowledge."
89,00:13:02.280,00:13:07.200,Leo: and how it got generated. I like stopped believing like
90,00:13:07.790,00:13:10.940,Leo: All this up superstitious stuff.
91,00:13:12.200,00:13:35.106,"Bryan(host): Yeah, I understand. But I think, like sometimes there's still like, I feel like my personal view, probably more closer to Andrew, like, I think there's a lot of things cannot be explained by science. There's also a lot of things can be explained, but life is too long. Well, it's too big. And what can be very explained by science is still very little. So yeah, but I totally understand your view."
92,00:13:35.650,00:13:41.449,"Bryan(host): okay, let's see. Yan yu? Do you have any thought or any"
93,00:13:41.882,00:13:44.119,Bryan(host): insight you would like to share.
94,00:13:44.120,00:14:04.420,"YY: Yeah, thank you. I think I'm not superstitious for certain things or religious. But sometimes when I had some difficult issue in my life. For example, when I have a important exam, like interview or big decision."
95,00:14:04.420,00:14:24.070,"YY: I always go to temples, pray to the God, I think. Just ask them for some wisdom and calm to guide me through a difficulty or depression. I think I inherited these habits from my family, from my parents."
96,00:14:25.054,00:14:50.099,"YY: Even though I do like to pray to God. But I rarely ask for fortune sticks, because I know some people like to ask for that. But there was a story about about that I can tell about I remember around 1012 years ago I went to a super famous temple in Taiwan, called with my friend."
97,00:14:50.240,00:14:57.449,YY: and he wanted his is there any chance to get back with his ex-girlfriend? So
98,00:14:57.680,00:14:59.910,YY: as for a fortune sticks.
99,00:14:59.920,00:15:16.699,"YY: and it shows that that the broken mirror mirror couldn't go back to be wrong again, and I think it really answered his question. So it showed me the like. The superpower of the god."
100,00:15:16.700,00:15:21.189,"Bryan(host): Yeah, yeah, I think sometimes those kind of moment happen."
101,00:15:21.220,00:15:37.209,"Bryan(host): So I also have seen my experience. I never believe in anything like tallowed, or any like, you know, fortune telling, until one day, while my friend also just like, do a just like she was approaching a very peaceful kind of manner, and then"
102,00:15:37.210,00:16:00.469,"Bryan(host): and then we have a few conversation, and then she just she just suddenly feels something, and then and then just like Tell, and just like told me something that that was reading on my mind. And then that really shocked me. Because that's very, very precise, very, very accurate. And then that also gave me a very, very strong relief. So yeah, I think sometimes that this kind of moment happened that this, which is very interesting. Yeah."
103,00:16:00.900,00:16:02.079,"YY: Yeah, I agree."
104,00:16:03.740,00:16:14.259,"Bryan(host): Okay, I think we also have yelling. I think you haven't you? You haven't sure do you have anything you want to share regarding to superstitions?"
105,00:16:14.450,00:16:26.960,"Yelin: Yeah, yeah, actually, I'm not a typical, very typical kind of superstitious person. But I think I could. I I could say, sometimes I'm I'm just quite superstitious"
106,00:16:26.960,00:16:46.620,"Yelin: like. I'm not sure. Whether has everybody heard heard of astrology? Because that is something related to like? Sometimes it could be related to tarot cards, and sometimes it could be related to like constellation, like, my constellation is cancer. I know it's it may sounds not very"
107,00:16:47.055,00:17:11.020,"Yelin: auspicious. But yeah, it's the English English version of the constellation type. And sometimes I'm I'm just to be honest, I I won't like Do Europe pray like some religious praying, but sometimes I I will go to the fortune teller, especially when I when I'm gone, when I'm going to have a test."
108,00:17:11.650,00:17:36.579,"Yelin: or there's an extreme, extremely important time period in my life that is going to happen. For example, maybe next year I will apply for a Phd study, and this is the time I will go to the fortune teller and to say, what is my fortune for next year, and I will just believe you know what the person said, but"
109,00:17:37.119,00:17:40.309,Yelin: but most of the time I just just believe the
110,00:17:40.540,00:17:44.359,"Yelin: the good things he, he or she said, and not the best thing."
111,00:17:44.780,00:17:45.320,Bryan(host): Okay.
112,00:17:45.590,00:17:47.720,"Yelin: Yeah, I know it's it's."
113,00:17:47.720,00:17:48.330,Bryan(host): How many.
114,00:17:48.330,00:17:56.359,"Yelin: Yeah, it's super subjective. But sometimes it just brings me a kind of like confidence."
115,00:17:56.490,00:18:02.150,"Yelin: I can say confidence, because sometimes you know the things are"
116,00:18:02.845,00:18:11.269,"Yelin: not physical. But if you if you believe it, then it's gonna be happen. I think, yeah."
117,00:18:11.510,00:18:14.809,Yelin: Sounds like a kind of like superstacious thing.
118,00:18:15.160,00:18:28.200,"Bryan(host): Yeah, yeah. I mean, like, as long as they say something good. Yeah, happy with it. It doesn't doesn't matter. It's true or bad, I mean true of those as something that sounds good, that can potentially, I mean at least it kill you, cheer you up right at least."
119,00:18:28.200,00:18:30.189,"Yelin: Yeah, yeah, yeah, yeah, true."
120,00:18:30.670,00:18:31.065,Bryan(host): Yeah.
121,00:18:31.800,00:18:48.770,"Bryan(host): cool thanks for everyone sharing. I think my overall, if you provide very interesting perspective. And now we move on to the next question. So I think now, as Leo and maybe some other people mentioned our education, our society become more and more scientific and more and more"
122,00:18:48.910,00:19:14.990,"Bryan(host): rational. But you know this kind of belief, and also citizens, still exist in our society, and not exist as a minority. But I think, if they still have a quite a major influence over the populations in our day society. So so I just interest to know what like, what do you think? What do you guys think? What do you guys think about? Why, why is that happening like why people still believe in"
123,00:19:15.415,00:19:22.890,"Bryan(host): so you know, sophistication. God religions. So, Leo, do you wanna give a go? What's your view on?"
124,00:19:22.890,00:19:23.210,Bryan(host): Okay?
125,00:19:23.210,00:19:27.030,Bryan(host): Hopefully in institutions. And yeah.
126,00:19:28.581,00:19:43.180,"Leo: Yeah, yeah. Sure. I think because because it, it provides you a simple solution"
127,00:19:43.820,00:19:49.000,"Leo: with good result, like, we need comfort."
128,00:19:49.340,00:19:52.580,Leo: So we're looking for this currency.
129,00:19:52.600,00:19:53.830,Leo: That's the word. I think.
130,00:19:54.380,00:19:57.670,Bryan(host): So you said simple answers. So if.
131,00:19:57.670,00:20:01.730,Leo: Yeah. Yeah. And if we actually
132,00:20:01.880,00:20:09.929,"Leo: like a dive deep into the problem, it it gets up complicated very quickly."
133,00:20:10.520,00:20:11.890,Bryan(host): Hmm.
134,00:20:12.840,00:20:16.260,Leo: I don't have a concrete example for for this.
135,00:20:16.330,00:20:19.199,Leo: But does that sound? What kind of my thoughts on that.
136,00:20:21.120,00:20:32.999,"Bryan(host): I think in some sense, I agree with you like it does like make people feel okay for these questions or for the challenge I'm facing having those kind of believe makes things"
137,00:20:33.190,00:20:53.350,"Bryan(host): looks easier. But but but there are also moments where people make things also more complicated because they are also study about gala theology, and also, like yelling mentioned, people do actually spend a lot amazing amount of effort in studying like horoscope or study star sign. So"
138,00:20:53.350,00:21:06.270,"Bryan(host): maybe in some other perspective, it doesn't necessarily make thing looks easy. It actually bring a lot of detail and discussion in under the under. You know the topic. So yeah."
139,00:21:07.630,00:21:13.119,"Leo: Yeah, yeah. But I. But I also want to point out that that would be"
140,00:21:13.190,00:21:17.470,Leo: the minority in the let's
141,00:21:17.830,00:21:24.499,Leo: religion group like there will only be like very small amount of people will doing that.
142,00:21:24.690,00:21:32.370,Leo: And most people are going to take the I think they programmatic approach.
143,00:21:33.330,00:21:35.010,"Leo: But you've been, yeah."
144,00:21:35.620,00:21:54.529,"Bryan(host): Yeah, I kind of agree as well, I think in church. I went to church before I think in church. There are some serious people. They discuss the theology and philosophy, but most of people just like Go there. They just want to have the peace they want to just have the blessed from the God. Very straightforward. Yeah, totally agree."
145,00:21:56.440,00:22:06.220,"Bryan(host): let's see, Emma, do you have any thought like, why do you think like people believe even in now, with this very scientific society."
146,00:22:08.440,00:22:17.089,"Emma: I mean, 1st of all, sense cannot explain everything. That's why we need universities and Phd students to explore the unknown."
147,00:22:17.190,00:22:20.500,"Emma: And also, I think it can."
148,00:22:22.040,00:22:34.211,"Emma: it's there. Indeed! The world, indeed has some something, some phenomena you cannot explain. Only with science. And"
149,00:22:34.930,00:22:48.949,Emma: I think believing these things not not just to not just it can give you some mental support where it supports you. It encourages you when you face some difficulties also it.
150,00:22:49.416,00:23:09.499,"Emma: give you a direction when you feel when you feel uncertain about yourself, your future, or or even other people's future it. Sometimes it gives you a clear, clear direction how this, how the thing will go and what might be the"
151,00:23:09.650,00:23:19.138,"Emma: reason behind this current situation. And I think it's really I think it's really helpful for me, and also"
152,00:23:19.710,00:23:39.778,"Emma: for me, for me when I pray for something in most of the case. In most cases I get what I want in the end. I don't know, because I don't know if it is because it's sort of a mental help to encourage me to get get to these results, or"
153,00:23:40.660,00:23:46.949,"Emma: there, indeed, has some superpower helped me to get the updates."
154,00:23:47.410,00:23:49.170,Emma: Positive results.
155,00:23:49.250,00:23:55.080,"Emma: I I, yeah, that's what I want to say."
156,00:23:55.447,00:24:05.360,"Bryan(host): Okay, yeah, I think that's very interesting. Basically, you are saying that having that will give you a sense of directions and sense of guidance."
157,00:24:05.370,00:24:25.009,"Bryan(host): And maybe with that, maybe it's true or not. But at least you have that psychology buffer or psychology support that can move you forward so that you can. You can achieve something just by you know, perhaps with the superstitions, I think that's what you. That's how I understand what you just said."
158,00:24:26.400,00:24:38.838,"Emma: It doesn't. When you pray for something, it doesn't mean that you you pray that you can get that without any effort. It it does. It does not mean that you"
159,00:24:39.240,00:24:57.960,"Emma: you are after something. You wish to get this effortlessly. It. It means you want that. And you tell the god and the God hear you, and it helped you in in some. In some way you cannot explicitly tell, say it, and in the"
160,00:24:57.960,00:24:58.979,Emma: and it worked.
161,00:25:00.450,00:25:15.220,"Emma: but sometimes sometimes, indeed, it didn't work, and my friend, my friend told me that it was just some sort of psychologist psychology, psychological therapy you are getting, but I"
162,00:25:15.570,00:25:22.419,"Emma: to some extent it it was it, indeed was because I went to some like"
163,00:25:23.236,00:25:29.783,Emma: some fortune teller in and they told. They told me a lot of
164,00:25:30.760,00:25:49.899,"Emma: wrong things. They explained my situation in a very wrong way some. Some of them were not scientific and untrue, but I think most of them are good, and encourage people to"
165,00:25:50.860,00:26:00.230,"Emma: fight for what they want. Encourage people to have a good heart, be positive."
166,00:26:00.240,00:26:01.950,Bryan(host): In life.
167,00:26:02.040,00:26:03.120,Emma: Yeah.
168,00:26:03.250,00:26:12.529,"Bryan(host): Okay, yeah. How about Jodi? Do you have anything to say? Why do you think people believe."
169,00:26:15.067,00:26:36.812,"Jodie: Yeah. I think. Probably in ancient times people who were proved to have close connection to gods, or whatever like something like this. They will. They? They had superior positions or rights over the other people, I think."
170,00:26:37.450,00:26:45.300,"Jodie: yeah, by now there are. There is still something that cannot be explained by technology and science."
171,00:26:45.320,00:26:51.760,Jodie: So there are some people they don't want to lose their superior
172,00:26:52.488,00:26:59.230,"Jodie: position were rights like yeah, this they use this, I mean."
173,00:26:59.970,00:27:07.370,Jodie: use this kind of things to like to empower themselves. I think.
174,00:27:08.497,00:27:17.059,"Bryan(host): So I think in general, what I've heard so far is like, people want a kind of a sense of like"
175,00:27:17.470,00:27:22.090,"Bryan(host): certainty, or a sense of like direction. Because I"
176,00:27:22.140,00:27:35.389,"Bryan(host): I understand some people want to have like scientific evidence for everything. But the life's pretty short and also our resources. Our technology is also quite limited. So eventually we, we come back, like"
177,00:27:35.390,00:27:54.820,"Bryan(host): all our life decisions supported by scientific evidence, because gathering, collecting scientific evidence and doing analysis that also costs money and time, like, now, I'm hosting the conversation because I am trying to collect scientific evidence, right? So it's also taking a lot of time. But life is short. You don't. You can't make that all the times."
178,00:27:54.820,00:28:03.209,"Bryan(host): So people probably try to do something like, why, you just you guys just describe to help them to make their decision with competence, I guess."
179,00:28:03.780,00:28:12.330,"Bryan(host): Yeah, maybe. Just listen. A few more. Regarding to these questions. Yan, you do you have anything you want to talk"
180,00:28:12.450,00:28:15.090,Bryan(host): understood about? Why people believe.
181,00:28:15.800,00:28:27.938,"YY: Yeah, I think I can relate to Emma and Judy, like there are so many things that science could or even medicine couldn't explain. So I just it just remind me,"
182,00:28:28.330,00:28:55.159,"YY: every time when my mom or my elderly relatives they are talking about some people who got cancer or kind of severe disease, even though they are, has the people has been healthy for a long time, so there is no reason why they got the disease. So the my parents or my relatives always explain it with bad luck."
183,00:28:55.170,00:28:59.000,YY: or let there's something wrong. So let's look punishment
184,00:28:59.230,00:29:04.559,YY: right? Because medicine couldn't explain why they got the disease.
185,00:29:04.720,00:29:28.530,"YY: And even on nowadays, I think people still can be superstitious, I think, because nowadays people still have lot of issue to solve with like some like need, some mental support, because sometimes I read the news about court like like a court in South Korea, I think"
186,00:29:29.464,00:29:39.640,"YY: their follow. The follow followers of the code are very young like, even though some of them are very highly educated."
187,00:29:39.640,00:30:00.020,"YY: even rich people the followers lost their money, even though the big amount of assets. I think the story just show that isn't, especially in our days, people when people get stressed, depressed. They need the mental support from somewhere. Yeah."
188,00:30:00.020,00:30:15.140,"Bryan(host): I think that's a very interesting observation, because I I know, like in the last few decades, the population of Christianity declined. There are less and less. People believe in Christianity, especially in Western society."
189,00:30:15.140,00:30:42.360,"Bryan(host): But as you mentioned that also the rise of population, believing in different other kind of new code or new religions or and then you can see in Melbourne today there are also a lot of shops that's selling something about mentor support counseling, or something like something therapy. You know the word therapy can appear very, very often, and then"
190,00:30:42.380,00:30:43.010,Bryan(host): I
191,00:30:43.010,00:30:53.340,"Bryan(host): magic stone or carol. So so my conclusion. What I'm trying to say is, I feel like people rejecting Christianity as a form of like people rejecting traditions."
192,00:30:53.510,00:31:11.409,"Bryan(host): But the people rejecting tradition doesn't mean that people are rejecting superstitions. So they are shifting their superstitions demand or need to other different things. So yeah, so there will have been some people saying, oh, people are just become more and more scientific."
193,00:31:11.640,00:31:22.819,"Bryan(host): No one's believing Christianity. But I kind of take a different view. I feel people still believe in something, but probably just not a traditional one, but they are still believe in something. Yeah."
194,00:31:22.820,00:31:24.430,"YY: Yeah, yeah, I agree."
195,00:31:24.430,00:31:48.400,"Bryan(host): Yeah, I think there's a need in human gene. Because I remember, there was a research about the gene of believing or gene of religions, so so human, tend to have human, have this kind of power of abstract thinking. So you are thinking beyond what you see and feel. And then I feel this abstract thinking has a cost, because it might make you over. Think about some situations."
196,00:31:48.470,00:32:05.840,"Bryan(host): and my explanation why my personal explanation, wise religion, or solicitation still exists is because that this thing kind of give you a relief and explanation so that can help you to temporary stop thinking. Stop overthinking. So you can just stay more focused on what's in front of you."
197,00:32:06.480,00:32:07.320,Bryan(host): Yeah.
198,00:32:07.530,00:32:19.209,"Bryan(host): okay, cool. So maybe you can move on to our next question unless someone else have something that really want to say about why people want to believe."
199,00:32:20.040,00:32:23.630,"Bryan(host): Oh, we can move on to the next. Oh, Christine, you want to say something. Okay."
200,00:32:23.630,00:32:39.119,"Christine: Yeah, I want to show a little bit like, I think, like everyone always say, like, there's still something that you cannot explain. And people just say, like the end of science, actually, is theology. So I think, like also sometimes, because, like the super station, is like the"
201,00:32:39.630,00:33:08.710,"Christine: summarization of experience, like people say, like, like elder people always say you don't need. You don't go swimming in July of the lunar calendar is like a ghost ghost month. So maybe it's because, like sometimes, when people swim in the summer sometimes leads to some accident. So the superstition is actually some kind of warning like experience warning. So"
202,00:33:08.720,00:33:12.369,Christine: that's how it still exists. And sometimes like.
203,00:33:12.670,00:33:16.549,"Christine: basically, it's like 2 side of the coin, like science and theology."
204,00:33:16.700,00:33:24.570,"Bryan(host): Okay, okay, I get what I mean. So you're trying to say, like, sometimes the natural phenomenon has kind of become translated into"
205,00:33:24.670,00:33:37.330,"Bryan(host): into some superstitution. So, for example, in July, maybe in Asia is typical, the typhoon season. So there's a higher risk, if of that of death or exit accident, if you go swimming"
206,00:33:37.350,00:33:44.970,Bryan(host): and using any kind of co-relay with the superstition that don't go swimming in July. So like kind of also helping the people to stay safe.
207,00:33:45.380,00:33:46.310,"Christine: Yeah, yeah."
208,00:33:46.510,00:33:53.220,"Bryan(host): Yeah, yeah, yeah, I think that's a very interesting perspective as well. And I guess, like in the ancients, time, there's like"
209,00:33:53.230,00:34:15.730,"Bryan(host): no formal or systematic science, so they have to pass on their wisdom or their observations in one way or another to help people to survive. So so I guess I know all the substitution are bad, I think some of them, even though not directly. Probably some of them are still very supportive and also very beneficial."
210,00:34:15.870,00:34:26.660,"Bryan(host): So I think that lead to our questions like so we, when we usually typically associate sophistication as kind of like"
211,00:34:27.695,00:34:37.890,"Bryan(host): ignore them, or naive. But but I believe substitutions sometimes can have positive effect on people."
212,00:34:38.010,00:34:46.069,"Bryan(host): So so like, I see, I guess, like some people, some someone some people here already mentioned that they get a confidence, they get a comfort."
213,00:34:46.498,00:34:54.779,Bryan(host): So just want to share. Ask people about what kind of what? What kind of benefit do you get from the sophistications that you have experienced?
214,00:34:54.810,00:34:58.539,"Bryan(host): Let's see, Andrew, do you have anything you want to share?"
215,00:35:00.970,00:35:01.570,Bryan(host): Do you think.
216,00:35:01.570,00:35:02.050,Andrew: Okay.
217,00:35:02.050,00:35:05.529,Bryan(host): That people can get from sophistication or belief.
218,00:35:06.220,00:35:18.920,"Andrew: I think you know, when I wouldn't say superposition. But I would say, you know this kind of belief system like, if you tend to believe in something. Probably this kind of belief will help you"
219,00:35:18.970,00:35:21.499,Andrew: get through some really difficult times in life.
220,00:35:21.670,00:35:22.130,Bryan(host): Hmm.
221,00:35:22.130,00:35:33.540,"Andrew: Or I don't know when you are experiencing huge trauma or anything similar that somehow supports you through this journey, I think."
222,00:35:34.143,00:35:41.930,"Andrew: And also it's it's it's also the way to you know, it's it's a way to get by in life."
223,00:35:42.230,00:35:58.990,"Andrew: you know. There are a lot of things. You know, we we we humans, we are still 3 dimensional existence. You see what I mean just that you can't travel back in time. You can't. You can't see more than what you can see in front of you."
224,00:35:59.730,00:36:00.300,Bryan(host): So
225,00:36:01.060,00:36:02.709,Andrew: I really believe that
226,00:36:02.900,00:36:16.609,"Andrew: you know. Whether it's it's a strong belief in the Deity, or it's just this kind of supertitious perspective of this world. It really helps you just live a certain life."
227,00:36:17.270,00:36:18.259,Bryan(host): Do you understand?
228,00:36:18.810,00:36:21.339,"Andrew: Yeah, because it's not how we. Yeah."
229,00:36:21.720,00:36:26.550,"Bryan(host): Yeah, I guess it's probably also help people to stay humble in some way. I guess."
230,00:36:26.550,00:36:27.570,"Andrew: Oh, 100%."
231,00:36:27.760,00:36:35.980,"Bryan(host): Yeah, because you have a sense, something much larger than the human power in your own being, and they kind of humble your mind to say I'm."
232,00:36:35.980,00:36:36.570,Andrew: Yep.
233,00:36:37.280,00:36:37.940,Andrew: Yeah.
234,00:36:38.010,00:36:48.659,"Bryan(host): I think that's very perspective. Yeah, Lin, do you have anything you would like to share like, what do you think? What's the benefit that we get from our belief or sophistications."
235,00:36:49.090,00:37:01.080,"Yelin: Yeah, I think positive effects do exist like, recently, I have read some really interesting posts related to manifestation on a Chinese social media called red."
236,00:37:01.140,00:37:16.530,"Yelin: I know. Maybe some of you maybe have used it used this app so like for manifestation. It means like putting strong, positive beliefs will definitely make things that you wish like come true in the future."
237,00:37:16.530,00:37:45.250,"Yelin: So, for example, if I strongly believe that I will get good grades for the current semester in university or like, I will become a millionaire, or even a billionaire in the near future. And I repetitively think about think about it every day and night, and such things will definitely become manifested in real life. I know it sounds a little bit ridiculous, but who knows? Like what if it indeed happens in the near future, right?"
238,00:37:46.310,00:37:52.120,"Bryan(host): So I think I heard something that very similar, like the power of Well, and then there was a book called Secret, as in."
239,00:37:52.120,00:37:53.140,"Yelin: Yeah, yeah, yeah."
240,00:37:53.420,00:37:55.190,Bryan(host): Very many years ago.
241,00:37:55.760,00:38:02.770,"Yelin: Yeah, I think manifestation is just like a kind of like, make things come true. And yeah, it's just"
242,00:38:02.920,00:38:04.830,Yelin: related to personal beliefs.
243,00:38:05.560,00:38:11.310,Bryan(host): So have you tried that and you feel it's beneficial for you so far.
244,00:38:11.840,00:38:17.969,"Yelin: Yeah, I have tried. But but currently just nothing come true. I'm still waiting."
245,00:38:18.200,00:38:19.779,Yelin: Still waiting. Okay?
246,00:38:19.780,00:38:20.310,Yelin: Okay.
247,00:38:20.840,00:38:21.580,Bryan(host): Yeah
248,00:38:21.850,00:38:36.299,Bryan(host): deal. What's your view on that? Do you think that maybe you know God or this belief are not true? Don't have a scientific evidence. But do you think that? Do? Do they actually still have some like benefit for the people or the society.
249,00:38:40.560,00:38:42.090,Leo: Yeah. Yeah. Sure.
250,00:38:42.920,00:38:46.492,"Bryan(host): I mean, you can say no, there's no assumption."
251,00:38:47.241,00:38:55.119,"Leo: No, no, I'm trying to like thinking about whole answer. It definitely has some benefits for people."
252,00:38:55.280,00:39:00.510,"Leo: I think one thing comes to my mind, is about the sense of a community."
253,00:39:00.650,00:39:02.910,"Bryan(host): Oh, yeah, that's a very nice. That's very nice."
254,00:39:02.910,00:39:03.780,"Leo: Yeah, yeah."
255,00:39:03.990,00:39:04.580,Bryan(host): Yeah.
256,00:39:04.580,00:39:11.010,"Leo: Because I, I know, like a in."
257,00:39:12.280,00:39:17.740,"Leo: I guess Western society people come to the church every Sunday, or."
258,00:39:18.120,00:39:20.580,"Leo: like a come together, have a kind of group."
259,00:39:21.080,00:39:22.570,Bryan(host): Activities.
260,00:39:23.150,00:39:30.340,"Leo: And help people getting together, which is a condom liking in modern society."
261,00:39:30.810,00:39:41.950,Leo: That's why I think. We observe the canva increase the loneliness in in modern world.
262,00:39:42.150,00:39:48.629,Leo: And then that's kind of what social structures in that religion can help us.
263,00:39:49.460,00:39:58.150,"Bryan(host): Yeah, yeah, I I totally agree. There was a moment. I think last year one of my friend in Japan. So"
264,00:39:58.270,00:40:11.120,"Bryan(host): so I I asked her to, because in Japan you have this kind of I don't know this kind of thing you can get from the temple that can bring you good luck, and you have to go to the. You have to physically go to the Temple to get"
265,00:40:11.350,00:40:23.970,"Bryan(host): and to do the prayer, and then you will receive that pendant, or whatever that they called it. So I usually don't do that by myself, because I don't believe in their God. But but"
266,00:40:23.970,00:40:49.309,"Bryan(host): I asked my friend to do that for me this year, and my friend was like wondering like, Oh, you don't believe in those God, and why you want me to, you know. Do the prayer, and want me to have that those pendant for you, and then my answer for that is like. I think it's probably whether those God is true or not. It's probably not so important. And what I really want is that when you're praying for me and in your heart. So I want that kind of"
267,00:40:49.380,00:41:00.369,"Bryan(host): community bounding, feeling like when when people doing praying for others like Leo said, it doesn't probably, whether the guy's real or not exist or not, it's probably sometime"
268,00:41:01.160,00:41:02.399,Bryan(host): not so
269,00:41:02.490,00:41:18.620,Bryan(host): clear. But what what is so clear is that in the community people do care about each other. People support and pray to each other. I think one of the biggest kind of benefit and support we get through religions or faith or sophistications and culture.
270,00:41:18.640,00:41:20.809,"Bryan(host): Yeah, so I think that's a very nice point."
271,00:41:21.560,00:41:22.370,"Leo: Yeah, yeah."
272,00:41:23.016,00:41:31.493,Bryan(host): How about Jodi? Do you have anything to say? Do you think what's a good thing about believing.
273,00:41:32.710,00:41:37.800,"Jodie: Yeah, I think for for me, like believing something can"
274,00:41:38.567,00:41:44.782,Jodie: make me feel I'm special. And at the same time I just
275,00:41:46.523,00:41:53.470,Jodie: special as an individual and also normal as an individual. Because this happens to everybody.
276,00:41:55.411,00:42:01.049,Bryan(host): that's also a very interesting perspective making you feel specials.
277,00:42:01.120,00:42:05.980,"Bryan(host): is it this? Where? Where's that special feeling coming from? Is it, because, like you have a"
278,00:42:06.290,00:42:24.770,"Bryan(host): abounding with the ones of God, because I know in Christianity, like people, are saying that everyone is a Son of God. Once you become a Christian, you are, you are also the Son of God. So you have that kind of relations with the God, and you feel special. You feel like you receive a grace from the the Almighty God."
279,00:42:24.890,00:42:30.009,Bryan(host): So there's a so where's that special feeling coming from? Can you explain more.
280,00:42:30.770,00:42:34.119,Jodie: I think the special feeling comes from like
281,00:42:34.640,00:42:41.270,"Jodie: I was, I would think, like I'm the I had. I have most."
282,00:42:41.390,00:42:44.480,Jodie: I have the closest relationship to God.
283,00:42:45.317,00:42:49.362,Bryan(host): I see. I see. Yeah. So it's kind of like a
284,00:42:50.350,00:42:58.339,"Bryan(host): imagine or feeling of relation with something that's defined. Yeah, I totally understand that."
285,00:42:58.760,00:43:06.839,"Bryan(host): Okay, cool. How about you, Emma? What do you think is a benefit of believing, as you kind of mentioned that earlier?"
286,00:43:07.260,00:43:09.330,"Bryan(host): But you can say again, in short."
287,00:43:11.548,00:43:21.401,"Emma: I think it can encourage you when you are uncertain about your future, your career, anything. And also, yeah"
288,00:43:23.390,00:43:25.310,Emma: it can
289,00:43:29.410,00:43:39.950,Emma: make you bring you some mental support. I don't know how to say that. Oh.
290,00:43:41.190,00:43:42.540,Bryan(host): Yeah.
291,00:43:42.790,00:43:46.170,"Emma: I don't know how to summarize my my point, because."
292,00:43:46.170,00:43:48.825,"Bryan(host): Too many benefit, too many God, too many benefits"
293,00:43:53.900,00:43:59.429,Bryan(host): cool. I think I personally want to share one benefit. I think no one have
294,00:43:59.490,00:44:22.629,"Bryan(host): have mentioned for me, because I, when I was young, I was growing up in a Christian environment, so I grew up as a Christian, but my mind become more critical in my later life stage, so I cannot become less dedicated, no longer no longer a faithful Christians. But there was some point I was feel. I feel a little bit"
295,00:44:22.770,00:44:34.899,"Bryan(host): kind of like, angry or sad, that a lot of time of my life has been spent in religions. In my early child in my early teenagehood, and also in my early life."
296,00:44:34.970,00:44:40.849,"Bryan(host): But now I feel this thing is actually not a bad thing, because I actually, religion helped me to"
297,00:44:41.000,00:44:56.000,"Bryan(host): think, have that have that perspective and angle to think beyond myself. I think that's a very, very important point for my personal characteristic and also personality building. Because if you don't have a religion, you don't believe in God, you don't. You don't have"
298,00:44:56.070,00:45:04.490,"Bryan(host): that many opportunity to think about life to think about death to think about, you know, seeing as like much greater and abstract."
299,00:45:04.510,00:45:17.310,"Bryan(host): But because I was in that religion environment, I had that opportunity and also a lot of moment to ponder deeper into my life. So I think that's 1 of the important perspective that"
300,00:45:17.480,00:45:23.059,"Bryan(host): religions or superstitions or faith, whatever you call it, that have brought to me."
301,00:45:23.730,00:45:29.440,"Bryan(host): Okay, that sounds thanks. Everyone's contributions."
302,00:45:29.970,00:45:34.179,"Bryan(host): Now, we kind of going to have our final questions."
303,00:45:34.340,00:45:45.900,Bryan(host): So now we're going to talk about. Let me talk about a bit. The kind of obviously there are some harmful religions and harmful superstitions and belief. Right? So
304,00:45:45.910,00:45:52.179,"Bryan(host): so how can we distinguish, then how do we find that least religions or list"
305,00:45:52.250,00:46:10.089,"Bryan(host): believe can potentially be harmful or discriminatory? Not sure if any one of you have experienced something, because, like, I think, you mentioned about code, right? How do you distinguish between code and religions? Then you do want to give a start. How do you find the bad"
306,00:46:10.220,00:46:12.760,Bryan(host): believe or bear these superstitions?
307,00:46:13.430,00:46:35.670,"YY: This is really hard question, because I'm I'm not I I don't. I didn't grow up in a very religious family, so I think I'm not. I don't have many experience to stay. But recently, one of my friends, she decide to join a religious group."
308,00:46:35.830,00:46:36.720,YY: But
309,00:46:37.980,00:46:47.869,YY: me and other friends. We are very concerned because that group are have I could. I don't. I don't know how to say like.
310,00:46:48.040,00:46:58.010,YY: it's a we. We have concern because the group has like against Lgbtq.
311,00:46:58.624,00:47:17.300,"YY: The right of Lgbtq. So we have a difficult conversation with my friend to tell her. If you want to join, you need to make sure you can agree with the the behavior, or the thing they did before."
312,00:47:17.460,00:47:25.580,"YY: So for for me, like when I want to. I think how can I say."
313,00:47:27.260,00:47:27.920,"Bryan(host): 9, okay."
314,00:47:27.920,00:47:36.498,"YY: Yeah, I think like, to distinguish between harmless, superstitious and beliefs, I think."
315,00:47:37.410,00:47:47.230,YY: it depends on. Can we argue or clarify or have a discuss with their core value
316,00:47:47.260,00:47:52.170,YY: or the principles of behaviors. If the group.
317,00:47:52.180,00:48:01.119,"YY: all the beliefs they couldn't accept this kind of debate or discussion, I think for me. Let's"
318,00:48:01.160,00:48:02.440,YY: that's not good.
319,00:48:02.590,00:48:05.040,"YY: Yeah, yeah."
320,00:48:05.040,00:48:11.859,Bryan(host): So I think openness or transparency is one of the features to distinguish. Okay.
321,00:48:11.860,00:48:12.460,YY: Yes.
322,00:48:12.940,00:48:13.960,Bryan(host): Cool.
323,00:48:15.160,00:48:27.120,"Bryan(host): How about you, Leo? Have you recent? Have you encountered any kind of religious group? And then you found it dodgy or not, you know, kind of like suspicious, or what's how do you? How do you"
324,00:48:27.210,00:48:30.169,"Bryan(host): distinguish, or do you have any experience to share."
325,00:48:31.870,00:48:34.489,Leo: So I guess I don't. I don't
326,00:48:34.560,00:48:41.010,Leo: have anything come to my mind about the like super like radical believers.
327,00:48:41.330,00:48:44.729,Leo: Yeah. So I I don't think I have that
328,00:48:44.790,00:48:50.430,Leo: that in that regard. But I think we we do have a lot of news coming up
329,00:48:50.460,00:48:55.840,Leo: in recent years about the like extreme Muslim activist.
330,00:48:57.400,00:49:04.269,Leo: like a human bomb and that kind of stuff and also like back in the day
331,00:49:04.420,00:49:16.690,Leo: when people became like a extreme in believing one card they they tend to at home.
332,00:49:17.200,00:49:22.769,Leo: Try to eliminate others like this happened in history.
333,00:49:23.100,00:49:29.176,"Leo: A lot, for example, Christian Christian has that, and I believe"
334,00:49:30.020,00:49:38.999,Leo: Buddhism also has that the like. We are also experience that right now in Muslim as well.
335,00:49:39.640,00:49:43.720,Leo: So that kind of danger. It's a
336,00:49:43.820,00:49:46.330,"Leo: I guess not from religion itself, but"
337,00:49:46.930,00:49:49.419,"Leo: from how, how we practice it."
338,00:49:51.860,00:49:52.680,Bryan(host): Right?
339,00:49:53.290,00:50:04.699,"Bryan(host): Yeah, I think that you kind of bring that the complexity to another level I feel those conflict arise, I think, partly it's also due to"
340,00:50:05.193,00:50:14.269,"Bryan(host): I think some sometimes not just about the religions and the belief itself, sometimes also due to the historical context."
341,00:50:14.270,00:50:36.199,"Bryan(host): because what happened in history is that very often the human leader want to blend his ambitions with the religion, so he or she is using the religion as a tool to achieve he or her goal. And then, you know, and then trying to using another tool to manipulate or to initiate conflicts. So"
342,00:50:36.280,00:50:49.829,"Bryan(host): so when we're looking back to humanist history is always very complicated, and also there are other parts that you know the religions are doing well, because I well, I remember when I was traveling in Spanish in Spain."
343,00:50:50.030,00:51:14.410,"Bryan(host): I remember the Tour guide told me that there was, because, like, you know, Spain used to be ruled by Muslim people, and then Muslim people, I think, rule probably 3 or 400 years, and they could kick out like Christians. So they have. So in that region. There's like an interchange between Muslim and Christian, and there were also sometime, these 2 groups that kind of coexist or co-leve together."
344,00:51:14.410,00:51:22.280,Bryan(host): So they were some historical building. They were like some sign that there were good kings that tried to
345,00:51:22.685,00:51:35.250,"Bryan(host): do treat the 2 different population fair and try to live peacefully. They are. They were also back in. They try to kill one another. So it's complicated. Yeah, I think"
346,00:51:35.770,00:51:36.690,Bryan(host): cool. But exactly.
347,00:51:36.690,00:51:37.100,Leo: I mean.
348,00:51:37.100,00:51:51.989,Bryan(host): Yeah. But I think that's like just a tactic as you mentioned but I think that's a good point. When belief and human ambitions blend together. It always turned out to be a little bit nasty. Yeah.
349,00:51:52.090,00:51:53.280,"Leo: Yeah, exactly."
350,00:51:53.710,00:52:04.240,"Bryan(host): Okay. Emma, interesting to your view. Some potential. Because you have said a lot of good things about bully and superstitions. I want to"
351,00:52:04.580,00:52:13.509,Bryan(host): see your view on what are some of the potential bad thing? Or how do you find this kind of belief might be harmful.
352,00:52:14.600,00:52:23.496,"Emma: Yeah, there are definitely some bad effects, some bad aspects about like being superstitious like."
353,00:52:24.920,00:52:34.571,"Emma: sometimes I approve like 1. 2 years ago, I think. I rely too much on this 14 Taylors"
354,00:52:37.020,00:52:45.489,"Emma: how to say that story. Their comments, their predictions for my life. I rely too much on it. But but"
355,00:52:47.030,00:52:57.409,"Emma: but I think some one footing tailor I I really I really like liked her, because when I 1st went to her. He"
356,00:52:57.680,00:53:24.840,"Emma: she gave her. She gave me exactly right prediction of my current situation, of my current situation at that time, so I I believed in her so much. But I relied too too heavily. I relied heavily on her her things. How the thing will go! What would be the current situation."
357,00:53:25.340,00:53:29.041,Emma: But in the end it was
358,00:53:30.830,00:53:35.039,Emma: What he says was was wrong or
359,00:53:35.430,00:53:44.599,Emma: mean. I mean most of her predictions in instead of the 1st very right prediction.
360,00:53:45.115,00:53:58.490,"Emma: So you have. I think the the you don't you? You don't want to rely too much on this, and you have some judgment by yourself."
361,00:54:00.910,00:54:04.610,"Bryan(host): So you feel like, if it's so, you seem like, if it makes you become"
362,00:54:04.650,00:54:12.019,Bryan(host): overly addictive or obsessive. This is a sign of like it potentially can be humble to you.
363,00:54:12.380,00:54:15.640,"Emma: Humble, humble."
364,00:54:16.291,00:54:19.659,Emma: It depends on what questions you ask.
365,00:54:20.020,00:54:20.550,Bryan(host): Okay.
366,00:54:20.550,00:54:21.280,Emma: Actually.
367,00:54:21.630,00:54:26.786,"Bryan(host): Yeah, cool. That's a interesting story to hear."
368,00:54:27.300,00:54:31.989,"Emma: And this also I wanted to add something like, if you want to."
369,00:54:32.260,00:54:36.410,Emma: and sort of professional phone tailor.
370,00:54:37.270,00:54:41.230,Emma: it's very likely that she will give you some wrong answers.
371,00:54:41.410,00:54:54.079,"Bryan(host): So how can you tell what is professional? What is unprofessional? Because I never tried fortune teller. So I what if so, you're you sounds very experienced in this. How can you tell what is a good one? What is a bad one?"
372,00:54:55.090,00:55:02.944,"Emma: Well, well, one bad formula. I guess I meant it was."
373,00:55:03.610,00:55:07.230,Emma: she's a she's a master's student.
374,00:55:07.300,00:55:15.490,"Emma: she just in in your email, she just do it for for some pocket money."
375,00:55:15.820,00:55:16.650,Bryan(host): Oh!
376,00:55:16.800,00:55:21.120,Emma: And she what what she she!
377,00:55:21.200,00:55:25.899,Emma: She only know she only know how to use the
378,00:55:27.510,00:55:37.719,"Emma: Tarot card. She only know that, and she doesn't have much experience. And"
379,00:55:38.390,00:55:41.549,Emma: I think for a lot of
380,00:55:42.240,00:55:51.369,"Emma: a lot of like, there's tarot cards and you can grab a stick from the"
381,00:55:52.086,00:56:03.750,"Emma: bottle that tell your fate, and a lot of techniques can foretell your fate, and"
382,00:56:04.370,00:56:11.690,"Emma: but she only know she only know 1 1 of them, and don't have much experience on that. So"
383,00:56:12.370,00:56:25.779,"Emma: it's very easy to tell. It's very easy whatever. Oh, sorry when when you get your Tarot card results it there. There are a lot of ways to explain it."
384,00:56:25.830,00:56:30.539,"Emma: and some of them the I think, the"
385,00:56:30.660,00:56:47.579,"Emma: not very professional, when they would guess what you would like to hear. They would guess from what what you said, and try to explain the situation in the same way in your mind. I think it's not very ideal situation, and it's."
386,00:56:49.040,00:56:55.160,"Bryan(host): Hmm, okay. So it's just based on their behavior and their knowledge. You can tell they are professional or not."
387,00:56:55.550,00:56:56.490,Bryan(host): Okay.
388,00:56:56.980,00:57:06.220,"Bryan(host): Cool. Jodi, do you have anything you want to share, do? How do you identify like a bad belief or bad sophistications?"
389,00:57:07.495,00:57:12.070,"Jodie: Yeah, more for me. I'm not sure about this, I think."
390,00:57:13.163,00:57:16.499,"Jodie: Is, depend on it's"
391,00:57:16.850,00:57:28.849,"Jodie: more like, if you regard yourself, you regard that superstitious beliefs as part part of yourself, or you devoted you"
392,00:57:28.870,00:57:35.419,"Jodie: all of yourself to that superstitious beliefs, and you just ignore other perspectives."
393,00:57:36.530,00:57:47.330,"Bryan(host): See? Yeah, I think one thing is, I think one thing you you guys probably have mentioned is the conflict of interest. In my opinion, if"
394,00:57:47.610,00:57:51.839,Bryan(host): if it's obviously that belief or that thing trying to
395,00:57:51.920,00:57:57.000,"Bryan(host): get a benefit out of you like money, your attention, or your body."
396,00:57:57.320,00:58:05.379,"Bryan(host): then it's probably can. It is probably likely to be something that's suspicious, because my personal experience is that"
397,00:58:06.130,00:58:23.789,"Bryan(host): the best fortune teller I have ever seen in my life? There was only one, and she was just my friend, so she doesn't do it for money. She only do it once in a while. She doesn't break about it. She doesn't just like she doesn't try to."
398,00:58:24.592,00:58:26.310,"Bryan(host): You know, like"
399,00:58:26.650,00:58:40.450,"Bryan(host): make people praise her or to show it off. She's just like she only can name when you have a very low mood, and try to kind of give you some support and confidence. And she was but her fortune telling"
400,00:58:40.450,00:58:57.650,"Bryan(host): it's very, very precise. So I was very shocked when she did that to me. So so I think like, if you can identify, there was a clear conflict interest. I think sometimes there's a science of suspicious belief or suspicious thing happening."
401,00:58:57.810,00:59:02.179,"Bryan(host): Yeah, Christine, do you have anything you want to say?"
402,00:59:03.490,00:59:05.260,"Christine: Oh, okay. So"
403,00:59:06.037,00:59:30.220,"Christine: as I just say, like, I think, like some, some details, some negative stereotype about other people, and even cause the war like really just sporting the history. And I've seen the documentary on athletes about Korean code. So that was really terrible. So I feel like, just don't go too much, and don't let you believe home order, and don't harm yourself, and."
404,00:59:30.430,00:59:31.729,Bryan(host): It can be that.
405,00:59:32.390,00:59:53.969,"Bryan(host): Yeah, I feel sometimes like relationship as well, like romantic relationship. Some of the religions religious. How do you call that sanguine is like some of the religious liar they know. Use those kind of pick out artist skills, try to make you worried and try to get your attention and try to eventually try to get you to pay the money. And"
406,00:59:53.980,01:00:00.299,"Bryan(host): yeah, so this I see some of those signed kind of or be as an apparent."
407,01:00:00.900,01:00:05.640,"Bryan(host): Okay, Andrew, do you have anything you want to share."
408,01:00:08.449,01:00:15.340,Andrew: I think I agree with everything you guys just said. And I think I'm more. I'm kind of with Leo on this like
409,01:00:15.850,01:00:17.975,Andrew: something you mentioned as well like
410,01:00:19.140,01:00:26.009,"Andrew: any kind of superstition or belief system, or any form of religion. I think it shouldn't be a tool for"
411,01:00:27.388,01:00:30.499,Andrew: for oppression or domination.
412,01:00:30.740,01:00:38.549,Andrew: so I don't. I don't generally believe that there should be a hierarchy system built upon this. So for those non-believers like you're not favored
413,01:00:38.800,01:00:52.480,"Andrew: by the Deity celebrated in this very specific religion, and therefore we have every single reason to do anything cruel to you. I think it's just wrong, like morally wrong."
414,01:00:52.480,01:00:54.960,"Bryan(host): Yeah, yeah."
415,01:00:55.160,01:01:03.910,"Bryan(host): so yeah, as as we discussed earlier sometimes be used as the tool to create the hierarchy or to manipulate people. Yeah."
416,01:01:04.840,01:01:19.629,Bryan(host): I think that's probably all the questions we have covered today. We are supposed to cover today. Anyone else have something that you would like to say about superstitions or regarding our last questions.
417,01:01:22.090,01:01:26.459,"Bryan(host): If no, we probably can. Can"
418,01:01:26.760,01:01:35.540,"Bryan(host): red part here. So today, we kind of talk about a lot of things about sophistication and belief. We talk about a good thing about it, different kind of belief."
419,01:01:35.620,01:01:54.109,"Bryan(host): And eventually we talk about like, what kind of bully can be harmful and also how to identify the harmful bully or superstitions. So yeah, again, thanks. Everyone's contributions. And I think that's it. For tonight's discussions."
420,01:01:55.270,01:01:56.430,Bryan(host): We will finish here.
421,01:01:56.630,01:01:57.760,Bryan(host): Thank you.
