Start,End,Text
0,0.75,"Elda (Host): But it."
2.5,4.54,"Rui Xing: Oh, this meeting's being recorded."
5.43,11.789,"Elda (Host): Okay, thanks for the announcement. So today's topic is"
12.08,13.599,"Elda (Host): a romance in"
13.8,15.99,"Elda (Host): modern society. And"
16.1,19.29,"Elda (Host): yeah, just basically talk about how"
20.11,25.4,"Elda (Host): relationships. And you know, expectations. Within the relationship. Romance."
25.957,32.52,"Elda (Host): How that changes over time, like comparing our generation and the past generation, and how?"
32.729,34.48,"Elda (Host): Yeah, how things are."
34.72,36.46,"Elda (Host): Why they are now."
37.407,46.843,"Elda (Host): Yeah, there are just so many things to talk about. I don't. I don't even know where to start like you can think about how dating practice"
47.44,62.02,"Elda (Host): changes over time like before. It used to be like by family introduction or you know, friends introducing to friends. And now we have all these online platforms like dating apps or"
62.19,69.689,"Elda (Host): apps and apps, or like interest groups and places where people get together to meet."
69.89,71.47,"Elda (Host): And then something like that."
71.77,74.118,"Elda (Host): And also we can talk about"
75.01,78.39,"Elda (Host): yeah, just values we have towards"
78.736,82.649,"Elda (Host): when we're in the relationship or before we get into a relationship."
83.566,86.3,"Elda (Host): Yeah. Just, for example, like"
87.142,92.973,"Elda (Host): expectation for how a boyfriend should be, or how girlfriend should be. And"
93.66,98.169,"Elda (Host): and also, yeah, but what our values are within the relationship."
100.023,103.9,"Elda (Host): So yeah, there's a lot to talk about, and really depends on."
103.96,109.85,"Elda (Host): say, for from a woman's point of view or a man's point of view, it's it's going to be quite different."
109.97,113.163,"Elda (Host): So who would like to to start."
114.736,120,"Bryan Chen: So like, on what kind of perspective, or what angle should we start with."
120.44,127.384,"Elda (Host): Just in in general like what you feel like. Personally. Okay, let let me let me share something."
129,131.41,"Elda (Host): I I guess. In my."
131.56,140.52,"Elda (Host): if, from what I remember, like the most clearly compared to my parents, generation, and my generations, that they"
140.83,146.13,"Elda (Host): they don't really have a lot of opportunities to to meet people like"
146.16,152.549,"Elda (Host): either they they meet from, you know, their companies or their universities."
153.47,165.99,"Elda (Host): and they don't really, you know, have those the same platforms that we have like social media or you know those platforms where you can get together to meet totally random strangers."
166.38,170.529,"Elda (Host): And whereas now we, we get that opportunity? A lot more."
170.62,174.569,"Elda (Host): So I think that that gives us so many more choices."
174.65,176.88,"Elda (Host): And then current society."
177.22,184.129,"Elda (Host): Yeah, and even speed dating, I don't know. So it it really depends on like what you what you look for like. If you just"
184.57,190.7,"Elda (Host): I want to have a 1 night stand whatever. It's like a lot easier nowadays compared to the past."
190.7,198.769,"Bryan Chen: And do you think how that difference cannot change? Change your attitude to a relationship or your parents attitude to a relationship?"
199.09,204.739,"Bryan Chen: Do you think it's harder to come into a relationship, because, like, you have more choices in the modern society."
205.23,211.479,"Elda (Host): Yeah, absolutely. Yeah. I do think so. Like, when you have more choices, it's you always, you know. Think"
212.37,213.39,"Elda (Host): the next"
213.8,216.289,"Elda (Host): rock you're going to pick up is going to be larger"
216.69,220.57,"Elda (Host): and better than you know the previous one. You know"
221.23,224.4,"Elda (Host): it's it's what is how I feel. I don't know about you guys."
224.65,225.61,"Bryan Chen: Yeah."
226.02,231.57,"Elda (Host): Hmm! How about you, Brian? Like when you select a partner like do you?"
232.52,236.66,"Elda (Host): Do you kind of think? Oh, this this person is the soulmate like?"
236.83,240.67,"Elda (Host): What do you kind of look for? What do you look for in in the?"
240.86,242.539,"Elda (Host): And then the relationship."
242.86,246.479,"Bryan Chen: Yeah, I think that's a question I've been thinking about for."
246.48,247.25,"Elda (Host): I was."
247.25,255.699,"Bryan Chen: Because you know, like, how in modern society, I mean, back in a traditional society, you have some certain needs. That's because of the"
256.084,281.88,"Bryan Chen: you know the eco economies is economy right? So like female, want to have more economy support from looking for more economy, support from the male, but the more male is probably looking for someone who can help them to have a second generation. So they are so because of those reason. People are, have a very clear purpose while they're going to find a partner. But now everything become more kind of like self defined. And people have, like different values."
282.89,284.91,"Bryan Chen: Why they want to have a relationship."
286.4,289.96,"Bryan Chen: but for me, even though now I pass 30"
290.48,294.39,"Bryan Chen: at the current stage, I don't feel like a"
294.63,298.189,"Bryan Chen: very strong urge to like"
298.558,319.53,"Bryan Chen: to have a marriage to be honest, cause some people they might be like, Okay, I almost 30. I mean, on the very traditional expectation. It'll be like, Oh, I need to find someone to get to get married right. But definitely I don't. It's not like I'm against marriage. If there's a good opportunity, I will take it. I mean I mean I will. I will commit to it. But like it's not like something I feel"
319.54,327.519,"Bryan Chen: a must do thing like even I feel it should happen when it happened at the right time and also at the right"
327.64,328.65,"Bryan Chen: place."
328.9,336.284,"Bryan Chen: So yeah, I think that's very different to compare to now. In the past, like what people looking for in the"
336.8,339.58,"Bryan Chen: in marriage. So yes, that's my view."
341.14,341.66,"Rui Xing: Yeah."
341.66,344.66,"Elda (Host): Yeah, absolutely. I think it also affects"
345.193,349.45,"Elda (Host): the the overall trend of lower marriage rates and"
349.59,354.63,"Elda (Host): and people getting married, and at much later. Age as before."
354.75,364.189,"Elda (Host): Yeah, I I think in the in the past, like in my parents generation, people, you know, used to get married in their early twenties."
365.4,366.2,"Elda (Host): Yeah."
366.59,371.159,"Elda (Host): how about your parents? Do you know how how old when they were when they got married?"
371.16,373.479,"Bryan Chen: They actually married quite old because they."
373.48,374.35,"Elda (Host): Yeah."
374.35,379.2,"Bryan Chen: They goes, went through something called Shanqing. I don't know how to say that in English."
379.2,380.44,"Amy: Oh!"
380.44,383.09,"Rui Xing: Kind of like a blind date."
383.09,386.13,"Elda (Host): Yeah, like, matchmaking. Date. Yeah."
386.13,394.579,"Bryan Chen: Yeah, because, like, at that time in that generation, all playing field is the urge to get married like after certain stage of life."
394.66,396.059,"Bryan Chen: So, my mom."
396.13,399.73,"Bryan Chen: he she actually only met my dad like 2 times."
400.09,404.651,"Bryan Chen: and then cause my dad was a salesman. He was a you know. He have to"
406.48,417.41,"Bryan Chen: work overseas. So after they became married, and then and then she just like he just go went out to. Maybe I I can't remember where maybe Africa or U.S.A. to work."
417.72,430.84,"Bryan Chen: and then and then they came back and marry, and then and then my mom was pregnant, and my dad went out again, and then, even when I was born, he wasn't there. So it was really."
430.84,431.62,"Elda (Host): No."
431.62,437.909,"Bryan Chen: There was some very, very strong like relationship, foundation, or romantic foundation between between them."
438.04,438.82,"Bryan Chen: Yeah."
439.14,440.01,"Amy: Wow!"
440.398,445.449,"Bryan Chen: So they only met a few times. Mary, you know right then."
445.45,446.19,"Amy: Wow!"
446.19,446.65,"Bryan Chen: Birds."
446.65,452.299,"Amy: Is true love, or you probably have to ask your mom why she married."
452.77,456.25,"Elda (Host): Did you ask her ever like why she married him?"
457.04,467.38,"Amy: Is there a true love there? Because they didn't have much time to compenium? We're not question your parents relationship. Just curious."
467.59,486.308,"Bryan Chen: I mean personally, what what does true love mean? Right? So. And I mean, yes, this. So she does like always like sometimes regrete or sales nectics, and how their personality doesn't quite match. Well, I think they kind of get used to each other. And well, then,"
487.07,491.609,"Bryan Chen: I think people are that generation. They are easier to compromise. I think."
491.61,492.31,"Amy: Hmm."
492.31,495.219,"Bryan Chen: Yes, our generation. We are"
495.82,497.64,"Bryan Chen: harder to compromise."
497.64,505.61,"Amy: I think we just skip. If this one is not a match, then yeah, go next one like you don't want to waste your time to to, you know."
506.103,512.979,"Amy: Maybe can compromise. Or I just focus on this person more and then see what happened. I think we are"
513.25,516.309,"Amy: maybe less patience"
516.809,528.35,"Amy: like before, cause everything is so quick, and you can so quickly meet another person. Maybe like next second, you can just imagine another one. But if we are."
529.2,553.34,"Shunto: Oh, yeah, I I feel like we are looking for. Yeah, I feel like we are looking for more idea, ideal person. So like we we are looking for like we are, we are seeing high expectation in relationship compared to before. So, yeah, yeah, that's so like, in your world like we, we are not good at compromising, compromising about it. So."
553.34,564.02,"Shunto: yeah, yeah, I mean, like, it's very good to seek for like ideal ideal situation. But I think we are maybe"
564.11,567.782,"Shunto: doing too much of it. That's that's how I feel."
568.984,571.41,"Elda (Host): So Shinto. You mean that"
571.83,576.131,"Elda (Host): people they they know they can find something better. So they like."
576.49,577.319,"Shunto: Yeah, yeah."
577.32,583.849,"Elda (Host): But Amy said, you know people become less patient, and they keep searching for what's you know? Better for for yourself."
584.27,587.42,"Shunto: Yeah, so like we are looking for like a best best person like."
587.42,588.4,"Elda (Host): Go down."
588.4,603.909,"Shunto: She's like she. She's she's very beautiful, and she and much many money. And she her parents are very good. Oh, and blah blah blah. Okay? So then we we will get married, like, I think that's how we make a decision. So."
604.43,618.269,"Shunto: But but I'm not sure like if it's really lead to reading to our happiness, because, like like other, Brian's example shows like. Maybe, like I looking for ideal situation."
618.74,632.153,"Shunto: there is not always necessary like to be a good family like, because I think like, well, I I didn't. I think I I have met with Brian's family like"
633.482,639.088,"Shunto: sometimes I I think for me is yeah pretty good like, oh, like"
639.52,641.97,"Amy: Is that too many too much information."
642.59,644.34,"Bryan Chen: As a whole decade."
645.49,658.629,"Shunto: I'm so sorry. I just I just think like Brian fabulous. Seems happy. So I I don't think I don't think like looking for ideas idea, person isn't always. Okay. Okay."
660.29,661.73,"Elda (Host): And do you think."
664.678,666.119,"Shunto: Sorry! I cannot hear you."
666.26,667.52,"Shunto: Oh, no! Wait! Wait!"
669.94,670.93,"Elda (Host): Can you hear me now?"
671.22,672.459,"Shunto: Oh, yeah, I can hear you now."
673.52,677.249,"Elda (Host): Okay. So I mean, do do you find it's easier for you?"
677.886,683.689,"Elda (Host): Partners with more ideal qualities nowadays. What do you do you find."
684.8,704.65,"Shunto: I think one of the reasons we are looking for like more. A better person is like due to the existence of a social media platform. So in other words, like, we have more opportunities to show off like our partners, or maybe like the relationship relationship with"
704.75,723.979,"Shunto: the partners. So like we like, we we want to confirm, like we are happy by approved by approved by being approved by the others. So but but I think it's it's it may bring happiness, but it may not be. You are"
724.34,735.403,"Shunto: true happiness. I I'm not sure i i i know I'm still seeking what what the happiness is, or but"
737.14,743.539,"Elda (Host): No, I think it's really good point. Sorry I kind of did I disappear for a second? I think my connection was bad."
743.54,745.09,"Amy: Right now is good."
745.28,758.479,"Elda (Host): Okay, that's good. Yeah. I think it's it's a really good point. Like, you know, we're looking for these things, these qualities in the partner, and you know you don't know if it's like really what you want. No one really knows. You know what what you want until you find the right one."
758.85,762.72,"Elda (Host): you know, the moment you die, and I think that's totally true, like when you are in the"
763.1,774.129,"Elda (Host): no matter. It's in your parents, generation, and our generation. But the what, what is different I I feel, is mainly whether you you acted out in in your behavior."
775.65,790.699,"Elda (Host): Like in the current society. I feel there's a stronger trend in in self actualization of like your values and your belief, and actually put into practice, whereas back in the days sometimes you get more"
791.26,806.76,"Elda (Host): constrained by the social expectation. And I think that's what what what the main differences. But the the core concept of you know, finding what's ideal for yourself is probably yeah. Still still the same. I don't know."
807.431,811.929,"Elda (Host): How about ray from Abu Dhabi. Would you like to share."
811.93,815.58,"Rui Xing: It's generally very hard to find a good partnership, because."
816.13,816.68,"Elda (Host): What?"
816.68,832.134,"Rui Xing: 1. 1 reason is that because of capital reasons that I mean for local people. I don't think they are very active in socializing. And but and yeah, it's it's it's kind of a specific time. So let's talk about more more than society or."
832.47,833.09,"Elda (Host): Right."
833.09,836.518,"Rui Xing: Rest of the phone. Yeah. So for me, I feel like,"
836.95,863.609,"Rui Xing: it's probably because the social productivity improvement. So people have more chances or more probability to get richer information. So it's the the ways of getting resources becomes diverse, and the difficulties drop. So it's easier to know a lot of things than our last generation. So I feel like people, will"
864.87,877.27,"Rui Xing: they? They don't don't feel like it's a great of loss if I miss someone. Yeah, that that's in response to to the the same argument that"
877.3,898.24,"Rui Xing: we're talking about. And another thing, I feel like it's as you getting older. Your your your your thoughts keep changing. Like, Trento said. What is an ideal person for you? Maybe at an earlier age you thought an ideal person would be some he or she might have some qualities that is more abstract."
898.43,911.49,"Rui Xing: And when you met someone it kind of becomes a realization. Or yeah, it becomes a realization of some of those qualities. But I don't know if those qualities are still something you are looking after."
912.373,924.599,"Rui Xing: Yeah, it's it. I mean the the the general thing I want to say is that your thoughts might keep changing. So yeah, you might want to see more people. I I don't know if that's a reason."
924.6,925.24,"Elda (Host): Yeah."
925.59,926.67,"Elda (Host): yeah."
926.92,934.51,"Elda (Host): just just curious, are there? how's the Asian population there in Abu Dhai? I'm just curious."
934.87,941.779,"Rui Xing: Asian population. Not quite much, not quite large. Yeah. Most of people are still"
941.79,953.55,"Rui Xing: Middle Eastern people, like from Pakistan, Egyptian people. Local people. Local people are still, and also account for a very small population, because"
954.12,959.97,"Rui Xing: probably because I, the Union I stayed in not be. Not many local people are looking for like."
960.6,967.969,"Rui Xing: Degrees. And yeah, for the home country, like, 80 or 90 80% around 80% of people are"
968.391,970.85,"Rui Xing: not born in this country. They're from."
971.18,972.86,"Rui Xing: Outside, country, so."
972.86,973.7,"Elda (Host): Interesting."
974.09,995.939,"Elda (Host): But when do you do you see a mix of cultures like when people come in? And are they quite accepting? I want to ask this questions, because, you know, like you said, with an increase in ways of getting resources and knowledge of like different things, then we are becoming more and more open towards international marriages and."
996.65,1002.349,"Elda (Host): More open towards like people with different values. So how? How are? How is that?"
1002.91,1003.55,"Elda (Host): being?"
1004.15,1004.69,"Elda (Host): We are."
1004.69,1022.319,"Rui Xing: Yeah, yeah, I would say, because the country name is United Arabic Emirates. It contains 7 Emirates. But I mean, I feel like Abu Dhabi and Dubai are the most are the top 2 most inclusive emirates for other emirates."
1022.32,1023.04,"Elda (Host): Oh, wow!"
1023.04,1025.31,"Rui Xing: More conservative. And even"
1025.67,1033.78,"Rui Xing: like it's you, you know, Dubai. So it's less, I mean, open than Dubai. But I yeah."
1033.839,1038.067,"Rui Xing: but but I mean, I still feel a bit"
1038.72,1041.71,"Rui Xing: restricted here. Yeah."
1042.683,1050.979,"Elda (Host): Do you see people marrying like different race ethnicities, or it's not so common."
1051.68,1052.77,"Rui Xing: Not very."
1052.77,1054.67,"Elda (Host): Compared to. Yeah."
1054.71,1057.649,"Elda (Host): Yeah. Cause I know, like sorry you go."
1058.04,1063.549,"Rui Xing: But I mean, compared to Western countries, that it's less often to happen. I think."
1065.84,1066.735,"Rui Xing: Yeah."
1067.63,1079.88,"Elda (Host): In that IM immigrants country like Australia or Canada, United States. I think it's it's more common to see inter interracial and international."
1080.37,1080.92,"Elda (Host): Which is."
1080.92,1081.45,"Rui Xing: Yeah."
1082.87,1087.29,"Elda (Host): okay, let's let's move on to next question."
1090.09,1096.42,"Elda (Host): yeah, like, I'm I'm interesting. I'm interested to hear like whether you you guys ever like talk about"
1096.65,1104.46,"Elda (Host): relationship with your parents or with your family, and if you ever get any advice from them."
1108.27,1116.25,"Elda (Host): I think for for men it's it's not not so common. Sorry for the stereotype towards men. But, Rena, have you ever?"
1116.8,1119.62,"Elda (Host): No, or your your."
1119.62,1120.569,"Bryan Chen: So you're muted."
1120.57,1121.549,"Elda (Host): I don't know."
1121.9,1122.94,"renaaaa: Yeah, actually,"
1123.46,1124.78,"Elda (Host): Your aunts,"
1126.261,1128.23,"renaaaa: Can everybody hear me? I think our."
1128.23,1129.1,"Elda (Host): Yes."
1129.1,1158.211,"renaaaa: Now, okay, cool. Great. Yeah. So I think elders comments just now can be realistic sometimes, because I think when too male, they encounter, they are quite rarely to talking about how they think so that's a little bit difference of the gender issue. But very luckily, even family my father. Actually, he talks a lot with me related to this kind of stuff because"
1159.16,1175.78,"renaaaa: A little bit different with everyone. When you were introducing and explaining how you actually think on the differences between your opinion regarding to relationship with the last generation, because my parents they are kind of quite ideal because they are"
1176.418,1200.491,"renaaaa: student. They're kind of like. They met each other in their very young age around 1918, and they've been dating for so many years before they finally get married, and they've been separate for several for several times, and they argued, and finally, but they still stick to each other. So these kind of last generation experience actually shaped my"
1201.16,1225.179,"renaaaa: ideology on how I will my own relationship a lot but as everyone just explained how they think, I think these kind of old cliche ideology can have some problems, especially in the modern society, because people really tend to be changing partners and also"
1225.87,1249.5,"renaaaa: and also switch between different people quite quickly. So which means that people don't want to spend a lot of time in actually hang out with one person or getting to know one person's personality really well, but it would lead to some problems when these 2 work together, and they will definitely lead into a lot of argument and a lot of not happy moments."
1249.62,1274.4,"renaaaa: So one advice I received from my dad that worries when you were decide to finally settle in on someone, no matter for just become a boyfriend or girlfriend relationship, or deciding to do some engage this kind of more serious decisions. You really need to take at least one or 2 years to know this person. Maybe you can start from friends and to know how this person actually"
1274.4,1292.04,"renaaaa: reacts to different situations, and how they actually and what's their true personality, not of this kind of pretending personality and the best scenario of their lives. How a person can actually presenting to this kind of intimate relationship, and not"
1292.26,1302.84,"renaaaa: how they actually presenting to be to the rest of the people. Oh, yeah. So I think that's a kind of a different voice. But I think that's an interesting view as as well. Yeah."
1302.84,1303.52,"Bryan Chen: Hmm."
1304.56,1311.739,"Bryan Chen: I think I kind of agree with that, because I if you spend more time to know a person you will see different side."
1311.97,1322.769,"Bryan Chen: and you will find that that person is different when you just 1st met, when it's different, when you just made in the 1st 3 months, and different when you made the 1st 4th month something like that."
1322.82,1331.8,"Bryan Chen: But so knowing a person really do require a lot of energy and time. But that also means that in a modern society it's very difficult to"
1332.38,1359.29,"Bryan Chen: to kind of, you know, actually spending time, because people are, I think, tend to have busier life nowadays compared to the older generations. We are pretty occupied by a lot of work, a lot of other same social media, and and, like our time, become very, very scarce, and then, or very, very easily distracted. And it's hard to concentrate on single, I think not just relationship, but a lot of things like on one single thing."
1359.29,1369.94,"Bryan Chen: It's become harder to harder to knowing people in modernist inside society. I mean, it's easier to know people as no, but it's harder to know people in death."
1370.35,1372.26,"Bryan Chen: in as in modern society."
1373.79,1394.709,"Elda (Host): yeah, I agree, it's actually really good advice. If I, I were, you, i would be like, thank you, dad, that's like, really good piece of advice, because my my family I I never talked about like any relationship matters with my family, and I think the only time my mom ever said anything to me was"
1395.12,1400.279,"Elda (Host): like she said it so gently, and I think it's because she didn't want to seem like"
1400.3,1410.159,"Elda (Host): stereotypical. She said, oh, I really hope you can find a partner who can give you a peaceful family, and who who treats you nicely."
1410.45,1412.979,"Elda (Host): I think that's that's why she said. She only said it once."
1413.05,1417.629,"Elda (Host): but I remember so clearly that oh, my gosh, mom, that's like."
1418.19,1435.47,"Elda (Host): that's not the only thing right, you know. Of course, back in a in a time like I understand where she's coming from. But like back in the Times, it's it's so important like to find someone who like treats you nicely, and who gives you a stable family a good source of income."
1436.14,1437.2,"Elda (Host): but really,"
1437.8,1450.29,"Elda (Host): Nowadays I feel the the sort of expectation towards husband and wife is is becoming like so blurred that you know it can be the the wife who provides for the family."
1450.32,1452.159,"Elda (Host): and it could be the the"
1452.42,1461.05,"Elda (Host): husband being the house husband. Yeah. But I think it's really good advice to get to know someone, one to 2 years."
1463.21,1465.22,"Elda (Host): about Amy like."
1465.53,1467.489,"Elda (Host): did you ever get any advice from your"
1467.82,1472.879,"Elda (Host): family, or it doesn't have to be parents. And do you think it still applies for now."
1474.04,1474.92,"Amy: No."
1477.13,1478.299,"Amy: not at all."
1478.88,1483.95,"Amy: So yeah. And I don't know. I don't think like oh."
1485.812,1487.019,"Amy: I feel like."
1487.02,1487.77,"Elda (Host): I'm going to."
1487.77,1489.269,"Amy: Heard of my parents, but"
1489.37,1494.67,"Amy: they barely gave me some sort of thing. So"
1495.17,1496.26,"Amy: yeah."
1496.53,1501.82,"Amy: but I I can definitely get from what ring is a Rene"
1502.14,1506.49,"Amy: Renee Renee. Yeah. So before, like when she"
1506.65,1510.69,"Amy: watch her parents lay, you know."
1511.47,1528.609,"Amy: although there's lots of argument, although life wasn't really easy. But they stick with each other and overcome all of the you know problems, and also go through lots of, you know, share lots of happy, happy time. So I think that's the"
1528.65,1530.98,"Amy: let's look through."
1531.57,1535.63,"Amy: I think that's the ideal relationship for me, no matter how"
1535.7,1537.559,"Amy: how time's changing."
1538.97,1540.02,"Amy: So, yeah."
1540.61,1557.69,"Elda (Host): Yeah. And then, do you think that kind of you know idea for what you look for in a relationship? Is is kind of an idea that your parents would like the impression that you receive from your own family, or it's kind of you get it from outside of your family."
1563.56,1573.23,"Elda (Host): I mean, it's it's not. There's no right or wrong. It's like like what we're talking about today. You know, we have all these resources and knowledge about how"
1573.75,1575.84,"Elda (Host): family you should be a thing."
1575.84,1577.199,"Amy: I think it's funny cause."
1577.51,1578.4,"Amy: Well."
1578.56,1601.13,"Amy: when my perspective, when I see my parents lay lay, of course they love each other, but they have like a little single argument every single day. So if I ask myself if there's a you know, if there's kind of relationship or marriage I would like to have? Probably not, I will probably find, would like to find somebody who's more"
1601.19,1604.76,"Amy: calm, able to communication are like."
1604.76,1605.21,"Elda (Host): Hmm."
1605.21,1615.86,"Amy: Yeah, but there's a call for from Chinese, like I don't know how to translate it in in"
1615.91,1617.31,"Amy: in English."
1617.31,1620.59,"Bryan Chen: So at the beginning of the bed you fight at the end of the."
1621.62,1623.42,"Rui Xing: Wow! What was that?"
1623.7,1627.548,"Amy: Yes, yes. So I think, let's"
1629.28,1631.033,"Amy: yeah, that's"
1633.56,1650.749,"Amy: I don't know. Maybe it makes sense when everything come to talk about the real marriage is that no matter what happened, no matter how green the grass outside of your your garden, you still want."
1651.74,1653.94,"Amy: Stick to the one you have."
1654.29,1655.14,"Bryan Chen: And."
1655.14,1656.76,"Amy: Yes, that's how I feel."
1657.82,1663.989,"Elda (Host): Yeah, it's it's actually a good point, like, I was reading this article about how"
1664.25,1672.67,"Elda (Host): you know people are looking for ideal love, ideal romance, but they don't really see the the actual"
1673.044,1686.999,"Elda (Host): side at actual. You know what what it really means to to be in love and to to stay in a relationship, and I think a lot of times it's like, not as beautiful as you. You thought it would be, Amy. Yes, I do. You wanna say something."
1687,1695.46,"Amy: Yeah. So I'm so curious about if how many people here like believe the soulmate like you have."
1695.46,1696.44,"Elda (Host): Oh!"
1696.44,1698.35,"Amy: The the only one."
1700.08,1700.98,"Elda (Host): Great question."
1702.23,1708.019,"Amy: Raise your hand. Oh, I can hear the situation. Is there anyone or you feel like is"
1708.15,1709.2,"Amy: not"
1709.62,1711.159,"Amy: to find the."
1712.41,1716.009,"Bryan Chen: I used to believe that I used to believe that, but."
1716.01,1716.38,"Amy: Pack."
1716.38,1718.679,"Bryan Chen: I have to be more taxable."
1719.78,1738.46,"renaaaa: Brave years, probably when I was like more younger, like maybe 3 or 4 years ago, I tend to believe oh, there's a definite one, and that's the one. But now I I don't think so. I think there's no such human beings that suits every fantasy."
1739.1,1741.699,"Elda (Host): It's like Santa Claus."
1743.355,1744.78,"Elda (Host): How about you, Ray? Gento?"
1744.78,1761.769,"Rui Xing: Yeah, I I can relate to that. Yeah, I totally agree with that. If you treat it as a research question in optimization, I feel like I find the optimal all along. But but later on you'll find you'll see that you can find the sub to optimal. But it's"
1761.97,1777.319,"Rui Xing: already very good enough for you. Yeah, I I felt like it's that thing. You won't find the optimal all the time, because your thoughts keep changing and everything keeps changing. So at this time something which you thought to be the optimal for you might not be the optimal for your whole life."
1777.34,1789.109,"Rui Xing: I feel like it's that thing. So you I don't want to just try to narrow my thing or to fixate something to really go into the ideal. I think"
1789.13,1792.957,"Rui Xing: so. I will give some freedom to my future partner."
1794.36,1795.889,"Elda (Host): It's really liberal."
1796.58,1798.819,"Elda (Host): Shinto. Do you believe in soul, mate?"
1799.51,1820.89,"Shunto: I think I kind of believe in soulmate, actually. But I'm not sure like if we share the same definition. So by soulmate, I mean like, let's say it means someone who share some values in in deep of in deep of our heart."
1820.89,1831.417,"Shunto: So no, not not only not not not limited to like the surface side of our mind, but maybe like in deep in deep side of"
1832.205,1856.02,"Shunto: our hearts. And if we wish, and the same barriers in some aspect in our deep heart, maybe I think I fear that it is my soul, mate, and I don't think like the so the number, the number of soulmate is limited to one to me, or like anyone. So maybe like we, we should have like some potential or some potential soul mates in our world."
1856.379,1878.669,"Shunto: We may we? We may meet, or just one, or maybe like 2 or 3. I'm not sure, like how many you can. Yeah, how many opportunities you have. But I think, like in my definition, I should. I should definitely have, like some people like like you mean, like, share share some pointers in the deep mind. So"
1878.998,1888.841,"Shunto: yeah, if I find if I find any of the one, and I feel the person is right. Maybe I think I think the one is my soulmate."
1889.88,1892.769,"Elda (Host): If you don't mind me asking, have you found"
1892.99,1893.55,"Elda (Host): what."
1893.905,1894.26,"Shunto: No."
1894.26,1895.45,"Elda (Host): Like a few."
1895.45,1899.92,"Shunto: No no sorry."
1899.92,1901.52,"Elda (Host): Oh, no, don't! Don't have to. I'm."
1901.52,1901.86,"Shunto: I."
1901.86,1906.359,"Elda (Host): Because you sound sound like you, you probably have met someone that's yeah."
1906.36,1908.17,"Shunto: Maybe that's what made you."
1908.89,1912.929,"Shunto: And no, no, but but I think like let's say like I"
1913.503,1923.466,"Shunto: I have. I I have a 1, 3, 1 person like who who seems right to me. But the person is"
1924.588,1940.899,"Shunto: is not int and does not intend to like have a relationship with me like, I okay, I I think I need to say it about like he, he just want to stay stay stay"
1940.91,1969.39,"Shunto: as friends. So. Yeah. And we we acknowledge that we share like same values in many aspects in our hearts. But meanwhile, I don't think like we we are not there. It's not of the right form to have a relationship like in our case. So. But I think, like we, I still have a chance to have like Passover food"
1969.39,1976.91,"Shunto: things like who seems to write in the same degree. So that's why I think, like I have like some soulmates"
1977.49,1978.817,"Shunto: in our world."
1980.11,2004.81,"Elda (Host): Right? Well, thank you for sharing, because I I think that also brings up a good point about the the forms of a relationship, the forms of romance like it's no longer only one type like this. It's no longer just boyfriend, girlfriend single and getting married. This like open relationship. There's like, what do you? What do you call those like random ones like?"
2005.358,2013.31,"Elda (Host): You're publicly like a couple. But you are like also you're welcome to to have other partners, and like."
2013.31,2013.88,"Bryan Chen: Openly."
2013.88,2014.6,"Elda (Host): I know you."
2014.88,2015.63,"Elda (Host): yeah. And."
2017.07,2017.86,"Amy: And."
2018.89,2023.49,"Elda (Host): You're living together, but you're not married, and you're like"
2023.67,2029.213,"Elda (Host): sharing everything except you know you're not having children, and you know this all all sorts of"
2029.72,2031.14,"Elda (Host): possibilities."
2031.45,2032.7,"Elda (Host): Yeah."
2034.433,2039.889,"Elda (Host): Are there any kinds of like a relationship that kind of resonates with what you"
2040.631,2043.16,"Elda (Host): what what your value holds like"
2043.79,2050.11,"Elda (Host): I mean, I I know it's kind of personal questions, so you don't have to like answer if you if you don't want to. But"
2050.469,2052.769,"Elda (Host): I'm just wondering if anyone here"
2052.92,2055.97,"Elda (Host): deliberately has this, like strong"
2056.792,2060.45,"Elda (Host): ideal, to step out of the traditional"
2061.239,2062.759,"Elda (Host): kind of rude"
2063.922,2066.61,"Elda (Host): for towards relationship like."
2066.719,2073.8,"Elda (Host): say, if you don't like. I never, for example, like Oh, my! I never want to get married or say I will never"
2074.205,2078.199,"Elda (Host): live with my partner, even though we are married, you know something like that."
2080.08,2084.929,"Elda (Host): Any anyone has that kind of anti-traditional mindset."
2085.36,2087.06,"renaaaa: Actually, I don't have."
2087.345,2087.63,"Elda (Host): These."
2087.63,2112.485,"renaaaa: Of experience or intention. But I have a friend during I was doing my master degree study she was one of my classmates and she and her partner. They are all Asian people, but they have a quite open mindset, and they both agree, in the 1st place to have an open relationship. For example,"
2113.02,2129.849,"renaaaa: one of the partners a lot to seek for sexual relationship with the others. Beyond these 2 and it works for both, but in the end it turned out to be a very ugly and very"
2129.87,2154.47,"renaaaa: a severe fight between these 2 couples, because they cannot reach agreement. On what kind of degree should we open to? For example, the girl? She basically agreed to having sex to the other male, and she will also date with them. But to the boy he only agrees to having sexual relationship, but don't have any"
2154.47,2167.69,"renaaaa: kind of special spiritual attachment or spiritual relations to the others. Besides, the girl is herself. So I think the hardest thing in these kind of we call"
2167.69,2169.19,"renaaaa: open relationship."
2169.19,2195.419,"renaaaa: based on my observation from my friends experience. I think it's quite hard and quite unrealistic to achieve, because people when they really love each other, they do want to have such an intention to want to become want, the others to be the possession of the other one, which means that there is no such a definite, open"
2195.42,2203.259,"renaaaa: thing in their mindset, and if the degree of open cannot be mutually reached between the 2 things can be very ugly in the end."
2203.664,2215.795,"Elda (Host): Yeah, it's like a contract. Right? You're gonna say, the contract right before you start the business, yeah, that's that's really interesting I I've also heard a case"
2216.32,2233.959,"Elda (Host): of this celebrity. I think. Like she's happily married with this. I think it's a it's a Japanese celebrity. I forgot her name. She's like, happily with married with her husband, but they are like openly. They openly stated that they don't live together"
2234.62,2240.55,"Elda (Host): because they both have their work like super busy schedule, and they live separately."
2240.979,2245.45,"Elda (Host): They they own their own like they they own their house separately, too."
2245.53,2251.679,"Elda (Host): so the they only meet, say, like once a month, or like couple of times a month."
2252.24,2262.4,"Elda (Host): and they, they say, happily married. That's the only time they have time for each other. And they they are, you know, content with that kind of way of marriage. And they say."
2262.48,2277.9,"Elda (Host): and actually it, it makes things smoother where you don't see each other that often, because the the more you you have to stay in the same under the under the same roof, the more you're gonna see their, you know, negative sides and things like that. So it's kind of like and"
2277.98,2279.29,"Elda (Host): a kind of a long"
2279.36,2286.049,"Elda (Host): along the on the similar kind of idea of like not setting up a contract, but like a different agreement"
2286.09,2287.53,"Elda (Host): towards"
2287.69,2289.36,"Elda (Host): relationship"
2291.39,2292.42,"Elda (Host): yeah."
2292.91,2294.44,"Elda (Host): so"
2295.81,2297.939,"Elda (Host): how about you amy."
2298.29,2302.059,"Elda (Host): do do you have like any expectations towards your husband like. Say"
2302.2,2305.57,"Elda (Host): for your partner like, do you expect them to"
2306.11,2309.81,"Elda (Host): to share like I don't know. Housework"
2310.372,2313.19,"Elda (Host): for you like anything that that's like"
2314.456,2318.109,"Elda (Host): compared to to your your parents generation"
2318.64,2320.279,"Elda (Host): like, is there something that"
2321.16,2322.59,"Elda (Host): you're expecting?"
2323.42,2325.28,"Elda (Host): Your future partner that"
2325.81,2330.989,"Elda (Host): you know you have to do this, otherwise, you know I I won't. I won't be together with you."
2333.09,2333.83,"Elda (Host): Ink."
2334.11,2342.744,"Elda (Host): and this is moving on to number 4. The 4th question, how have gender roles and expectations within relationships evolve over time?"
2343.99,2348.13,"Bryan Chen: I think you just mentioned about a house where housework."
2348.13,2348.83,"Elda (Host): Hmm."
2348.83,2350.889,"Bryan Chen: The undervalue in the number."
2352.54,2353.26,"Elda (Host): yes."
2353.26,2358.69,"Bryan Chen: No very clear expectation, like expecting someone to cook or someone to make food."
2360.36,2368.72,"Bryan Chen: Yeah, cause I maybe it's because I always take away fear are too easy nowadays. So people would rather spend time to something they seen as more valuable."
2368.72,2369.16,"Elda (Host): And."
2369.823,2371.15,"Bryan Chen: Economic, then."
2371.43,2372.32,"Elda (Host): And."
2372.63,2373.31,"Bryan Chen: Yeah."
2374.98,2378.6,"Elda (Host): can I ask a a personal question?"
2380.083,2383.4,"Elda (Host): Who here has ever lived with someone"
2384.05,2386.784,"Elda (Host): like with your partner together and"
2387.71,2392.279,"Elda (Host): had the experience of like having to sort out who does what"
2392.41,2393.9,"Elda (Host): kind of situation."
2397.93,2400.38,"Elda (Host): or it's mostly like living"
2401.02,2402.16,"Elda (Host): singly."
2403.48,2404.63,"Bryan Chen: Hmm singly."
2404.63,2408.219,"Elda (Host): Because I know, Brian, you are like sharing your apartment with"
2408.46,2409.72,"Elda (Host): you. Have that made."
2409.72,2410.6,"Bryan Chen: Yeah."
2410.6,2412.259,"Elda (Host): So that's that's kind of like"
2412.4,2413.509,"Elda (Host): he'll love you."
2413.51,2414.1,"Bryan Chen: Not related."
2414.509,2415.739,"Elda (Host): Not a relationship."
2416.31,2416.69,"Bryan Chen: Oh."
2417.19,2417.68,"Bryan Chen: don't remember!"
2419.03,2419.56,"Shunto: It's."
2419.56,2425.03,"Elda (Host): Do you? Do you like share the responsibilities like? Quite, you know, strictly to the"
2425.25,2435.56,"Elda (Host): the the rule, like you split the responsibilities, and if you imagine if that person, your flatmate, is your partner, would you do the same to her."
2436.63,2445.03,"Bryan Chen: I seem like we probably will do, because I feel like for my apartment. We we do like, you know, 4 nightly cleaning, and so just rotate right?"
2445.09,2468.009,"Bryan Chen: But I guess, like people have what a good eye and what they're not good at. So I think it should be it should be of. I I would agree with the view that the 2 people in a relationship should play like a fair role or fair amount. But but fair doesn't mean that everyone have to do the same. People can do the fair amount of what a good while they are good. As so."
2468.02,2479.399,"Bryan Chen: So maybe someone who's like, you know, cooking, someone's doing cleaning, or someone who's doing some other stuff. That's that probably better out in there, you know, personally. So yeah."
2479.95,2486.97,"Bryan Chen: So I don't have a really strong expectation about who should do what? So it's and relatively flexible. I think."
2490.47,2495.789,"Amy: Yeah, I think for me. If I if I see some like guys let put"
2495.87,2502.21,"Amy: they are good at cooking, or they love cooking on the profile, and I was swipe right like less"
2502.64,2505.759,"Amy: from me if somebody can cook and willing to cook."
2505.98,2509.109,"Amy: because in my I think, probably because"
2509.55,2511.029,"Amy: what I saw in my."
2511.03,2512.79,"Bryan Chen: Friends, because my."
2513.41,2521.381,"Amy: So I will. Right? Right should be match. Okay and left will be. Now you're out."
2521.97,2544.97,"Amy: So cause I I see my parents lay. I think they are kind of good. A combination of my mom actually is not really good at cooking. And my dad actually really good at it. So they have, like a good combination of my dad cook. And then my mom will sort out what he did after the cooking. So"
2546.09,2553.73,"Amy: yeah, for me, I feel like, yeah, maybe cook somebody who's good at cooking would be a"
2553.79,2559.479,"Amy: bonus point for me if I really want to find somebody like as a."
2559.48,2560.16,"Elda (Host): On there."
2560.3,2561.01,"Elda (Host): Yeah."
2561.01,2570.24,"Amy: Long-term relationship. Yeah, rather than just. You know a prince, a prince, or something. Just wait for you to contribute everything."
2572.51,2579.87,"Elda (Host): yeah, absolutely. I feel like even just showing the willingness to to do or share housework"
2579.93,2592.689,"Elda (Host): can be applause. What about you, Ray? Like I don't know if you're like your relationship status. But like, what if someone told you? I expect you to be able to cook? What would be your response to that."
2593.34,2612.96,"Rui Xing: I mean, if if that's a good partner I'd love to stay with, I'm willing to learn. I think the willingness is the key for me. I don't have really expectation for specific things, but probably for willingness, because for me, if I feel like she's"
2612.97,2632.649,"Rui Xing: very busy or very tired doing all the housework. I'm definitely gonna help, and if I'm not doing it efficiently I'll ask her if if she's good at it. I'll ask her how to do it in more efficiently. So you can save the time for both of us. I think the core is to enhance the efficiency of the"
2632.7,2637.7,"Rui Xing: family of the 2 people, so we both have more time to do things we love to do"
2637.75,2642.21,"Rui Xing: so. I think the witness is the key, but I don't know if I should"
2642.956,2650.55,"Rui Xing: fixes some ex expectations for people, but and I admit that I also flew influenced by them"
2650.59,2664.169,"Rui Xing: Asian society, so I probably would expect she could be good at cooking, because I'm still learning cooking, and I don't think I doing to very well. So yeah."
2664.74,2668.09,"Rui Xing: Yeah, but I can, when we're happy to work on it."
2668.413,2678.44,"Elda (Host): Yeah, I think that's the point. Like, you know, when like what you said, like what brian said about like someone is better at something, and someone is not so"
2678.45,2694.76,"Elda (Host): good at something. And you know, when it comes to cooking, and, like little, you know, managing the little spices and like seasonings and things in the kitchen, you know, in a lot of cases. The wife with the the woman tends to be"
2694.8,2699.34,"Elda (Host): somehow just a little bit better at those things than men, but"
2699.72,2702.626,"Elda (Host): it's it's kind of hard to say. Oh, I"
2703.5,2705.83,"Elda (Host): I expect you to cook when"
2706.03,2712.44,"Elda (Host): you know everyone knows that, you know she she is better at cooking, but it's it's kind of hard to to share the responsibilities when"
2712.49,2718.639,"Elda (Host): when yeah, when you know it's not efficient to to do it that way. So that that's what makes it difficult. I feel"
2719.014,2728.455,"Elda (Host): but like like what Ray said. I, I think the wife, your future partner will appreciate you saying, Oh, I want to help, and you you're willing to learn so."
2728.77,2734.779,"Rui Xing: Yeah, hopefully, she won't say. After after a few rounds she will say, Okay, don't. Don't have. You're just wasting me."
2734.78,2735.68,"Elda (Host): I."
2735.68,2739.739,"Rui Xing: I don't. I don't want to just this this thing happen. So yeah."
2739.74,2742.99,"Elda (Host): Yeah, it's it's the attitude that counts. Yes, Amy."
2743.65,2745.506,"Amy: So how about you?"
2745.97,2746.68,"Elda (Host): Me!"
2746.9,2747.61,"Amy: Yes."
2748.82,2749.24,"Amy: you're paying."
2749.24,2749.9,"Elda (Host): I."
2749.9,2751.799,"Amy: Towards this question."
2752.69,2756.369,"Amy: or how how are you dealing with this cause? Yeah."
2757.584,2763.875,"Elda (Host): I thought I could like avoid this question because I'm the host. But anyway, i can i can answer,"
2764.62,2769.912,"Elda (Host): i feel like, I kind of had to drop a lot of my expectations"
2770.81,2771.64,"Elda (Host): like."
2771.94,2777.529,"Elda (Host): because we're both working I'm I'm living with my partner, and for those who don't know"
2778.068,2779.98,"Elda (Host): we're both working, and"
2780.55,2782.569,"Elda (Host): we're both the kind who like"
2785.06,2787.88,"Elda (Host): We don't mind the house being a little bit messy."
2789.37,2790,"Bryan Chen: I didn't know."
2790.48,2790.95,"Bryan Chen: That's."
2790.95,2793.316,"Elda (Host): Put it yeah, that way."
2793.86,2803.019,"Elda (Host): so I I think that's all about the tolerance level. Like, if you like, Rena said. If you have agreement, locally, mutual agreement on like"
2803.32,2805.399,"Elda (Host): the level that"
2805.48,2806.65,"Elda (Host): you are"
2806.74,2808.33,"Elda (Host): able to accept."
2808.57,2809.61,"Elda (Host): Then"
2809.7,2818.18,"Elda (Host): then that's that's good. If if it goes over that level, then you know someone should do something about it. I'm talking about housework"
2818.71,2825.02,"Elda (Host): so. But I I do feel do find myself being the one who has to like. Say."
2825.25,2833.72,"Elda (Host): it's time to do the dishes, or it's the time to, you know. Clean the house like I'm the one taking initiative."
2834.38,2837.889,"Elda (Host): But I feel that's you know what relationship is about, because"
2838.94,2847.47,"Elda (Host): he's good, as he's not obviously not good at housework, and I'm not gonna like force it on him, even though I know he's willing to help."
2847.967,2850.539,"Elda (Host): I'm not gonna like force on him."
2850.67,2853.089,"Elda (Host): But I'm gonna tell him to do it."
2853.49,2855.214,"Elda (Host): you know. Yeah."
2856.556,2857.07,"Elda (Host): I think."
2857.07,2859.45,"Amy: And that's the secret of how you"
2859.66,2862.08,"Amy: maintain your memory."
2862.08,2863.889,"Elda (Host): Yeah, yeah."
2863.89,2866.349,"Amy: Drop your expectation down."
2867,2868.58,"Elda (Host): Exactly. Yeah."
2868.58,2869.26,"Amy: Okay."
2869.26,2870.89,"Elda (Host): Don't keep your expectation high."
2870.9,2872.03,"Elda (Host): Yeah."
2873.708,2875.339,"Elda (Host): How about you, Chantelle?"
2875.74,2879.92,"Elda (Host): What do you expect within a relationship? And do you think."
2879.92,2880.46,"Shunto: Yes."
2880.66,2882.35,"Elda (Host): Changed over time."
2882.681,2888.318,"Shunto: Actually, I wanted to avoid avoid this question, because I am very, very bad at the housework."
2889.13,2889.54,"Shunto: too."
2889.54,2892.03,"Elda (Host): No, doesn't have to be hard work."
2892.812,2903.76,"Shunto: It's about like showing the responsibility in the same house. So yeah."
2903.77,2926.563,"Shunto: objectively, I do not think like my partner will be comfortable with living with me. So I mean, I'm I'm bad. I'm I'm bad at like tidying up my room or cooking. So I definitely like, I I definitely need to learn a lot."
2927.16,2936.66,"Shunto: But yeah, I think, yeah. But I think like, if I find anyone right. And if there's a necessity, I think I will."
2936.7,2947.294,"Shunto: I will do my best to improve my habit before like sharing room, so that I he he may not be, so uncomfortable living with me."
2948.97,2951.27,"Shunto: Does this answer the question."
2952.24,2956.88,"Elda (Host): Yeah, yeah, I I think you have. Gently answered my question."
2957.16,2958.23,"Shunto: Yeah."
2959.39,2964.08,"Elda (Host): Yeah, I I yeah, I I feel like there's a lot to learn like when"
2964.16,2975.82,"Elda (Host): when the the roles of the gender roles have become more blurred and current society, you know. Wife is no longer expected to cook all the time, like."
2976.44,2986.329,"Elda (Host): In fact, in in Taiwan, eating out is so common like, if you're able to cook, you're a woman you're able to cook. Then you're like."
2987.56,2990.519,"Elda (Host): you know, awesome. You're like amazing wife."
2990.929,2995.12,"Elda (Host): But if you're you're not able to cook, then that's fine, then just take out."
2995.59,2998.919,"Elda (Host): It's like a skill. Now it's it's not like"
2999.02,3002.359,"Elda (Host): must skill, but it's kind of like additional skill."
3002.862,3010.519,"Elda (Host): But I do feel I I do feel it's like kind of cool in in the Japanese school, where"
3010.87,3018.389,"Elda (Host): like to some level as as far as what I see at school, they still try to teach everyone"
3018.55,3020.039,"Elda (Host): boys and girls"
3020.12,3022.009,"Elda (Host): like they're really basic"
3022.724,3028.39,"Elda (Host): not survival, but like family skills. Like everyone needs to learn how to make miso soup."
3028.53,3034.85,"Elda (Host): Everyone needs to learn how to make rice. Everyone needs to learn how to sew a button."
3035.49,3035.889,"Shunto: Take them on."
3035.89,3037.35,"Elda (Host): Basic yeah."
3037.35,3043.892,"Shunto: Yeah, we we learn some cooking skills during our like elementary. I know"
3044.93,3057.869,"Shunto: primary school, like like the school before Junior high school. I forgot what that was. But anyway, yeah, we we done some cooking things. But like, basically, it's just like a once a week or something like that, and I don't"
3058.1,3059.849,"Shunto: think like it's gonna be"
3060.3,3067.839,"Shunto: very much much helpful to us. I mean, it's somewhat helpful, but it doesn't work to me. It didn't work to me."
3067.84,3068.19,"Elda (Host): Right."
3069.43,3075.78,"Elda (Host): but at least they planted the idea of like how to cook rice. You put in water and like, Okay."
3075.78,3076.55,"Shunto: Yeah, yeah, yeah."
3076.55,3077.93,"Elda (Host): Yeah, like, 0."
3078.11,3080.049,"Shunto: I think I'm not 0."
3080.05,3081.319,"Elda (Host): You're not like."
3081.45,3083,"Elda (Host): yeah, yeah."
3083,3083.555,"Shunto: Yeah."
3084.67,3090.84,"Elda (Host): I just I just find it amazing how like, you know, they put it in in the education system and tries to like"
3091.07,3094.619,"Elda (Host): teach everyone the same thing, regardless of your"
3094.64,3095.67,"Elda (Host): gender."
3095.82,3106.75,"Elda (Host): Yeah. Whereas in like Western culture, it's normally like, you know, home technology, what do you call it? Like? Home science is like what you take as an option."
3108.46,3109.33,"Elda (Host): Subject."
3109.7,3110.69,"Elda (Host): Y'all."
3112.14,3115.81,"Amy: I think I can share something like really interesting that"
3116.55,3125.549,"Amy: I don't mind if this is my like, a dating experience share to you guys, we I met a guy. He's from Denmark. He's Danish."
3125.75,3126.66,"Amy: and"
3126.76,3138.73,"Amy: we only text. We only text to each other like through online. So I never seen her seeing him in person, but he"
3138.91,3143.159,"Amy: he will send me the the photo of the braid he made."
3143.83,3144.58,"Amy: so I found."
3144.58,3145.42,"Elda (Host): Bread."
3145.42,3146.729,"Amy: Yeah, Brad, like."
3146.73,3148.05,"Elda (Host): Baked bread."
3148.05,3152,"Amy: Yes, like a homemade of bread, but he's still muscular."
3152,3152.5,"Elda (Host): Is love."
3152.5,3171.009,"Amy: Like. So I feel like, Wow, that's an excellent like a talent, because I think England nor their country they are. The course is always like I don't know how to say like a fair. So it's like men are men is really willing to share with us"
3171.12,3176.519,"Amy: so they can cook. They can make bread like and do lots of housework"
3176.61,3198.69,"Amy: for support of family. So yeah, it's just a, you know. Interesting side of if dating somebody who's obviously very different from your country. You might, you might able to see, like a really different responsibility role or something in this modern dating world."
3200.4,3208.58,"Elda (Host): yeah, cultural difference definitely like expectation also plays a role. I I've heard that, like Italian men"
3208.74,3215.41,"Elda (Host): in general, I know it's another like steroid stereotype italian men in general are pretty good at cooking."
3215.9,3218.039,"Elda (Host): and they they can't stand."
3218.45,3220.469,"Elda (Host): I'm seeing Pasta"
3220.82,3223.839,"Elda (Host): cooked in a non-italian way."
3225.68,3227.479,"Elda (Host): Yeah, something like that."
3227.48,3228.14,"Amy: Yeah."
3228.35,3232.229,"Elda (Host): Yeah, they have like a really strong food culture."
3232.43,3236.61,"Elda (Host): So I I think that also yeah plays a role like"
3237.965,3250.39,"Elda (Host): and the the cultural what you're saying. Okay, we are like, kind of towards the end of the time. But I kind of want to go quickly on. The last question."
3251.032,3274.559,"Elda (Host): If if you guys want to stay please bear with me if you have to go, because I know it's been an hour you can leave as well. So the last question is, what's a positive or challenging experience you've had with LGBT relationships, either personally or observed in recent years. So the reason why I put this question it's kind of out of the place. Maybe off the sudden"
3274.917,3284.66,"Elda (Host): for some of you is, you know we. We talk about gender roles and expectations so like, you know men and women, they are no longer, you know."
3284.93,3286.01,"Elda (Host): doing the"
3286.03,3290.34,"Elda (Host): things that they they should be doing as men and women anymore. So even"
3290.46,3295.49,"Elda (Host): a man can do a woman's job. A woman can do a man's job. So"
3296.06,3307.81,"Elda (Host): really, there's no like gender difference in that relationship. That's why I wanted to extend that into Lgbtq plus. It's so long it's getting, I think, used to be like LGBT."
3308.01,3320.716,"Elda (Host): And later it became Lgbtq. And then it's now Lgbtq, plus. It's getting more and more complicated. So do you have you ever seen any cases like around you."
3321.45,3324.79,"Elda (Host): regarding this kind of situation?"
3326.121,3332.248,"Elda (Host): Because I I know there is a growing population and awareness in this"
3333.18,3334.13,"Elda (Host): kind of"
3334.27,3335.44,"Elda (Host): gender."
3337.14,3338.25,"Elda (Host): what do you call it?"
3338.55,3340.109,"Elda (Host): Like sexuality?"
3341.02,3343.377,"Elda (Host): But there's also a a growing"
3344.79,3356.329,"Elda (Host): yeah, like people. More more and more people are willing to step out and say, you know I am this, and that, or even non binary is another, is another one like they are not"
3356.89,3358.739,"Elda (Host): defined by any of the"
3359.07,3359.99,"Elda (Host): conventional"
3361.26,3362.6,"Elda (Host): sexuality."
3364.4,3370.69,"Elda (Host): do you find? Do you still find it challenging? Because I know, in particular, in in Arab?"
3371.305,3374.98,"Elda (Host): It's I. I think it's quite conservative"
3375.35,3376.51,"Elda (Host): over there."
3377.47,3390.22,"Rui Xing: I mean, it's it's not only challenging, it's it's kind of kind of forbidden because the law doesn't doesn't allow Lgbtq relationships. It's not permitted by law."
3390.34,3391.04,"Rui Xing: Yeah."
3391.871,3394.23,"Elda (Host): Yeah, it's illegal. Even. Yeah."
3394.23,3398.699,"Rui Xing: Yeah, it's illegal. So I have very few experience for this."
3399.148,3404.079,"Elda (Host): Yeah. No worries is it legal in Australia to get married?"
3404.15,3405.74,"Elda (Host): Lgbtq plus."
3405.74,3412.71,"Bryan Chen: It's legal, and I think people are very open about it. I just like, I guess, like in my lighter"
3413.709,3417.8,"Bryan Chen: like 2 or 3 couples that I know. And then"
3418.01,3421.47,"Bryan Chen: and I think it's not too much different. I mean, like we just"
3421.66,3425.339,"Bryan Chen: friends. And so I mean they"
3425.37,3433.85,"Bryan Chen: they do their own thing, I mean, like, it's pretty pretty much like beside the fact that they are Lgbtq Guru, I think the results in our interaction is."
3433.86,3450.539,"Bryan Chen: it's pretty normal, so I don't. I think it's become become more and more common, and they are also more and more aware there are more and more non binary. So who people who are, who can deal with both female and males and people are actually open with it. So yeah."
3450.67,3453.97,"Bryan Chen: I think it's kind of become a common thing here. Yeah."
3457.64,3460.399,"Elda (Host): yeah, I had. I had this classmate"
3460.44,3462.31,"Elda (Host): back in Oakland."
3462.89,3467.1,"Elda (Host): she had sorry I, I think it was he, he had green hair."
3467.56,3469.69,"Elda (Host): but he was like kind of short."
3470.28,3475.32,"Elda (Host): So I I kind of like he kind of stood out in the classroom the whole time."
3477.5,3478.47,"Elda (Host): And"
3478.91,3482.279,"Elda (Host): it was like at this point when we're on the field trip."
3482.58,3487.309,"Elda (Host): and I heard him like talking with another person about"
3487.34,3500.26,"Elda (Host): their marriage, like they booked a vineyard. And, you know, wanting to get married and stuff like that. And from that conversation only. Yeah, only was then did I know that"
3500.52,3501.71,"Elda (Host): she"
3501.88,3506.52,"Elda (Host): well, he was a transgender like he used to be a female."
3506.76,3508.86,"Elda (Host): but had no idea like"
3508.95,3512.72,"Elda (Host): it was hidden. No, it wasn't even intentionally hidden."
3512.77,3513.3,"Elda (Host): but"
3514.48,3517.519,"Elda (Host): like no one really pointed out any"
3517.6,3520.999,"Elda (Host): you know whatsoever. It was just so naturally like"
3521.11,3524.19,"Elda (Host): he was there. He's 1 of the classmates. And I"
3524.39,3526.07,"Elda (Host): I thought, Wow, it's"
3526.11,3527.39,"Elda (Host): it can happen"
3528.34,3531.069,"Elda (Host): to any of us. Just be, you know, randomly"
3531.31,3539.239,"Elda (Host): behind you and working on the street. It can be just in any of them. Can be Lgbtq, but you know they look the same."
3541.348,3543.689,"Elda (Host): it's kind of scary to"
3543.79,3547.336,"Elda (Host): to to hear you know news about"
3548.11,3552.669,"Elda (Host): especially more conservative societies saying."
3553.03,3554.725,"Elda (Host): put putting these"
3555.64,3560.919,"Elda (Host): restrictions on these communities, you know, when they don't, they don't really have that"
3561.95,3562.68,"Elda (Host): knowledge"
3562.79,3564.78,"Elda (Host): on these people."
3564.95,3573.092,"Elda (Host): So it's it's kind of sad. How about in in the Uk, Amy? Do you see a lot of like public."
3573.48,3577.07,"Amy: Uk. I don't know other countries, but."
3577.71,3580.34,"Amy: What I have seen so far."
3580.4,3604.289,"Amy: You know lots of company. They will speak out loud. Speak loud about the welcome to any gender Lgbtq. Plus any person like any anyone like, no matter what what gender they are. So that's a really positive side about this. So people are more willing to"
3604.52,3605.51,"Amy: accept"
3605.67,3610.739,"Amy: people. They're not just common or normal, like like everybody says"
3610.89,3617.77,"Amy: so. And there's lots of I don't know. Maybe because the city I'm staying here is like super is"
3617.97,3626.179,"Amy: Code Lgbtq. Like town, the most welcome town."
3626.481,3628.589,"Elda (Host): Really, what is it? Yeah, it's Brighton."
3628.74,3639.679,"Amy: Brighton, so you can see lots of couples. They hold their hand on the street, and we also have, like Lgbtq Cafe"
3639.98,3640.54,"Amy: for a."
3640.54,3641.689,"Elda (Host): More people."
3641.69,3642.75,"Amy: Yeah, so."
3642.75,3644.59,"Elda (Host): And no straights allowed."
3644.59,3653.55,"Amy: Yes, there's strong community here. So, and we have parade for pride, this as well every single year."
3653.76,3658.7,"Amy: So here is like, yeah, and you can just so easy to see."
3658.85,3659.79,"Amy: You know."
3659.95,3661.95,"Amy: lots of people there"
3662.27,3665.14,"Amy: freely to stay here to"
3665.17,3670.09,"Amy: show up their real color, their real gender here. So yeah."
3671.75,3675.65,"Amy: It's yeah. Eye opening experience to live here."
3676.014,3680.75,"Elda (Host): And why do you think it's that? Why do you think? Brighton."
3681.794,3685.33,"Elda (Host): is that strong lgbtq."
3685.98,3686.82,"Elda (Host): community, like."
3687.23,3690.18,"Elda (Host): Not other places? Is there particular"
3690.5,3691.61,"Elda (Host): like? If."
3692.31,3697.39,"Amy: I don't know. Yeah, I don't know. The real reason, but I found here is just"
3697.85,3718.969,"Amy: I don't know. Here is started to become cause. If you have more people like they are not. They are more like outsider, and then they were less well. Appeal or gather, or you know you will attract other people, they probably same as you. So the community just get stronger, stronger, and"
3719.31,3733.32,"Amy: lots of people, because of this, probably if they stay in their countryside. Maybe there they won't get accept. But if they move to Brighton, then there's another issue, not a problem anymore. So."
3733.32,3733.74,"Elda (Host): Wow!"
3733.74,3735.78,"Amy: Just. Yeah. And"
3737.09,3737.9,"Amy: oh."
3738.2,3746.519,"Amy: I want maybe higher education. People are more higher education, educated"
3747.38,3748.76,"Amy: as well, because here."
3748.76,3749.44,"Bryan Chen: Isn't."
3750.07,3760.039,"Bryan Chen: Yeah. I think it's a common phenomenon, because I remember in Chicago there's also a boys town, and also in Montreal. There's also a gay town. So it's like"
3760.17,3762.909,"Bryan Chen: there's like a specific suburb that"
3762.97,3774.51,"Bryan Chen: LGBT people they tend to kind of aggregate together in a forming like a community. And then in celebrating. So yeah, I think in many Western countries they do have such kind of"
3775.08,3776.639,"Bryan Chen: pound or"
3776.69,3782.039,"Bryan Chen: places that cannot have a aggregation of the Lgbtb members, yeah."
3782.21,3782.96,"Amy: Yeah."
3784.47,3789.699,"Elda (Host): that's that's really really good, like, it's you know, they they find their"
3790.43,3795.76,"Elda (Host): final destination, I mean, maybe not final like their community there."
3795.96,3796.39,"Amy: Yeah."
3796.39,3796.89,"Elda (Host): Oh!"
3796.89,3812.75,"Amy: Oh, I I think I can share one experience that because the the kind of society is so advanced here. So I remember when I. 1st day I went to my school, and I found there's a genderless toilet."
3813.44,3814.15,"Amy: So"
3814.75,3824.959,"Amy: when I jump into a toilet there's a guy in the you know he's washing his hand as well. But I think this won't happen in Taiwan, or maybe other country."
3825.31,3828.71,"Amy: I don't know. In Taiwan or Asia. I don't know."
3830.26,3830.78,"Amy: Yeah."
3830.78,3832.68,"Elda (Host): That's really cool."
3832.78,3837.79,"Elda (Host): Yeah. So my my partner is architect designer."
3837.82,3850.689,"Elda (Host): So he he talked about kind of toilet design sometimes, like, you know, in general, female toilets need to be larger, almost double the size of a male's toilet."
3850.81,3851.74,"Elda (Host): because you need."
3851.74,3852.45,"Shunto: And."
3852.45,3854.479,"Elda (Host): More space for the closets."
3855.076,3856.779,"Elda (Host): But for men it"
3856.94,3859.409,"Elda (Host): you don't really need a lot of"
3859.61,3860.7,"Elda (Host): cubicles."
3861.78,3862.57,"Amy: Okay."
3862.88,3863.91,"Elda (Host): But because."
3864.24,3866.849,"Elda (Host): you know, so mostly he's"
3867.319,3881.989,"Elda (Host): getting these cases in within Japan. So as Japan is getting more and more like aware of Lgbtq, and you know, gender equality and things like that they talked about. Oh, why don't we have"
3882.585,3895.2,"Elda (Host): this genderless toilet like like you suggested, so we don't discriminate these people. If when we designed this, you know, Lgbtq, it's kind of"
3895.24,3896.469,"Elda (Host): hard to"
3896.83,3898.199,"Elda (Host): categorizing all the."
3898.2,3898.61,"Amy: Yeah."
3898.61,3900.81,"Elda (Host): Have to use the mail toilet would."
3900.81,3901.2,"Amy: Yeah."
3901.5,3902.1,"Elda (Host): Our toilet."
3902.26,3902.94,"Amy: Yeah."
3902.94,3906.419,"Elda (Host): And it just makes things really confusing. It's like, how can you"
3907.086,3912.639,"Elda (Host): determine with whether someone is Lgbtq? And what if they don't want to show"
3913.08,3918.219,"Elda (Host): that they they are, you know, non binary by using the genderless toilet."
3918.3,3920.05,"Elda (Host): you know. So it became kind of."
3920.05,3920.859,"Shunto: Hates it."
3920.86,3921.55,"Elda (Host): And"
3922.19,3927.809,"Elda (Host): yeah, basically, there's no big Lgbtq communication to start with."
3927.83,3932.139,"Elda (Host): So and eventually the the design idea was dropped."
3932.16,3937.149,"Elda (Host): But it's like, really, really cool to hear that you you have that in the Uk."
3939.27,3940.24,"Elda (Host): yeah."
3943.2,3944.7,"Elda (Host): would you ever"
3945.15,3947.959,"Elda (Host): use the jandella's toilet."
3948.18,3950.139,"Elda (Host): would any of you ever use it? Or."
3950.14,3953.129,"Bryan Chen: I mean, if this is only toilet layer, I have to use it right."
3954.77,3959.01,"Elda (Host): True. When both are like full, then you have no choice."
3959.01,3959.97,"Bryan Chen: Yeah."
3960.08,3960.6,"Bryan Chen: right."
3961.82,3966.2,"Bryan Chen: It's like sometime I use a disability toilet. Even know I know disability"
3966.62,3967.359,"Bryan Chen: don't know."
3967.36,3968.89,"Elda (Host): Yeah, yeah."
3969.42,3976.74,"Bryan Chen: More spacious, more comfortable. And then, yeah, and sometimes you can even take shower layer. So."
3976.74,3977.78,"Elda (Host): Yeah."
3978.97,3982.769,"Elda (Host): just walk in and pretend you like, broke your leg or something. Yeah."
3982.77,3989.82,"Bryan Chen: And you can like you can like walk in with a with a broken leg. Pretend you have a broken leg."
3989.82,3992.81,"Elda (Host): Yeah, yeah, limping and yeah."
3994.4,3995.455,"Elda (Host): okay,"
3997.05,4003.55,"Elda (Host): Rena, do you have something to share around this topic, or, just in in general"
4003.74,4005.747,"Elda (Host): before we wrap up."
4006.73,4007.73,"renaaaa: Yeah, actually,"
4008.74,4019.49,"renaaaa: it's kind of like a very personal experience, because I'm Aqua Street. But one of my close friends she's she's a Lesbian."
4020.549,4021.064,"renaaaa: not"
4021.8,4031.179,"renaaaa: yeah, she's a lesbian, but I don't know about this previously, but one day she exposed her heart to me, and I felt"
4031.22,4032.67,"renaaaa: Verisa."
4033.41,4043.349,"renaaaa: very shocked, in the 1st place, but I tried to maintain our relationship. We try to maintain not a love relationship, but more like a friendship"
4043.49,4069.849,"renaaaa: for? Well, but she feels very. I suffer, and she feels very frustrated because she really want our relationship to go West. Step further, and not like a friendship, but more like a love of relationship. So I I think these kind of things can be quite tricky, especially when between 2 girls sometimes. Yeah. But but in the end we do find a way to resolve these. Yeah."
4072.081,4078.4,"Elda (Host): Yeah. And then I think that that points out again that people are more like willing to"
4078.6,4091.989,"Elda (Host): to to say to say it, even though your friends, you know, back in the days I I'd imagine there'll be even, you know there's no way that you would say anything. You just want to keep it like to yourself, like, keep in the closet."
4092.463,4094.03,"Elda (Host): Because you don't want to"
4094.31,4100.979,"Elda (Host): lose that friendship, I think, but I'm I'm sure it's still a difficult decision, even."
4101.14,4103.049,"Elda (Host): you know. Now for her."
4103.18,4107.721,"Elda (Host): Yeah, yeah. So you guys, still, friends, you girls are still friends."
4108.109,4109.039,"renaaaa: Not black."
4109.54,4111.66,"Elda (Host): Okay, that's cool."
4115.12,4120.18,"Elda (Host): just before we we wrap up shunto, do you want to add anything just in general."
4121.25,4149.012,"Shunto: okay, yeah. As I. As I said, I'm gay and but I know some like some specific case about, especially like G. And B. And I. I don't know about the like here, and anything else, because i i i don't even know like how to make meet with them with them, actually. But anyway, so from my perspective. Okay, let let me like specify about like the family family relationship about it. So like"
4149.479,4179.369,"Shunto: Well, my stuff is my stance about like coming out is like this. So if I if I need to say it I will say it, or maybe if he of if my friend is very close, I may say it like by by the water, like it's necessary, like I I don't mean, like I need to talk about the relationship, or maybe, like I want to. I want to share my experience with my partner. In that case I may say so. I think I'm kind of very"
4179.945,4185.579,"Shunto: liber, or, in other words, or very open, I have open stance about it. But"
4185.958,4209.799,"Shunto: meanwhile, like I don't. I don't recommend the distance to like others, because I know I know it can call it can lead. It can lead severe consequences sometimes. So, for example, if you say like, you're gay to your parents like it, it will lead various outcomes. So in some in some cases. Like it. May."
4209.8,4237.58,"Shunto: it may eventually be a better, better bond, better family bond in some cases like it may make awkward, awkward, awkward at an atmosphere in the others like it may, it may just destroy the family relationship of them. So like like it can lead like unrevertible unrevertible, unreversible consequence. So I"
4237.8,4259.129,"Shunto: although although if you feel it's the right thing to do it, may you, he may need to do it, but otherwise I I don't recommend to do it. And if I talk about like the company I I still don't care to say, because, like I'm I'm working for like a German company. So then."
4259.13,4259.92,"Elda (Host): If."
4259.92,4262.29,"Shunto: It's relatively liberal. So, but."
4262.9,4292.349,"Shunto: But if if he's working for like a Japanese traditional company, he may, he may not comfortable. It may be he may not be comfortable with saying it, because it may even can affect the promotion his promotion so like like, if you want to get a rate on the promotion effectively, maybe it's a very wise, wise tactic to get married with someone, so that you may be acknowledged in the company. So"
4293.44,4295.3,"Shunto: are in"
4296.849,4302.649,"Shunto: so in a nutshell right"
4302.95,4304.979,"Shunto: between people. But."
4305.52,4324.37,"Shunto: Some people is up. Some people are open, but some people are close, and I don't recommend I don't. I don't recommend any everybody to being open because it can lead to like catastrophic damage to your"
4324.48,4330.11,"Shunto: relationship with your people are people around you. So yeah, that's my opinion."
4330.953,4342.26,"Elda (Host): So that's let me let me guess. So. That's more kind of when you say if you're living in Japan, or do you think that applies to even outside of Japan."
4342.92,4362.99,"Shunto: Yeah, I guess it can operate outside of Japan. So like, yeah. So although I know, like in the Western Company, like, sorry in the Western countries like it's it's sometimes recommended to be to be to be open. But and it's it's I know it's sometimes it's sometimes the right choice. But yeah, I know it. Can. It can lead like"
4363.01,4391.11,"Shunto: a severe damage to like, you know, like your community, or maybe like to your family relationship. So, in my opinion, you you should be very cautious about it, and you should you, you should acknowledge the potential hard outcome. If you, if you decide to be, to be, to be open. But I think I might be wrong, because, maybe, like I know, some people are very open about very open about it in the western."
4391.11,4391.639,"Elda (Host): These are my son."
4391.64,4392.88,"Shunto: Country, so."
4393.926,4402.889,"Elda (Host): For example, you shouldn't be open if you're in the arab country as, you might be taken to jail."
4402.89,4413.488,"Shunto: Yeah. Oh, yeah. In that case, I definitely do not say I mean it does not bring me any penny any benefit to me. So in that case, in that case I don't say."
4413.8,4414.3,"Elda (Host): Yeah."
4414.785,4415.27,"Shunto: Yeah."
4415.27,4424.1,"Elda (Host): Yeah. So so for you, you are happy to be open and ready, you know, need to be cautious and selective"
4424.23,4426.7,"Elda (Host): of like who you speak to?"
4426.79,4428.579,"Elda (Host): Yeah, exactly. Yeah."
4430.19,4431.899,"Elda (Host): Okay. Thank you for sharing."
4432.08,4437.739,"Elda (Host): Okay. Now, it's been yeah an hour and quarter past. So I think it's"
4437.78,4441.011,"Elda (Host): it's about time to wrap up"
4441.89,4444.27,"Elda (Host): Brian, do you want to add any"
4444.38,4446.39,"Elda (Host): final words before we close up."
4447.32,4448.4,"Bryan Chen: I'm good."
4450.3,4451.13,"Bryan Chen: And good."
4452.64,4453.6,"Elda (Host): You're good."
4456.531,4458.938,"Elda (Host): Okay? Oh, well, little rockets."
4459.83,4469.57,"Elda (Host): Okay. Well, thank you. Guys for sharing today. Just yeah. As a quick summary, I I think like overall today. Oh, thank you for the balloons."
4470.121,4472.58,"Elda (Host): They're lovely overall today we"
4473.06,4482.219,"Elda (Host): like from from sorry for not showing my face today as I I don't have really nice background. I can feel that in general we we have."
4482.92,4492.32,"Elda (Host): We are in the similar generation, like age. Wise, I think we're we come from in a similar generation. So overall, we're quite liberal towards"
4492.931,4497.1,"Elda (Host): gender roles and also relationship expectations. And it's"
4497.24,4500.099,"Elda (Host): it's great. That we have."
4500.79,4502.665,"Elda (Host): you know, also share different."
4503.18,4504.899,"Elda (Host): yeah. Thoughts on"
4505.06,4507.419,"Elda (Host): a relationship and things. And"
4507.46,4510.242,"Elda (Host): Shinto thanks for coming in last minute."
4510.64,4511.209,"Shunto: You're gonna serve."
4511.21,4514.34,"Elda (Host): I know. I know the invitation was like, really."
4514.34,4515.119,"Shunto: No later."
4515.12,4515.62,"Elda (Host): And."
4515.62,4518.865,"Shunto: It was pretty I enjoyed it. Thank you for inviting."
4519.52,4528.969,"Elda (Host): Yeah. And because I know it's long weekend in Japan. So thank you for coming. And thank you also for coming out a little bit. I didn't know"
4529.965,4530.9,"Elda (Host): before."
4531.1,4535.569,"Shunto: Oh, it's it's okay. It's okay. As I said, I I don't care about like saying it, so"
4536.16,4537.857,"Shunto: you don't need to worry about it."
4539.59,4546.33,"Elda (Host): yeah, so it it means, you know, differently for for different people. So i still, appreciate that and"
4547.7,4553.149,"Elda (Host): and yeah and thank you for you guys to to join. And"
4553.89,4556.503,"Elda (Host): I hope you had a great time. And"
4557.22,4576.664,"Elda (Host): I'm gonna cause. Normally, we we have this little survey, but we we only have a survey in Chinese. And I know Rina and Ray, you're not like, really the the actual participants in this. So I'm not gonna post the survey this time. It's okay, Brian."
4577.41,4578.225,"Elda (Host): Okay."
4579.04,4585.456,"Amy: Maybe really would like to join, you know, more session in the future."
4585.95,4586.54,"Rui Xing: Yeah, yeah."
4586.54,4587.67,"Elda (Host): Yeah. Bored."
4587.82,4591.83,"Rui Xing: Feel free to send, send to us. We are very interested, can contribute. Yeah."
4591.83,4595.129,"Bryan Chen: Raised very lonely in Abu Dhabi. No one to talk to. Yeah."
4595.13,4600.859,"Rui Xing: I'm very lonely. No, I'm very. Yeah. I learned a lot today. Yeah, thanks for telling me all about this romance."
4600.86,4601.379,"Bryan Chen: Thanks for that."
4603.685,4612.61,"Elda (Host): Okay, well, thank you guys, you have a good one, and next time will be next week. Hopefully, Brian."
4612.94,4613.92,"Bryan Chen: Yeah, maybe."
4614.17,4618.88,"Elda (Host): Next weekend or, yeah, we we try to have one to 2 times a month."
4619.322,4623.529,"Elda (Host): Of this online English chat. So hope to see you again."
4623.77,4624.77,"Bryan Chen: Thank you. Thank you."
4624.77,4625.58,"Elda (Host): Goodbye!"
4625.58,4626.65,"Shunto: Thank you. Bye, bye."
4626.65,4627.71,"Rui Xing: Thank you."
4627.71,4628.58,"Amy: Bye."
4628.58,4630.13,"Elda (Host): Hi."
