Start,End,Text
2.54,3.76,"Elda (host): alright."
5.37,10.89,"Elda (host): yeah. So today's topic is how to deal with stress."
11.52,25.344,"Elda (host): So in today's fast paced world stress is a common challenge that impacts our wellbeing and productivity. And no one likes stress. I mean, maybe some people do. But it's usually not the most."
26.07,31.02,"Elda (host): yeah, not not the the most you know, desired thing."
32.05,46.179,"Elda (host): So yeah, today, we like to take this opportunity to share our different experiences and see how we can. Yeah, find solutions for different stresses and perhaps"
46.24,48.91,"Elda (host): share tips on how to"
49.423,60.549,"Elda (host): yeah, support each other and and developing healthier coping mechanisms. I'm just reading off the Instagram post for those who didn't notice."
61.197,71.32,"Elda (host): So yeah, just to to break the eyes to the beginning. 1st question, what are the most common sources of stress in your life. And how do they affect you?"
71.38,77.72,"Elda (host): And perhaps, yeah, if you can share how normally you would deal with stress in your life."
80.3,85.899,"Elda (host): Oh, hey, Amy, there are 2 foxes. That's that's pretty cute."
86.5,88.54,"Elda (host): Who who would like to start"
94.062,95.937,"Elda (host): Brian, would would you like to"
96.58,98.44,"Elda (host): to share this quickly?"
98.6,100.173,"Bryan Chen: Sure. Yeah."
100.98,103.269,"Bryan Chen: So I guess like for me."
103.28,104.64,"Bryan Chen: I see my."
104.78,117.836,"Bryan Chen: because my life is as a researcher in the university. So it's relatively flexible. So I mean, one thing I mean by flexible is that I can arrange a lot, allow my own time."
118.25,124.778,"Bryan Chen: and also in terms of financial stability. We don't earn a lot of money, but we do have a lot of"
125.46,146.75,"Bryan Chen: We we have enough money for our for ourselves to just, you know, just for the living. So we don't have too much financial concern as well. But I guess, like my major source of stress will be coming from the research itself. And as we, I think doing research is very different to doing courses, because courses. You are pretty much like"
147.01,169.4,"Bryan Chen: following the content from from your teacher or from your instructor. As long as you pay the effort you can have something in return. But research is more like working the forest in a dark forest by yourself. You don't know what's coming there when you don't know what's there, and also especially in the research of AI, because AI is very"
169.57,190.249,"Bryan Chen: popular these days, so it's very competitive. Very often you have one idea today, then you try to do it, and after one month you feel you find out. People already have published very similar idea to your work, and you feel, oh, I'm behind, or your your idea has been doing so. This kind of stress happen a lot."
190.25,191.52,"Elda (host): Yeah."
192.363,193.47,"Bryan Chen: My work."
193.56,196.56,"Bryan Chen: Yeah, also, recently, yeah."
197.052,201.98,"Elda (host): So it comes from the nature of your work."
201.98,204.059,"Bryan Chen: Yeah, contra of my work."
204.279,209.32,"Elda (host): So you just have to deal with it like, suck it up, or how do you? How do you balance it off."
209.32,210.73,"Bryan Chen: With your life."
211.01,212.159,"Bryan Chen: I guess it's"
212.39,219.439,"Bryan Chen: it's sometimes very difficult, because because I it's a lot of things. No control by yourself."
219.68,222.579,"Bryan Chen: Yeah, I guess I is. Have to"
222.99,228.91,"Bryan Chen: try not to make your mental state fall into the rabbit hole. What I mean by rabbit hole is like this kind of"
229.35,255.019,"Bryan Chen: always thinking about, because the thing about research is that the line between your life and your work is very, very blurred. So sometime, even after the working hours, still thinking about your research, and then you can be stressed out the whole day even after hours. So I guess I to handle this stress is like, I think I have to force myself to do something else and talk to people that's not in in my research cycle research."
255.02,255.71,"Elda (host): A couple."
256.149,262.879,"Bryan Chen: So. So we know there's something else out there. There's a lot of different meaning of life. And then."
262.88,263.58,"Elda (host): We don't."
263.58,270.33,"Bryan Chen: And then and then take the consider research more like a marathon than like a short term sprint."
270.33,270.77,"Elda (host): And who."
270.77,271.48,"Bryan Chen: Yeah."
272.44,278.169,"Elda (host): Right? Yeah, I I think that's that's a really good point. Like, actually remind yourself that"
278.23,283.23,"Elda (host): you know that the world is not just about the stress and the research is not."
283.23,283.64,"Bryan Chen: Yeah, like."
283.64,284.2,"Elda (host): Think."
284.45,285.27,"Bryan Chen: And."
285.54,286.769,"Elda (host): Yeah, and just."
287.13,296.14,"Bryan Chen: Yeah, I think a lot of stress coming from what do you consider as a loss? And what do you consider as a gain?"
296.47,307.92,"Bryan Chen: And then your kind of expectation is framed by certain conditions. Then your mood and your emotions swank a lot, swing a lot, and then you have"
308.16,309.872,"Bryan Chen: a lot of stress."
310.948,313.67,"Elda (host): Great. Well, thank you for sharing Brian."
314.89,323.19,"Elda (host): how about mandy, would you like to share what would be your common sources of stress. And how do you? How do you handle them?"
324.57,325.24,"Mandy: Okay."
325.45,328.119,"Mandy: So I think my common."
328.19,334.33,"Mandy: so serious of stress in my life, I think it's basically work. Actually."
335,336.91,"Mandy: So"
339.67,349.28,"Mandy: I think like. Recently, I just enter a new entering a new company. So everything for me is very new."
349.81,352.999,"Mandy: so like try to catch up"
353.02,356.999,"Mandy: all the thing and try to improve on myself."
357.44,359.009,"Mandy: Maybe a little"
359.11,366.24,"Mandy: walking, a book, working skills, or something like that. So that sometimes made me feel very stressful."
367.5,370.73,"Mandy: But not all that thing."
370.75,372.929,"Mandy: So let's kind of trace"
373.06,377.669,"Mandy: try me to, you know, improve myself."
378.12,382.689,"Mandy: And so now, always, I think."
382.71,388.649,"Mandy: But this kind of stress on sometime came into my come into my dream as well."
389.01,389.66,"Elda (host): So I like."
391.7,393,"Mandy: So I might"
394.44,396.03,"Mandy: similar dream."
396.577,402.53,"Mandy: which I think I have some source of detail from my daily life."
403.19,406.68,"Mandy: So sometimes you feel very tired, because"
406.69,412.839,"Mandy: I think my my friend always try to figure out something the whole time."
414.36,418.369,"Elda (host): Do you talk to your friends about your work and."
420.03,421.02,"Mandy: Do you talk soon."
421.02,421.826,"Elda (host): So friends."
423.07,428.19,"Mandy: Yeah. But like recently, I just say, I'm very busy, or something like that."
429.71,434.62,"Mandy: It's too busy to take. Give them to some details."
434.82,438.51,"Mandy: I think maybe it's just because I trying to"
439.04,444.27,"Mandy: like being a new company or new environment, so"
444.53,449.189,"Mandy: should be good in in the future."
449.74,452.689,"Mandy: So just try to attack it as a"
452.79,457.36,"Mandy: pass. None, none that passive try to be positive."
459.08,464.55,"Mandy: So to handle my stress, I usually"
465.02,466.76,"Mandy: actually, I usually like"
467.37,472.649,"Mandy: Google another Google, like like search, calm, calm music"
473.09,474.38,"Mandy: on Youtube."
474.46,482.13,"Mandy: and like always listening. The very calm music, like piano music or something. Just try to"
482.74,485.339,"Mandy: feel myself is not in"
485.51,488.15,"Mandy: like in the whole work."
488.52,489.35,"Mandy: Think"
489.71,498.88,"Mandy: so like. It seems like this kind of like listening to other music can also help yourself to relate your"
499.03,500.349,"Mandy: realize you have"
500.48,502.73,"Mandy: left brain or something like that."
503.9,504.849,"Mandy: You know, out."
504.85,507.52,"Elda (host): Also white. And yeah, background."
507.52,507.89,"Mandy: Yes."
507.89,509.794,"Elda (host): Like white noise."
510.46,515.129,"Elda (host): yeah, it sounds like, it sounds like, correct me, if i'm wrong, but it"
515.179,520.96,"Elda (host): it sounds like, you're the type who like tries to handle the stress by yourself. Rather."
520.96,521.66,"Mandy: But then like."
521.669,523.709,"Elda (host): Sharing with other people."
523.769,525.769,"Elda (host): Is that right? But you."
525.77,526.59,"Mandy: Oh!"
526.59,528.429,"Elda (host): Able to handle it by yourself"
528.49,529.809,"Elda (host): most of the time."
531.3,534.019,"Mandy: I think, like I also talked to my friend."
534.46,539.969,"Mandy: But like nowadays, like, everyone's very busy. So like, I cannot."
540.21,543.95,"Mandy: Yeah, I cannot like my my my friend, my friends"
543.96,545.869,"Mandy: to them, be handy all the time."
546.32,546.82,"Mandy: like."
547.5,550.16,"Mandy: In the moment I want them to be there. But oh."
550.18,551.86,"Mandy: I think they always layer."
552.02,558.329,"Mandy: but like so if I need something immediately, I would just like Google, it."
558.78,559.2,"Elda (host): Yeah."
559.2,562.969,"Mandy: Listen to the music. It will be a quick way to do so."
563.88,564.97,"Elda (host): I see."
565.12,571.438,"Elda (host): Well, thank you for sharing actually, we in in our survey of"
571.92,573.21,"Elda (host): of this."
573.24,576.669,"Elda (host): the session we did a quick survey in the."
576.94,583.08,"Elda (host): in the question, in the questions and I would like to share, what are the top"
583.68,585.03,"Elda (host): ranked"
585.35,587.009,"Elda (host): sources of stress?"
589.19,593.349,"Elda (host): the 1st one is work, related stress."
594.089,596.239,"Elda (host): and the second one is"
596.83,599.549,"Elda (host): human relationship and money."
600.58,613.41,"Elda (host): So these these are the top top 2. And I think that kind of reflects also our age cause we we are at the age of like, you know. Career is kind of the our biggest"
613.821,620.328,"Elda (host): thing in our life. For most of us, I think. So that that's where where we find stressful."
621.02,622.5,"Elda (host): yeah, most of the time."
623.938,628.55,"Elda (host): Yeah. Okay. And how about Jessica?"
628.915,633.694,"Elda (host): Would you like to share? What? What would be your common source of stress? And how do you?"
633.97,635.24,"Elda (host): How do you handle them?"
635.76,647.639,"jessica: I think for me. They're just as you mentioned. I think it's about a money money trouble my finance, I think, because for me I think that in the different edge"
647.94,651.649,"jessica: different stage of the line we got a different stress."
651.65,652.18,"Elda (host): Yeah."
652.18,654.27,"jessica: From high school community, and now."
655.12,667.707,"jessica: after graduate for more than 10 years. But for me, I'm still like developing my career and trying to find a balance between the salary and the thing. What I what what's the thing I would like to do?"
669.01,679.949,"jessica: So I recently just resigned from the previous job, because I that's a good payment. But I don't find really interesting. I mean, so that's"
680.11,683.009,"jessica: cause I think the big stress for me"
683.29,684.78,"jessica: in past"
684.85,686.05,"jessica: 6 months."
687.68,712.81,"jessica: So that that I but in that I didn't realize. But sometime, I found, I couldn't sleep well during the night, and I always need to check the phone during the weekend reply the message. So after that, I I do find out that is a little bit affect my kind of like a mental health."
713.12,719.069,"jessica: So I decided to take a break and slow down to resign from this job."
720.17,724.739,"Elda (host): I see. So even even you know, it was a really good pay job."
724.74,725.12,"jessica: Yeah."
725.12,730.689,"Elda (host): But you decided to quit, because, you know, it's affecting you physically and mentally."
730.69,731.27,"jessica: Yeah."
731.69,736.399,"Elda (host): Yeah, that that's a really brave yeah thing to do, because a lot of times."
736.68,739.06,"Elda (host): you know, people don't don't have that"
739.38,741.789,"Elda (host): strength strength to to quit."
742.54,747.039,"Elda (host): Yeah. So you're taking a break from from work right now."
747.04,762.53,"jessica: Yes, so now I just I I do find my like happiness. Recently I'm going to do Pilates yoga, and then be healthy and like more regularly. I think I slowly recover, because"
763.09,775.16,"jessica: I do find the privilege are kind of pull me down made me feel like I can't do anything. I can't do anything good I kind of like burnt out to. I only came every time to think how to make the thing better."
775.18,776.37,"jessica: So"
776.46,781.22,"jessica: now it's already a month, so i i i feel like I'm slowly recovered."
782.689,785.029,"Elda (host): That's that's really good to know."
785.31,792.49,"Elda (host): Yeah. And why would you say, money is is your stress because you're not working now."
792.49,798.27,"jessica: Yeah, yeah, because, see, I also think if"
798.56,811.03,"jessica: Paypal depend on the stage for but for my like, like the current stage, my, I do. I have some like financial pre pressure."
811.993,812.98,"Elda (host): Right, yeah."
812.98,823.28,"jessica: Yes, if if maybe in the early twenties without any job, and then you still can, because you have like a mini minimum"
824.88,826.21,"jessica: spent."
826.26,832.769,"jessica: You don't need to worry too much, but in the in the middle of 30, so I have a list and"
832.78,836.079,"jessica: everything a lot of things need to pay out. So yeah."
837.08,838.34,"Elda (host): Exactly."
838.44,845.179,"Elda (host): But yeah, now, at least, you you don't have to suffer from. You know, previous kind of stresses."
845.91,847.2,"Elda (host): Yeah."
847.36,853.659,"Elda (host): wow, well, thank you for for sharing. Yeah, I hope. Yeah. At your next stage you can. You can find"
853.91,857.93,"Elda (host): we can secure a good job with with a good pay."
858.12,859.32,"jessica: Thank you."
861.34,862.29,"Elda (host): Okay,"
864.39,865.62,"Elda (host): so"
866.64,873.69,"Elda (host): so it's, it's quite common. What we just talked about like to to deal with stress is."
874.851,878.398,"Elda (host): oh, Mandy just changed her face."
879.5,886.747,"Elda (host): Yeah, to to listen to music, to find a solution to the problem, to talk to people and"
887.66,892.179,"Elda (host): yeah, to to try to handle it yourself if you can't"
892.85,897.69,"Elda (host): find a solution, or help from other people. So"
898.08,921.4,"Elda (host): yeah, so these are kind of considered as like normal coping mechanisms. And the next question that I would like to raise is, how how would you handle stress when you're unable to use your usual coping mechanisms like, Are there times in your life where? You found yourself"
921.66,926.679,"Elda (host): that you couldn't deal with this anymore, or like you couldn't handle this special"
927.09,936.389,"Elda (host): kind of situation with your common sense anymore, that you had to actually jump out of your normal ways of coping it."
936.66,940.219,"Elda (host): And yeah, to to actually"
941.16,950.065,"Elda (host): gain new skills put in that way. So to to start off, I'd like to share my personal experience."
951.36,955.54,"Elda (host): actually, I had a really really close friend."
956.28,959.33,"Elda (host): who was suffering from depression."
959.76,967.04,"Elda (host): and the depression was so bad that I thought it was okay initially. But I didn't"
967.09,967.975,"Elda (host): understand"
969.11,972.03,"Elda (host): how bad it would be when it hits."
972.6,977.274,"Elda (host): So it was at that time when we plan to go"
978.29,981.26,"Elda (host): where do we to go? We plan to go?"
981.72,987.53,"Elda (host): I think, Usj, or like yeah, we were like saying, Oh, we should go out to"
987.55,993.49,"Elda (host): to to this place the next day, and the next day comes. And"
995.12,999.14,"Elda (host): She was like, Oh, no, I can't. I can't do it anymore. Like."
999.32,1000.2,"Elda (host): because"
1000.4,1002.57,"Elda (host): I just can't do it anymore."
1002.75,1006.04,"Elda (host): And I was like, oh, okay, so"
1006.07,1008.02,"Elda (host): what should I do? And"
1008.12,1017.244,"Elda (host): she's like, you can't help me like I can't help myself. And you can't help me. And basically she just shuts out and like wouldn't let me help."
1017.79,1021.5,"Elda (host): And I was that that was like the the beginning of"
1023.484,1025.789,"Elda (host): At that point I realized that."
1026.06,1030.81,"Elda (host): you know this is something serious like I I didn't know"
1031.572,1042.369,"Elda (host): depression because that that was like my 1st time. You know who I'm in my life. To have someone close to me. Who has depression. So"
1042.4,1048.959,"Elda (host): later on, it really really suffered. I really really suffered from this kind of"
1050.86,1054.559,"Elda (host): kind of helplessness like I didn't know what to do."
1055.307,1058.609,"Elda (host): Because this is something completely new in my life."
1058.7,1065.97,"Elda (host): this kind of situation. So I was like, hey? I I heard that people go to counselors."
1066.23,1074.009,"Elda (host): If you have depression, you go talk to counselors, and I was like, Oh, I'm I don't have depression. But maybe I can talk to."
1074.01,1074.34,"Bryan Chen: So."
1074.38,1080.03,"Elda (host): A counselor and ask them how to help me or help my friend."
1080.69,1082.429,"Elda (host): and that's that's when I"
1083.08,1086.107,"Elda (host): talk to a counselor the 1st time."
1087.02,1094.12,"Elda (host): And it really, it really helped me to to realize the issue, to clarify the issue, that"
1094.25,1099.689,"Elda (host): it wasn't my problem. It was my friend's problem, and she has to deal with it."
1100.2,1101.3,"Elda (host): and"
1101.48,1107.149,"Elda (host): because it comes from a 3rd person's point of view. So it it actually."
1107.54,1116.199,"Elda (host): the message was really clear, like the the counselor wasn't biased towards anyone. You know. The the counselor didn't know"
1116.4,1120.1,"Elda (host): me or my friend personally, so it sounded."
1120.17,1126.079,"Elda (host): They had more more power in the in the message. And I thought, it's really helpful to"
1126.31,1134.889,"Elda (host): yeah, just to talk to someone who is completely irrelevant, to the situation and who's professional."
1135.27,1144.05,"Elda (host): So just wondering if if any of you guys had this kind of experience where you had to actually jump off your normal ways."
1144.592,1147.369,"Elda (host): Yeah, to to do something about"
1147.82,1149.91,"Elda (host): your problems or your stresses."
1153.47,1155.023,"Elda (host): maybe Peggy"
1156.97,1158.39,"Elda (host): or or Amy."
1161.29,1162.21,"Peggy Lin: Yeah."
1162.37,1165.17,"Peggy Lin: I see if I met a"
1165.19,1172.479,"Peggy Lin: stress I cannot handle myself best. Strategy is leave actually just leave like."
1172.48,1173.17,"Elda (host): Mountains."
1173.17,1174.489,"Peggy Lin: Interest, but."
1174.49,1175.25,"Elda (host): If."
1175.48,1177.289,"Peggy Lin: Actually kind of"
1177.42,1181.61,"Peggy Lin: to ideally. You can do this, too."
1181.81,1186.82,"Peggy Lin: in your real life, because all my stress is most from my job. So I"
1187.06,1190.319,"Peggy Lin: another person to leave my job."
1190.95,1195.499,"Peggy Lin: So in letters I remember actually just I see"
1196.45,1197.61,"Peggy Lin: previous"
1198.427,1203.302,"Peggy Lin: last few months ago. I just have a very, very"
1204.6,1206.959,"Peggy Lin: stressful for my"
1207.12,1210.71,"Peggy Lin: project, and they're very"
1212.27,1241.67,"Peggy Lin: time daylight, and I can't make it so. In that case I speak to a lot of my colleague, my tech tech lead my manager, my Pm. To talk to Len. I come Monday before late daylight, so how can we do this? And should we just pull more people in this project to helping me deal with late time late day, night."
1242.13,1245.96,"Peggy Lin: or should we focus on only men"
1246.47,1253.74,"Peggy Lin: go for it? But I think, yeah, talk to people because you can't deal by yourself, so"
1254.05,1259.12,"Peggy Lin: just don't suffer yourself. Pull other people suffer as well."
1260.16,1260.72,"Peggy Lin: Yeah."
1260.72,1261.44,"Elda (host): And"
1263.03,1265.639,"Elda (host): yeah, so it sounds like you're"
1266.23,1270.599,"Elda (host): seeking help from your advisors or your managers."
1270.75,1274.261,"Elda (host): Yeah. And then try to solve the problems."
1275.5,1278.309,"Elda (host): And do you think they they are supportive."
1278.66,1283.669,"Elda (host): or you have you have to like? Push them to, to support you."
1284.97,1288.029,"Peggy Lin: Yeah, I think that's supportive. And"
1288.21,1299.56,"Peggy Lin: if I cannot medit, let all know why. And later, maybe kind of thing is not my fault, because actually, a lot of things happen in that project"
1299.7,1305.079,"Peggy Lin: in less minutes. So it's really not my fault. But I still very stressful for the timeline."
1305.46,1318.029,"Peggy Lin: So I think it's important to let your colleague or your friend know why, why and why you are facing right now, and they will kind of"
1318.04,1335.15,"Peggy Lin: knowing you is not. Oh, why you are so cold! You don't talk to anyone now, or why you just not hang out with me. But if they know what situation you are in. Then you will kind of understanding."
1335.24,1338.129,"Peggy Lin: You are stressful, and you have no."
1339.15,1344.41,"Peggy Lin: you are too busy and cannot go off then, and your manager will know"
1345.13,1350.319,"Peggy Lin: they shouldn't give you more project or more work in this time."
1351.03,1354.51,"Peggy Lin: Yeah, kind of good things to let people know."
1356.02,1359.789,"Elda (host): Yeah, that's that's actually really good advice. I mean, even"
1360.13,1366.54,"Elda (host): even sometimes I forget to do that is, when you are so busy. You're kind of just stuck in it, and"
1366.56,1367.969,"Elda (host): you know you don't. Even"
1367.99,1378.289,"Elda (host): then you would have time to to tell people that you're busy or like what you're busy with, and those around you. They'll be like oh, why, why, she is like."
1378.9,1388.5,"Elda (host): you know, refusing us, or like to to go hang out, or you know why she's pulling this face at work? Because she's like freaking busy."
1390.06,1393.2,"Elda (host): yeah. So that's that's a really good idea to to voice out."
1393.45,1395.669,"Elda (host): You know why, you're busy and"
1395.68,1397.909,"Elda (host): what you're actually facing."
1398.335,1401.35,"Elda (host): So they can. Yeah, for those who are like"
1401.38,1405.569,"Elda (host): who have the authority. They can know how to help you"
1405.9,1407.799,"Elda (host): that that's a good strategy."
1409.33,1413.33,"Elda (host): How about Amy? Would you like to share? How?"
1413.874,1417.72,"Elda (host): If you have any examples of like how you would"
1417.96,1420.2,"Elda (host): cope with stress. That's like"
1420.35,1422.396,"Elda (host): unusually stressful."
1424.07,1424.76,"Amy: Okay."
1425.637,1430.809,"Amy: I did encounter that like super stressful situation, I have"
1431,1437.159,"Amy: never met before when I was writing my dissertation. And"
1438.4,1447.719,"Amy: yeah, it just hidden me cause there is a you know, Timeline, that for you to finish your dissertation. And"
1447.77,1464.74,"Amy: when I realized that I fell behind with a schedule and I started to panic. But because dissertation is so so spatial is like your own work. So you couldn't really find other like, maybe your classmates to help you"
1464.83,1475.79,"Amy: or cause it's just like your own stuff. So I was quite struggling at the beginning. And then this stress situation keep"
1476.975,1479.51,"Amy: company. Continued"
1480.03,1481.229,"Amy: come to new in."
1481.32,1484.599,"Amy: and then I found out I"
1485.09,1499.25,"Amy: could. It affect me in a lot of different way in my life, and I never because I never experienced it before, so I didn't realize it actually led to depression in the end."
1499.3,1500.55,"Amy: So"
1501.19,1511.549,"Amy: I like cried every single day. I think there's probably 2 weeks I was like super stressful, and then lead to depression. I cried"
1512.21,1516.949,"Amy: every single day when I was during like during the shower"
1517.52,1518.38,"Amy: cause."
1519.11,1520.39,"Amy: it would be too loud."
1520.39,1522.969,"Elda (host): Wash it off. I'm gonna wash it off with."
1522.97,1530.989,"Amy: I know, because it's so loud. And because in Uk, the the building, they are like a mood building."
1531.09,1541.932,"Amy: So it's a mood. Yeah. Oh, sorry. Yeah. Good building. So it's so easy to hear every single sounds, even you just fart or something. So"
1542.98,1559.63,"Amy: yes, and I couldn't like I couldn't function at all. I avoided all of my social activities, and I I don't know why I didn't lose my appetize or I can still sleep, but I just felt. I just felt so"
1559.72,1585.519,"Amy: heavy when I tried to sit down in front of my desk, and then, when I tried to move my finger, I just couldn't type any words at all. But there's still time clicking right? You still have. You probably have to fight to write like 100 words every single day, or at least like 500 single 500 words every day. And then my friends suggest So"
1585.78,1589.32,"Amy: I found out, like the every the first.st"
1589.76,1592.479,"Amy: How does that the 1st every time"
1594.12,1596.47,"Amy: every 1st time I filed?"
1596.87,1600.079,"Amy: This is not me like this is too weird."
1600.37,1608.609,"Amy: And then I talked to my flatmate. They recommended me to see the"
1608.95,1612.324,"Amy: the therapy, so I got"
1613.64,1618.799,"Amy: I got into the I don't know how to say it. The nhs."
1618.92,1644.849,"Amy: So I lead ended up. I literally met a a doctor like a psychologist. And then they told me so. Okay, so lots of students, they will. You know, go through this kind of stressful and depression period during the dissertation. So it's not your problem. It's so common that people you know, help need this kind of extra help."
1645.03,1648.939,"Amy: So that really helped me to go through."
1650.15,1660.11,"Amy: you know, realize the problem and learn how to deal with it. And and in the end I can, you know, finish I my dinotation. So"
1660.29,1662.337,"Amy: that's our long story."
1662.85,1664.46,"Elda (host): Oh, no, no. But yeah."
1664.46,1664.9,"Amy: Well."
1664.9,1666.009,"Elda (host): We're sharing."
1666.06,1670.249,"Elda (host): Yeah, how? How? How should I? How should I say it"
1670.31,1674.139,"Elda (host): like, what made you realize that it was"
1675.225,1676.15,"Elda (host): unusual"
1676.22,1679.119,"Elda (host): like that. You needed help"
1679.16,1681.609,"Elda (host): like. What was the thing that liked."
1682.16,1685.229,"Amy: Yeah, I guess the 1st symptom is that"
1686.62,1693.64,"Amy: I just cried a lot because I I never cried that hard in my life seriously."
1693.91,1700.07,"Amy: and I just felt like helpless. I didn't know how and who I can."
1700.14,1703.529,"Amy: I can search like search for help, for"
1703.92,1715.469,"Amy: I know. So I guess yeah, just like I said, if you're like super stressful and your depression, you unconsciously you don't want to meet any"
1715.62,1720.09,"Amy: people in your life. So try to distance yourself from people."
1720.32,1721.67,"Amy: So let's also"
1722.22,1726.8,"Amy: yeah, a very obvious, Simpson, that you probably, you know."
1727.22,1748.209,"Amy: have depression. And if you feel like, Oh, maybe I'm I am. But maybe I'm not. I'm not sure there's lots of like checklists online, you can check. How's your stress level? Is that his stress can be like you can, you know, deal deal with it by"
1748.657,1764.389,"Amy: doing exercise, or, you know, just have a rest, or break or talk to your friend. But if that leads to depression, depression is kind of mood disorder, so it couldn't really soothe smooth or"
1764.56,1778.5,"Amy: comforting by, you know. Just talk to people you have to fight the you know. Extra cynical helps from doctor, or something. Yeah."
1781.08,1781.56,"Amy: Yeah."
1781.56,1785.1,"Elda (host): Yeah. So you you looked at the checklist and"
1785.83,1786.35,"Elda (host): and."
1786.35,1808.55,"Amy: Yes. And so, yeah, cause like England, they have quite a strict system. If you are not like that severe, they won't let you to see the doctor for immediately. They will probably put you into the wait list. But when I did the the survey"
1808.55,1826.029,"Amy: my stress level was quite high, and they say, like, Okay, you have to see the doctor immediately. So I got the appointment just next day or next day later, so that I could talk to the doctor immediately, and just, you know."
1826.22,1828.479,"Amy: got the help from them. Yeah."
1830.34,1835.729,"Elda (host): well, thank you for sharing. I didn't. I didn't expect that coming from you, but I imagine."
1835.73,1836.5,"Amy: Yeah, miss."
1836.5,1837.76,"Elda (host): Lot of stress."
1837.85,1842.169,"Elda (host): Yeah, to complete your visitation and your degree."
1842.68,1843.42,"Amy: Yeah."
1843.42,1848.54,"Bryan Chen: Using what the doctor said. I helped you to move on from your situation."
1849.33,1867.969,"Amy: So there's a like in total. They have like 6 sessions. So 1st session, they just want you to talk through how you feel that way. And how. So they actually give you some tools like, okay, so don't picture dissertation is like, you know, is"
1868.86,1873.41,"Amy: it's like something like mission impossible"
1873.63,1880.49,"Amy: project. Just break them like, break them into like small tasks and tasks."
1880.6,1885.61,"Amy: Yeah, so they actually give quite a general advice. If I."
1885.61,1886.51,"Elda (host): If I."
1886.51,1887.754,"Amy: Yeah, if I"
1888.27,1892.37,"Amy: like. Say it honest, say it honestly, but"
1893.18,1906.506,"Amy: it just it just help you to feel like you're not alone unless it's super like a normal situation. Everybody will feel, and they they help you to walk through the every single"
1907.36,1912.579,"Amy: difficulty when you doing your dissertation."
1912.6,1913.24,"Bryan Chen: Okay. Yeah."
1913.24,1916.43,"Amy: But they they won't teach you how to write, but they will teach you."
1916.43,1917.33,"Elda (host): Rehears."
1917.33,1937.3,"Amy: How, what kind of tools you can use when you encounter. So when I said, Oh, I felt like super stressful. I couldn't even open my laptop. So they would say, Okay, so imagine you are not. You are not, you know. You just tell yourself you only need to write 10 words, or you just"
1937.3,1948.12,"Amy: only need to think about the topic. You don't need to, you know, put into the action immediately. Just don't stress you out. Yeah, something something like that. Yeah."
1949.45,1957.229,"Bryan Chen: You think? What's the difference between your conversation with the doctor and your conversation with a friend? I tried to help you."
1958.02,1969.31,"Amy: Oh, I think yeah. Gosh, that's a super good question, cause I think, doctor, they are more like they don't give you answer. They guide you to figure out"
1969.46,1978.38,"Amy: the the answer by yourself. But if you're but if you consulate like, if you talk to your friend, friend will probably judge you."
1978.4,1995.429,"Amy: friend, will like cause they really want to help you. So they probably, you know, too urgent to say, Okay, you should do this. You should do that, but they even don't know what is right or wrong answer, and they probably can guide you to another, you know. Wrong direction."
1995.66,1996.54,"Amy: Yeah."
1996.79,1998.09,"Amy: So"
1998.32,2002.689,"Amy: I don't know. And so it's a safe place to share everything. Right?"
2002.81,2004.12,"Amy: Yeah. So."
2008.14,2011.189,"Elda (host): Yeah, that's that's a good point. Yeah. They"
2011.21,2013.08,"Elda (host): talking to a professional"
2014.37,2016.9,"Elda (host): that's good because they're not biased. And"
2016.93,2018.86,"Elda (host): you know they're not there to"
2019.51,2024.359,"Elda (host): to give you answers. And yeah, that's I think that's what what makes it good cause"
2024.58,2028.82,"Elda (host): they they can see things more objectively."
2029.06,2030.18,"Elda (host): Yes."
2030.73,2037.56,"Elda (host): yeah. I I feel there's definitely strategies of like how to handle different situations. But when we're like"
2037.74,2039.11,"Elda (host): stuck in that"
2040.066,2043.539,"Elda (host): situation, we, you know, we kind of forget about"
2043.79,2065.279,"Elda (host): how to do it, because we see so many inspirational posts online, like, oh, these are the 5 things you should do to keep yourself healthy, or these other things to keep yourself away from stress. But when you're when you're actually in that, you know moment, you don't. You kind of forget everything."
2066.447,2069.862,"Elda (host): Yeah, I'd just like to quickly share."
2070.46,2072.08,"Elda (host): there are different"
2073.972,2075.417,"Elda (host): languages to"
2076.78,2080.169,"Elda (host): How? How your body responds to to stress."
2081.13,2085.75,"Elda (host): There are 4 F's I I showed it on Instagram"
2086.24,2087.56,"Elda (host): story last night."
2087.78,2089.37,"Elda (host): and one is fight."
2090.46,2091.489,"Elda (host): so"
2091.8,2104.85,"Elda (host): is your body is preparing to fight the stress to fight the danger. And that's when you become frustrated, you become even aggressive. You could become irritable"
2104.88,2106.3,"Elda (host): and like, kind of just"
2107.21,2110.39,"Elda (host): yeah. Really"
2110.65,2111.38,"Elda (host): just"
2112.09,2117.599,"Elda (host): angry, or your energy is like building up kind of thing."
2118.458,2121.53,"Elda (host): That's fight. So number 2 is flight."
2121.89,2127.349,"Elda (host): which means your body is preparing also to fight a danger, but"
2127.4,2130.909,"Elda (host): in the way that you are trying to escape from it."
2131.1,2134.919,"Elda (host): and in this situation you may feel anxious."
2134.99,2151.42,"Elda (host): You you feel restless. You can't go to sleep, and you have to urge to just get out of there. You don't want to be there any longer, so like what peggy said, if you you can't handle it, just walk away from it. So it's that kind of a moment."
2151.6,2153.16,"Elda (host): and that's flight."
2153.84,2156.75,"Elda (host): And number 3 is is freeze."
2158.363,2161.12,"Elda (host): So it means that you're feeling stuck."
2161.16,2166.75,"Elda (host): You're powerless. You're very overwhelmed, like what Amy shared like."
2166.99,2171.74,"Elda (host): There's nothing you can do. You you can only cry, or you feel."
2172.15,2175.29,"Elda (host): you know, powerless. That's helpless, basically."
2175.37,2180.25,"Elda (host): And that's that's how your body responds to to stress as well."
2181.28,2188.95,"Elda (host): And Number 4 is perhaps a less acknowledged type of language."
2189.447,2194.149,"Elda (host): Is fawn which is spelled as FAWN"
2195.13,2196.3,"Elda (host): this means that"
2197.17,2201.51,"Elda (host): you try to keep everyone happy to make you feel safe."
2202.443,2211.629,"Elda (host): You'll please other people, or do everything in your power to avoid making the situation worse to avoid conflict."
2212.48,2214.959,"Elda (host): So I think that this is kind of"
2216.21,2217.89,"Elda (host): less common because,"
2219.25,2221.1,"Elda (host): yeah, this, this kind of like"
2221.19,2226.06,"Elda (host): you thought, this is what you should do. But actually, it's because you're under stress."
2226.18,2230.299,"Elda (host): So that's how you how you're doing. I'll I'll put it in the"
2230.65,2232.34,"Elda (host): in the thing"
2232.43,2233.57,"Elda (host): in a chat."
2239.87,2241.17,"Elda (host): yeah. So"
2241.23,2247.83,"Elda (host): thank you all for sharing up to this point, let's move to next question."
2248.09,2250.33,"Elda (host): So next, I would like to"
2251.23,2253.93,"Elda (host): discuss with you guys about"
2254.08,2257.05,"Elda (host): mental internal friction."
2257.23,2262.469,"Elda (host): Sorry I I made a translation that may sound a bit strange."
2263.645,2267.05,"Elda (host): I translate as."
2267.15,2268.48,"Elda (host): but it's more like"
2268.49,2272.24,"Elda (host): it should be a different term as shinglee. Nay, how?"
2272.3,2274.58,"Elda (host): Which is a psychological term?"
2275.83,2282.44,"Elda (host): So, Brian, would you like to describe what is mental friction? Internal friction."
2283,2284.93,"Bryan Chen: Okay. So I guess I"
2284.96,2287.549,"Bryan Chen: let me see if there's a official"
2288.02,2290.4,"Bryan Chen: mental internal frictions."
2292.8,2302.199,"Bryan Chen: I can't find an official definition now. But basically, it's just like it's the experience that you have. You know."
2302.22,2314.216,"Bryan Chen: more than one thought or desire, you know, like they say you want to. You want to please your boss, and also you also want to please your husband or your your wife, your partner."
2314.55,2332.824,"Bryan Chen: and then you have been kind of like, you know, having kind of been contract between yourself and you are repeating asking similar questions. So so, yeah, without doing anything without making any progress, you already consume a lot of your internal or cognitive"
2334.14,2340.669,"Bryan Chen: energy. So so, even before you start doing anything because of your conflicting solve or your"
2340.72,2348.66,"Bryan Chen: contradiction contradiction between your desire or different ideas, and that already make you tired and exhausted."
2348.86,2354.54,"Bryan Chen: So that's the idea. Internal frictions, mental frictions like, yeah."
2354.84,2357.36,"Elda (host): Yeah, it's kind of vague but simple."
2358.63,2362.459,"Elda (host): You feel tired all the time, but you are doing nothing."
2364.21,2365.249,"Bryan Chen: But I think there's a many."
2365.25,2365.91,"Elda (host): Yeah."
2365.91,2369.86,"Bryan Chen: Because you hire all the time. Without you you might be old."
2370.782,2375.519,"Elda (host): Mila in your head. You're thinking a lot."
2376.42,2376.87,"Bryan Chen: Hmm."
2376.87,2377.61,"Elda (host): Yeah."
2379.46,2380.946,"Elda (host): yeah, yeah,"
2381.93,2383.6,"Elda (host): different definition."
2385.01,2386.92,"Elda (host): yeah. Basically, it's like."
2386.96,2388.739,"Elda (host): when you know you should."
2388.8,2390.359,"Elda (host): Maybe a"
2390.73,2394.44,"Elda (host): a quick example is when you know you. You should go to sleep."
2394.72,2397.42,"Elda (host): but you just don't want to sleep. It's like"
2397.51,2399.73,"Elda (host): I feel tired, but I"
2399.75,2403.52,"Elda (host): I feel also I need to stay awake."
2403.74,2408.08,"Elda (host): so I can complete my day better, or"
2408.27,2412.01,"Elda (host): even though you know you should go to sleep. It's it's good for you."
2412.09,2413.76,"Elda (host): but in in your"
2413.81,2415.469,"Elda (host): in your head. There's this"
2415.49,2417.879,"Elda (host): torn of 2"
2418.11,2421.26,"Elda (host): to powers like you know the"
2421.31,2423.6,"Elda (host): the angel and the and the devil."
2424.149,2424.7,"Bryan Chen: Join."
2426.61,2450.639,"Bryan Chen: probably. Yeah. So let's I think that's 1 i thought, like you are saying about your desire. You want to earn more money. But you also think about what's the right for the society? What's right for the human or your your friends? And then you can struggle between the 2, and then it cost you a lot of energy. But I think it's more scenario that can cause similar even like. So I think they have been a lot of research on the effect of stigmatizations."
2450.65,2468.719,"Bryan Chen: So stigmatization means is like, you're giving someone a label. Let's say, for example, like like a typical scenario baking America. It's like you. Some people will have discount stigmatization. Say, you know, black kids or black student, they don't perform well academically."
2468.73,2485.34,"Bryan Chen: So so they have round experiment that that you know, like they before the exam, they have 2 different set of 2 group group a group B, both grew out like black students. And then in one group they told them that. Oh, the you know"
2485.35,2492.179,"Bryan Chen: they have. Some report says that black students don't perform that well, and the other one is just normal. They don't say anything"
2492.21,2498.859,"Bryan Chen: so simply just saying that the the group the group that has been"
2498.99,2508.959,"Bryan Chen: exposed to that kind of statement perform relatively bad in comparison to the the default setting group. The reason is because that when you"
2509.03,2513.39,"Bryan Chen: just like say something like that they'll really trigger their thinking they will be"
2513.769,2541.419,"Bryan Chen: while they are doing it. Then they have been consistently thinking about. Oh, am I really that bad? I need to prove this, and and really inferior. And I need to, and really stupid, I need to prove I'm not. And then just oh, just overthinking that. And then, without actually dealing the problem in front of them, cause extra brain knowledge. And then they don't. And now they actually do perform worse than the control group. So that's kind of another scenario that"
2541.83,2542.37,"Bryan Chen: related."
2544.76,2549.949,"Elda (host): yeah, I I found a article online. It's in Chinese."
2550,2552.992,"Elda (host): But I suppose everyone here reads Chinese."
2553.61,2554.799,"Elda (host): So it's like."
2554.92,2557.26,"Elda (host): when you have a lot going on your head."
2557.5,2560.509,"Elda (host): Yeah, can any anyone relate to this."
2561.47,2562.64,"Bryan Chen: Yay!"
2563.81,2580.65,"Elda (host): To understand. I I feel what Amy should is kind of similar to this. You give me the sense like, you know you should do your you should start writing, but you're like, Oh, but I I can't do it. How should I do it?"
2580.68,2587.76,"Elda (host): They I have to do it. But no, what should I do? Kind of? And we end up just stuck there. And mentally."
2588.13,2590.39,"Elda (host): you're consuming your energy."
2591.78,2592.64,"Elda (host): Maybe."
2593.42,2594.13,"Amy: Yeah."
2594.49,2599.08,"Amy: I think procrastinating carsonation carsonating is one of the"
2599.12,2601.819,"Amy: quite obvious since then that you know."
2601.82,2602.43,"Elda (host): It keeps."
2602.43,2607.119,"Amy: Doing something that you supposed not to do, but you still do it."
2608.46,2609.07,"Amy: Yeah."
2610.52,2611.89,"Elda (host): Procrastination."
2612.06,2613.05,"Elda (host): Yeah."
2619.226,2621.16,"Elda (host): anyone would like to share"
2621.76,2625.52,"Elda (host): any experience of procrastination"
2625.68,2626.52,"Elda (host): and"
2626.65,2628.88,"Elda (host): how you how you like realized."
2628.95,2630.997,"Elda (host): you shouldn't procrastinate."
2637.26,2638.889,"Elda (host): I'm Peggy."
2641.34,2647.36,"Elda (host): You look like you're like moving a lot. So I imagine you have something to share."
2649.28,2653.19,"Peggy Lin: I don't know how to handle it. I still try to deal with them."
2655.46,2668.469,"Peggy Lin: I cross neck a lot like when I stress from my job. I just don't do anything, and in that time I think I need some"
2668.92,2675.82,"Peggy Lin: external force to force me to do things like, Hey, you should do this, maybe from"
2676.13,2684.119,"Peggy Lin: 9 Am. To 10 Am. Something like that, just for me doing things in specific"
2684.46,2686.37,"Peggy Lin: times, and"
2686.9,2693.86,"Peggy Lin: do not allow me to do other things to just make me focus on the thing I supposed to folks do."
2694.79,2696.979,"Peggy Lin: That's how I deal with them."
2698.683,2703.039,"Elda (host): And what would you say is the external force"
2703.31,2704.69,"Elda (host): to help you"
2705.2,2709.179,"Elda (host): like your friend? Or you said alarm or like, How do you"
2709.52,2710.31,"Elda (host): do it?"
2712.779,2719.369,"Peggy Lin: I feel if there's another person with me, it will help like"
2719.41,2729.689,"Peggy Lin: actually like this session. I know I need to purchase my English, but I cannot purchase English by my own. But you people here and you say, Okay, if"
2730.34,2738.51,"Peggy Lin: 11 am on Sunday, me today, and I should just show up, because if I am not sure up, people will. Just"
2738.77,2740.08,"Peggy Lin: I will"
2741.54,2760.55,"Peggy Lin: affect other people, not just me. So I will just maybe okay, did you have time tomorrow, maybe afternoon, and we can go. I will ask my friend just to have time, and we can go to coffee shop and do our own things, but I have to show up, because if I have a shot she will be alone like that."
2761.64,2762.5,"Elda (host): I see?"
2762.76,2763.73,"Elda (host): Yeah."
2764.43,2766.749,"Elda (host): so that yeah, that's that's a good point."
2766.97,2771.31,"Elda (host): Yeah, to have someone. It's like going to the gym or exercise."
2771.76,2774.25,"Elda (host): Sometimes it's better to do it with"
2774.56,2777.289,"Elda (host): someone else together. As like, join Buddy."
2779.03,2779.929,"Peggy Lin: You know. Maybe."
2780.67,2782.57,"Peggy Lin: Yeah. And they go back to office"
2782.89,2784.68,"Peggy Lin: because your body is left"
2787.46,2792.789,"Peggy Lin: because we have a work from home policy. And it's not very stressed"
2793.06,2802.889,"Peggy Lin: rule. You have to go to office, or something like go to office, just actually, because my friend will go to office and I can have free lunch from the back."
2806.95,2809.839,"Elda (host): Okay, Jessica, I'll see you in 2 min."
2813.8,2820.21,"Elda (host): I see. Well, that's that's yeah. That's a good point. To find an external force to like"
2821.301,2823.829,"Elda (host): force you to to do things."
2823.96,2834.189,"Elda (host): How about Mandy? Can you relate to internal friction, mental friction, or like procrastination because of stress? And how do you?"
2834.68,2835.97,"Elda (host): How do you manage?"
2837.48,2839.14,"Mandy: I'm self-strex."
2843.65,2844.029,"Elda (host): Do you know."
2844.03,2844.49,"Mandy: I am."
2844.49,2844.87,"Elda (host): Across."
2844.87,2846.22,"Mandy: I loved."
2846.28,2848.66,"Mandy: No, I do that all the time."
2848.81,2849.76,"Elda (host): Okay."
2850.53,2856.31,"Mandy: And I realized, I sometimes realize it's it's because I want too much."
2857.915,2858.319,"Elda (host): Bye."
2858.32,2864.799,"Mandy: Like. I want to share like show. Why, where I have been."
2865,2868.4,"Mandy: where it's fun and what I experience."
2868.82,2871.37,"Mandy: And I also want to go out."
2872.35,2878.929,"Mandy: and I want to do my job well, so like I want too many things."
2879.07,2881.019,"Mandy: and I might crush myself."
2881.11,2882.34,"Mandy: brush myself."
2883.939,2888.44,"Elda (host): So you think it's not good to want too many things."
2891.12,2893.19,"Mandy: Now, I think"
2893.84,2898.04,"Mandy: it's okay to want to do lot of things."
2898.08,2901.34,"Mandy: But I really need to prioritize"
2901.53,2904.61,"Mandy: which one I want to want the most"
2905.35,2906.536,"Mandy: so like"
2907.44,2908.95,"Mandy: and"
2909.11,2914.279,"Mandy: and I also like recall something like when I was younger."
2914.36,2919.05,"Mandy: like i i i'm like kind of personality, like I"
2919.55,2925.16,"Mandy: I don't know why, but like I tend to, we try to please others."
2925.38,2927.04,"Mandy: So sometimes, like."
2927.08,2938.969,"Mandy: you know, like we, we couldn't please everyone like like make everyone likes you, but like, if you want to do so, you will be very tired, and you will lose yourself."
2939.12,2941.4,"Mandy: So like sometimes, yeah."
2942.05,2947.759,"Mandy: Just okay, you go with others. Actually, you don't want to go, or you have other things to do."
2948.75,2954.279,"Mandy: and if you do so, you. You lost your time to do other things you want to do"
2954.93,2959.789,"Mandy: so like now, like I, I'm still learning how to"
2959.95,2961.26,"Mandy: all ties"
2961.7,2963.64,"Mandy: all the things. Now"
2963.91,2966.459,"Mandy: I try to"
2967.72,2973.749,"Mandy: more focus on myself now, like what I really want to do now."
2975.13,2977.74,"Mandy: So let them. Maybe"
2978.03,2983.539,"Mandy: so. So in that way I think even I, for close 90."
2985.12,2993.299,"Mandy: Something. I don't feel like that at all, because when I was younger, like, I wanted to study"
2993.53,2999.529,"Mandy: like maybe language or something so like, and weekdays I"
2999.78,3005.899,"Mandy: was very busy at working, maybe had a lot of overtime until 10 every day."
3006.08,3010.889,"Mandy: but like, I still want to study maybe language or something"
3011.38,3014.399,"Mandy: on the weekend. I still want to go out."
3014.55,3016.67,"Mandy: and if I didn't study."
3016.82,3022.869,"Mandy: I always feel so bad, you know, like we have a saying like, like, Send the book to do so"
3023.02,3029.65,"Mandy: like something like that, like a Ponto coming, or something like that. So I feel I was very bad."
3030.16,3031.85,"Mandy: But yes, yeah."
3033.515,3034.17,"Mandy: yes."
3034.43,3035.55,"Mandy: so like."
3035.61,3039.659,"Mandy: I always complain with my friend, like I didn't study"
3040.17,3042.599,"Mandy: this weekend, too, or something."
3042.98,3046.426,"Mandy: But, like my friends, say, Why do you want to study."
3046.81,3049.44,"Mandy: you need him relax on on the weekend."
3050.02,3051.373,"Mandy: So like,"
3053.36,3054.58,"Mandy: after"
3054.64,3055.96,"Mandy: many times."
3055.98,3066.34,"Mandy: I feel like, okay, maybe maybe it's not necessary. So I I still need to do something that makes me feel relaxing."
3067.39,3068.61,"Mandy: So like."
3069.07,3073.129,"Mandy: So even I don't do everything on time. Still."
3073.27,3075.63,"Mandy: I don't feel led there now."
3076.26,3079.079,"Mandy: And maybe it's because I'm more"
3080.04,3084.7,"Mandy: made new mutual nature more like adult. Now."
3085.87,3086.49,"Mandy: Not, but."
3086.49,3087.35,"Elda (host): Everything."
3087.55,3089.569,"Mandy: Not a very bad thing as well."
3090.64,3096.629,"Elda (host): Yeah, I I think it takes time to to learn what your body can handle. And"
3097.1,3100.572,"Elda (host): yeah, I I can. I can relate that to that"
3101.12,3107.449,"Elda (host): to the point that you know I I also had the same experience of like wanting to."
3107.69,3110.219,"Elda (host): I want to study. I want to learn"
3110.34,3115.31,"Elda (host): language, want to learn this instrument. I want to do this and that, but"
3115.58,3117.519,"Elda (host): I just don't have time."
3117.81,3121.12,"Elda (host): And like you said sometimes it's not just"
3121.22,3128.449,"Elda (host): about time. It's also about your your physical ability, like your body is just too tired to"
3128.58,3136.2,"Elda (host): to do anything, and I feel bad just like you. I feel bad for not doing anything on the weekend"
3136.962,3139.259,"Elda (host): before. But now I'm just like"
3139.51,3142.238,"Elda (host): man. I deserve this break."
3143.33,3148.439,"Mandy: We earn money or something. We want a car or something not not only"
3148.51,3151.85,"Mandy: like at work, but also try to"
3152.02,3156.349,"Mandy: live our life every day is also a very important thing."
3156.97,3159.69,"Elda (host): Yeah, exactly."
3159.98,3163.88,"Elda (host): But if you yeah, if you look at it, you know kind of closely."
3164.1,3170.6,"Elda (host): Maybe it. You know, it's not even about the weekend and how you spend it. Also how to"
3171.298,3179.86,"Elda (host): use your time more effectively, effectively on the weekday, maybe change in job or something. So you. You can have"
3179.97,3182.359,"Elda (host): yeah, more time for your private life."
3183.044,3184.715,"Elda (host): If that's what you want."
3185.05,3187,"Mandy: Yes, like I think."
3188.36,3191.369,"Mandy: Play a lot of choice."
3191.59,3192.12,"Mandy: So like."
3192.12,3192.57,"Elda (host): Present."
3193.127,3198.7,"Mandy: Choices. Yes, so like even not now work for"
3198.95,3202.68,"Mandy: like a fortune, or something like a lot of money"
3202.91,3210.91,"Mandy: like to. I also have some friends that work themselves, maybe as an instrument in lost"
3211,3213.18,"Mandy: in Australia."
3213.65,3217.109,"Mandy: or something so like they work for themselves."
3217.38,3223.869,"Mandy: Even they get a visa from other company. But basically like she can handle all of her time."
3224.39,3227.14,"Mandy: So like, I think, yeah."
3227.57,3228.919,"Mandy: lots of choice."
3229.04,3231.82,"Mandy: This, just what you want to do"
3232.15,3233.35,"Mandy: at the moment."
3233.88,3234.86,"Elda (host): Right."
3235.27,3235.97,"Mandy: Yeah."
3236.52,3238.64,"Elda (host): Yeah. And I think that the conflict"
3239.373,3240.56,"Elda (host): happens when"
3240.64,3242.829,"Elda (host): you want to do many things."
3242.93,3251.65,"Elda (host): But you don't know where to start. That's that's where people get stuck initially. Yeah, like you said, there there are many choices, you just have to"
3251.77,3255.689,"Elda (host): to break down the tasks and find ways to start"
3256.74,3257.08,"Elda (host): yeah."
3257.08,3257.62,"Mandy: Yes."
3258.1,3263.341,"Elda (host): And thank you for sharing. Yeah. Jessica, welcome back."
3265.16,3266.629,"Elda (host): no, no worries."
3267.83,3283.829,"Elda (host): Just yeah. Would you like to share how you can perhaps relate to internal friction, and perhaps procrastination. Related to stress. And how do you manage in such situation?"
3285.22,3287.669,"jessica: I think for me personally."
3287.67,3288.27,"Elda (host): Hmm."
3288.27,3292.13,"jessica: The war you mentioned. Just sorry. Just give me a second."
3296.35,3297.49,"jessica: Do"
3299.81,3303.149,"jessica: physical, mental, internal."
3303.53,3305.29,"jessica: like flexion."
3306.49,3322.99,"jessica: Oh, yeah. So I think, Sanders, everyone, I always have so many things wanna do for even for this year. I believe I'm not sure other people. But I do write on like we wanna achieve some goal for this year. But"
3323.448,3337.089,"jessica: for the in the beginning of the year, middle of the year, or every time end of the year. I I do. I do found out. I maybe just finish my point for 30 35%."
3337.715,3338,"Elda (host): Yeah."
3338,3349.289,"jessica: Yeah. So after that I kind of break to break it down like a small time. I not make a big go for a whole year. Just write down. For one"
3349.91,3367.3,"jessica: one thing I more plan for, like they think I will not defy for the 12 month and for for a week and for 7 days. So I think I find out that's more easier for me to plan for more detail."
3371.8,3372.49,"jessica: that."
3373.714,3378.249,"Elda (host): For example, like, How how much detail would you"
3378.3,3379.97,"Elda (host): would you plan like."
3381.02,3381.73,"jessica: Dot."
3381.73,3383.589,"Elda (host): Time, or like."
3384.99,3407.8,"jessica: Oh, so yeah, so like regularly, regularly, I intend to on the other language class every Wednesday. So like also go to the Tsami class every Monday. But I before I just write out. Oh, I wanna to learn tsunami class this year. But I never done anything."
3407.86,3410.079,"jessica: and the the more"
3410.2,3428.469,"jessica: to do. List I collate. I will feel like, Oh, I I have so many things I want to do, and I couldn't do anything so start from, especially after I resign my job. I say, Okay, i i i told myself, you have enough enough time to play print print"
3428.87,3430.34,"jessica: plan to point."
3434.61,3436.71,"Elda (host): Yeah, you're you're planting."
3437.25,3438.01,"jessica: Sorry."
3439.89,3445.299,"Elda (host): Sorry I can. You say the last part again? You have more time to."
3445.3,3448.16,"jessica: To flint so like"
3448.2,3454.049,"jessica: before. I only can do after work. So. But now I can doing during the day."
3454.2,3456.199,"jessica: And right, yeah."
3456.5,3457.92,"jessica: something like that."
3459.285,3463.29,"Elda (host): Yeah, it's it's all about actually taking the action"
3463.36,3465.22,"Elda (host): and not stopping at"
3465.92,3467.879,"Elda (host): just planning stage"
3469.62,3476.438,"Elda (host): I feel, I really learned a lot from today's session just for myself to to actually"
3476.96,3478.72,"Elda (host): put things into action."
3478.81,3481.259,"Elda (host): Yeah, that's that's that's really good."
3481.65,3483.979,"Elda (host): Thank you for sharing Jessica."
3483.98,3484.86,"jessica: Thank you."
3486.77,3488.73,"Elda (host): yeah. So"
3488.83,3492.49,"Elda (host): I think, we've covered all the questions."
3492.61,3496.15,"Elda (host): And yeah, to finish off the session."
3497.84,3503.299,"Elda (host): what advice would you give to someone who is struggling to manage their stress"
3503.74,3505.23,"Elda (host): effectively."
3505.664,3510.009,"Elda (host): Amy, would you like to to share? How would you give them advice?"
3510.83,3511.465,"Amy: Out"
3513.39,3521.24,"Amy: sounds, of course, that's yeah. That's really helpful. And that was so. So one of the advice I got from the the doctor."
3521.27,3527.97,"Amy: it's saying, you need to keep you. Yeah, you need to do exercise, because it's really help your brand to"
3528.547,3540,"Amy: produce some like a ha happy dopamine, because sometimes it's you stress out yourself. You you stuck yourself in that negative thoughts."
3540.69,3547.829,"Amy: With the exercise, it can change your brain from inside your body. So"
3549.04,3553.07,"Amy: yeah, that's really helpful. So regularly, you know, work out."
3554.18,3555.95,"Amy: Yeah, that's really good."
3556.13,3559.44,"Elda (host): Any kind of exercise. Just walking is okay."
3559.88,3565.27,"Amy: Yeah. Walking, even walking. Just okay. Just put yourself in the nature."
3565.97,3569.159,"Amy: Go to work out. Yeah, go work out."
3569.59,3570.33,"Amy: Hmm."
3571.23,3571.94,"Elda (host): I see."
3571.94,3572.98,"Amy: My advice."
3573.37,3576.82,"Elda (host): But there's no nature in Tokyo. Where should I."
3576.82,3579.567,"Amy: Can go to Yogiko in, or something."
3579.96,3580.39,"Elda (host): Yes."
3580.39,3582.48,"Mandy: We do. Don't say Hi!"
3582.48,3585.582,"Amy: You guys? Yeah. Oh, my, gosh."
3586.1,3587.975,"Elda (host): It's too far."
3588.6,3599.62,"Amy: And I think, like I think everybody mentioned like, you guys have your like, only time to help you black out from the you know from the real world."
3600.27,3604.469,"Amy: because you have to pass your your brand to have a rest."
3605,3609.21,"Amy: Yeah, for a while, and it also really help as well. So."
3611.42,3613.69,"Elda (host): To have mean time."
3613.69,3617.88,"Amy: Yeah, and don't talk to your parents. That's very stressful."
3618.53,3620.218,"Amy: Yeah, they won't help."
3621.663,3623.35,"Elda (host): I see."
3623.59,3624.1,"Elda (host): Hey!"
3624.1,3629.619,"Bryan Chen: Would you? Would you choose to talk to your friend, though you don't? You wouldn't choose to talk to your friend right."
3630.58,3647.059,"Amy: No cause. I mean, if they understand you, if they were in that position before. But if there's, you know, if like, they didn't know what you happen, what you're going through your life. They couldn't really relate your experience, so I don't think that help"
3647.91,3657.83,"Amy: for me. I, personally, I found, is because you have to explain more to justify yourself why you're suffering from that. So"
3658.12,3658.99,"Amy: yeah."
3659.58,3671.91,"Bryan Chen: But do you think, having validation from someone else like your friend? What I mean by validation is that someone who recognize your suffering and the meaning of your suffering. Does that help to to give you some relief?"
3672.79,3677.96,"Amy: Yeah, but you have to find that super empathetic friend first.st"
3678.935,3679.89,"Bryan Chen: Okay."
3679.89,3680.51,"Amy: Yeah."
3680.71,3681.7,"Bryan Chen: Yeah, true."
3683.193,3683.796,"Elda (host): Okay."
3685.14,3690.099,"Elda (host): Yeah. I hope you find that friend. One day Amy."
3690.55,3694.07,"Bryan Chen: Are you not his? Are you not her empathetic friend? Elder."
3694.3,3703.77,"Elda (host): I don't know. I don't have any like yeah messages. I don't. I didn't receive any messages from Amy. Anyway."
3704.281,3710.31,"Elda (host): How about Peggy. Well, advice would you give to people who is struggling with stress."
3712.83,3714.399,"Peggy Lin: I will also say, just"
3716.8,3718.26,"Peggy Lin: go all."
3718.47,3722.639,"Peggy Lin: Don't just stay at home. You'll make me feel"
3723.23,3735.099,"Peggy Lin: more dispersed if I just stay at home. You need some fresh air, some talk with other people, not just focus on your stressful things. Because, yeah, just"
3735.44,3740.91,"Peggy Lin: talk people about about any random things. Your daily life is chatty"
3740.98,3743.789,"Peggy Lin: and maybe meditation."
3744.1,3751.08,"Peggy Lin: I didn't believe meditation will help before, but I actually tried meditation just last year."
3751.09,3759.349,"Peggy Lin: You do just like Amy said. You need some time to empathy your soul. Just don't think about the thing. You are stressful."
3759.91,3760.44,"Peggy Lin: Yeah."
3760.8,3761.75,"Peggy Lin: Mistress."
3763.081,3765.249,"Elda (host): That's that's good advice. Thank you."
3766.222,3767.699,"Elda (host): How about Mandy?"
3767.75,3769.54,"Elda (host): What advice would you give."
3773.36,3777.17,"Mandy: It really depends on the stress level."
3778.53,3780.529,"Mandy: So like whatever"
3780.56,3785.28,"Mandy: I quite. Amy has experience. It's very hard to give any suggestion"
3787.02,3790.889,"Mandy: that even even I might able to relate to"
3791.77,3793.85,"Mandy: for any field, but"
3794.03,3797.27,"Mandy: I think like just like what Elda said."
3797.46,3803.649,"Mandy: like of your friend on the other equation. You don't know how to help her."
3803.71,3805.019,"Mandy: Something like that."
3805.43,3808.46,"Mandy: So, but I think"
3809.34,3812.549,"Mandy: so. If the label is not high."
3812.91,3814.21,"Mandy: maybe"
3814.54,3819.569,"Mandy: can encourage your friend to see what she has, or she has"
3819.68,3820.96,"Mandy: at the moment."
3821.09,3822.07,"Mandy: Dong."
3822.63,3825.57,"Mandy: just not. Just think"
3825.67,3827.75,"Mandy: a vowel high shoe"
3827.83,3830.22,"Mandy: doesn't have, or something like that."
3830.47,3834.109,"Mandy: So try to be a more positive thing."
3834.73,3838.49,"Mandy: or try to do something"
3839.39,3841.73,"Mandy: she or he never"
3841.93,3843.37,"Mandy: do before."
3844.56,3849.14,"Mandy: Like even choose a different path to walk or"
3849.19,3851.229,"Mandy: go to a different place."
3852.66,3855.619,"Mandy: My! My! Able to"
3856.21,3858.18,"Mandy: and I don't know. It's been"
3858.21,3865.929,"Mandy: suicide or thing. Like to leave your cell phone for a little bit. Try to really look around"
3865.99,3867.17,"Mandy: the war"
3867.36,3875.14,"Mandy: like we can discover we might able to discover this world is still not like that."
3876.56,3880.08,"Mandy: Oh, like we, we are still very lucky."
3880.31,3886.82,"Mandy: like like, I think, like, we don't really have physical"
3887.86,3889.989,"Mandy: disable, something like less."
3890.26,3902.86,"Mandy: So like we are able. We? We have friends, or I. I don't know. We might sorry to make this conversation very like not very concrete, so like we might have friends."
3902.89,3909.749,"Mandy: family, or like, just to know what we have and to see. Yeah, really"
3909.87,3916.28,"Mandy: try to know what we have might able to make ourselves not less hopeless."
3917.28,3918.43,"Elda (host): Maybe."
3918.43,3919.45,"Mandy: I measured."
3920.11,3922.24,"Elda (host): No, that's that's really good advice."
3922.41,3925.21,"Elda (host): Yeah. I tried to be thankful, I think, is what"
3925.32,3927.83,"Elda (host): perhaps, is the underlying message"
3927.96,3931.639,"Elda (host): to be thankful of. You know what you have."
3931.75,3933.619,"Elda (host): and to look at"
3934.15,3935.34,"Elda (host): the world"
3935.58,3940.63,"Elda (host): in a different way. Change perspective. I think that that helps to."
3941.8,3944.68,"Mandy: Yeah, that's what I can think for. Now."
3945.834,3948.919,"Elda (host): Thank you. How about Jessica?"
3950.315,3950.8,"jessica: I've."
3951.535,3952.269,"Elda (host): Advice."
3952.57,3956.209,"jessica: I think, exercise, because for me"
3956.713,3962.636,"jessica: my, my always parents, before I don't like to do any exercise at all."
3963.08,3965.399,"jessica: and in"
3965.53,3972.039,"jessica: the that period. So I just go war and come home, and day by day I co collect more strikes."
3972.443,3977.289,"jessica: But for now I start to try to do even just go for a little"
3977.32,3983.489,"jessica: like little wrongly or walking, I find that's kind of help to I I don't know"
3984.19,4004.159,"jessica: by how bustering just change. So now I frequently like to do exercise. I feel both more positive. So one thing, I think, is exercise. Do help a lot. And another thing is I have the gen is called theory"
4004.988,4019.74,"jessica: I write down the dairy every day. So in sometime when I have a good thing happen, or I have a really sad happen or sad story. I I always write down everything. So one series."
4019.99,4028.369,"jessica: After I go back to rewrite that period, I would do well find out like, oh, so that's"
4028.44,4042.909,"jessica: that time that what kind of a negative thought I have, and how do I pass through all this time, so I think, write down the your feeling or emotion is kind of a help."
4045.96,4049.819,"Elda (host): Thank you for sharing. It's a really good advice. I"
4050.23,4052,"Elda (host): I hear from"
4053.09,4055.74,"Elda (host): some of my friends. They also practice"
4056.442,4058.099,"Elda (host): that, too, like"
4058.2,4067.79,"Elda (host): every every night before going to sleep they will write down how they feel today. You know, what are the things they are going through."
4068.12,4077.61,"Elda (host): And yeah, later on, when they come back to it, and you know they'll feel. Oh, this this is nothing, you know I I can know what I've gone through. And"
4077.9,4084.43,"Elda (host): how I've grown. So it's yeah, it's like keeping a record of your journey and"
4084.47,4086.53,"Elda (host): that's that's really, really good."
4087.09,4088.949,"Elda (host): Okay, thank you for sharing."
4092.145,4094.485,"Elda (host): to. Yeah, finish off"
4095.94,4098.6,"Elda (host): Brian, would you like to add anything"
4098.79,4101.21,"Elda (host): before we close off this session"
4101.7,4103.937,"Elda (host): or advice? If you have any."
4107.372,4109.387,"Bryan Chen: Let me think about it."
4112.79,4116.699,"Bryan Chen: yeah, I guess IA lot of time stress is"
4117.2,4132.02,"Bryan Chen: because of what you are thinking. I mean, of course, there are some real stress that's now pushing you forward. But a lot of times lousyness we make up by ourselves. Well, it's it's like the major monsters, and"
4132.13,4139.889,"Bryan Chen: and then how to handle that major monsters, I guess, like like many other people, have said."
4140.292,4151.29,"Bryan Chen: you can find friends. You can find, you know, go out to the nature, but I can say why important thing is to give meaning of it."
4151.29,4178.7,"Bryan Chen: So a lot of time we. We have a lot of downtime and a lot of suffering, but I guess a lot of times sometime. What make us feel depressed is not because of the effort we have spent, or the energy or the money that we we lost. But it's because that we feel, after all this tiring process. After all this effort, we don't achieve anything. There's no response, there's no meaning of it. So"
4178.71,4185.959,"Bryan Chen: another time we feel what we're with doing like, say, maybe after you working for a long hour after you have, you know."
4186.05,4195.5,"Bryan Chen: fight for 5 years trying to get to a position. But then you realize that oh, it's so meaningless, life is so meaningless. And then sometimes I do cause also cause a lot of stress."
4195.62,4197.379,"Bryan Chen: But I guess, like, maybe."
4198.01,4202.52,"Bryan Chen: how I think, like talking to different people and then"
4202.76,4204.33,"Bryan Chen: trying to"
4204.73,4206.24,"Bryan Chen: Brodding. Wa."
4206.43,4210.73,"Bryan Chen: broaden your definition of meaning, can also help to"
4211.219,4215.55,"Bryan Chen: kind of relieve your stress cause you all your suffering is probably not just"
4215.92,4224.643,"Bryan Chen: meaningless. You probably doing that for something something that's probably more important and more meaningful than you originally thought. Yeah, I guess."
4225.04,4227.35,"Elda (host): Wow, that's that's really deep."
4227.5,4228.54,"Elda (host): Yeah."
4229.316,4231.66,"Elda (host): perhaps that happens more"
4232.665,4236.36,"Elda (host): after you have finished that"
4236.86,4238.14,"Elda (host): stage."
4238.32,4238.68,"Bryan Chen: Yeah."
4238.68,4252.78,"Elda (host): When you're we're in in the middle of it. At least for me. I I won't have the energy to think. Oh, what's the meaning of this. But yeah, after say, if you have a journal, and then you go back to it."
4252.84,4255.399,"Elda (host): and maybe 3 months later."
4255.4,4261.059,"Bryan Chen: That's also the reason why some people feel it's chelful when you write journal, because you are while you're."
4261.42,4264.2,"Bryan Chen: But in a journal and a diary, that kind of"
4264.58,4268.44,"Bryan Chen: you are reconstructing the meaning you feel like. Oh, this!"
4269.01,4270.499,"Bryan Chen: It's not just like"
4270.855,4277.28,"Bryan Chen: painful, but it's something that you can reflect it later. So that gives you some meaning and help you to really."
4278.37,4279.25,"Elda (host): Yeah."
4280.108,4282.25,"Elda (host): Wow, that's that's really great."
4282.29,4283.096,"Elda (host): Thank you."
4284.147,4295.53,"Elda (host): Yeah. So that's that's all for today's session. And just before we we close. If you could just spare 1 min to help us"
4295.69,4297.66,"Elda (host): complete this survey"
4297.72,4301.029,"Elda (host): for today, that would be really, really appreciated."
4302.019,4306.009,"Elda (host): Yeah. So this, as mentioned before this"
4306.84,4311.229,"Elda (host): online session. So Remy is for"
4311.93,4324.43,"Elda (host): yeah, for this online community of mainly Taiwanese people, but also Chinese people, some of them overseas to practice English and to talk about different"
4324.47,4325.59,"Elda (host): topics."
4326.034,4331.829,"Elda (host): That you wouldn't normally have the chance to a normal life. And yeah."
4332.05,4337.539,"Elda (host): hopefully gain confidence in speaking about different topics"
4337.58,4346.109,"Elda (host): and with strangers. Even though we are not showing faces which I think helps when people are shy"
4346.19,4347.27,"Elda (host): like me."
4348.93,4356.129,"Elda (host): Okay, yeah, once you finish the survey, you are welcome to leave and hope to see you next time."
4358.06,4360.12,"Elda (host): Okay, thank you guys for coming."
4360.12,4360.53,"jessica: Yes."
4366.01,4367.73,"jessica: Thank you. Have a good night."
4368.38,4371.05,"Elda (host): Have a good night. Have a good day bye."
4371.05,4371.61,"Mandy: Yeah."
4371.61,4372.26,"Bryan Chen: Yeah."
4373.52,4374.74,"Elda (host): You, bye."
4388.2,4389.26,"Amy: Good."
4389.66,4392.908,"Elda (host): I you're longer. You're more younger."
4393.45,4394.4,"Bryan Chen: Sml."
4394.4,4396.199,"Amy: Brian Chandlerwater."
4396.37,4398.19,"Bryan Chen: Well, maybe just the"
4401.81,4404.24,"Bryan Chen: no fine girl any."
4404.85,4406.94,"Amy: Let's just a male title option."
4408.2,4410.6,"Elda (host): The General House Sale."
4416.55,4417.709,"Bryan Chen: Yeah. But for."
4417.71,4418.22,"Amy: Hey!"
4418.49,4421.56,"Bryan Chen: In the recording, okay, start recording."
