,Start,End,Text
0,00:00:00.000,00:00:07.189,"Bryan(Host): So welcome to the sessions. So today, our topic is going to be about how to deal with stress."
1,00:00:07.280,00:00:31.350,"Bryan(Host): So stress is kind of like a very common and natural biological reactions towards some negative factors in your environment or in your mind. Right? So often we see stress as a negative thing, but it actually a very important driver to push us moving forward or to push us trying to avoid the risk."
2,00:00:31.350,00:00:43.009,"Bryan(Host): So there's a there's a work called final fight. So stress is kind of the same in your body that either you know, trigger you to escape the potential incidents."
3,00:00:43.290,00:00:49.799,"Bryan(Host): or or, you know, push you forward to be brave, to be courageous, and to"
4,00:00:49.810,00:00:55.030,Bryan(Host): to to to chase after the scene that that's beneficial for you.
5,00:00:55.160,00:01:11.490,"Bryan(Host): but depend on different individual. Different people have different kind of stress and also different way of handle your stress. So today, I think this discussion is going to be interesting, and also can be helpful for each one of individual here."
6,00:01:11.700,00:01:19.720,"Bryan(Host): So, starting from the 1st questions, we want to talk about what's the most common source of stress in your life. And also."
7,00:01:19.750,00:01:26.770,"Bryan(Host): how do they affect you so? Maybe starting for myself? For me, I feel"
8,00:01:26.800,00:01:30.679,Bryan(Host): the biggest stress in my life is uncertainty.
9,00:01:30.760,00:01:35.050,Bryan(Host): because currently I'm a Phd student. And I'm doing my research.
10,00:01:35.250,00:01:59.379,"Bryan(Host): So I feel like doing research in comparison to coursework. The difference is that for the coursework. As long as you spend your effort, you spend your time, you have you, you focus on the lecture, you do your assignment, and then you, you can, you know, expect to have certain good outcomes? That's, you know, that you deserve. You pay off on your efforts right?"
11,00:01:59.380,00:02:07.100,"Bryan(Host): But research is kind of different, because there's a lot of saying that you don't know. You might end up spending a lot of time, but you get some. You get nothing back."
12,00:02:07.100,00:02:29.269,"Bryan(Host): So for me. I think biggest stress in my life currently is the uncertainty in my research. I don't know where I'm doing the right thing. I'm doing, not sure where I'm going. I'm not even sure. After I finish my Phd, where I will be. Yeah. And a supervisor they usually just only give me a big picture, but they don't give me a very detailed guideline. So yeah, so that's my"
13,00:02:30.420,00:02:32.029,Bryan(Host): source of stress.
14,00:02:32.320,00:02:39.559,"Bryan(Host): So, and it does kind of affect my life as well. Sometime, probably, I become more."
15,00:02:39.650,00:02:44.890,Bryan(Host): People say I become more introvert rather than extrovert. I
16,00:02:45.060,00:02:58.629,"Bryan(Host): choose to spend more time to just be myself rather than social. I think that's something that happened to me in the last one or 2 years, and also people share from their perspective. How I have changed so far."
17,00:02:58.710,00:03:09.850,"Bryan(Host): So yeah, so let's see this share. What kind of stress you have currently in your life. And also, how does it affect you? Maybe we can start from velocity. Do you have?"
18,00:03:10.040,00:03:11.650,"Bryan(Host): I mean, stress currently."
19,00:03:12.390,00:03:17.029,"Felicity: Yes, I'm I'm yeah. I'm under a lot of stress."
20,00:03:17.910,00:03:18.870,Felicity: And they
21,00:03:19.040,00:03:28.850,"Felicity: just just like you like you're doing your Phd, but I'm not doing a Phd. I'm doing a master, but it's a master of philosophy like I."
22,00:03:28.890,00:03:31.569,Felicity: I have to write a thesis.
23,00:03:31.570,00:03:31.890,Bryan(Host): It's.
24,00:03:31.890,00:03:32.630,Felicity: Agree.
25,00:03:32.830,00:03:33.680,Felicity: And
26,00:03:34.060,00:03:41.519,"Felicity: actually, I don't have much time to do the thesis at this moment, and I'm still like design, the experiment."
27,00:03:41.810,00:03:46.960,Felicity: And you know it's there is an exist any.
28,00:03:47.450,00:03:50.149,"Felicity: I mean, there isn't any perfect"
29,00:03:50.640,00:03:53.520,Felicity: experiment design existing in the world.
30,00:03:53.890,00:03:54.760,Bryan(Host): Hmm.
31,00:03:54.760,00:04:03.189,"Felicity: Like, even if you have talked to your supervisor for hundreds of times, and you think"
32,00:04:03.350,00:04:15.410,"Felicity: you might, you have like designed a very perfect experiment when you stand in front of a lot of people and they become question you. There are still a lot of weaknesses."
33,00:04:15.750,00:04:16.240,Bryan(Host): Yeah.
34,00:04:16.718,00:04:21.500,"Felicity: But that's it doesn't mean too much for me, because"
35,00:04:21.790,00:04:25.160,Felicity: I think that's natural. The most like
36,00:04:25.960,00:04:31.709,"Felicity: stressful part is, I had to do the presentation in Japanese."
37,00:04:31.950,00:04:33.949,"Bryan(Host): Oh, okay, so you're doing."
38,00:04:33.950,00:04:34.500,Felicity: Yes.
39,00:04:35.790,00:04:37.580,"Bryan(Host): Only in Japan, currently."
40,00:04:37.580,00:04:43.520,"Felicity: Yes, yes, yes, and my! My Japanese is not that good? And"
41,00:04:43.790,00:04:47.830,Felicity: I feel it very difficult to listen
42,00:04:48.050,00:04:57.919,"Felicity: listening to others. Words like they speak in a very fast speed. I don't really understand what they're saying, especially like when they're questioning."
43,00:05:00.420,00:05:08.020,"Bryan(Host): Yeah, I can imagine your life must be very difficult. It sounds like it's a new environment to you, right? How long have you been? Japan?"
44,00:05:09.243,00:05:13.049,Felicity: Since last year. It's almost 2 years.
45,00:05:13.050,00:05:42.612,"Bryan(Host): So it's still fairly new. And you're still adapting to the new environment. And also I also heard people say, often like doing research masters can be more difficult than doing research. Phd. Because, like Phd, at least, we have, like 3 or 2, 3 to 4 years to think about, to refine our experiment and design. But masters like you, only have one shot. You only have one year, if you don't do it well, you are kind of like, probably not sore"
46,00:05:43.070,00:05:48.010,"Bryan(Host): positive about your further career yet, or, you know, true self, like. Phd, yeah."
47,00:05:48.010,00:05:58.189,"Felicity: That's it. But fortunately we have 2 years, but unfortunately we have to do some kind of coursework while like writing a thesis."
48,00:05:58.730,00:05:59.690,Bryan(Host): Right.
49,00:05:59.690,00:06:04.400,Felicity: So we were like suggested to complete all the
50,00:06:04.480,00:06:13.319,Felicity: like subjects to get enough credit in the 1st year and focus on my thesis in the second year. I'm still in the 1st year.
51,00:06:14.017,00:06:19.970,"Felicity: It's too much subjects to do, and a lot lot of Japanese presentations."
52,00:06:20.140,00:06:23.749,Felicity: And in the meanwhile I had to like design experiment.
53,00:06:23.770,00:06:25.720,Felicity: So that's quite stressful.
54,00:06:25.720,00:06:41.860,"Bryan(Host): That's very tough. And and also, how do you think this stress kind of affect you? Or how does that influence you? Does it change your personality? Or does it like change? Some the way you are thinking? Or how does it change your life?"
55,00:06:42.760,00:06:50.470,Felicity: Well chained it. I don't I don't really. I'm not sure about. This
56,00:06:50.900,00:06:57.469,"Felicity: is a very introverted person, and I think I still am an introverted person."
57,00:06:57.860,00:07:01.140,Felicity: But I I've been learning to like
58,00:07:01.350,00:07:05.039,Felicity: talking and discussing with others about our.
59,00:07:05.780,00:07:07.720,Bryan(Host): Academic side of things.
60,00:07:07.770,00:07:10.099,"Felicity: Okay, well, I but I still"
61,00:07:10.400,00:07:14.529,"Felicity: don't like doing it, cause that's really annoying, because I think they"
62,00:07:14.810,00:07:22.820,"Felicity: they're a waste waste of my time. I'd rather sitting there and reading books, reading all the papers by myself."
63,00:07:23.850,00:07:32.280,"Bryan(Host): I see? I see. Yeah, I feel like doing research tend to make people become more introvert."
64,00:07:32.280,00:07:33.589,"Felicity: Yeah, that. That's it."
65,00:07:33.590,00:07:35.490,"Bryan(Host): Experience? As well, yeah."
66,00:07:35.650,00:07:40.100,Felicity: Because everyone's paper focuses on different like.
67,00:07:40.664,00:07:41.179,Bryan(Host): Yeah.
68,00:07:41.180,00:07:47.400,"Felicity: Facts. It's not. There's no use to talk too much with others, because they can't help anything."
69,00:07:48.980,00:07:57.529,"Bryan(Host): Understand? Okay, cool thanks for your sharing. Leo, what what do you say is your biggest stresses in your life? Currently."
70,00:07:59.470,00:08:04.704,Leo: Currency I don't know
71,00:08:05.370,00:08:07.977,"Bryan(Host): Or you have a peaceful life, easy."
72,00:08:09.250,00:08:11.559,Leo: Like I as a
73,00:08:12.070,00:08:17.736,Leo: I just graduated. So I was looking for the job. That period was kind of stressful. But
74,00:08:18.090,00:08:25.369,"Leo: luckily agadware, so like there's no like big expectation"
75,00:08:25.860,00:08:28.090,Leo: from me for for life right now.
76,00:08:28.190,00:08:31.830,Leo: So I think no big big stress.
77,00:08:32.010,00:08:41.400,"Bryan(Host): So it sounds like you are still in your honeymoon period of your new job. Right? So you just you say you just found your job, and you just started a new job and."
78,00:08:41.400,00:08:42.090,"Leo: Yeah, yeah, yeah."
79,00:08:42.090,00:08:47.919,Bryan(Host): Is there any kind of stress internal adapting to the new job or starting work.
80,00:08:49.576,00:08:53.033,Leo: But no actually cause like
81,00:08:54.670,00:08:57.010,Leo: I think I did a pretty good job.
82,00:08:57.320,00:08:57.790,Bryan(Host): Okay.
83,00:08:57.790,00:09:01.100,Leo: Of my of my work. So no stress on that.
84,00:09:01.150,00:09:05.969,Leo: But I guess my other stressor is I'm trying to find a girlfriend.
85,00:09:07.640,00:09:09.240,Bryan(Host): That's a.
86,00:09:10.190,00:09:11.969,Leo: Sometimes like a
87,00:09:13.080,00:09:17.799,"Leo: you're gonna be stressful if you are trying to like reach out, end up being rejected."
88,00:09:18.190,00:09:20.610,"Leo: But that's a hard. Well, process, I guess."
89,00:09:21.330,00:09:27.640,Bryan(Host): Right? Right? Do you think it's a stress actually coming from you? Or is it coming from other people like
90,00:09:27.710,00:09:29.190,Bryan(Host): your friend or your.
91,00:09:29.190,00:09:29.630,Leo: So.
92,00:09:29.630,00:09:34.169,Bryan(Host): Family that kind of expecting you to find a girlfriend something like that.
93,00:09:35.310,00:09:38.480,Leo: The I mean the expectation. Yeah.
94,00:09:38.480,00:09:38.980,"Bryan(Host): No, no."
95,00:09:38.980,00:09:40.309,"Leo: Definitely, from myself."
96,00:09:40.710,00:09:41.440,Bryan(Host): Okay.
97,00:09:42.121,00:09:48.739,"Leo: Like I I believe all, all stress is coming from our like internal ex expectations."
98,00:09:49.755,00:09:52.800,Bryan(Host): Internal expectations. Okay.
99,00:09:52.800,00:09:53.589,"Leo: Yeah, yeah, yeah."
100,00:09:53.880,00:10:06.659,"Bryan(Host): Perspective. So do you think, how does that change your behavior? Do you become more motivated, more active to initiate contact with people, with girls? Or you."
101,00:10:08.629,00:10:13.350,"Leo: yeah, sure, sure. Like, I studied it. So basically"
102,00:10:13.904,00:10:18.350,"Leo: like, no, no, every everyone there was a kind of voice."
103,00:10:18.680,00:10:19.790,Bryan(Host): Okay.
104,00:10:20.950,00:10:25.949,"Leo: So I'm right now. I'm trying to expanding my, I guess social cycle."
105,00:10:26.750,00:10:39.459,"Bryan(Host): I see. So like you used to be. Sounds like you used to be an introvert persons. But because all this stress or this kind of this desire, or willing, whatever you call it, and kind of push you to become more. Try to be small, social."
106,00:10:40.400,00:10:41.200,Bryan(Host): Can you.
107,00:10:41.894,00:10:43.830,"Leo: Yes, I think yes."
108,00:10:44.480,00:10:53.939,"Bryan(Host): I see. Okay, cool. That's very interesting sharing Lee, could you? Would you mind to share your"
109,00:10:54.180,00:10:56.469,Bryan(Host): experience with stress.
110,00:10:56.951,00:11:16.689,"leyi: Yeah, actually, I'm someone who gets stressed easily. For example, like, take part in this program. So but currently, one of my biggest stress is about how to find a decent job. Because, you know, my major is applied linguistics."
111,00:11:16.690,00:11:43.459,"leyi: So our major is like we study how language influences our person a people's personality, and how we use language to communicate. So it's like, it's like a common sense, right? Sometimes, I would say, and sometimes it's just too theoretical, and I cannot apply it into real job markets and because, you know, I want to find Job in China, and I just find"
112,00:11:43.460,00:11:48.899,"leyi: I just can't find a job that matches my field, you know. Like companies."
113,00:11:48.940,00:12:12.675,"leyi: they seem seem to prefer candidates who is science backgrounds like those in the area, such as the It field, or some hydropower field. So it's like science background. But apply linguistic. It's just our background. So I can't really find a well decent job. So"
114,00:12:13.310,00:12:17.630,leyi: so that's currently my biggest distress. Yeah.
115,00:12:18.224,00:12:24.509,"Bryan(Host): So it's like kind of like uncertainty towards the future. Not sure what's going to be the next step, and."
116,00:12:25.430,00:12:26.390,"leyi: Yeah, say."
117,00:12:26.390,00:12:27.180,Bryan(Host): Right?
118,00:12:28.170,00:12:32.070,"Bryan(Host): Okay? And and do you think, does that kind of make you"
119,00:12:32.310,00:12:35.209,Bryan(Host): affect your mood or affect your behavior a lot.
120,00:12:35.210,00:13:00.280,"leyi: Yeah, yeah, definitely. So it's always make me feel anxious. And I always doubt myself. Why, why would I spend a lot of money to study here. But even I study so hard. Even I invest a lot of money. But I still couldn't find a well decent job. What's the meaning of my life. So you know, I always kind of like doubt myself."
121,00:13:00.490,00:13:05.720,"leyi: and I always become very sad, especially at night."
122,00:13:05.760,00:13:12.069,leyi: and I nowadays I find myself unable to sleep.
123,00:13:12.080,00:13:19.930,"leyi: and I always think about my future, my my job. How can I find a job? Yeah, you know, like this."
124,00:13:19.930,00:13:29.700,"Bryan(Host): Wow! That that really does sounds very stressful. I feel I feel the pity for you. So are you still currently in Melbourne, or are you."
125,00:13:29.700,00:13:47.007,"leyi: Yeah. Yeah. And I was because I want to escape. You know, I don't want to go back to China to because what once I go back to China I have definitely to become to prepare for some exams and to"
126,00:13:47.750,00:14:12.239,"leyi: attend some job interviews. I don't want to do that. So I want to stay here to have a rest. And then, after I have a good rest, I have the energy to find a job like this, and because, you know, I always talk to my friends. So if someone can give me a well decent job, I will be the happiest girl in the world, or something like this. Yeah."
127,00:14:12.240,00:14:19.409,"Bryan(Host): I can feel you. I can feel you so. How long has this situation been? Is it just recently, or it has been a while."
128,00:14:19.410,00:14:27.638,"leyi: It has been a long while since I choose this subject. Yeah, since I major in this subject since my"
129,00:14:28.050,00:14:52.880,"leyi: since I failed my go call examination, since I choose the English major in my bachelor degree, since I choose the applied linguistic in my master degree, I always kind of like be haunted by this, but that such kind of anxiety, I think only when I got a well decent job I will feel better. Yeah."
130,00:14:53.650,00:15:18.810,"Bryan(Host): Yeah. I hope that everything well goes well. So it seems like it has been a while. Then, probably, I think now it's probably a good transition point to move on to the next question about, how do we handle stressful situation also? Or how do we make relief? So so in the last few years you definitely have moment that you feel very, very stressful and"
131,00:15:18.920,00:15:27.510,"Bryan(Host): anxious, and perhaps depressed. So how do you? How do you? You know, kind of survive with it. How do you"
132,00:15:27.730,00:15:30.919,Bryan(Host): handle the center? Handle? The fit? The strong feeling.
133,00:15:32.560,00:15:33.200,leyi: Me!
134,00:15:33.430,00:15:34.090,Bryan(Host): Yeah.
135,00:15:34.090,00:15:36.750,"leyi: Oh, so"
136,00:15:40.136,00:15:55.449,leyi: sometimes I would exercise. I would like play in the badminton or just running like jogging to do some exercise to unwind but when I
137,00:15:55.580,00:15:57.450,leyi: just when I
138,00:15:57.670,00:16:17.520,"leyi: how to say but I I think that didn't help me a lot. When I finished this exercise, I still feel anxious, yeah, and also listening to some softer music, or just kept kept scrolling through the Tiktok. Yeah, that one may feel better. I used to spend a lot of time on it. Yeah."
139,00:16:17.520,00:16:22.429,"Bryan(Host): To have them kind of mental escape, like not not thinking about this same, but like."
140,00:16:22.430,00:16:23.340,"leyi: Yeah, yeah."
141,00:16:23.340,00:16:23.780,Bryan(Host): Just.
142,00:16:23.780,00:16:30.480,"leyi: Become. Yeah, just become absorbed into another field. Then I cannot think about my job."
143,00:16:31.020,00:16:41.590,"Bryan(Host): Oh, okay. But do you have, like someone who could like like a friend, to help you to share those feeling, or how to help you to go over these events."
144,00:16:41.590,00:16:45.610,"leyi: Oh, well, actually, my friends have the same situation with me. Yeah."
145,00:16:46.190,00:17:05.230,"leyi: yeah. So we all anxious about our future. Yeah, because we choose this, major, because it's just a niche major in China and in Australia. So it's really hard to find a job that matches our field. The best way we can do is to become an English teacher. Yeah."
146,00:17:05.609,00:17:07.439,leyi: maybe you don't want to. Yeah.
147,00:17:07.440,00:17:08.430,Felicity: Exactly.
148,00:17:09.079,00:17:34.351,"leyi: Well, not because I want to, but because it's very competitive. In China. If you want to be an English teacher, they would prefer the normal university, you know, like which in China we have a lot of normal university, they would prefer normal university students rather than someone who come to who study abroad. Yeah. So it's very difficult for me to find"
149,00:17:34.769,00:17:46.889,"leyi: English teacher, even though I got Master's degree in Melbourne, even though I got Master's degree in a flying in like the famous university in Australia. Yeah."
150,00:17:48.030,00:17:57.369,"Bryan(Host): Well, that's very tough situations. Philosophy do. Could you share some your way of handle stress or."
151,00:17:57.370,00:18:02.250,"Felicity: I, yeah, I I really feel Lee."
152,00:18:02.960,00:18:09.080,"Felicity: And her words she just said, because I experienced exactly the same period"
153,00:18:09.110,00:18:15.909,"Felicity: with her when I graduated with the master of applied linguistics. But fortunately, I"
154,00:18:16.330,00:18:22.860,"Felicity: I'm really interested in being becoming an English teacher, and I didn't find a job at school."
155,00:18:23.320,00:18:30.640,"Felicity: I find a job in an English institution, and that might be much easier for someone who"
156,00:18:30.860,00:18:37.220,"Felicity: is seeking for position, seeking for a job in this field."
157,00:18:37.480,00:18:43.770,"Felicity: But it could be really hard to find a like, find a job in a company unless you"
158,00:18:44.360,00:18:45.700,Felicity: you're majorings.
159,00:18:45.810,00:18:48.820,Felicity: But other sales.
160,00:18:48.980,00:18:49.790,Felicity: Yeah.
161,00:18:50.130,00:18:50.780,Bryan(Host): Right.
162,00:18:51.980,00:19:03.650,"Felicity: Now, currently, how I deal with my stress. I think it's quite different from the stress that people"
163,00:19:03.900,00:19:07.030,Felicity: have in a workplace.
164,00:19:09.120,00:19:15.820,Felicity: I don't know how to express these situations like I tried. I think
165,00:19:15.990,00:19:20.050,"Felicity: if I'm going to give a presentation, I need to do my best."
166,00:19:20.100,00:19:30.909,"Felicity: and all the assessor, or like my lecturers, or either my lecturers or the professors. They were. They were as students"
167,00:19:30.980,00:19:38.629,"Felicity: when they are doing a master, and when they are doing their Phd. So I think they know the feeling that I am experienced."
168,00:19:38.630,00:19:39.290,Bryan(Host): As well.
169,00:19:39.290,00:19:47.843,"Felicity: So if I try my best they can understood. They can understand me in some ways, but I don't know how best is to try my best."
170,00:19:48.490,00:20:13.600,"Bryan(Host): Yeah, I think sometimes having those kind of cognitive mentorship is important to help you to not feeling as stressful. So I, personally, I remember that when I just started my 1st job as an it engineer many years ago, my boss just assigned me a very, very difficult, almost impossible mission of Job. And and I feel"
171,00:20:13.600,00:20:24.619,"Bryan(Host): really stressful. I didn't know what's the best. So this is kind of like a Research AI job. And then no one I know have done it before, and I didn't know how to do it, and then"
172,00:20:24.620,00:20:45.730,"Bryan(Host): I did it for one month, and I asked my boss, is it just for prototyping or experiment? And he said, he's actually has signed a contract with the customer. He's a businessman. He just signed a contract, so I was very stressful, like Whoa! They already signed a contract. I can't get a scene down, but then, after a while, I kind of adjusted myself attitude I feel."
173,00:20:45.870,00:21:04.409,"Bryan(Host): even if this project fell. It's not my fault. It's the fault is not just my own responsibility. It's a the fault is also the manager's responsibility because he assigned a project to a Luki. Right? So I just try my best, and as long as I try my best"
174,00:21:04.772,00:21:24.727,"Bryan(Host): doesn't matter. It goes well or bad. It's it's not just my own fault. It's like, you know, I already have time. So so after that, I kind of like, just, you know, life became much, much more relaxed and much easier, because I feel, oh, just do whatever I can do. The rest is up to the manager."
175,00:21:25.080,00:21:30.160,Bryan(Host): Yeah. So that's so. That's while my experience.
176,00:21:31.001,00:21:51.900,"Bryan(Host): Oh, and also for Felicity, I guess, like, could you also share? So you say, you also have gone through that time. When you just finish your apply, master, apply linguistic master, and you couldn't find Job and couldn't don't know what's your next step for the future. So how do you cope with the stress, or how do you cope with the difficulty at that time."
177,00:21:52.420,00:21:57.089,Felicity: I just keep sending my resumes to the companies to all the.
178,00:21:57.220,00:21:59.370,Bryan(Host): Like English institutions.
179,00:21:59.560,00:22:03.890,Felicity: As long as they are recruiting a English teacher.
180,00:22:04.450,00:22:12.809,Felicity: and I got rejected for many times because they they don't need me to be their teachers. They just want an some kind of assistant.
181,00:22:13.170,00:22:14.656,Felicity: That's ridiculous.
182,00:22:15.890,00:22:20.479,Bryan(Host): Was that Becky was that baking Australia or baking china.
183,00:22:20.710,00:22:22.639,Felicity: Are they based in China.
184,00:22:22.640,00:22:24.699,"Bryan(Host): Oh, okay, I see."
185,00:22:24.840,00:22:28.329,Felicity: Because I I don't really want to stay in Australia at the time.
186,00:22:28.860,00:22:35.740,"Felicity: I feel at that time I thought I don't like English, and they just a tool"
187,00:22:35.980,00:22:46.009,Felicity: that I can use it to make money. And I will use this money to go Japan to study further. Yeah.
188,00:22:46.380,00:22:54.299,"Felicity: And even though I even though I don't earn enough money, my family will support me. So that stress"
189,00:22:54.540,00:22:55.620,Felicity: I had.
190,00:22:56.070,00:22:58.505,"Bryan(Host): A lot of stress, but not that much."
191,00:22:58.810,00:23:06.329,"Bryan(Host): Okay, okay, I see. But how did you handle the rejections? And how do you handle like. Cause you, you say."
192,00:23:06.920,00:23:13.529,"Bryan(Host): do you find it stressful or very kind of yeah, at the."
193,00:23:13.720,00:23:19.640,"Felicity: I mean at the very beginning I was really up absurd, because I think I'm"
194,00:23:19.800,00:23:23.339,Felicity: like good good enough to
195,00:23:24.390,00:23:28.920,"Felicity: I I think I'm good enough for this job, but it rejected me."
196,00:23:29.010,00:23:32.369,Felicity: It's quite like frustrated.
197,00:23:32.390,00:23:40.990,Felicity: But soon I find it's not my fault. It's just that companies. They are really ridiculous. I just fine with it.
198,00:23:41.260,00:23:41.870,Bryan(Host): Yeah.
199,00:23:41.870,00:23:49.679,"Felicity: And I finally find a find a company it's a very small institution, and they value me a lot."
200,00:23:49.980,00:23:50.910,Bryan(Host): And.
201,00:23:51.060,00:23:57.209,Felicity: Yeah. So I think everyone will have a job. It's just a time problem.
202,00:23:58.950,00:24:02.800,Bryan(Host): Let's see. Thanks for your sharing. Let's
203,00:24:02.960,00:24:16.109,"Bryan(Host): at least ask Leo Leo, so probably beside like, find, the stress of finding girlfriend. But maybe, like the stress you have experienced before. How do you handle your stress? How do you relieve your stress."
204,00:24:16.580,00:24:23.870,"Leo: Yeah, like, I can feel everyone's story here, because in there as well. But"
205,00:24:24.060,00:24:26.790,Leo: job seeking job hunting stuff.
206,00:24:27.600,00:24:28.500,Bryan(Host): Hmm.
207,00:24:28.750,00:24:29.270,Leo: Like
208,00:24:29.850,00:24:33.389,"Leo: I feel like a lot of times, with"
209,00:24:34.530,00:24:40.880,"Leo: only have the control of ourself, but not all other things, and the process of a"
210,00:24:41.170,00:24:43.109,Leo: funding like finding a job.
211,00:24:43.410,00:24:51.179,"Leo: It's mostly depending like by others like other variables, not ourselves."
212,00:24:51.580,00:25:02.409,Leo: So after I realized that I kind of just keep trying and accepting the rejection. I guess
213,00:25:02.960,00:25:04.880,Leo: that helped me a lot.
214,00:25:05.980,00:25:13.040,"Bryan(Host): But how do you help yourself to accept rejections? Because sometimes it's just, you know, to swallow."
215,00:25:13.260,00:25:14.440,Bryan(Host): Yeah.
216,00:25:15.460,00:25:25.662,"Leo: Yeah, I guess so. Just sometimes we feel painful being redacted because we kind of"
217,00:25:27.505,00:25:34.450,"Leo: connect the rejection as we are not good enough, or anything or something really to like personal."
218,00:25:34.710,00:25:35.819,Bryan(Host): Hmm! I I.
219,00:25:35.820,00:25:38.620,"Leo: Sincome, if we kind of want."
220,00:25:39.260,00:25:41.510,Leo: don't make that kind of connection.
221,00:25:41.980,00:25:42.390,Bryan(Host): Yeah.
222,00:25:42.390,00:25:44.879,"Leo: Believing ourselves, and then just realizing"
223,00:25:44.980,00:25:48.230,Leo: that the end result might not
224,00:25:48.420,00:25:50.980,Leo: my like. It's out of our control.
225,00:25:52.200,00:26:17.230,"Bryan(Host): I think that's a very interesting point. So you are saying that a failure or a rejection objectively is just simply just a failure or rejections, but very often we can interpret it further, and then we can then, causing us to change our definition or our perceived meaning of ourselves, to become somewhat negative, and that"
226,00:26:17.990,00:26:20.940,Bryan(Host): negative effect is kind of prolonged or
227,00:26:21.445,00:26:24.769,"Bryan(Host): some sometime permanent, and we try to."
228,00:26:24.770,00:26:32.510,"Leo: Yeah, yeah, the. I think I also want to share some of my like a, I guess scientific findings."
229,00:26:32.510,00:26:33.270,Bryan(Host): Okay.
230,00:26:33.740,00:26:34.210,Leo: Like
231,00:26:35.210,00:26:41.110,Leo: So there is some podcaster called the Andrew Huberman.
232,00:26:41.730,00:26:44.780,"Leo: Don't know whether you guys heard about it, but basically."
233,00:26:45.050,00:26:47.499,Leo: and when you've been become stressful.
234,00:26:47.910,00:26:55.889,"Leo: We kind of release this kind of a a corridor, a neural chemical released in your brain."
235,00:26:56.050,00:26:57.858,Bryan(Host): That we all like
236,00:26:58.530,00:27:06.950,"Leo: Make you like emotional, unstable, and also like a release. Adrenaline, epinephrine, that kind of stuff."
237,00:27:07.160,00:27:09.338,Leo: But there's actually a ways to like
238,00:27:10.390,00:27:17.779,Leo: navigate that to escape from welcome state like a behavior protocols.
239,00:27:18.060,00:27:21.030,"Leo: Okay, you can do a deep breath."
240,00:27:22.250,00:27:25.889,Leo: a brief work. Meditation also works.
241,00:27:26.340,00:27:26.920,Bryan(Host): Hmm.
242,00:27:26.920,00:27:28.799,Leo: Exercise also works.
243,00:27:29.680,00:27:31.959,"Leo: What else? Okay, I think."
244,00:27:32.780,00:27:37.629,Leo: But nothing beats a good sleep like after you sleep you will all feel refreshed.
245,00:27:38.080,00:27:46.000,Leo: because during the sleep process all the cortisol will be like removed from your brain.
246,00:27:46.630,00:27:53.699,"Bryan(Host): Hmm, yeah. Yeah. So have you tried since you mentioned meditation? Have you tried meditation?"
247,00:27:54.630,00:28:02.649,"Leo: I'm trying to add that to my like a daily routine. But currently, like it's not."
248,00:28:03.110,00:28:05.049,Leo: it's not like a consistent.
249,00:28:05.500,00:28:08.229,Bryan(Host): Okay. But do you think works for you
250,00:28:08.340,00:28:10.960,Bryan(Host): just simply sitting there and meditate.
251,00:28:12.980,00:28:13.890,Leo: Real.
252,00:28:14.230,00:28:20.900,"Leo: I don't have a I could. I didn't observe anything, so I'm not sure whether it works."
253,00:28:21.080,00:28:22.640,"Bryan(Host): Or not, but I."
254,00:28:22.800,00:28:28.419,Leo: I believe in science behind it. And there's there's a lot of research paper support of that
255,00:28:28.770,00:28:30.658,"Leo: idea, that meditation like"
256,00:28:31.300,00:28:32.890,Bryan(Host): Hope you calm down
257,00:28:33.380,00:28:41.910,"Bryan(Host): right? I see. Yeah, I think a lot of time. The source of the stress is about, how do you think about yourself so"
258,00:28:42.000,00:28:48.250,"Bryan(Host): like like you mentioned, and maybe others also mentioned that when you have the rejection."
259,00:28:48.420,00:29:03.970,"Bryan(Host): if the rejection make you think that oh, I am bad. So that's why I get rejected, and that will cause you you know, have a very low emotions and very negative mood, and also probably make you"
260,00:29:04.040,00:29:08.589,Bryan(Host): become less energetic to go for longer futures. Right?
261,00:29:09.088,00:29:27.480,"Bryan(Host): So I so I think sometimes, really, about how do you switch the thinking? And one way to kind of I can also share my experience. One way to make yourself feel better is to find people who are doing worse."
262,00:29:27.900,00:29:29.110,"leyi: This is, I know."
263,00:29:29.300,00:29:40.890,"Bryan(Host): So so how? So? There's a movie called Fight Club. I'm not sure if you know them. It's a very old movie. So in the beginning of the movie. So I can't remember the detail. But I remember somehow, like"
264,00:29:41.490,00:30:11.300,"Bryan(Host): the the main character has a very depressed life like couldn't find Job. Nothing goes well. So what did he? What he did to relieve his stress is like he joined the cancer Helping group. You know, what was a cancer helping group. It's like a bunch of people, a group of people. Each one of them got cancers, and once in a week they will have a dinner or something together, and then share their own story like, Oh, I have cancer, and my my parents are looking after me. So it's like a"
265,00:30:11.300,00:30:37.129,"Bryan(Host): you know, like a bunch of it's a society that people who, for people who have cancer and helping each other mentally. So he joined this group, and then he didn't have cancer, obviously that he just pretended that he got cancer. And then he just joined a group to listen people's cancer story. And then I make him feel that his life is not too bad, so so you could do that as well. And I also tried similar thing when I was in undergrad"
266,00:30:37.430,00:31:02.419,"Bryan(Host): My last year in university, I did a volunteer in person, so I in the prison. We do kind of facilitate some talking program. The person asking prisoner to have a conversation. So that was kind of also therapy to therapy to me as well. I was also had a panic that couldn't find a job something like that. So but talking to them and also talking to wider people, you feel like, Okay."
267,00:31:02.470,00:31:20.710,"Bryan(Host): the well is not too small. There are people who doing weight worse than me. And then there are probably also other different kind of way and opportunity. So I think, finding people who, doing worse than you is a good way to release your stress, in my opinion. Yeah."
268,00:31:23.335,00:31:24.530,Bryan(Host): so.
269,00:31:24.860,00:31:32.319,"Bryan(Host): And also, I wonder if you guys have experience helping other people to relieve your stress."
270,00:31:32.380,00:31:34.450,Bryan(Host): to briefly lay a stress.
271,00:31:34.800,00:31:39.060,Bryan(Host): So you might have friends who say who just break up.
272,00:31:39.120,00:31:44.196,Bryan(Host): and you trying to do something to help them.
273,00:31:44.890,00:31:49.000,Bryan(Host): and how do you help them? Not sure. If you if you guys have any experience.
274,00:31:49.636,00:31:53.109,Bryan(Host): maybe we can stop on lay again.
275,00:31:53.130,00:31:59.930,Bryan(Host): Have you tried to help your. I know you probably at a stage. You need some help on people. But have you tried to help other your friend
276,00:32:00.060,00:32:04.249,Bryan(Host): to relieve their difficult situations or stress.
277,00:32:05.196,00:32:10.290,"leyi: Well, it's like what to say."
278,00:32:10.850,00:32:25.710,"leyi: so actually I think I'm kind of considerate. So my friends always complain something to me to like to relieve their stress, and then I become to help them."
279,00:32:27.640,00:32:32.990,leyi: I'll just say to figure out some solutions. To
280,00:32:33.250,00:32:37.180,leyi: to help them unwind is like this.
281,00:32:37.320,00:32:41.789,"leyi: For example, my friends, recently she has a"
282,00:32:42.250,00:32:58.259,"leyi: kind of situationship with a man. Yeah, but she don't know whether this man this boy will like her that she want to ask some advice from me, but I don't have such kind of experience that"
283,00:32:58.270,00:33:02.270,leyi: that I was trying to help her.
284,00:33:03.039,00:33:07.319,leyi: How to say I was trying to try to find some
285,00:33:07.800,00:33:22.760,"leyi: evidence that the boy would probably like her. But I failed. Yeah, but I failed. But actually, I still told to my friends that that guy probably likes you. Yeah, you should continue"
286,00:33:22.840,00:33:44.160,"leyi: to like to to do this. Yeah. And and another thing is that my friends always have the appearance, anxiety, appearance, stress. Then I always told him, you're the best you're you look very good you. You are the same like like the the actress to help them"
287,00:33:45.530,00:33:52.200,"leyi: like, give some advice, but maybe not helpful. Yeah, I will try my best."
288,00:33:52.674,00:33:59.545,"Bryan(Host): But how do you feel when you try to help in other tools, or when you're trying to separate? Do you feel tired, or do you feel?"
289,00:34:00.130,00:34:04.409,"Bryan(Host): Yeah, yeah, happy. Or I think it kind of depend on personality. Yeah."
290,00:34:05.200,00:34:22.460,"leyi: I think it depends on the stress on the type of stress. For example, if my friends want to complain about her appearance, anxiety. Then I normally, I feel it's not a big deal. I'm very happy to help her."
291,00:34:23.070,00:34:28.969,leyi: It's like if she talk about something. If she continue to talk about something.
292,00:34:29.417,00:34:38.859,"leyi: I'm not familiar, and I have told her many times I have helped her many times, and then I will feel like a sense of"
293,00:34:39.150,00:35:01.459,"leyi: hopeless hopelessness, you know, because if like cause cause it cause it's like even though I I talked to her many times I try to help her many times, but next time she still asking me the same question ask about complain, the same situation. I will feel like it's really meaning."
294,00:35:02.210,00:35:05.060,"leyi: It's really meaningless, right?"
295,00:35:05.230,00:35:07.269,"Bryan(Host): Yeah, yeah, I can see."
296,00:35:07.320,00:35:18.359,"Bryan(Host): Yeah, I totally understand. When people feel anxious, they probably sometimes they don't really want to answer a solution from you. They just want someone to listen, I guess. Yeah."
297,00:35:19.110,00:35:27.380,Bryan(Host): But that also can cause you feel stressful as well. Sometimes stress or depression can be like a disease that pass on one person to people.
298,00:35:27.380,00:35:27.770,Bryan(Host): yeah.
299,00:35:28.380,00:35:38.359,"Bryan(Host): And then that you don't want that because, yeah, you're happy to help them as a friend, of course. But you don't want to also make your life become negative. Yeah, understand?"
300,00:35:39.195,00:35:48.789,"Bryan(Host): How about you, Leo? Do you think? Do you have friends who have gone through stressful situation or moments. How did how did you help them?"
301,00:35:54.310,00:36:02.070,Leo: I I don't know. Actually like hmm us!
302,00:36:04.140,00:36:06.120,"Leo: I guess the simple answer is, no."
303,00:36:06.570,00:36:16.290,"Bryan(Host): Okay, so you don't you? You there so like, when your friend you haven't had friend like, have a stressful moments, or need your companion or help?"
304,00:36:16.820,00:36:17.570,Bryan(Host): Who's.
305,00:36:19.310,00:36:20.781,"Leo: Well, I I guess."
306,00:36:22.890,00:36:30.009,"Leo: Maybe I'm thinking from different perspective, like, when we have a problem."
307,00:36:30.660,00:36:32.839,Leo: I'm trying to find a solution.
308,00:36:33.765,00:36:37.219,Leo: Like a like a solution orientated.
309,00:36:37.440,00:36:44.050,"Leo: It's a note not trying to like, I guess. Solve the the emotion."
310,00:36:44.750,00:36:45.280,Bryan(Host): Yeah.
311,00:36:45.280,00:36:45.680,Leo: No.
312,00:36:45.680,00:36:49.290,Bryan(Host): The risk orientated can also be a way to
313,00:36:49.390,00:36:56.810,"Bryan(Host): reduce the stress right, because as soon as you solve the problem that is also solving this source of stress."
314,00:36:57.230,00:37:00.950,"Bryan(Host): although not always. But it does, I say sometime."
315,00:37:01.870,00:37:02.670,Leo: Yep. Yep.
316,00:37:02.670,00:37:09.619,Bryan(Host): So your best way of supporting your friend is through helping them to solving the problem together.
317,00:37:10.560,00:37:13.100,"Leo: Yeah, I guess I'm suggesting a solution."
318,00:37:13.330,00:37:14.910,"Bryan(Host): Okay, yeah, maybe."
319,00:37:14.910,00:37:17.970,Leo: Because that's a that's a voice like a
320,00:37:18.110,00:37:22.339,Leo: don't talk about it. Don't talk about the emotion that much.
321,00:37:22.520,00:37:49.929,"Bryan(Host): I think that's an interesting thing. I cannot agree with you is that sometimes when I have those kind of low emotion, moment or email moment, and I agree with you. My 1st thought would not to find my male friend. I will go for my female friend. I feel as if female are better at listening and also helping you to reinterpretating your thinking and also your emotions."
322,00:37:49.930,00:37:53.440,Bryan(Host): Yeah. So I totally agree with you.
323,00:37:54.100,00:37:59.480,Leo: So. Do you know? Why? Do you know why I don't like? Do you know why we don't.
324,00:37:59.910,00:38:00.610,Bryan(Host): Why?
325,00:38:00.770,00:38:03.060,Leo: Do you wanna elaborate?
326,00:38:04.455,00:38:10.640,"Leo: Okay, I don't know. Like, I guess it feels good."
327,00:38:11.280,00:38:16.156,"Bryan(Host): Okay, okay, cool. That's okay."
328,00:38:17.480,00:38:24.110,"Bryan(Host): velocity, velocity. Do you have, friend? Who had a stressful moment? And how did you help them?"
329,00:38:25.240,00:38:27.179,"Felicity: Yeah, I did have a lot"
330,00:38:29.080,00:38:32.889,"Felicity: I had. I once had a friend, and she"
331,00:38:33.030,00:38:45.819,"Felicity: she we grew up together, and we knew each other for over 20 years, and but now we don't contact with each other because I think she is too annoying."
332,00:38:46.180,00:38:55.010,"Felicity: And he she came to me, and always for some emotional counseling."
333,00:38:55.390,00:39:12.429,"Felicity: and I thought I was her private emotional counselor for over 4 years, and every time the problems were the same, like my boyfriend did what? What? What? And I think it's not appropriate, so I want broke up with her with him."
334,00:39:12.670,00:39:13.440,Bryan(Host): But.
335,00:39:13.440,00:39:15.020,Felicity: Finally she didn't.
336,00:39:17.080,00:39:24.399,"Felicity: No matter how many solutions I suggest, I think I'm also a solution. Orient oriented person."
337,00:39:25.280,00:39:27.320,Felicity: She came to me so I thought
338,00:39:27.330,00:39:32.469,Felicity: she wants to like wanted to solve the problem right? So I suggest my solutions.
339,00:39:32.750,00:39:46.149,"Felicity: And actually, it seems like she doesn't need any solutions. She just wants someone to listen to her experience. But I don't want always I don't want. Listen how"
340,00:39:46.930,00:39:50.900,Felicity: I mean I don't want. Listen what you did with your boyfriend.
341,00:39:51.040,00:39:52.129,Felicity: I don't care.
342,00:39:52.420,00:39:59.270,"Felicity: I have my life, I have my stress. I have a lot other things that are more important to do."
343,00:40:00.310,00:40:07.050,"Felicity: So. Yeah, I think at the very beginning I was really willing to help her."
344,00:40:07.060,00:40:13.029,Felicity: because I find her in a very difficult situation where she did have some
345,00:40:13.140,00:40:18.560,"Felicity: problem with her girlfriend, her, her boyfriend and I,"
346,00:40:19.140,00:40:21.970,Felicity: and that the in the in that time.
347,00:40:22.450,00:40:29.050,"Felicity: I think she really wanted to solve these problems. But gradually, yeah."
348,00:40:29.300,00:40:32.520,"Bryan(Host): Then just drag on, and it could repeat and."
349,00:40:33.570,00:40:40.330,"Felicity: Yeah, yeah. And every time the same, I every time the problems were very same."
350,00:40:40.700,00:40:41.840,"Bryan(Host): Yeah, just."
351,00:40:42.260,00:40:43.740,Felicity: Keep happening.
352,00:40:44.020,00:40:50.660,Felicity: and you just don't want to solve the problem. So what's the point of coming to me to say those words.
353,00:40:50.750,00:40:56.720,"Bryan(Host): Maybe you can plug in a chat, Gpt with your account and automatic reply to her."
354,00:40:56.720,00:40:58.570,"leyi: Yeah, oh, this."
355,00:40:58.570,00:41:02.195,"Bryan(Host): Oh, really you did that reply."
356,00:41:02.800,00:41:25.650,"leyi: For example, like when I, talking to some unfamiliar relatives, they ask me to come to their home to like something like this, and I thought, then I want to refuse, or I want to refuse their their request, and always ask Chatgpt to help me. Think about some words."
357,00:41:25.650,00:41:26.690,Felicity: I'm single.
358,00:41:27.450,00:41:29.810,Felicity: That's a really like good way.
359,00:41:30.379,00:41:34.249,"Bryan(Host): Did it work? Well, though treachery say something. Okay."
360,00:41:34.250,00:41:47.200,"leyi: Yeah, I think it works well that because when Chatgpt says this and I'll copy this, and then my relatives, they just don't want to invite me. Yeah."
361,00:41:47.950,00:41:51.880,"Bryan(Host): Okay, okay, yeah, I think that's interesting. Okay."
362,00:41:51.910,00:42:02.649,"Bryan(Host): But have you guys tried to? I know some of my friends did when they feel stressful or depressed and couldn't find someone to talk to. They actually tried to talk, to chatgpt, to"
363,00:42:02.710,00:42:07.039,"Bryan(Host): just have a you know, deep chat or sound, like using."
364,00:42:07.040,00:42:08.779,"leyi: Yeah, same, same."
365,00:42:09.160,00:42:13.320,Bryan(Host): Does it? How do you find it? Do you find is useful in that way? Yeah.
366,00:42:13.320,00:42:26.718,"leyi: I found Chatgp is super useful, because if every time I talk to her I talked to him. My situation, my experience, my situations have always be"
367,00:42:27.400,00:42:47.929,"leyi: act like considerate, you know, like, because one day I talked about my achievements and my academic achievements, and he would say, oh, you're so great. So it's like, yeah. Gpt says like this. And I feel like it. Isn't it a human? How can they be so considerate and caring? Yeah."
368,00:42:48.470,00:42:53.899,"Bryan(Host): Hmm, interesting. Yeah, I can feel that. So, yeah, my friend."
369,00:42:53.900,00:43:01.170,leyi: Can even like imitate the tone of human. So I feel it's really warm hearted.
370,00:43:01.320,00:43:20.659,"Bryan(Host): Yeah, so you can actually give it a role. Say, now, your role is a psychologist or a counselor, and then you can even give him some background settings. Say, your role is a software engineer, and then your Mbti is imtj something like that. So you will actually try to."
371,00:43:20.870,00:43:31.990,"Bryan(Host): I'm not sure how accurate it's going to be, but it will try to do something that's very typical response of those people you describe, so you can change your strategy in that way. Yeah."
372,00:43:32.680,00:43:39.620,"Bryan(Host): okay, I think that's probably almost all our discussion for today about stress."
373,00:43:39.630,00:43:47.909,Bryan(Host): And I hope you guys did enjoy the conversations. I think there were some interesting insight and some interesting stories.
374,00:43:48.361,00:43:54.470,"Bryan(Host): Anyone have anything else they want to share, or they want to say before we close out the session."
375,00:43:54.900,00:43:57.890,"Leo: Yeah, I guess I will try chat gpt next time."
376,00:43:58.458,00:44:06.221,"Bryan(Host): You have a you? Could you find a job? You are the only one among us, for have the job."
377,00:44:06.820,00:44:12.000,Leo: I feel like Phd is basically a job.
378,00:44:12.912,00:44:15.890,"Bryan(Host): Kind of half and half, if you see."
379,00:44:15.990,00:44:23.120,Bryan(Host): it's very stressful lifestyle and a lot of uncertainty. And also.
380,00:44:23.270,00:44:28.230,"Bryan(Host): yeah, but we have a lot of freedom. That's the only one thing I kind of cherish."
381,00:44:28.370,00:44:30.116,Bryan(Host): But yeah.
382,00:44:31.260,00:44:36.980,"Leo: Yeah, I can. I can feel like, when I see someone, I can feel whether he's a Phd student or not."
383,00:44:37.450,00:44:38.020,Bryan(Host): And.
384,00:44:38.020,00:44:39.130,Leo: By the looks of it.
385,00:44:39.460,00:44:42.340,"Bryan(Host): Oh, by the looks, yeah, sometimes. Yeah. By the looks."
386,00:44:42.756,00:44:43.173,Leo: Like
387,00:44:44.280,00:44:50.454,"Bryan(Host): Always ground, and also look like they are like thinking something deeply."
388,00:44:51.860,00:44:52.340,Leo: Like
389,00:44:53.430,00:44:59.460,"Leo: I don't know the how to express that in English, but it's trying to but"
390,00:44:59.690,00:45:04.910,"Leo: squeeze their eyebrows like a, you know, constantly. Yeah, constant state."
391,00:45:05.520,00:45:08.630,"Bryan(Host): Okay, yeah. Now, you can feel my PIN. There."
392,00:45:09.260,00:45:10.520,"Leo: Yeah, yeah."
393,00:45:10.720,00:45:19.209,"Bryan(Host): Okay, thank you guys for your time. If there's no nothing else you want to say, I'll just close the recording here. Thank you."
394,00:45:20.290,00:45:20.760,Felicity: Thank you.
