Start,End,Text
16.767,20.889,"Leyi CAO: So I would like to share my"
21.56,26.439,"Leyi CAO: example about how I perceive time moves fast."
26.46,46.56,"Leyi CAO: especially when I was in my physics classes. You know, I really hate physics. When I was in physics classes, time always seems like drag on forever. It's like every second. It's just one year. Yeah. And you know, at that time we have a big clock"
46.56,61.96,"Leyi CAO: handing over our classroom, and then I feel like every second I just kept glancing, kept watching the clock, wondering why the class wasn't over yet. Yeah, something like that. I think."
62.11,68.56,"Leyi CAO: in this class, when I feel very bored. Time is moving very, very slow. Yeah."
71.91,76.328,"Yelin Ma: Yeah, I think that happens like from time to time. But"
76.85,93.337,"Yelin Ma: for me, I like I was like when I was like at the beginning of this year. When I was like in traveling to Beijing, and we are carrying in the universal studio. That that queue was quite"
94.49,122.24,"Yelin Ma: disaster like you have to wait all day long, and I remember I entered the apartment like from 10 am. But that just like you have to queue for a long time, and you wouldn't know when Will, what is when when it's your turn to take the like the roller coaster or any other items in the apartment park. Amusement. Park."
122.876,126.8,"Yelin Ma: So for me, that was like quite a torture."
128.392,137.467,"Yelin Ma: there! There is some some time that I feel like time is like just flying for example, like for this semester."
138.07,149.11,"Yelin Ma: I think time really flies because it's already like 11, I mean, like I I couldn't believe it. It's it's it feels like I just came here"
149.674,164.109,"Yelin Ma: and it doesn't feel like quite a long time since I became a graduate student here. And it's especially like in July I in July. We all start this time."
164.5,168.15,"Yelin Ma: but it's already baby lava. I mean, it's like a magic"
168.37,170.33,"Yelin Ma: yeah, camera, replies."
173.05,179.639,"Karin: In my opinion, I think time is a measure of human work and rest."
181.4,184.02,"Karin: people say time, because."
184.973,186.679,"Karin: we need."
186.95,192.219,"Karin: We need it. Yeah, in my life, whenever I feel nervous or"
192.77,201.989,"Karin: unjust, such as when I take a difficult exam, and I am not sure about most of the questions."
202.53,206.04,"Karin: I will feel that time passes very slowly"
206.84,232.159,"Karin: to expand a little every time I enter a semester of study. I also feel that the time in the semester is slower than during the holidays. The reason for this feeling, I think, is that when people are nervous they tend to focus on the thing that makes them nervous rather than feeling the flow of time."
232.26,233.8,"Karin: The time spent"
234.12,239.74,"Karin: thinking about solving a problem in the brain is not very long."
239.9,241.209,"Karin: but a lot of"
241.93,251.819,"Karin: brainpower is consumed in a short period of time, which will give the illusion that a long time has passed."
255.317,267.09,"Emma E: If me I think time is very precious. We can use time to exchange a lot of things, and I think life is a period is a long period of time"
267.941,288.88,"Emma E: when I feel time to slow down, when when I have nothing to do, I have no work no plans I just stay. I just stay at home, and it feels like it felt I just can't sleep all day, and with without thinking anything."
289.339,293.729,"Emma E: When I feel time sped up when is the"
293.97,300.31,"Emma E: deadline is coming? I have to finish my project quickly. I have to derive results quickly"
302.818,306.241,"Emma E: and I feel that I'm sped up"
307.25,308.343,"Emma E: I think,"
308.9,312.699,"Emma E: time is sort of a very"
312.78,318.81,"Emma E: fair results for everyone, and you can use it to"
319.605,323.295,"Emma E: with, improve yourself, or make yourself"
324.85,326.86,"Emma E: 4 sign before."
327.27,330.309,"Emma E: Oh, I think that's my perception."
331.28,356.099,"Leyi CAO: And also like, when I was exercising. Yeah, you know, yeah, when I was doing exercising just 5 min is really long time for me. Yeah. So it feels like when you hit something and you have to do it. Time is very long, and when you enjoy something, time would be really moves fast, I think. Yeah, for me."
357.95,365.38,"Emma E: Exactly, but it but it would be easier for you if you listen to some music while working out."
367.65,379.69,"Yelin Ma: Yeah, how is that? Exactly the same experience when I was doing like workouts? Yeah, for exercise, you have to find some way to to kill time to make time"
379.95,381.67,"Yelin Ma: flies faster."
381.91,391.84,"Yelin Ma: But I just recently found a really like a really devil message like, if you are doing the workout. You can also read some papers."
392.14,394.059,"Yelin Ma: It's like when we're doing 2"
394.26,397.03,"Yelin Ma: really filtering things."
397.11,405.14,"Yelin Ma: and it feels like you can finish the 2 things within the same time. But the the experience is"
406.41,416.419,"Yelin Ma: the experience is quite like a torture, but after that you can finish the 2 hard things at the same time, and that is really, I think, that is really satisfying."
425.047,427.62,"Leyi CAO: Shall we move on to question 2."
429.73,430.39,"Emma E: Yeah."
435.156,435.583,"Leyi CAO: So"
436.1,444.979,"Leyi CAO: for me. I you, because I'm really a master procrastinator. So I really"
445.677,468.109,"Leyi CAO: I barely have some many effective time management strategies. I usually just started until the last minute. So I also, I want to know, how can I? How? I want to learn some effective time management methods. Yeah."
470.02,474.349,"Yelin Ma: I'm I'm not sure if anybody knows anything about"
474.46,477.73,"Yelin Ma: 16 personality type the Mdpi things"
477.91,501.95,"Yelin Ma: like if you're the the lost, I mean, the last character is the full focus. It really shows what kind of prison you are. And it's like, if you're the J type of prison you you're gonna show the tendency to lose everything and make a schedule for your daily life. But you're if you're the P. Prison it's more likely you'll"
501.95,519.349,"Yelin Ma: delay the everything to the last minute. But I don't. I don't. I don't mean like this is a bad thing, like everyone has its own temple to do everything. But I'm just. Personally speaking, I I am that kind of G prison. So I like to make"
520.58,523.419,"Yelin Ma: everything in the list I have to."
523.62,528.699,"Yelin Ma: I mean, like I have to make a list for every day. If I don't make it."
528.82,542.51,"Yelin Ma: I would feel very strained right. I don't know what to do for the day and and I think this situation even got I could say, even get worse, because I started to make a long term."
543.08,548.92,"Yelin Ma: My schedule, not only for the single day, but also for maybe like couple of days or"
549,553.545,"Yelin Ma: awake, and even for a month a year I"
554.21,556.72,"Yelin Ma: But honestly, honestly, he."
556.95,568.859,"Yelin Ma: I basically make the plans every day or every week, but it is also hard to follow on every step, at least on my at least on the"
568.98,570.27,"Yelin Ma: schedule."
571.408,576.842,"Yelin Ma: So I think if you want to make time like really vicious, effective"
577.39,583.76,"Yelin Ma: it's it's not only about listing out everything you have to do. But also"
583.83,588.519,"Yelin Ma: you have to. The most important thing is like, you have to follow what you have list."
588.81,593.539,"Yelin Ma: and that is also related to some like self push."
593.72,598.719,"Yelin Ma: But I still have to work on this, because I I'm I'm really not good at this."
599.12,600.07,"Yelin Ma: Yeah."
603.46,615.407,"Emma E: I think the effective time management strategy. I've learned from others it be the estimate time how much time it will take for a task, and"
616.376,626.419,"Emma E: try to try your best to finish within the timeline or finish it within the timeline. I think the most."
626.74,632.8,"Emma E: I think the useful tool would be like Google Calendar, the simplest, the"
633.494,638.031,"Emma E: if more effective, the most effective it is. And"
639.63,640.859,"Emma E: I think the"
640.93,649.751,"Emma E: key to the time management is to manage the emergencies. When you like, you are"
650.59,653.079,"Emma E: doing your implementing of"
653.18,662.479,"Emma E: experiments within your project. If there's always something you miss out and you have to"
662.49,673.338,"Emma E: quickly finish it within the original timeline. So I think, the most important things would be give you enough time to"
673.89,682.82,"Emma E: finish it, and also be prepared for the emergent unexpected emergencies."
686.24,687.53,"Karin: for me."
688.038,692.431,"Karin: It's difficult for me to manage my time, because"
693.21,701.3,"Karin: because I feel that many things happened suddenly and plans couldn't keep up with the changes."
702.15,705.3,"Karin: But during my undergraduate studies"
706.43,711.429,"Karin: My tutor introduced the sah power metric to me."
711.85,717.709,"Karin: and it really helps me to figure out what to focus on fast."
717.77,719.65,"Karin: It breaks things."
721.89,730.43,"Karin: it breaks the things in my life into urgent and important. So"
731.716,734.219,"Karin: from that time I"
736.22,739.019,"Karin: I start. I begin to"
741.45,743.419,"Karin: focus on"
744.291,750.919,"Karin: everything what I need to be done right now. And what I can wait"
751.14,753.289,"Karin: that way. I don't get"
753.49,757.71,"Karin: buried under an important stuff."
758,758.65,"Karin: but"
759.31,759.98,"Karin: I don't."
760.66,761.51,"Karin: The"
763.325,764.1,"Karin: so"
764.3,766.99,"Karin: it helps me make decision quicker."
767.02,768.14,"Karin: And"
768.2,770.52,"Karin: and now how?"
770.81,779.189,"Karin: No worried about time management. So I think this is a good way to manage our time. Yeah."
780.83,798.69,"Leyi CAO: And also it dawned on me about one app I used to manage time. Do. I don't know whether you use it before it's called it's like a tomato. Yeah. And it it requires us to."
798.86,825.08,"Leyi CAO: If you work 25 min and you can have a 5 min break, and after that you can. You can then work in another 25 min. So I think this is really effective it. It won't make me to burn out it, but it also can make me concentrated on my current work. I think it really helps. Yeah."
826.45,828.45,"Yelin Ma: Yeah, I did. Obviously"
830.09,832.119,"Yelin Ma: sorry, Emma, you can go first.st Sorry."
833,837.885,"Emma E: Oh, yeah, I've heard that app before, and my colleague"
838.58,859.909,"Emma E: they use that in front of me, and I think it's very crucial that you are aware that you are tired and need to take a rest to make you work more efficiently. And I do think it, and I think it comes from a research paper. I don't know"
860.61,868.649,"Emma E: exactly the risk, the source of this strategy, but I think it's validating somewhere."
872.916,879.99,"Yelin Ma: And I just want to share that. I also. I have also used the application that really mentioned. But it's like."
880.02,883.23,"Yelin Ma: especially last year when I was preparing for ielts."
883.31,897.039,"Yelin Ma: I I will like to use that application. And just just remind me like what I have to do for like for for a single for a single day, and I will just"
897.09,915.18,"Yelin Ma: record everything I did, and about the length like at the end of the day if I look back to what I have done for the for the day, like I did 3 h of reading, and I did 2 h of listening, and maybe have an hour of"
915.25,924.1,"Yelin Ma: practice of spoken English, and that will make me feel a really strong sense of achievement, because like, it's like"
924.858,935.729,"Yelin Ma: if the things you have done was recorded or written in detail, you will feel that is some kind of like. Hmm! You can touch it."
935.99,939.129,"Leyi CAO: Maybe also a sense of achievements."
939.58,945.49,"Yelin Ma: Yeah, yes, no sense of retainment. Yeah. I think maybe everyone has the same experience."
955.212,957.749,"Leyi CAO: Shall we move on to 3rd question."
978.01,978.84,"Leyi CAO: So"
978.94,980.929,"Leyi CAO: I think this question."
981.8,987.909,"Leyi CAO: Time in shaping our memory and our sense of identity."
989.33,991.24,"Leyi CAO: Oh, I think he's a very"
991.25,993.21,"Leyi CAO: abstract question."
996.26,1003.63,"Leyi CAO: so it's like, when you have some bad memories. Yeah, you will remember them"
1004.252,1010.26,"Leyi CAO: very well, it will give you a very impressive memory, and at"
1010.979,1021.169,"Leyi CAO: I don't know whether you have such kind of feelings, but when I experience something miserable. I will feel"
1021.91,1026.839,"Leyi CAO: the time. Yeah, you know, just like the exercise time is very"
1028.46,1034.789,"Leyi CAO: lot. More time moves very slowly and something like this, yeah."
1036.05,1038.26,"Yelin Ma: Yeah, I agree with Lee, like"
1038.329,1046.35,"Yelin Ma: in the past, like when I was in Junior or senior high school, I did something that really fails."
1046.876,1070.67,"Yelin Ma: Like, if I like, fill an exam or something even worse, I would never at that time I just feel like I would never forget this experience, because it's so so humiliating, and I feel just very embarrassed to have such a bad experience. But just just like what you said as time flies. This kind of feeling will like"
1071.42,1078.069,"Yelin Ma: vanish, and even no longer feel, is the the kind of embarrassment."
1078.11,1081.68,"Yelin Ma: And I think, I think"
1081.85,1086.709,"Yelin Ma: not not only for memories, but also like identity."
1087.35,1089.67,"Yelin Ma: I think this is a little bit"
1089.73,1090.87,"Yelin Ma: abstract."
1090.99,1096.25,"Yelin Ma: but I will try to explain like"
1097.5,1099.74,"Yelin Ma: like in the in the past"
1100.31,1105.59,"Yelin Ma: like. For my 1st 18 years I was born and raised in"
1105.67,1110.36,"Yelin Ma: in the family, composed of my parents and my sister"
1110.894,1117.949,"Yelin Ma: my elder sister, and I never feel like like any other identity, except"
1118.15,1132.96,"Yelin Ma: being the children being the younger sister of the family, and being the student in the society but after like, after coming to Australia, like after certain kind of time."
1133.27,1140.409,"Yelin Ma: I started to realize I am also single in a society like. I'm playing some roles in society, too."
1141.03,1145.15,"Yelin Ma: but I I don't know whether I'm making any changes. But"
1145.872,1148.16,"Yelin Ma: I'm I'm actually influencing"
1148.73,1152.064,"Yelin Ma: some kind of environment around me."
1152.81,1156.16,"Yelin Ma: I I'm like I'm not only being the"
1156.785,1174.079,"Yelin Ma: identity that in the family or being just a student. I feel more like I'm I'm immersed in this kind of society. So it's, I think, with with time flies by. The identity just become more"
1174.1,1175.36,"Yelin Ma: complex."
1183.518,1192.341,"Emma E: I think time gives us. The experience experience with friends experience in our work. It's"
1193.03,1196.89,"Emma E: it builds our ability to come."
1196.94,1200.323,"Emma E: finish things to build our"
1201.22,1204.578,"Emma E: abilities in all aspects and"
1206.11,1233.43,"Emma E: and it strengthens the relationships between ours, myself and this world, and to earn through this experience. This i i 1 could know who I am what I'm capable of, and what I'm after in my life. I think it's really important."
1233.44,1236.71,"Emma E: because without time you you can."
1237.39,1244.469,"Emma E: You can experience nothing in this world, and you have no connections to others."
1244.75,1246.43,"Emma E: And yeah."
1253.76,1254.48,"Karin: And"
1257.46,1258.99,"Karin: in my opinion."
1259.06,1260.389,"Karin: a time"
1261.145,1262.539,"Karin: really plays a"
1262.7,1264.36,"Karin: big role"
1264.53,1267.83,"Karin: to build up our memories"
1268.12,1271.13,"Karin: from other themes we go through."
1271.44,1274.709,"Karin: and those memories shape how we see"
1275.913,1277.7,"Karin: ourselves and"
1277.86,1280.169,"Karin: who we think we are."
1282.015,1286.32,"Karin: For example, time can shape our identity."
1286.5,1287.88,"Karin: And"
1289.04,1292.75,"Karin: and this example could not be."
1293.19,1294.5,"Karin: and"
1296.976,1298.99,"Karin: exactly. But"
1306.15,1308.42,"Karin: that's hmm."
1308.5,1313.71,"Karin: My current homestay hostess, hostess, used to be Chinese."
1314.14,1329.139,"Karin: although she has become an Australian citizen, she still identifies as Chinese, because she grew up in China for more than a a decade after she was born."
1330.888,1335.62,"Karin: So I think this is example."
1336.56,1338.389,"Karin: But I'm not sure."
1342.858,1345.95,"Leyi CAO: I think time can"
1346.885,1347.65,"Leyi CAO: in"
1347.81,1369.899,"Leyi CAO: time can shape our sense of identity. But it's because, as time goes by our perspective, past experience become more mature, we become more mature, mature, and we will, we can, we will reflect on our past experiences and our decisions."
1370.02,1374.579,"Leyi CAO: and then we learn from it, and we learn from"
1374.82,1375.74,"Leyi CAO: oh."
1376.05,1377.07,"Leyi CAO: you know."
1377.671,1390.13,"Leyi CAO: So that's learn from new circumstances and new ideas. That's why time can change our or shape, our sense of identity. I feel."
1395.9,1399.09,"Yelin Ma: And shall we move on to the worst basket."
1400.38,1400.99,"Emma E: Yeah."
1403.52,1405.44,"Yelin Ma: Okay, so like"
1405.53,1406.47,"Yelin Ma: technology."
1407.6,1409.439,"Yelin Ma: that is an interesting topic."
1410.08,1410.85,"Yelin Ma: Like."
1411.47,1420.839,"Yelin Ma: I think, currently, everyone is surrounded by all kinds of high tech, high tech things like you're using a mobile phone that is"
1421.27,1428.25,"Yelin Ma: quite smart things that help us like manage time. Because just as I"
1428.45,1454.45,"Yelin Ma: I came to attend this meeting. I just organized a consultation hour with my tutor for this evening, and I have to use the mobile phone because I have to open the calendar and add a link and add some notes to remind myself, like you have to attend the conversation this evening, and you have to attend a group discussion. Maybe later. Finish this. When I finish this"
1454.46,1455.64,"Yelin Ma: Zoom Meetings."
1456.42,1457.13,"Yelin Ma: Like"
1458.034,1468.51,"Yelin Ma: with the calendar, with the especially the electronic calendar. You don't have to write up everything, and you don't have to bring the paper calendar everywhere with you."
1469.71,1476.25,"Yelin Ma: and also sometimes the sometimes the meeting could be happen online"
1476.38,1478.949,"Yelin Ma: just as our current meeting."
1479.01,1483.739,"Yelin Ma: So it's hard to make a physical note on it."
1483.91,1489.125,"Yelin Ma: So I think, especially for this kind of spec special moments."
1489.77,1490.889,"Yelin Ma: like a"
1491.01,1498.009,"Yelin Ma: a calendar in your phone is a great way to remind yourself like what you're going to do in the"
1498.08,1499.479,"Yelin Ma: rest of the day."
1505.278,1515.08,"Emma E: I also think, for calendar is very important. It's a very important. It's a very useful tool for helping us manage the time."
1515.639,1536.32,"Emma E: But I sometimes I feel overwhelmed using this, because, it's all it, it's it clears it. It clearly shows how how much plan how, how, how you can fit in the time block in your in your day. And it's"
1536.67,1541.397,"Emma E: it always reminds you that there are some blank time."
1542.21,1546.64,"Emma E: and yeah, I feel overwhelmed using this."
1549.36,1567.161,"Emma E: but I haven't found haven't found an alternative tool to help me to manage the manage time more effectively. Currently, I just use the to do list to manage my time with flexible flexibility. And"
1568.13,1569.53,"Emma E: I think it"
1569.82,1584.21,"Emma E: this sort of a chill way to manage my time gives me release my stress, and makes makes my time management more flexible in the day. And I think it."
1584.47,1588.4,"Emma E: But now it's a effective tool for manage management."
1603.62,1604.2,"Karin: And"
1604.67,1606.75,"Karin: oh, I think"
1608.15,1610.189,"Karin: for this question, I think."
1610.33,1611.52,"Karin: And"
1611.87,1615.409,"Karin: there are 2 sides to this question."
1617.43,1627.11,"Karin: On the one side, I think technology really helps us manage, manage time better and be more efficient."
1630.033,1631.4,"Karin: For example."
1631.92,1637.09,"Karin: our calendars and reminder I've seen our"
1637.27,1638.34,"Karin: for"
1640.35,1647.73,"Karin: will make us more efficient, and we don't forget to important stuff."
1647.95,1648.62,"Karin: Alright."
1649.13,1651.05,"Karin: this way. We can get"
1651.87,1653.72,"Karin: more. Get more"
1654.84,1659.27,"Karin: things to do in lifetime and still have"
1661.46,1674.359,"Karin: I still have more time to do things such like entertainment, which makes life more fulfilling."
1675.161,1678.949,"Karin: But there is another set to it."
1681.09,1682.04,"Karin: and"
1688.784,1693.125,"Karin: for in my, in in my opinion, I think"
1694.96,1698.67,"Karin: the notifications and reminders"
1698.79,1704.17,"Karin: just a few like a constant which make us"
1704.32,1714.79,"Karin: create pre pressure, especially when the Vc tasks peeling up and time running out, it's easy to get"
1716.37,1720.3,"Karin: pressure and feel like time is changing you."
1720.73,1723.07,"Karin: which can be really stressful."
1724.25,1724.89,"Karin: I mean."
1726.04,1728.649,"Karin: that's all. That's my opinion."
1730.605,1756.21,"Leyi CAO: For me, I think it really depends on how we use technology for me, I really like some entertainment and software. So you know, every time when I scrolling through, when I scroll through the Tiktok, I usually end up wasting several hours, and then the rest of my day will be really hectic."
1756.734,1758.669,"Leyi CAO: So I feel like"
1758.85,1767.159,"Leyi CAO: some software, some entertainment software really make, how make us overwhelmed"
1767.19,1771.801,"Leyi CAO: like some video apps like some"
1772.83,1792.35,"Leyi CAO: yeah, like some ebook caps you. It will make you waste a lot of time on it. So I think it's kind of double edged sword it can make us rushed and overwhelmed. It can also manage us to help us manage time better. Yeah."
1798.23,1800.56,"Yelin Ma: And Lee, I have a question for you."
1800.74,1801.54,"Yelin Ma: Yeah."
1802.43,1806.172,"Yelin Ma: like, how many hours will you spend?"
1806.99,1808.18,"Yelin Ma: scrolling?"
1808.31,1811.09,"Yelin Ma: Takes up per day like on average."
1811.77,1819.539,"Leyi CAO: Maybe 2 h or more. Yeah, because you know, when I scroll in tiktok time always move fast. Yeah."
1820.87,1827.969,"Yelin Ma: But do you do you think this is a waste of time, or it occupies some a big part of your day?"
1828.93,1843.95,"Leyi CAO: Oh, I think I think sometimes it's a waste of time, because I was doing something millions, but sometimes scrolling through. Tiktok helped me unwind and help me learn much about the world. Yeah, I think it makes sense."
1844.84,1846.13,"Yelin Ma: Hmm, yeah."
1847.18,1848.51,"Yelin Ma: like, double s."
1852.34,1853.52,"Yelin Ma: and"
1854.05,1856.619,"Yelin Ma: I think maybe we shall move on to the"
1856.67,1858.86,"Yelin Ma: 5th question on the last one."
1859.24,1860.67,"Yelin Ma: The 5th question."
1863.74,1868.429,"Yelin Ma: do you feel more or less urgency about how we use your time?"
1870.52,1877.369,"Yelin Ma: I think for me it's becoming more urgent because I've got more things to do compared with the past."
1878.01,1884.649,"Yelin Ma: like this is already the 3rd semester in my in my postcard aids"
1885.85,1886.819,"Yelin Ma: learning."
1886.92,1890.779,"Yelin Ma: So I've got a lot of things to do because"
1890.97,1892.499,"Yelin Ma: you have to face"
1893.23,1903.009,"Yelin Ma: finding your work or finding a job, the job hunting things, and you have to balance your this kind of thing with your study. And"
1903.31,1904.939,"Yelin Ma: so it really"
1905.616,1915.209,"Yelin Ma: it really depends on the situation, I think, because, like everyone has different pursuits, like, if you are going to"
1915.23,1921.489,"Yelin Ma: continue a Phd study. Maybe you'll have to spend more time on our research."
1923.13,1945.04,"Yelin Ma: like thinking about how to how to get a high average score, and how to publish more papers. But if you are the kind of person like you have to find a really perfect job after graduation, like some of my friends like were from Japan. Because I heard, she said, in Japan you have to."
1945.32,1947.449,"Yelin Ma: You have to start the golf company"
1947.75,1950.54,"Yelin Ma: quite early, like, maybe like"
1951.394,1953.449,"Yelin Ma: one year from graduation."
1954.265,1965.55,"Yelin Ma: I mean, like, if you're that kind of person, you really have to spend more time on job hunting things. You have to search more information about what companies are hiring and what the qualities of the"
1966.03,1972.669,"Yelin Ma: company, and what sections they have, and what departments there. What? What departments are hiring?"
1972.87,1973.75,"Yelin Ma: Right?"
1974.14,1978.39,"Yelin Ma: Like individuals, have different purses. So so"
1979.344,1986.079,"Yelin Ma: but I feel like for most of the people they do feel time is more urgent because you've got"
1986.17,1991.99,"Yelin Ma: quite a lot of quite a lot of things to do compared with when you're young. I mean, when you're young"
1992.22,1994.2,"Yelin Ma: kindergarten or"
1994.21,1996.4,"Yelin Ma: junior, high or senior high."
1996.42,2000.72,"Yelin Ma: because in that time you only have to study. But"
2000.81,2009.58,"Yelin Ma: now you have to balance like several aspects of your life. So I think that is quite hard, and also requires"
2009.88,2013.399,"Yelin Ma: requires more like time management strategies."
2019.991,2027.328,"Emma E: I I feel more and more I I feel more urgency than before, I think, because"
2028.516,2029.709,"Emma E: I have."
2029.78,2034.11,"Emma E: I have more tasks that than before than the past"
2034.24,2046.536,"Emma E: cost. I have to finish, and I don't think I have much time to given me to wrap up this tasks, and"
2051.449,2057.139,"Emma E: that's all my feeling about the time for now. But"
2057.821,2064.98,"Emma E: I I wish I could have a break break after this overwhelmed period"
2067.32,2070.339,"Emma E: to relieve myself. I think"
2070.36,2072.776,"Emma E: that's that's on my percent."
2073.469,2075.79,"Emma E: thinking about the"
2076.21,2077.34,"Emma E: Hi."
2084.85,2088.569,"Karin: Before I studied abroad in Australia."
2088.96,2089.79,"Karin: but"
2090.159,2092.28,"Karin: everything feels"
2093.17,2094,"Karin: past"
2094.17,2099.759,"Karin: most. All students vary about their time, their grades."
2099.81,2104.94,"Karin: and whether their rank will be surpassed by others."
2105.24,2110.069,"Karin: and I always felt like I had to keep keep up."
2110.26,2119.749,"Karin: So if I took time to relax, I'd feel like I was wasting time or feeling behind on something important."
2120.17,2123.4,"Karin: It was like, if I slowed down"
2123.49,2130.95,"Karin: I will miss out for daily progress, and that makes things pretty stressful."
2132.152,2138.04,"Karin: But now that I'm in Australia, life just feels slower and more relaxed."
2138.528,2142.249,"Karin: I don't feel guilty if I take some time to chill."
2143.15,2149.399,"Karin: because I know it's not going to mess up my plans or hold me back."
2152.356,2154.626,"Karin: So in Australia"
2156.25,2161.149,"Karin: Australia really changed me changed. How I see time!"
2162.82,2168.869,"Karin: I've learned it. It's okay to slow down and taking breaks isn't a bad thing."
2169.88,2170.85,"Karin: Yeah."
2172.53,2185.01,"Leyi CAO: I think for me time is more. I I become more sensitive about time. Because when I was young, when I was a little girl. The only thing I can do is to play."
2185.02,2193.437,"Leyi CAO: you know, play with your toys, play with your doors, and something, or, yeah, you know, just like"
2194.01,2195.08,"Leyi CAO: I like"
2195.83,2204.489,"Leyi CAO: and didn't didn't have as many tasks as I do now, because, you know, we have a lot of task is going to be"
2204.5,2207.62,"Leyi CAO: to do soon. Yeah. So time"
2207.7,2210.88,"Leyi CAO: now, time is really urgent. Yeah."
2214.79,2220.56,"Leyi CAO: And, by the way, because we have a lot of assignments is due soon."
2220.57,2221.68,"Leyi CAO: Oh."
2221.88,2227.5,"Leyi CAO: what kind of strategies are you going to do to manage the this?"
2228.6,2231.639,"Leyi CAO: Commend your work to mend your homework."
2233.64,2248.649,"Yelin Ma: I think just as I mentioned, like relating back to the Mdpi. Things I have mentioned like, I'm the kind of G prison, and I have to make everything detailed way before I started doing them."
2249.1,2251.689,"Yelin Ma: Like to be honest, I have 4"
2251.82,2261.049,"Yelin Ma: 4 courses for this semester, and each of them has a final paper around 3,000 words, or even more"
2261.49,2266.419,"Yelin Ma: like, and their and their dues are quite close. I mean, like"
2267.22,2281.44,"Yelin Ma: 28th of this month I have 2 dues, and on the 1st of November I have one, and on the 4th of November I have the last one. So it's like the the due dates are quite tense, and"
2281.86,2286.859,"Yelin Ma: I think it's really hard to manage so many kinds of assignments."
2286.98,2293.779,"Yelin Ma: I within a week or 2 weeks. So I have to. I really have to start earlier, like you have to"
2293.8,2296.429,"Yelin Ma: like. I have to for for me. I have to"
2296.77,2302.349,"Yelin Ma: find a good topic for each of the assignment, and that is the most important thing for me."
2303.11,2305,"Yelin Ma: So I started"
2305.03,2315.15,"Yelin Ma: making the plans of what I have to finish for each week like for this week. This is the week 11 I have to finish. I have to find out"
2315.24,2324.29,"Yelin Ma: what topics I'm I'm gonna write for each of the assignments, and for next week I have to maybe finish one of the literature review."
2324.34,2336.56,"Yelin Ma: and maybe I have to finish the data collection for one of the other assignments and for the other 2 assignments I have to finish like find some relevant literature, and"
2336.99,2346.2,"Yelin Ma: maybe just listed the outline, because the last last assignment is quite is still quite far compared with the other 3. And by the end of like"
2346.25,2348.79,"Yelin Ma: 13. That's 4th way."
2349.372,2358.34,"Yelin Ma: It's quite close to the 1st to do so I have to finish. I I have to like, I'm emailing. I have to at least to the"
2358.858,2373.91,"Yelin Ma: the most urgent things, that is, that 2 assignments and I have to finish all of them within wake 13, and maybe complete, all of them in wake 14 like I have to list what I have to do for every week."
2374.04,2379.509,"Yelin Ma: and I think this is really helpful, because, you know, you're on the right track. And you're"
2379.54,2380.849,"Yelin Ma: you're snozing"
2380.98,2388.02,"Yelin Ma: right? Progressing smoothly because you, because by following this kind of schedule you will know"
2388.13,2391.999,"Yelin Ma: how many things you have done and how many things you haven't and"
2392.06,2396.329,"Yelin Ma: how many efforts you still have to pay. Yeah, I think this one is really"
2397.575,2398.769,"Yelin Ma: helpful."
2400.291,2410.668,"Leyi CAO: I think for me. Because I'm a total procrastinator. So I usually started until the last minute. I think he's"
2411.35,2417.45,"Leyi CAO: because I always play until I until I'm"
2417.63,2424.799,"Leyi CAO: I'm tired then that I well started doing my homework. I know it's bad, but because yeah."
2424.98,2444.08,"Leyi CAO: I don't have such kind of impetus to force me to do something earlier. Yeah. But when the time when the assignments is going in due, I have such kind of urgency. Yeah. So I know I have to do it very quickly, because the assignments is due"
2444.16,2445.54,"Leyi CAO: quickly. Yeah."
2460.77,2465.6,"Yelin Ma: But actually, I think sometimes maybe you don't have to push yourself too hard, because"
2466.01,2480.929,"Yelin Ma: every person has different time for finishing one thing just just like lee. I know you're the kind of key person, because you always like leave everything to the last minute. But it doesn't mean you will get a bad result."
2481.03,2482.55,"Yelin Ma: I I mean, like,"
2482.98,2485.235,"Yelin Ma: I think you have"
2485.82,2495.969,"Yelin Ma: yeah. Until now you have done a great job in most of your courses, so I don't think like delaying. Everything to the last minute will lead to a bad result. And so"
2496.22,2500.049,"Yelin Ma: you don't have to push yourself too hard every minute."
