,turn_index,sent_index,segment,speaker,role,text
0,0,0,0,Lizhao Chen,participant,No. okay. that.
1,1,0,0,Holawyq,participant,"We just don't know how to start it, so could you give us some hint."
2,2,0,0,Lizhao Chen,participant,"No, it's no moderator."
3,3,0,0,Jing JIANG,participant,So we can introduce ourselves.
4,4,0,0,Lizhao Chen,participant,Okay introduce myself. My name is John Chen.
5,4,1,0,Lizhao Chen,participant,"and I'm already graduated from the University of Melbourne, and a master of the applied linguistic."
6,4,2,0,Lizhao Chen,participant,So I'm honored to participate in this project.
7,4,3,0,Lizhao Chen,participant,So chew. so happy to discuss with with with your guys today.
8,5,0,0,Holawyq,participant,"That's why. My name is Yuchi, and I'm a master student in applied linguistics."
9,5,1,0,Holawyq,participant,I entered this event because I'm feel some.
10,5,2,0,Holawyq,participant,I have some interest in this topic.
11,5,3,0,Holawyq,participant,Yeah.
12,6,0,0,Jing JIANG,participant,"Yes, I'm Qinjiang. I'm also doing the master of applied linguistics."
13,6,1,0,Jing JIANG,participant,"Yes, thank you."
14,7,0,0,Urania Shan,participant,"Yeah, I'm also in master of linguistics and familiar with yeah."
15,7,1,0,Urania Shan,participant,"And I'm interested in this topic, because before I enter the University of Melbourne."
16,7,2,0,Urania Shan,participant,"I have a work experience that I contact with my false, but actually I do not have some."
17,7,3,0,Urania Shan,participant,"and while some work experience in Australia, but I can share something about me and my like, my tutor, my instructor."
18,7,4,0,Urania Shan,participant,"Yeah, like this. yeah."
19,8,0,0,Yaxin Huang,participant,And I'm also sorry I I'm studying also studying the master of applied linguistics in the University of Melbourne.
20,8,1,0,Yaxin Huang,participant,And I would love to talk more with you.
21,8,2,0,Yaxin Huang,participant,Thank you.
22,9,0,0,Jing JIANG,participant,So maybe we can start our discussion.
23,9,1,0,Jing JIANG,participant,"Well, so let's move on to our 1st question."
24,9,2,0,Jing JIANG,participant,"in my opinion, I think leadership is an ability to manage the team, including the management of things and people."
25,9,3,0,Jing JIANG,participant,What's your opinion.
26,10,0,0,Holawyq,participant,"Yeah, I totally agree with you."
27,10,1,0,Holawyq,participant,"And I think leadership is like, you can influence a group of people, and you can achieve a goal."
28,11,0,0,Urania Shan,participant,"Yeah, I think a good leader plays an important role in connection."
29,11,1,0,Urania Shan,participant,That is main. It means the connection of every member in this team.
30,11,2,0,Urania Shan,participant,No matter. It is for the team work or their relationship to create an good atmosphere in their work.
31,11,3,0,Urania Shan,participant,Environment which is very important to they're like work efficiency like this.
32,11,4,0,Urania Shan,participant,Yeah.
33,12,0,0,Lizhao Chen,participant,"Yeah. And in my opinion, the leadership is the is ability to in, to inspire or guide, or something like influence on others."
34,12,1,0,Lizhao Chen,participant,influence the members in this group or in these companies to to achieve a common goal.
35,12,2,0,Lizhao Chen,participant,"So so not just just about the the leadership, the leader holding a a position of the authority."
36,12,3,0,Lizhao Chen,participant,But it's more important.
37,12,4,0,Lizhao Chen,participant,It's about the empowering each others within this group and try to try to establish the trust of each other to share the different opinions.
38,12,5,0,Lizhao Chen,participant,This different up perspective in this a group.
39,12,6,0,Lizhao Chen,participant,"So yeah, that a leader is motivated."
40,12,7,0,Lizhao Chen,participant,their team or their group.
41,12,8,0,Lizhao Chen,participant,So that's the leadership.
42,12,9,0,Lizhao Chen,participant,In my opinion.
43,13,0,0,Jing JIANG,participant,"Yes, I believe that a good leader can meet the mental and physical needs of the internal teammates and external customers."
44,13,1,0,Jing JIANG,participant,Do you agree with that?
45,14,0,0,Urania Shan,participant,For sure. Yeah.
46,15,0,0,Jing JIANG,participant,Hmm.
47,16,0,0,Urania Shan,participant,And landing is very important for later to and gets the balance of the benefits of the team and the benefits of every individuals.
48,16,1,0,Urania Shan,participant,Yeah. And the leader should know.
49,16,2,0,Urania Shan,participant,What? everyone in this team are thinking their mind how to optimize their members.
50,16,3,0,Urania Shan,participant,"Yeah, to work together for their common goals."
51,16,4,0,Urania Shan,participant,"Yeah, like, just just chin."
52,16,5,0,Urania Shan,participant,Or am I right?
53,16,6,0,Urania Shan,participant,"Yeah, just slightly."
54,17,0,0,Holawyq,participant,"Yes, I agree with you."
55,17,1,0,Holawyq,participant,"I think it's important for leaders to have integrity, and he can't."
56,17,2,0,Holawyq,participant,"He or she cannot press his team members, and everyone's voice should be heard."
57,18,0,0,Jing JIANG,participant,"Yes, I also think that a good leader can take into account long term and short term by using a comprehensive insight."
58,18,1,0,Jing JIANG,participant,Yes. So what's your opinion about?
59,18,2,0,Jing JIANG,participant,good Leader.
60,19,0,0,Lizhao Chen,participant,Yeah. yeah. The good leaders should have the all the feature we are talking about.
61,20,0,0,Jing JIANG,participant,"Yes, yes."
62,21,0,0,Urania Shan,participant,"Yeah, yeah. It's a very comprehensive standard."
63,22,0,0,Lizhao Chen,participant,"Yeah, so,"
64,23,0,0,Jing JIANG,participant,So could you give a more structured idea?
65,23,1,0,Jing JIANG,participant,And you can talk about many factors or features.
66,24,0,0,Lizhao Chen,participant,"Yes, the we are also talking about the yeah."
67,24,1,0,Lizhao Chen,participant,Yeah. you'll go ahead.
68,24,2,0,Lizhao Chen,participant,That's fine.
69,25,0,0,Yaxin Huang,participant,"Oh, thank you. Yeah, maybe as a group, because we talk about the definition of a a good leadership."
70,25,1,0,Yaxin Huang,participant,So we should organize the group and listen to others.
71,25,2,0,Yaxin Huang,participant,"Opinions like this. So the communication between the the group members are very important, including the leader as leaders, and the the group members so a good leader should be good at communicating with others the good communication, I mean, and also they should."
72,25,3,0,Yaxin Huang,participant,"You know, be they should treat other people as equal instead of you know, holding the hierarchy and talking, or, or, you know, be in being implied to their to their group members."
73,25,4,0,Yaxin Huang,participant,yeah. So there should be the channel for the leaders to talk with the the group members in their company.
74,25,5,0,Yaxin Huang,participant,"For example, they can talk on the Internet or or maybe they have a face to face regular meeting to, you know."
75,25,6,0,Yaxin Huang,participant,Just share their ideas and talk about the problems that they think exist that exist between them.
76,25,7,0,Yaxin Huang,participant,"So yeah, in general, in my opinion, the good communication is very important, and the leaders should be good at communicating with others, addressing their problems in a patient way."
77,25,8,0,Yaxin Huang,participant,"yeah, do you? Yeah, you have any ideas about this."
78,25,9,0,Yaxin Huang,participant,So how do you.
79,26,0,0,Lizhao Chen,participant,Cheers.
80,27,0,0,Yaxin Huang,participant,Yeah.
81,28,0,0,Lizhao Chen,participant,"Yes. so the communication skill, in my opinion, is like the leader should should the balance the the relationship between their between the members the 1st delay."
82,28,1,0,Lizhao Chen,participant,"the he is a leader, and he holds authority, and if we want to improve communications to the members, she he should be the friend as the friend with the members."
83,28,2,0,Lizhao Chen,participant,"So it's hard to balance the Ben, the relationship between the friends and the leaders."
84,28,3,0,Lizhao Chen,participant,"So sometimes, if the leader was, was so serious when so tough."
85,28,4,0,Lizhao Chen,participant,so the members will freed off talking with leaders or facing with the leader facing to the leader.
86,28,5,0,Lizhao Chen,participant,But but in other opinions in other side.
87,28,6,0,Lizhao Chen,participant,the leader should have the should have the authority to decide.
88,28,7,0,Lizhao Chen,participant,The should have the insight and the authority to to decide the to make the decision.
89,28,8,0,Lizhao Chen,participant,so that is very hard to banish.
90,28,9,0,Lizhao Chen,participant,So so the 2 leaders is good.
91,29,0,0,Urania Shan,participant,Troupe.
92,30,0,0,Lizhao Chen,participant,If it's this relationship.
93,31,0,0,Urania Shan,participant,Sure.
94,32,0,0,Jing JIANG,participant,I also think that a leader sometimes may need to solve some emotional problems such as anxiety or pressure of their teammates.
95,32,1,0,Jing JIANG,participant,"So it's very important to for them to have a have an excellent communication skills and some knowledge about humans, mental?"
96,32,2,0,Jing JIANG,participant,Yes.
97,33,0,0,Yaxin Huang,participant,"Yeah, I totally agree with you."
98,33,1,0,Yaxin Huang,participant,"The good communication skills are very important, and to expand."
99,33,2,0,Yaxin Huang,participant,"If if I spell correctly Li Jos, ideas."
100,33,3,0,Yaxin Huang,participant,"Yeah, I think to balance the the communication is very."
101,33,4,0,Yaxin Huang,participant,"It's also a it's very difficult, because sometimes we might try to keep the the serious space as the leader."
102,33,5,0,Yaxin Huang,participant,"So so, in my opinion."
103,33,6,0,Yaxin Huang,participant,"the good, the good communication or we say the equality should be defined in a way that the the group members have the have the access to talk with the to talk with the leaders, I mean, the leaders should provide the the equality for the group members to talk, they should have the opportunity to communicate with each other, sharing their problems and sharing the ideas with each other."
104,33,7,0,Yaxin Huang,participant,"hmm! But not all, but but not at all."
105,33,8,0,Yaxin Huang,participant,"Time. The leaders should keep a friendly base especially in some serious serious occasions, or when the or when the group members you know, making make some mistakes."
106,33,9,0,Yaxin Huang,participant,The leader should also keep that should also be serious about this province.
107,33,10,0,Yaxin Huang,participant,"But but not restricting the the talking opportunities of these members, they should have the opportunity to talk equally."
108,33,11,0,Yaxin Huang,participant,And and when there are some problems they should be treated equally.
109,33,12,0,Yaxin Huang,participant,"So. That's the equality and the access of the communication are very important, but not all, but not at all times."
110,33,13,0,Yaxin Huang,participant,The leadership. You know that that just be being friendly to these group members.
111,33,14,0,Yaxin Huang,participant,"That's not the definition of a good communication the good communication should include the yeah, the equal way that they access."
112,33,15,0,Yaxin Huang,participant,And the yeah. And they're just equal opportunity to talk.
113,34,0,0,Urania Shan,participant,"Yeah, sure, this is a problem that many leaders face in their work or I wanna see."
114,34,1,0,Urania Shan,participant,"Maybe it didn't lie, because for later is, it's very hard to."
115,34,2,0,Urania Shan,participant,"you know. Learn about colleague or and the team member, not only during the work time, but also in many aspects like in daily life."
116,34,3,0,Urania Shan,participant,That is like just what we said.
117,34,4,0,Urania Shan,participant,"how to balance the work and live but I'm not sure whether a leader, maybe in and Eastern culture."
118,34,5,0,Urania Shan,participant,"Many boss voices may know very well about each member not only their work competence some professional skills, but also their individual connection, like their family or their hometown like this, to know them well, to know them better, to."
119,34,6,0,Urania Shan,participant,"you know, organize their team."
120,34,7,0,Urania Shan,participant,but my! May I ask your opinions about the balance between know about the work and seriously the life?
121,34,8,0,Urania Shan,participant,"How do you think the leadership would do when they launch, maybe to establish a good relationship between themselves and the team members."
122,34,9,0,Urania Shan,participant,Yeah.
123,35,0,0,Holawyq,participant,I think the leader should not pay too much attention to the members.
124,35,1,0,Holawyq,participant,Daily life.
125,36,0,0,Urania Shan,participant,It's.
126,37,0,0,Holawyq,participant,Not about work. Yes.
127,38,0,0,Jing JIANG,participant,Yes.
128,39,0,0,Urania Shan,participant,"And but like, if we face a problem that some members want to have a leave like they have something they need to solve."
129,39,1,0,Urania Shan,participant,maybe during the work time.
130,39,2,0,Urania Shan,participant,And what should the leader do?
131,39,3,0,Urania Shan,participant,"Oh, maybe in Eastern countries called human care, like blue, one Guang Huai like this."
132,40,0,0,Holawyq,participant,"Yeah, if you want to lose."
133,40,1,0,Holawyq,participant,"If the member has a very, very right reason, so he should give the reason to the boss."
134,41,0,0,Lizhao Chen,participant,So so this is the the second question now or.
135,42,0,0,Urania Shan,participant,"Yeah, maybe related."
136,43,0,0,Jing JIANG,participant,This is the second one.
137,44,0,0,Holawyq,participant,Yeah.
138,45,0,0,Lizhao Chen,participant,Okay.
139,46,0,0,Yaxin Huang,participant,"Yeah, maybe. I think there will be a difference between the Western culture and Eastern culture."
140,46,1,0,Yaxin Huang,participant,"Like your Iranian, that in in Western cultures, maybe."
141,46,2,0,Yaxin Huang,participant,They they prefer to be treated.
142,46,3,0,Yaxin Huang,participant,They prefer to keep things individual.
143,46,4,0,Yaxin Huang,participant,they did. They are prefer to keep private in terms of some things like the family things.
144,46,5,0,Yaxin Huang,participant,"yeah. But in Eastern culture, maybe you know, we share a a culture of collective reason."
145,46,6,0,Yaxin Huang,participant,and we may not be so close to our individual things.
146,46,7,0,Yaxin Huang,participant,"And yeah, it. It can be a difference in the workplace but in general the leaders I mean, the family can be a way for the leaders to know more about their subordinates or I mean the their team members."
147,46,8,0,Yaxin Huang,participant,They can know the basic information like their their family members or maybe their the position.
148,46,9,0,Yaxin Huang,participant,"So they the work of their spouses, of their spouse, their children like this."
149,46,10,0,Yaxin Huang,participant,"It's a way to know more about their team members, and so that they can keep the familiarity and the intimacy in in to some degree."
150,46,11,0,Yaxin Huang,participant,"But this is totally up to the team members choice to to decide whether they want they want to keep this thing secret, or they want to, you know, to tell the leaders so it's up to them and I think it can be a way to get them closed about whether to say it's it's up to this."
151,46,12,0,Yaxin Huang,participant,"Yes, on it. It's up to this team members."
152,47,0,0,Urania Shan,participant,"Yeah, yeah, sure agree."
153,47,1,0,Urania Shan,participant,"It's not only depends on the boss, but also the team member."
154,47,2,0,Urania Shan,participant,Yeah.
155,48,0,0,Jing JIANG,participant,"Actually, I don't have too much work experiences."
156,48,1,0,Jing JIANG,participant,"But my, but I have heard something from my friends, she mentioned many times about hierarchy in workplace, especially some Asian countries, may pay pay attention to the hierarchical order, but some Western countries relatively equal the."
157,48,2,0,Jing JIANG,participant,Do you agree with that?
158,49,0,0,Holawyq,participant,"Yes, I've been working in China for about half a year."
159,49,1,0,Holawyq,participant,"Then, because of the boss had the hierarchy so she kept asking me some private questions which made which made me really uncomfortable, like."
160,49,2,0,Holawyq,participant,"I want. I wanted to ask for a leaf, and I say I'm thick."
161,49,3,0,Holawyq,participant,"Then she kept asking me what kind of illness, but I don't think I need to tell her about that."
162,49,4,0,Holawyq,participant,Yeah.
163,50,0,0,Yaxin Huang,participant,Yeah.
164,51,0,0,Holawyq,participant,"But maybe I'll have to, because I still want that job."
165,51,1,0,Holawyq,participant,So under that kind of variety.
166,51,2,0,Holawyq,participant,I have no choice.
167,51,3,0,Holawyq,participant,I think.
168,52,0,0,Urania Shan,participant,"Yeah, especially for you when you want maybe a longer live like more than one week or 2 weeks."
169,52,1,0,Urania Shan,participant,because I haven't experienced that.
170,52,2,0,Urania Shan,participant,"I told my boss that I want to live, cause I have to go back to my home, which is in another province, that is a little bit far from my workplace."
171,52,3,0,Urania Shan,participant,"So she can, she could agree with my yeah with my accounts."
172,52,4,0,Urania Shan,participant,"Yeah. And sometimes I told her that my family or my friends will come to here, and I have to leave them to visit here like this."
173,52,5,0,Urania Shan,participant,Use these reasons I can get to live.
174,52,6,0,Urania Shan,participant,It's I think it's more than the work reasons.
175,52,7,0,Urania Shan,participant,"Yeah, it's about my life."
176,52,8,0,Urania Shan,participant,I have to talk to her about this.
177,52,9,0,Urania Shan,participant,Yeah.
178,53,0,0,Holawyq,participant,"Yes, and I think sometimes our reasons are very right and understandable."
179,53,1,0,Holawyq,participant,But the boss he or she just seems he he don't get it.
180,54,0,0,Urania Shan,participant,"So if you mean in Eastern environment, it also like, don't get this."
181,55,0,0,Holawyq,participant,"Yes, I think Maybe I just say, maybe Western leaders are more understandable for asking for a leave."
182,55,1,0,Holawyq,participant,"Oh, this thing not, not not all aspects just on this asking for leave."
183,56,0,0,Lizhao Chen,participant,"So, yeah. so I think is a is a little bit contradiction."
184,56,1,0,Lizhao Chen,participant,"So in our understandings, like the leader from the from the eastern country like, Yeah, China, Japan, or something."
185,56,2,0,Lizhao Chen,participant,So they prefer. The communication is often like the indirect right.
186,56,3,0,Lizhao Chen,participant,"The leaders avoid something direct conversation, and to the employees."
187,56,4,0,Lizhao Chen,participant,"to, you know, rely on the context rather than direct."
188,56,5,0,Lizhao Chen,participant,You know direct statement.
189,56,6,0,Lizhao Chen,participant,But in the Western countries the leaders.
190,56,7,0,Lizhao Chen,participant,and prefer to have the direct communication.
191,56,8,0,Lizhao Chen,participant,So it's more clear and open.
192,56,9,0,Lizhao Chen,participant,And the Florence sometimes sometimes it's just like the casual dialogue.
193,56,10,0,Lizhao Chen,participant,"But why, I said, is reduction a contradiction?"
194,56,11,0,Lizhao Chen,participant,Because. as as you are.
195,56,12,0,Lizhao Chen,participant,You are guys mentioned before.
196,56,13,0,Lizhao Chen,participant,When we're talking about something special.
197,56,14,0,Lizhao Chen,participant,"For example. you apply for a illness, break illness day off the Chinese leader or the Eastern leader."
198,56,15,0,Lizhao Chen,participant,we'll we will direct to impress what you think.
199,56,16,0,Lizhao Chen,participant,You cannot live right.
200,56,17,0,Lizhao Chen,participant,So.
201,57,0,0,Jing JIANG,participant,"Yeah, yeah."
202,58,0,0,Lizhao Chen,participant,So that is a little bit little bit very weird.
203,58,1,0,Lizhao Chen,participant,So sometimes they like they use their their powerful leadership or authority to.
204,59,0,0,Holawyq,participant,Makeup.
205,60,0,0,Lizhao Chen,participant,Request or to make order to the employees.
206,60,1,0,Lizhao Chen,participant,but it it becomes a direct.
207,61,0,0,Holawyq,participant,But.
208,62,0,0,Lizhao Chen,participant,Direct communications. It's different from from our our understanding.
209,62,1,0,Lizhao Chen,participant,Right.
210,63,0,0,Holawyq,participant,"Yes, sometimes I I think the boss is really far away from me."
211,63,1,0,Holawyq,participant,But he just just want to took over my life like just like you said about doing this day off.
212,64,0,0,Jing JIANG,participant,and I'm wondering about the collectivism and individualism.
213,64,1,0,Jing JIANG,participant,"Yes. Oh, I I think some countries like china and Japan for example may care about the Collectivism, and ask the subordinates to sacrifice their own interest for the whole group or the whole project."
214,65,0,0,Holawyq,participant,Not doing anything.
215,66,0,0,Lizhao Chen,participant,So something successful technique or some something appearance to.
216,67,0,0,Jing JIANG,participant,I mean the conflict between individual and the group.
217,68,0,0,Lizhao Chen,participant,"Oh, yeah. So let's go to the 3rd questions, how do you approach up managing with the boss from a different cultural backgrounds?"
218,69,0,0,Jing JIANG,participant,"Yes, but how do you define the mini of up."
219,70,0,0,Lizhao Chen,participant,Managing.
220,71,0,0,Jing JIANG,participant,Yes.
221,72,0,0,Lizhao Chen,participant,It's like how to keep the good relationship with your boss or with your leader.
222,73,0,0,Jing JIANG,participant,"So why, that's that's like a management."
223,73,1,0,Jing JIANG,participant,Why.
224,74,0,0,Lizhao Chen,participant,"up managing up, managing, just like how to deal with your desired relationship between your boss."
225,74,1,0,Lizhao Chen,participant,"Yeah, just, just, you know, managing up, not managing down because you are not a leader."
226,75,0,0,Jing JIANG,participant,Yeah. That's a tricky question.
227,76,0,0,Yaxin Huang,participant,"Yeah. maybe we, we really have this kind of experience to to manage our boss."
228,76,1,0,Yaxin Huang,participant,"And it's weird, I think, normally, we talk about managing our subordinates or our like."
229,76,2,0,Yaxin Huang,participant,"We are the the captain of the team, and we manage the team members."
230,76,3,0,Yaxin Huang,participant,"and and he'll be a bit weird, too."
231,76,4,0,Yaxin Huang,participant,"to manage the boss, I think."
232,76,5,0,Yaxin Huang,participant,"And and what do you think of the difference between managing the the the like, the people, the senior people, the people with the higher higher degree, and the people, you know, like the subordinate with a lower degree."
233,76,6,0,Yaxin Huang,participant,What do you think?
234,76,7,0,Yaxin Huang,participant,What are the differences of this kind of management.
235,77,0,0,Lizhao Chen,participant,I think it should be divided into different culture.
236,77,1,0,Lizhao Chen,participant,"As I, we are talking about the the difference working environment between the Western and eastern."
237,77,2,0,Lizhao Chen,participant,"So I, yeah."
238,78,0,0,Yaxin Huang,participant,"Yeah. And firstly, this is a upper management, the management of management to the high, the higher degree of people."
239,78,1,0,Yaxin Huang,participant,Oh. so how to manage the people with a higher degree.
240,78,2,0,Yaxin Huang,participant,"And yeah, and they are from different culture backgrounds."
241,79,0,0,Jing JIANG,participant,"So maybe, firstly, we need to understand their culture and cultural issues."
242,79,1,0,Jing JIANG,participant,There are differences to have a better communications.
243,80,0,0,Lizhao Chen,participant,So I think.
244,81,0,0,Urania Shan,participant,In China.
245,82,0,0,Lizhao Chen,participant,You know we should.
246,82,1,0,Lizhao Chen,participant,"Firstly, we should show our respect for the hierarchy."
247,82,2,0,Lizhao Chen,participant,"Yes, different differences to the authority."
248,82,3,0,Lizhao Chen,participant,"So it's very key things in Eastern cultures, especially in China and Japan and and his career."
249,82,4,0,Lizhao Chen,participant,"So you should be plied and avoid being, you know."
250,82,5,0,Lizhao Chen,participant,"being directed direct, indirect conversation to seek to seek some approval for some for major decisions."
251,82,6,0,Lizhao Chen,participant,"So you should. Firstly, you should respect your boss, your leader."
252,83,0,0,Jing JIANG,participant,About many manners or etiquette.
253,83,1,0,Jing JIANG,participant,and how to address others.
254,84,0,0,Holawyq,participant,"Yes. and I think we should be modest, especially I think lots of bosses in China."
255,84,1,0,Holawyq,participant,They really care about their faces.
256,84,2,0,Holawyq,participant,so don't so oh.
257,84,3,0,Holawyq,participant,avoid refuting in front of a lot of people.
258,84,4,0,Holawyq,participant,"You can give her some advice, but just keep it in you, too."
259,84,5,0,Holawyq,participant,Maybe.
260,85,0,0,Urania Shan,participant,Yeah. And I'm not sure I have a question of that.
261,85,1,0,Urania Shan,participant,If we like. We assume that our workplace is in China.
262,85,2,0,Urania Shan,participant,and we have a boss from like western countries.
263,85,3,0,Urania Shan,participant,"Yeah, we work in China."
264,85,4,0,Urania Shan,participant,"So should we adapt to the like cultural backgrounds in China or for the cultural backgrounds of our boss like this, if we yeah, what."
265,86,0,0,Holawyq,participant,What?
266,87,0,0,Urania Shan,participant,Audio design. When facing this condition.
267,88,0,0,Holawyq,participant,I think it's a very special situation.
268,88,1,0,Holawyq,participant,"So maybe both of us, the team member and the boss, should do some adaption."
269,89,0,0,Jing JIANG,participant,Yes.
270,90,0,0,Urania Shan,participant,"Adaption to which kind of cultural background to the workplace background, or the both, the both."
271,91,0,0,Holawyq,participant,Background. I think they need to respect each other's culture first.st
272,92,0,0,Urania Shan,participant,Yes. I think it's also very often we're facing unimill.
273,92,1,0,Urania Shan,participant,Yeah.
274,93,0,0,Holawyq,participant,Like we.
275,94,0,0,Urania Shan,participant,Have Chinese teacher or some teacher from Eastern countries that they teach.
276,94,1,0,Urania Shan,participant,"Some subjects in our university, but we are in Australia, but we face some teachers from eastern backgrounds."
277,94,2,0,Urania Shan,participant,Yeah.
278,95,0,0,Jing JIANG,participant,"Yes. But besides the culture differences, what common issue can we do?"
279,95,1,0,Jing JIANG,participant,I mean some general strategies to cope with this problem.
280,96,0,0,Holawyq,participant,Yeah. If you don't know the professor's cultural background.
281,96,1,0,Holawyq,participant,"I think maybe show more respect first, st then you can do some adaption according to your communication."
282,97,0,0,Lizhao Chen,participant,"for my appearance. So if you not sure your dealerships, cultural backgrounds."
283,97,1,0,Lizhao Chen,participant,it's it. It is so easier to follow the cultural environment which country you live so.
284,98,0,0,Urania Shan,participant,"Oh, yeah."
285,99,0,0,Lizhao Chen,participant,In Australia you should follow the Western.
286,99,1,0,Lizhao Chen,participant,"the Western, you know, Western behavior, or Western addressed rules or something like this."
287,99,2,0,Lizhao Chen,participant,But if you are living in China.
288,99,3,0,Lizhao Chen,participant,If you are Western countries.
289,99,4,0,Lizhao Chen,participant,if you are from the Western country.
290,99,5,0,Lizhao Chen,participant,"So I think it's it's more is issue to follow the behavior, the Chinese behavior or Chinese transitional behavior."
291,99,6,0,Lizhao Chen,participant,"So that is, that is a technique."
292,99,7,0,Lizhao Chen,participant,"I think so, in my opinion."
293,99,8,0,Lizhao Chen,participant,So in China. I have worked about one year in China.
294,99,9,0,Lizhao Chen,participant,"So like. if you're working in a company, or if I work in the in the the government, the government department something just like this."
295,99,10,0,Lizhao Chen,participant,"you should doing something you should doing work correct, not doing work more."
296,100,0,0,Holawyq,participant,"Oh, we love something."
297,101,0,0,Jing JIANG,participant,So may I ask about your job?
298,101,1,0,Jing JIANG,participant,What's your job? You you said you worked before.
299,102,0,0,Lizhao Chen,participant,"Yes, I just work as the journalist in the media campaign for one year in China."
300,102,1,0,Lizhao Chen,participant,Just I I graduated from the from my undergraduate degree bachelor degree just for one year.
301,102,2,0,Lizhao Chen,participant,"So it's like, you know, the traditional government department structure."
302,103,0,0,Jing JIANG,participant,Have you learned something from this job.
303,103,1,0,Jing JIANG,participant,Okay.
304,104,0,0,Lizhao Chen,participant,"Maybe I'm how to deal with, how to deal with your leader."
305,104,1,0,Lizhao Chen,participant,"How to deal with your is not a big leader, how to deal with your your, your team leader, or something."
306,104,2,0,Lizhao Chen,participant,How do with your colleagues.
307,104,3,0,Lizhao Chen,participant,and how to deal with your something older older colleagues?
308,104,4,0,Lizhao Chen,participant,Yeah.
309,105,0,0,Holawyq,participant,Do you think it is difficult.
310,105,1,0,Holawyq,participant,or it's easy for you.
311,106,0,0,Lizhao Chen,participant,"I'm not sure, because you have to."
312,106,1,0,Lizhao Chen,participant,"You have to know the society in your your bachelor, in your bachelor university or your undergraduate."
313,106,2,0,Lizhao Chen,participant,"So it's like you should have some practice, or you should change your opinions in this scenario."
314,107,0,0,Holawyq,participant,You.
315,108,0,0,Lizhao Chen,participant,"So, yeah."
316,109,0,0,Holawyq,participant,Thank you.
317,110,0,0,Lizhao Chen,participant,So next question. what differences have you observed in the leadership selves between the male and female leaders?
318,110,1,0,Lizhao Chen,participant,So differences impact team dynamics and the decision making.
319,111,0,0,Jing JIANG,participant,I think male leader may be more risky in decision making.
320,111,1,0,Jing JIANG,participant,but female leaders are often more cautious.
321,112,0,0,Holawyq,participant,"Yeah. And some people said, male leader is more authoritative than female leaders are more collaborative."
322,112,1,0,Holawyq,participant,But it's maybe a kind of stereotype.
323,112,2,0,Holawyq,participant,Not always be that kind of.
324,113,0,0,Urania Shan,participant,"Yeah. And maybe for female leaders, they pay more attention."
325,113,1,0,Urania Shan,participant,In some details in the work.
326,114,0,0,Jing JIANG,participant,This may be the stereotypes of jealous.
327,115,0,0,Holawyq,participant,Yeah. So I think the style between male and female leaders are also maybe influenced by the culture.
328,116,0,0,Jing JIANG,participant,"Yes, they usually are slight."
329,116,1,0,Jing JIANG,participant,I think.
330,117,0,0,Holawyq,participant,Yeah. Hmm.
331,118,0,0,Jing JIANG,participant,Any other idea.
332,119,0,0,Lizhao Chen,participant,"Yeah, it's a little bit little bit of therapy."
333,120,0,0,Holawyq,participant,Yeah.
334,121,0,0,Yaxin Huang,participant,"Yeah, it can be."
335,121,1,0,Yaxin Huang,participant,There can be some stereotypes but maybe in most cases female leaders tend to be more communicative.
336,121,2,0,Yaxin Huang,participant,"They maybe they will have the patience, and they are willing to talk more, to discuss more with their team members."
337,121,3,0,Yaxin Huang,participant,"they yeah, they will be more cooperative."
338,121,4,0,Yaxin Huang,participant,"Yeah. But for the female leaders, maybe."
339,121,5,0,Yaxin Huang,participant,"Yeah. They sometimes like, like, they will be more risky."
340,121,6,0,Yaxin Huang,participant,"And they tend to, you know, just make the decisions by them."
341,121,7,0,Yaxin Huang,participant,"by themselves, or by the by less numbers of people."
342,121,8,0,Yaxin Huang,participant,and maybe they will be.
343,121,9,0,Yaxin Huang,participant,"They will take more courage to do something, instead of, you know, hesitating or discussing more with others, that they will be more risky and aggressive in some to some degree."
344,121,10,0,Yaxin Huang,participant,Yeah.
345,122,0,0,Jing JIANG,participant,"Yes. But do you want to work with a female leader or a male leader, or both?"
346,122,1,0,Jing JIANG,participant,Okay.
347,123,0,0,Holawyq,participant,"Oh, I think those is okay."
348,123,1,0,Holawyq,participant,Yeah. Some people told me that.
349,123,2,0,Holawyq,participant,"The female boss at a middle age are very scary, but I don't think it's true."
350,123,3,0,Holawyq,participant,lots of them are very care about team members feelings.
351,123,4,0,Holawyq,participant,So I think. both is okay.
352,124,0,0,Urania Shan,participant,"Yeah, I think it's more depend on different individual, but not the gender."
353,124,1,0,Urania Shan,participant,"Yeah, totally speaking."
354,125,0,0,Holawyq,participant,Yeah.
355,126,0,0,Yaxin Huang,participant,"Yeah, yeah."
356,127,0,0,Jing JIANG,participant,And so you guys.
357,128,0,0,Yaxin Huang,participant,Both are okay.
358,129,0,0,Jing JIANG,participant,Focus on other aspects.
359,130,0,0,Holawyq,participant,"Yes, like his or her ability or general is not the most important thing."
360,130,1,0,Holawyq,participant,"Oh, yeah."
361,131,0,0,Urania Shan,participant,And I think the different features of both genders.
362,131,1,0,Urania Shan,participant,Maybe. it's good for different professionals.
363,131,2,0,Urania Shan,participant,"like, I recently saw a program called clearance in the offer."
364,131,3,0,Urania Shan,participant,"And in this front, yeah, somebody mentions that."
365,131,4,0,Urania Shan,participant,For lawyer cause he's a programmer about lawyers.
366,131,5,0,Urania Shan,participant,"For lawyer. Maybe female lawyers have more empathy for their customers, so they can conduct their work better to learn more about the their customers, and to process with their you know some fiber things to establish the connection between and themselves and the mental like mental aspects for the customers is very important for this professional yeah."
367,132,0,0,Holawyq,participant,"Yes, but I think there are much more male bosses in law industry than female bosses."
368,132,1,0,Holawyq,participant,but so maybe every industries need more female bosses.
369,133,0,0,Urania Shan,participant,"Yeah, I think, yeah, it is."
370,134,0,0,Holawyq,participant,You.
371,135,0,0,Urania Shan,participant,"Maybe now there are more male lawyers than females, but I believe maybe in the future there are more and more especially be called big lawyer in the future."
372,135,1,0,Urania Shan,participant,Yeah.
373,136,0,0,Holawyq,participant,Yes.
374,137,0,0,Jing JIANG,participant,So.
375,138,0,0,Holawyq,participant,Maybe we finished all the questions.
376,139,0,0,Jing JIANG,participant,"Yes, but we can discuss other things."
377,140,0,0,Holawyq,participant,Yeah.
378,141,0,0,Urania Shan,participant,And I think maybe expect for the genders.
379,141,1,0,Urania Shan,participant,There are many other factors that may be affect the leadership like Mbti.
380,141,2,0,Urania Shan,participant,Are you interested in.
381,142,0,0,Jing JIANG,participant,I know that.
382,143,0,0,Holawyq,participant,It's really popular. Now.
383,144,0,0,Urania Shan,participant,Yeah. yeah.
384,145,0,0,Yaxin Huang,participant,So that mpti kind of can ultimately can be a kind of individual personalities.
385,145,1,0,Yaxin Huang,participant,The differences between.
386,146,0,0,Holawyq,participant,So.
387,147,0,0,Yaxin Huang,participant,I'm pressing that.
388,148,0,0,Urania Shan,participant,"Yeah, yeah."
389,149,0,0,Yaxin Huang,participant,yeah.
390,150,0,0,Lizhao Chen,participant,So you guys all believe the like.
391,150,1,0,Lizhao Chen,participant,Mbti.
392,151,0,0,Jing JIANG,participant,Not really.
393,152,0,0,Holawyq,participant,Not. Really. Yeah.
394,153,0,0,Urania Shan,participant,"Yeah, just to. yeah, yeah, I."
395,154,0,0,Yaxin Huang,participant,I think it's it can be scientific because we should do a lot of tests like around hundreds in that website.
396,154,1,0,Yaxin Huang,participant,And so it's much more reliable than the single.
397,154,2,0,Yaxin Huang,participant,I think.
398,155,0,0,Urania Shan,participant,Yeah. Yeah.
399,156,0,0,Lizhao Chen,participant,So that is the same thing.
400,156,1,0,Lizhao Chen,participant,"I think I tested the Mbti about stuff tested about 3 times, and I never remember the 4 full character which I'm at which I am."
401,157,0,0,Holawyq,participant,Oh!
402,158,0,0,Lizhao Chen,participant,"I'm the E, or I am the what I'm the I I think I forgot."
403,158,1,0,Lizhao Chen,participant,I I always forgot the what is my personality.
404,159,0,0,Urania Shan,participant,Is there different outcome outcomes every time or the same one.
405,160,0,0,Lizhao Chen,participant,Yeah. Same. One.
406,161,0,0,Urania Shan,participant,I see.
407,162,0,0,Lizhao Chen,participant,But I never remember that.
408,162,1,0,Lizhao Chen,participant,So so it it will.
409,162,2,0,Lizhao Chen,participant,It will be changed sometimes.
410,162,3,0,Lizhao Chen,participant,"You test next time with the time, or I I don't know."
411,162,4,0,Lizhao Chen,participant,I don't understand what the.
412,162,5,0,Lizhao Chen,participant,"So you know, I'm Bti clarifications."
413,162,6,0,Lizhao Chen,participant,"So some someone, some personality or good light to be a leader or some personality."
414,162,7,0,Lizhao Chen,participant,I'm not right.
415,163,0,0,Urania Shan,participant,Yes.
416,164,0,0,Holawyq,participant,"Yeah, but I don't think people can be defined by 60 types of Mbti."
417,165,0,0,Yaxin Huang,participant,"Yeah, we cannot. People cannot be defined by this."
418,165,1,0,Yaxin Huang,participant,"But according as far as I as I'm concerned, I guess I am preparing for some for the job."
419,165,2,0,Yaxin Huang,participant,the job hunting for the for to find a job in China.
420,165,3,0,Yaxin Huang,participant,"so and some companies will pay much attention to the to individual personality, and the criteria is Mbti."
421,165,4,0,Yaxin Huang,participant,"They will, and although maybe they will not directly ask you to tell them."
422,165,5,0,Yaxin Huang,participant,What's what is your Mbti?
423,165,6,0,Yaxin Huang,participant,"But they will give you some personality test to to find out the characteristics that they want, the that they want their team members."
424,166,0,0,Urania Shan,participant,Yeah.
425,167,0,0,Yaxin Huang,participant,Behalf.
426,168,0,0,Urania Shan,participant,"Yeah, sure, some companies use this."
427,169,0,0,Jing JIANG,participant,"Yeah, some. We'll we'll check your Mbti type to design it."
428,169,1,0,Jing JIANG,participant,Decide whether you can obtain this job.
429,170,0,0,Holawyq,participant,"Yes, but I think it's not there."
430,171,0,0,Jing JIANG,participant,"Yes, yes."
431,172,0,0,Lizhao Chen,participant,"Yeah, it's a little bit unfair."
432,172,1,0,Lizhao Chen,participant,Yeah.
433,173,0,0,Urania Shan,participant,Yeah. And I think it's relatively private for someone to show their mpti.
434,173,1,0,Urania Shan,participant,"And I have an experience that for entrance testing for of a company, they said in something like Mbti is also a personality test."
435,173,2,0,Urania Shan,participant,"But the outcomes shows like this, if they're cause."
436,173,3,0,Urania Shan,participant,"Their company is a kind of how to say creative passion like this, this kind of company?"
437,173,4,0,Urania Shan,participant,They don't want a person who have the personality of 2.
438,173,5,0,Urania Shan,participant,Yeah. and they will reject you.
439,173,6,0,Urania Shan,participant,"Yeah, just because your personality test."
440,174,0,0,Holawyq,participant,"Yes, so I'm a bit afraid about."
441,174,1,0,Holawyq,participant,"If the boss asked me, What is my Npci if I told him or he or she?"
442,174,2,0,Holawyq,participant,"I am Iofp. Maybe he, he or she will have prejudice on me."
443,175,0,0,Jing JIANG,participant,Yes.
444,176,0,0,Yaxin Huang,participant,"So in general, I think Mpti is just a criteria of the or the reflection of personal of personal personality."
445,176,1,0,Yaxin Huang,participant,So it.
446,177,0,0,Holawyq,participant,Yeah.
447,178,0,0,Yaxin Huang,participant,"Can conclude that our personalities, or a, or as a leader, or our leaders in the future."
448,178,1,0,Yaxin Huang,participant,the personality of them will make some differences to our perceptions or the our interaction with them.
449,178,2,0,Yaxin Huang,participant,"And for me, I think, apart from the individual personality, maybe age can also be a factor?"
450,178,3,0,Yaxin Huang,participant,Because I prefer to work with the leaders with a with a younger age.
451,178,4,0,Yaxin Huang,participant,I think.
452,179,0,0,Holawyq,participant,Yes.
453,180,0,0,Yaxin Huang,participant,"Younger leaders are, yeah, because they are more dynamic."
454,180,1,0,Yaxin Huang,participant,"And I think, there's will also be a gap."
455,181,0,0,Jing JIANG,participant,Yeah.
456,182,0,0,Yaxin Huang,participant,"Between the yeah, between the people different ages."
457,182,1,0,Yaxin Huang,participant,Yeah. So maybe I will feel more.
458,182,2,0,Yaxin Huang,participant,"Feel a. a, a, much more."
459,182,3,0,Yaxin Huang,participant,Yeah. The the a far more distance.
460,183,0,0,Jing JIANG,participant,Topics. Yes.
461,184,0,0,Urania Shan,participant,"Yeah, because we are younger."
462,184,1,0,Urania Shan,participant,Now.
463,185,0,0,Holawyq,participant,"Yeah, younger boss are a bit more ambitious than the elder boss."
464,186,0,0,Yaxin Huang,participant,"Yeah, and do some."
465,186,1,0,Yaxin Huang,participant,Yeah. And I think they are sometimes more open.
466,186,2,0,Yaxin Huang,participant,And and although this can also be a stereotype.
467,186,3,0,Yaxin Huang,participant,"But in most cases, yeah, it could be."
468,186,4,0,Yaxin Huang,participant,"They can be more dynamic, more open."
469,186,5,0,Yaxin Huang,participant,"Yeah, to our ideas."
470,186,6,0,Yaxin Huang,participant,Yeah.
471,187,0,0,Urania Shan,participant,"So. okay, so, are there any other interesting points?"
472,187,1,0,Urania Shan,participant,"Yeah, yeah."
473,188,0,0,Bryan Chen,participant,That's probably about time.
474,188,1,0,Bryan Chen,participant,Can we can rip out.
475,189,0,0,Jing JIANG,participant,Yeah.
476,190,0,0,Yaxin Huang,participant,Yeah.
477,191,0,0,Bryan Chen,participant,"Yeah, yeah. okay, thank you guys for the participation and thanks for your contribution."
478,192,0,0,Holawyq,participant,Oh! This is.
479,193,0,0,Urania Shan,participant,"So, since you."
