,turn_index,sent_index,segment,speaker,role,text
0,0,0,0,evan,participant,Hi! Hello! Hello! Everyone!
1,1,0,0,CiCi,participant,Hello!
2,2,0,0,evan,participant,"Hi, yeah. This is an interesting topic about the so presentations."
3,2,1,0,evan,participant,And I want to show my idea.
4,2,2,0,evan,participant,"First, st is it okay?"
5,3,0,0,CiCi,participant,Yep.
6,4,0,0,evan,participant,"Yeah. Okay, thank you."
7,4,1,0,evan,participant,Thank you. Everyone. This.
8,4,2,0,evan,participant,The so-called superstations is the belief in the existence of a super nature.
9,4,3,0,evan,participant,"Things such as God and the ghost in our lives, and combine these things with power, and it can emerge some bland worship to some parties or someone."
10,4,4,0,evan,participant,"So, therefore, superstation can be researched from 2 perspectives."
11,4,5,0,evan,participant,"One is supernatural events in nature, and the other is man-made words related to maybe politics."
12,4,6,0,evan,participant,"So of course, we are definitely talking about the former."
13,4,7,0,evan,participant,"So, in my opinion, superstitations can be divided into the following sorts, and the 1st is Mistalk superstitations, including some religion, 2 terms sacrifice, and others it refers to someone's obsessive belief in story writing and ancient books or pasta."
14,4,8,0,evan,participant,"For example, some people blandly believe in the teaching and retors of religion, and some people will firmly believe that tribal 2 terms can give their trade guidance, and so on, and the second is the field of expectations."
15,4,9,0,evan,participant,"It refers to the worship and belief in supernatural forces, including some astrology divination which Doctors and Feng Shui, destiny and other, and so on."
16,4,10,0,evan,participant,"So such solicitations are rarely associated with ideas and customers of food or society, and although they are sometimes used to cheat people out of money, but actually, I think these things are objectively present in some things, and the 3rd is the scientific superstitions."
17,4,11,0,evan,participant,"It refers to the belief that science is the golden rule, and that all the mysteries of the universe is alive will eventually be confirmed by suns, the superstation, absolute side suns, and ignores its uncertainty and limitations."
18,4,12,0,evan,participant,So it's my ideas about the solicitations.
19,4,13,0,evan,participant,"And to be honest, I trust the super station is in our lives and works, because it is."
20,4,14,0,evan,participant,Maybe the existence means the reasonable.
21,4,15,0,evan,participant,"Yes, that's all."
22,5,0,0,CiCi,participant,"Okay, thank you. Even you give a lot of information about the superstations."
23,5,1,0,CiCi,participant,And I also believe the superstations.
24,5,2,0,CiCi,participant,Sometimes when I feel some a little confused about my future or some work or study.
25,5,3,0,CiCi,participant,"Some people always look for the tallow tarot cards on social media, and some some some people always test Tarot cards to credit what?"
26,5,4,0,CiCi,participant,What will happen in the future.
27,5,5,0,CiCi,participant,"And I think a lot of people watch these videos to in order to have a certain future, and I don't know."
28,5,6,0,CiCi,participant,"Everyone have tried this before, but some people some my friends, and including me, sometimes, always watch this video to see."
29,5,7,0,CiCi,participant,I think that is really always happen.
30,5,8,0,CiCi,participant,But I don't know.
31,5,9,0,CiCi,participant,Do you believe the current cards.
32,6,0,0,evan,participant,Yeah. The tower card is a common phenomena in recent years.
33,6,1,0,evan,participant,"It renews from the Western society, and it's similar with our the Eastern, like the Astro astrology the Feng Shui, and and so on."
34,6,2,0,evan,participant,"To be honest, I think it is."
35,6,3,0,evan,participant,maybe I trust it but it.
36,6,4,0,evan,participant,Many people will seek some psychological comfort and the temptation when facing some difficulties and uncertainties in life.
37,6,5,0,evan,participant,So maybe the like.
38,6,6,0,evan,participant,"The 2 coins, and in partly, I trust, the Tarot card."
39,6,7,0,evan,participant,Yes.
40,7,0,0,CiCi,participant,"Yeah, 2."
41,8,0,0,evan,participant,"Yeah, because it shows some the good, the good phenomena, and it can give me some comfort and give me a a good future in some event or in some career."
42,8,1,0,evan,participant,Yeah.
43,9,0,0,CiCi,participant,What about others? Opinion?
44,10,0,0,Maolin,participant,I believe.
45,11,0,0,Urania,participant,Girlfriend.
46,12,0,0,Maolin,participant,You say first.st
47,13,0,0,Urania,participant,"Oh, thank you. Yeah."
48,13,1,0,Urania,participant,"And for myself. Actually, I did not have the same experience."
49,13,2,0,Urania,participant,"But Carol car, but I have a good friend that she is familiar with this, and she told me that when she made some especially some challenges she will try to find one of her friends that who is very who is good at you know, to predicting the Carol card, and but she told me that it is not always that."
50,13,3,0,Urania,participant,The prediction is accurate or correct.
51,13,4,0,Urania,participant,So to what degree?
52,13,5,0,Urania,participant,And do you think it is?
53,13,6,0,Urania,participant,"Very, very accurately to predict our future."
54,14,0,0,evan,participant,And others. People idea.
55,15,0,0,Urania,participant,"Yeah, I just wondering whether there are some examples like in our real life to show the accuracy of Carol Card, because I'm not sure that."
56,16,0,0,Jodie,participant,"Yeah, I think some people do the tarot cards."
57,16,1,0,Jodie,participant,"They may just like want something for fun, not really care about accuracy."
58,16,2,0,Jodie,participant,I think.
59,17,0,0,Urania,participant,"Oh, yeah, I I see that some people use the curse to create an like new story with the same rules, maybe in real life or not."
60,17,1,0,Urania,participant,Yeah.
61,18,0,0,Jodie,participant,"Yeah, I agree."
62,19,0,0,Urania,participant,Yeah.
63,20,0,0,evan,participant,Green and and how about Joseph.
64,21,0,0,Johnson,participant,Sorry I just joined so sorry.
65,21,1,0,Johnson,participant,What is the question?
66,22,0,0,evan,participant,"Yeah, yeah, we talked about."
67,22,1,0,evan,participant,We discussed about the Tarot card.
68,22,2,0,evan,participant,"And is there some like your friends or your families to believe the Tarot card, or to use Tarot card to predict some event or other things."
69,23,0,0,Johnson,participant,So what? What? Card?
70,23,1,0,Johnson,participant,Correct?
71,24,0,0,evan,participant,Tarot Tarot card like.
72,25,0,0,Johnson,participant,Okay.
73,26,0,0,evan,participant,"Yeah, yeah, yeah, yeah."
74,27,0,0,Johnson,participant,"I mean, well, basically."
75,27,1,0,Johnson,participant,"My, I mean, I'm not a strong believer on tarot cards."
76,27,2,0,Johnson,participant,"I mean. Well, I mean sorry."
77,27,3,0,Johnson,participant,"I I mean, I'm I'm ma major in computer science, or probably like like in science in general."
78,27,4,0,Johnson,participant,"well, there are some reference, I would say."
79,27,5,0,Johnson,participant,from those I mean those Turk.
80,27,6,0,Johnson,participant,"Top cards, but because."
81,27,7,0,Johnson,participant,"like, from what I know, if you choose, like different cards from the pile."
82,27,8,0,Johnson,participant,It's just a bit.
83,27,9,0,Johnson,participant,"I mean, there's randomness among those selections, right?"
84,27,10,0,Johnson,participant,"And so it's kind of like depends on the time, the mood, the the person's mood."
85,27,11,0,Johnson,participant,"and like the interpretation on different cards could be different, I mean, based on the the host, or I'm not sure about what what is the the pro the the good, the name for that person who I mean give you all those signs and explanation."
86,27,12,0,Johnson,participant,"I mean, that's just my side."
87,27,13,0,Johnson,participant,I'm not really experiencing these I mean these.
88,28,0,0,evan,participant,"Yeah, yeah, great. So it shows, you know."
89,28,1,0,evan,participant,"Maybe. Sorry. Yeah, it's not strongly believe it."
90,28,2,0,evan,participant,"Yeah, yeah, it's fantastic."
91,28,3,0,evan,participant,And and others ideas about the the so presentation.
92,28,4,0,evan,participant,Oh.
93,29,0,0,Urania,participant,"Oh, yeah, it reminds me that."
94,29,1,0,Urania,participant,There is another important phenomenon that called constellation.
95,29,2,0,Urania,participant,"There are 12 constellations in total, like."
96,29,3,0,Urania,participant,I don't know the English translation.
97,29,4,0,Urania,participant,Maybe like tianping like this.
98,29,5,0,Urania,participant,Do you think they are similar with the character card?
99,29,6,0,Urania,participant,"And it is more accurate for us to predict the future compared to the tarot cards, because it is related to the different personality."
100,29,7,0,Urania,participant,Sometimes.
101,30,0,0,evan,participant,Hmm.
102,31,0,0,CiCi,participant,"I think, for the constellation that is just a category."
103,31,1,0,CiCi,participant,The people depend on their birth.
104,31,2,0,CiCi,participant,"birth, date, and for the tarot cards that is always changed according to the different time."
105,31,3,0,CiCi,participant,You make a different decisions to the cards and the constellation.
106,31,4,0,CiCi,participant,"Just describe the people's people's personalities, just like the true, new, that is very tidy, and some some different constellation."
107,31,5,0,CiCi,participant,"They have the same characteristics, I think that is the common common things, but the character cards that is more specific."
108,31,6,0,CiCi,participant,They always changed.
109,32,0,0,Urania,participant,"Oh, yeah, yeah, I agree."
110,32,1,0,Urania,participant,And the point is that I also noticed the phenomenon that many people predict.
111,32,2,0,Urania,participant,like some daily life to used used by the constellation like a famous blogger called Tobai bai she will create a what what to say is called prediction every week for different constellation.
112,32,3,0,Urania,participant,So it is also dynamic every week or every month like this.
113,33,0,0,evan,participant,"Yeah, yeah, I I have."
114,33,1,0,evan,participant,"I have, say, the taller guy, too, and but I can only saw her saw his prediction about the physical condition."
115,33,2,0,evan,participant,"And yeah, maybe physical condition."
116,33,3,0,evan,participant,"Because other things like the you know, the study of the love."
117,33,4,0,evan,participant,Maybe it's only a comfort so.
118,33,5,0,evan,participant,But the the but the physical condition can remain to us to pay attention some something something such as the throat or the stomach back days.
119,33,6,0,evan,participant,"and the constellations, I think, is service service to a group and the Tarot card, like a Tarot card is service only store yes."
120,33,7,0,evan,participant,"So I think, because we are living a scientific and technology period."
121,33,8,0,evan,participant,"Yes, and but the but the substitution are existing in the scientific and technology world."
122,33,9,0,evan,participant,"It must be, it must be have."
123,33,10,0,evan,participant,It must be. Have some reasons.
124,33,11,0,evan,participant,I think there are 2 reasons for the phenomena.
125,33,12,0,evan,participant,"Why is the psychological comfort just just, I said, about many people will seek some comfort, the mental comfort and certification, and they face some difficulties and problems and some superstitious activities, such as damnation and prayer."
126,33,13,0,evan,participant,"Like you, said a Tarot card that can provide some psychological comfort and help people cope with the pressures and the challenge in their work or in their study or in their life."
127,33,14,0,evan,participant,And the second is the cultural inheritance.
128,33,15,0,evan,participant,So presentation as a cultural phenomena has a profound cultural background and historical inheritance.
129,33,16,0,evan,participant,"Even in modern society this cultural phenomena still exist in various forms, and to some extent are considered valid like in our history in hand."
130,33,17,0,evan,participant,Dynasty. There are some ghost and God use.
131,33,18,0,evan,participant,There are some gold standard phenomenas in the in their dynasties to combine their power to govern their people.
132,33,19,0,evan,participant,"So there are 2 things, I think, is the 2 reasons to support the solicitations in our modern society."
133,33,20,0,evan,participant,Yes. and what do you think of the the reasons.
134,34,0,0,Johnson,participant,"I think Tarot cards are, I mean."
135,34,1,0,Johnson,participant,a much more minor group people.
136,34,2,0,Johnson,participant,"They they reference, or they believe I'm not sure about."
137,34,3,0,Johnson,participant,"I mean, for example, like my friends."
138,34,4,0,Johnson,participant,"I only know a little bit few friends that they're interested in tarot cards, but a lot more friends that well, it's not believe, but reference from constellations or star signs."
139,34,5,0,Johnson,participant,"Well, I mean, star signs are usually like like statistics."
140,34,6,0,Johnson,participant,"Right? I mean, I mean, you could probably reference as like statistics, because I mean different date birth."
141,34,7,0,Johnson,participant,and then you can use the sign as a reference to kind this person I mean his character personalities.
142,34,8,0,Johnson,participant,"I mean, it's not exactly this."
143,34,9,0,Johnson,participant,"You can somehow try to reference it like it as For example, you have like these Earth signs."
144,34,10,0,Johnson,participant,"Right? You have the water signs so so on, so could be like someone else that could be much more introverted or extroverted."
145,34,11,0,Johnson,participant,"I mean, have different, or even like the the Mbds like personalities."
146,34,12,0,Johnson,participant,"Right? So I mean, like, it's just trying to categorize the different."
147,34,13,0,Johnson,participant,It's not the exact way of trying to define in person.
148,34,14,0,Johnson,participant,"but I mean something that I would say like I mean, a lot of my friends would much more I mean use star signs as one of the things or one of the conversation."
149,34,15,0,Johnson,participant,"I mean, one of the topic to chat right is to like, oh, so you're Leo."
150,34,16,0,Johnson,participant,"You're Virgo, or you're a captain or something like that, and then kind of using as a topic to get."
151,35,0,0,evan,participant,"Yeah, yeah, because many, many people to use it."
152,36,0,0,Johnson,participant,"Know, trying to know some new friends."
153,37,0,0,evan,participant,Yeah.
154,38,0,0,Johnson,participant,Like that. Yeah.
155,39,0,0,evan,participant,"Yeah, yeah. And many people to use it."
156,39,1,0,evan,participant,"And the things, maybe the reasonable."
157,39,2,0,evan,participant,And many people to suit it to to solve their pressures of problems and and also to know some personality and characteristics characteristics.
158,39,3,0,evan,participant,With the within the within meet.
159,39,4,0,evan,participant,Some new friends process.
160,39,5,0,evan,participant,"Yeah, it's maybe it's a good tool, maybe for some people."
161,39,6,0,evan,participant,So it it. So it are existing in our modern society.
162,40,0,0,CiCi,participant,Yeah. And I think that is just like a psychological suggestion.
163,40,1,0,CiCi,participant,"And if some people, they they are very of struggle in the in the nowadays, and they, according to the Tarot cards, they know."
164,40,2,0,CiCi,participant,"Oh, that is not my fault."
165,40,3,0,CiCi,participant,Maybe that is the fate they yeah.
166,40,4,0,CiCi,participant,Some some psychological suggestions to to deal with the problems.
167,40,5,0,CiCi,participant,I think.
168,41,0,0,evan,participant,And other people's. What what do you think of What do you think is a superstition is a regional or regional belief.
169,42,0,0,Jane,participant,I think for me.
170,42,1,0,Jane,participant,"I'm not quite interested in Tarot card, but I know Another example for this, and in China we in my city."
171,42,2,0,Jane,participant,"We some people believe in Buddhism, and some are not, but of them will go to the mountain a mountain to to to like."
172,42,3,0,Jane,participant,"Meet the the master here, there in the mountain, and to make a wish with them."
173,42,4,0,Jane,participant,"For example, if they're if the a person's child will take college entry exam."
174,42,5,0,Jane,participant,"And their his or her parents wish their children to get better grades or things like that, and they will go to the mountain and meet the master there and make a wish."
175,42,6,0,Jane,participant,"And after the exam, the person who made a wish will also came back to the mountain and to show their thank thanks to the Master, or like the God."
176,42,7,0,Jane,participant,things like that.
177,43,0,0,evan,participant,"Yeah, yeah, it's a phenomena that to go to some mountains, famous mountains to burn incense and worship to the god."
178,43,1,0,evan,participant,"To reach some things, and and after achieve some goals and fulfill their words to the, to the god."
179,43,2,0,evan,participant,And so the phenomena.
180,43,3,0,evan,participant,Do you do you think it's original.
181,43,4,0,evan,participant,"original, I believe, or a region, I believe, for you."
182,44,0,0,Jane,participant,"I think for me, it's just like an irrational phenomenon, because, there's there's no any explanation about about that."
183,44,1,0,Jane,participant,And just because most of people they say that.
184,44,2,0,Jane,participant,"Oh, you can make a wish to gods, and the God might help you, and people just go."
185,44,3,0,Jane,participant,"So there's no, any other reason for things like that."
186,45,0,0,evan,participant,"Yeah. Yeah. For example, you take some exams and you get a good grades and all make more great progress."
187,45,1,0,evan,participant,But your families your families to burn some incense and worship the god and you.
188,45,2,0,evan,participant,"And after after the activities, you get the treatment."
189,45,3,0,evan,participant,"So maybe someone think your grades not only from not only arrange from your effort, but also the the superstitious activities."
190,45,4,0,evan,participant,So maybe I think so.
191,45,5,0,evan,participant,Do you think it's it's to fall for both of them.
192,45,6,0,evan,participant,"or only original. Yeah, maybe both."
193,45,7,0,evan,participant,"Both the 2 things original and original, like the like, a coins."
194,45,8,0,evan,participant,"Yeah, here and and and other peoples to share the example of experienced."
195,46,0,0,Urania,participant,"Yeah, I have a related experience that maybe theoretically many people thought for different generations."
196,46,1,0,Urania,participant,Maybe the younger generation is more less likely to believe this.
197,46,2,0,Urania,participant,Different aspects. Different different kinds of beliefs.
198,46,3,0,Urania,participant,"But, interestingly, I found that for example, in a famous attraction that is yongho palace in Beijing before I went to went there."
199,46,4,0,Urania,participant,I think maybe the majority of people in this direction is the older generation.
200,46,5,0,Urania,participant,"But actually, I found that most of the people are the younger generation, and this is a train that for many young people, especially in some like city, or like where many young people have of the stress in work or family, they prefer to believe this aspects, especially for specific aspects like study or professional developments like this."
201,46,6,0,Urania,participant,And I think it's interesting.
202,46,7,0,Urania,participant,So what do you think about that for different generation?
203,46,8,0,Urania,participant,"Why, more and more people choose to believe."
204,47,0,0,evan,participant,"Yeah. Beijing, Beijing's the other name is Did you hear the city?"
205,47,1,0,evan,participant,"Because, yeah, because Beijing has 9 doors and 4 lines, and it lacks squares."
206,47,2,0,evan,participant,And you said the Yonghe Palace.
207,47,3,0,evan,participant,It's related to the fate.
208,47,4,0,evan,participant,"Maybe the country's fate, or maybe the government's fate."
209,47,5,0,evan,participant,and it's it's a good example.
210,47,6,0,evan,participant,And and what do you think about the substations has the the positive impact or the negative impact?
211,47,7,0,evan,participant,"Oh, for us! So I need people to share the idea."
212,48,0,0,Johnson,participant,The word superstitious is a much more negative way of trying to express someone's beliefs.
213,48,1,0,Johnson,participant,"Cause like please, are much more better."
214,48,2,0,Johnson,participant,"In my opinion, it's like like a family usually cherished or trying to believe on some things that they I mean."
215,48,3,0,Johnson,participant,"Probably I mean, some certain activities will bring their fortune."
216,48,4,0,Johnson,participant,"I mean, and kind of benefits for both ways."
217,48,5,0,Johnson,participant,"Right? I mean, both on such a local psychological ways or the actual ways."
218,48,6,0,Johnson,participant,"I mean because, even though that those behaviors are, there's no like exact evidence and trying to prove on something else."
219,48,7,0,Johnson,participant,"But I mean just the mood becomes better, or they feel that they have done something."
220,48,8,0,Johnson,participant,"They cherish their ancestors, and or cherish the god, or be thankful about something else."
221,48,9,0,Johnson,participant,"and they give them positive moods or positive ways of thinking on, and hoping that tomorrow will be better."
222,48,10,0,Johnson,participant,"Right now we are better, something else, etc."
223,48,11,0,Johnson,participant,"And after the accomplishment, for example, like what like, for example, if, like students like get good grades after they, they've taken taken the examinations, and they want to thank for the gods, mountains, etc."
224,48,12,0,Johnson,participant,"I mean, I think that's a positive way of trying to express grateful on things."
225,48,13,0,Johnson,participant,"So I mean, these are just based on individual's beliefs."
226,48,14,0,Johnson,participant,I mean. I still respect them.
227,48,15,0,Johnson,participant,"It's just different. But it's believes, and I would not call it as superstitious because I mean you, you can."
228,48,16,0,Johnson,participant,There's another thing. It's called phone tray.
229,48,17,0,Johnson,participant,"I mean, I guess everyone would know."
230,48,18,0,Johnson,participant,"I mean, that is another thing."
231,48,19,0,Johnson,participant,"Right? Yeah, you have different phone tray."
232,48,20,0,Johnson,participant,And you can like do something else you insist of like.
233,48,21,0,Johnson,participant,"probably like like in your department, you have different different organizations."
234,48,22,0,Johnson,participant,You want to put something else.
235,48,23,0,Johnson,participant,"You want your doors like straight from the south side, north side, etc."
236,48,24,0,Johnson,participant,"I mean, these are phones."
237,48,25,0,Johnson,participant,These are superstitious. You could say that or beliefs right?
238,48,26,0,Johnson,participant,"So I mean, I would recall."
239,48,27,0,Johnson,participant,"I mean, I would say, these are beliefs instead of superstitious."
240,48,28,0,Johnson,participant,Yeah.
241,49,0,0,evan,participant,"Yeah, yeah. So maybe you have you."
242,49,1,0,evan,participant,Maybe we have the similar ideas about about the about about it.
243,49,2,0,evan,participant,"We respect it, but maybe we cannot support it to exist in our lives."
244,49,3,0,evan,participant,"and they are positive and negative effects about earth you, said the peoples to take the exams."
245,49,4,0,evan,participant,"Maybe they thank the God, yeah."
246,49,5,0,evan,participant,And and others. People's idea about about 8.
247,49,6,0,evan,participant,Only positive. I'll make tape and.
248,49,7,0,evan,participant,Yeah.
249,50,0,0,Johnson,participant,"Yes, there's no one."
250,51,0,0,evan,participant,There's no one.
251,52,0,0,Johnson,participant,"This is a pretty hard, I mean, this is a very interesting question, because if you consider like Feng Shui, I mean, different different families have different beliefs."
252,52,1,0,Johnson,participant,"Right? I mean like from my family, like, for example, like what they believe is like when you open your house, or you open your apartment."
253,52,2,0,Johnson,participant,you cannot directly see the kitchen.
254,52,3,0,Johnson,participant,Right? That's like one of the there's.
255,52,4,0,Johnson,participant,There's no actual evidence on this example.
256,52,5,0,Johnson,participant,There's no wine. But this is how we well respected.
257,52,6,0,Johnson,participant,"So to avoid certain things, or I mean, probably like the the orders I mean."
258,52,7,0,Johnson,participant,the renovation is just like that in an apartment.
259,52,8,0,Johnson,participant,"The only thing what you can do probably, is just put a fake wall and try to avoid the the direction, or or just trying to avoid not seeing the kitchen directly in an apartment, and other other things are like, oh, for example, like bathrooms you should have windows, I mean there, there's no I mean just something that is probably my family believes."
260,52,9,0,Johnson,participant,"But I mean, this is, there's no actual explanation, justification on this one."
261,52,10,0,Johnson,participant,"But it's just how I respect these ideas, and probably like the standards that we would choose on like selecting apartments, etc."
262,52,11,0,Johnson,participant,"or houses. Yeah, I mean, that's just my example."
263,53,0,0,evan,participant,Yeah. The layout. Yeah.
264,53,1,0,evan,participant,Okay. Yeah.
265,54,0,0,CiCi,participant,"I think, I think you just mentioned the Feng Shui in the in in a house, and but I think for some some store, and for some school university where, the location selection."
266,54,1,0,CiCi,participant,"Always, according to the Feng Shui, they they prefer to locate the store or university near the river or near the mountain."
267,54,2,0,CiCi,participant,"you especially in my city, in my, in my primaries, in my high school, the high school location."
268,54,3,0,CiCi,participant,"I I heard I heard this information from my teacher that the leaders always always invite some, some specialist in Feng Shui, and they just give some suggestions."
269,54,4,0,CiCi,participant,"So why we should choose our schools location here, and why we don't choose that location."
270,54,5,0,CiCi,participant,"That is because, according to the function, if the function is very good and the students in this school will have more opportunity to to go to a better university."
271,54,6,0,CiCi,participant,But I think that is just superstitions.
272,54,7,0,CiCi,participant,"That is because whether you go to the a good university or worst university, that is, according to your study heart."
273,54,8,0,CiCi,participant,"Not, that is not, depend on the schools, location, selection, but the leaders in our schools."
274,54,9,0,CiCi,participant,They they believe that if the Schools location selection that is good and our students have have more opportunity to go to a better university in the future.
275,54,10,0,CiCi,participant,That is just. An example from my experience about function.
276,55,0,0,Urania,participant,"Yeah, yeah, I think what you said is reasonable cause But for me, actually, I do not."
277,55,1,0,Urania,participant,Very interested in these kinds of concept like function.
278,55,2,0,Urania,participant,"But I will totally show my respect for my example, like I just Several several months ago I and a new apartment in Melbourne and in the final period we have 2 options."
279,55,3,0,Urania,participant,But one of the option of the apartment is it's a little bit weird.
280,55,4,0,Urania,participant,"Let me see now, because the because the shape of the apartment is like a triangular."
281,55,5,0,Urania,participant,So my roommates think that maybe it will affect our study in the aspect of concern when considering the phone straight.
282,55,6,0,Urania,participant,So although at the beginning I do not believe it.
283,55,7,0,Urania,participant,But when I know that it is possible to influence us.
284,55,8,0,Urania,participant,So I decided to believe.
285,55,9,0,Urania,participant,"And yeah, I think most of the people, even though they do not focus on this concept, and mostly they will show the respect to avoid some conflict."
286,56,0,0,evan,participant,"Yeah, yes, the yes, the layout, the layout, and the part of the Feng Shui to the to the house is good examples about the super stations."
287,56,1,0,evan,participant,Maybe. Maybe some people.
288,56,2,0,evan,participant,Maybe I think too much people to believe it and it.
289,56,3,0,evan,participant,And it demands that.
290,56,4,0,evan,participant,And it demands that the layout of the functions of halls can make some positive effect positive effects to their maybe to their relatives or to their study career or to their work career.
291,56,5,0,evan,participant,So maybe I think much more people to believe it and to believe it.
292,56,6,0,evan,participant,"The positive effect. Yeah, like a comfort, like a comfort of the sense of control."
293,56,7,0,evan,participant,And so maybe we have to continue the final step.
294,56,8,0,evan,participant,If the the final questions about how can we distinguish between family solicitations and beliefs that can be harmful or discriminatory?
295,56,9,0,evan,participant,"I think it. Ordinary questions like, what do you think of the harmful sophistications and and harmful?"
296,56,10,0,evan,participant,So what do you think about the questions?
297,56,11,0,evan,participant,Maybe anyone to share his or her idea.
298,57,0,0,Maolin,participant,"Well, I think the we, I think it based on discriminations."
299,57,1,0,Maolin,participant,"I don't like superpowered super superstations, etc, based on race gender."
300,57,2,0,Maolin,participant,"These things I think it's out unacceptable, for example."
301,57,3,0,Maolin,participant,"They say they said, if you are, if you are, go, and if you are in the period, and you shouldn't go to the mountain and make the wish because it will be disturbed the ancestor or ghost."
302,58,0,0,evan,participant,"Yes, and any other, maybe."
303,58,1,0,evan,participant,Jody. Yeah.
304,59,0,0,Jodie,participant,"Yeah, I I think this is this question is quite difficult to answer."
305,59,1,0,Jodie,participant,I think it's very hard to distinguish.
306,59,2,0,Jodie,participant,"The harm harmful, superstitious, and until it's does harms."
307,59,3,0,Jodie,participant,So I'm I'm just not not sure about this.
308,60,0,0,evan,participant,"Yeah. For example, I I gave I gave you 2, maybe 2 phenomenas for you one is the worship, maybe a worship to thank God to wish some things, and the other is to say the Feng Shui about the house."
309,60,1,0,evan,participant,So what do you think?
310,60,2,0,evan,participant,What do you? Which do you think is better?
311,60,3,0,evan,participant,Which you think is is?
312,60,4,0,evan,participant,It's it's worse.
313,61,0,0,Jodie,participant,I think they are kind of the same as long as
314,62,0,0,evan,participant,Okay.
315,63,0,0,Jodie,participant,They are not like into the extreme.
316,64,0,0,evan,participant,"Hmm, yes. So maybe you have the similar idea with ours to respect it, but not not carried."
317,64,1,0,evan,participant,It's the ad.
318,65,0,0,Jodie,participant,"Yeah, kind of."
319,66,0,0,evan,participant,"Yeah, yeah, yeah. Fantastic."
320,66,1,0,evan,participant,And others idea. Region.
321,67,0,0,Jane,participant,"I think for me, as long as a person's believe is not doesn't make other people uncomfortable."
322,67,1,0,Jane,participant,It's okay. Because once when I was in Melbourne.
323,67,2,0,Jane,participant,I saw a woman.
324,67,3,0,Jane,participant,"She carried a doll in her in a in in her arm, and then she just carried a very big, huge speaker to play some weird music, and she dressed up very, very weird."
325,67,4,0,Jane,participant,"So I think that because I was waiting for the train at the time, and I felt very uncomfortable about that."
326,67,5,0,Jane,participant,"So I think for me, that can be caught like harmful superst station, because because that makes that made some people very uncomfortable, I think at that time, yeah."
327,68,0,0,evan,participant,Yeah.
328,69,0,0,Urania,participant,"Yeah, I totally agree with that, because I think as long as this place could sometimes bring some sense of security or sense of control, that is."
329,69,1,0,Urania,participant,for the people who please leave it themselves.
330,69,2,0,Urania,participant,"It's okay. As long as they do not use make use of these leaves to do something which is for for others, because, like I know phenomenon called or driving in Chinese, and that that is, they make."
331,69,3,0,Urania,participant,They make use of this some concept of beliefs to in order to their own benefits to harm others.
332,69,4,0,Urania,participant,"I think this is not fair for others, but as long as you do not do something harmful for others, it's quite."
333,69,5,0,Urania,participant,It's okay.
334,70,0,0,evan,participant,"Hmm! Great! And Stacey, what's your idea about about the question?"
335,71,0,0,CiCi,participant,About chime in.
336,72,0,0,evan,participant,"Distinguish the harmful or discriminatories, the superstations and the beliefs."
337,73,0,0,CiCi,participant,"Oh, sorry! Could you repeat your question?"
338,74,0,0,evan,participant,Yeah. Yeah. So what?
339,74,1,0,evan,participant,What do you think?
340,74,2,0,evan,participant,How? How the solicitations of beliefs is discriminatory or harmful.
341,75,0,0,CiCi,participant,"I think, just just like I mentioned before that the super the superstation, just like the sometimes that is like a psychological suggestions."
342,75,1,0,CiCi,participant,"And that is the positive for for most people that is just to give you, give you some some some suggestions that the future will be better, or the future or the few, even though there are some, some things happened that is just a fate."
343,75,2,0,CiCi,participant,"That is not your fault, then, but for some just like the local, the just like the Feng Shui."
344,75,3,0,CiCi,participant,And these things that is also a part of super superstation.
345,75,4,0,CiCi,participant,"I think, for that one."
346,75,5,0,CiCi,participant,"There are some, some harmful thing."
347,75,6,0,CiCi,participant,"harmful things that is just to give the some maybe maybe that is a little, some traditional traditional things that is not positive to our society development."
348,75,7,0,CiCi,participant,"And I also think, even though all the development of technology that is a lot of research researchers do some research."
349,75,8,0,CiCi,participant,"especially in the physics, but there are some, some knowledge that could derail the."
350,75,9,0,CiCi,participant,"the, the, the facts."
351,75,10,0,CiCi,participant,They couldn't explain why it happens at that time.
352,75,11,0,CiCi,participant,Some people always always say that is a super superstations.
353,76,0,0,evan,participant,"Hmm, yeah, yeah. And I, I suddenly remembered, in our Chinese histories, there are some."
354,76,1,0,evan,participant,Maybe the emperors or some kings are died some.
355,76,2,0,evan,participant,"you know, some slaves or some Concubans need to sacrifice with their with their host."
356,76,3,0,evan,participant,So the sacrifice. I think maybe it's a a discriminatory So presentations.
357,76,4,0,evan,participant,"And there is a harmful Yeah, I suddenly remembered the phenomenon and the soupsations actually is a very good topic for the Chinese people, because Chinese peoples to maybe from the burn, from the burn to fear the solicitations, and because they worship the god, or worship the ghost."
358,76,5,0,evan,participant,"and it for the mysteries, and horrifying and in our lives."
359,76,6,0,evan,participant,Maybe we cannot to pay attention to the the presentations.
360,76,7,0,evan,participant,"And the topic is, it's very interesting."
361,76,8,0,evan,participant,"And yeah, yeah, and thanks thanks every people to share your ideas."
362,76,9,0,evan,participant,And what other peoples to add some idea about the sophistications.
363,77,0,0,Johnson,participant,Think I can share one of my things in from our hometown.
364,77,1,0,Johnson,participant,"So I would say, this is a well, it's not really harmful for others, but probably like an harmful way for the environment."
365,77,2,0,Johnson,participant,"So, for example, like if someone unfortunately passed away and I mean, usually I mean the the past ones will put it into a coffin right, and then probably like for some times, and do."
366,77,3,0,Johnson,participant,"and probably like, find a grave, and and put it into a grave instead, etcetera."
367,77,4,0,Johnson,participant,But before that they will probably like put it on top of a car.
368,77,5,0,Johnson,participant,and then drove around the city area and then light up some firecrackers.
369,77,6,0,Johnson,participant,"So, but those firecrackers are pretty long, and then I mean, I mean, I'm not saying this is good or bad."
370,77,7,0,Johnson,participant,This is just probably like a belief based on the religion.
371,77,8,0,Johnson,participant,"So these are kind of like religions based believes well, I would not say it as superstitions, but these are just some activities or an event that will always happen when and I mean when someone unfortunately passed away."
372,77,9,0,Johnson,participant,"And if the family believes in certain behaviors, or or or activities or events."
373,77,10,0,Johnson,participant,"I mean, they would probably just organize these right."
374,77,11,0,Johnson,participant,"which is, I mean, put on top of car, drive around the city light up the firecrackers, and then I mean, all of this people would know."
375,77,12,0,Johnson,participant,"But for that, usually people will try to ignore these."
376,77,13,0,Johnson,participant,"I mean these. I mean these, how do you say?"
377,77,14,0,Johnson,participant,Just cars? That's all.
378,77,15,0,Johnson,participant,Yeah.
379,78,0,0,evan,participant,"Yeah, yeah, yeah, fantastic idea."
380,78,1,0,evan,participant,And and I want to add some comment and nobody.
381,78,2,0,evan,participant,I think it's a interesting topic.
382,78,3,0,evan,participant,And we have a constructive discussion about it.
383,78,4,0,evan,participant,"Yeah, maybe to or where is the topic?"
384,78,5,0,evan,participant,So it's the end of the topic.
385,78,6,0,evan,participant,How about do a sink off.
386,79,0,0,Johnson,participant,I I guess this is a bit.
387,79,1,0,Johnson,participant,"I mean, the topic is a bit narrow, in my opinion."
388,79,2,0,Johnson,participant,It's a i mean not everyone I mean just that's just my my opinion.
389,79,3,0,Johnson,participant,"I mean, it's it's a bit narrow."
390,79,4,0,Johnson,participant,"It's a hard to discuss, I mean."
391,79,5,0,Johnson,participant,"well, I did think of other things."
392,79,6,0,Johnson,participant,"It's like, I mean, there's another Chinese calendar, right?"
393,79,7,0,Johnson,participant,"It's called nomindi, I mean in the past past generation, I mean, families would have believed, based on different dates."
394,79,8,0,Johnson,participant,There are some dates better for moving houses.
395,79,9,0,Johnson,participant,"There are dates better for moving, or probably cleaning the houses."
396,79,10,0,Johnson,participant,"There are dates better for open business, etc."
397,79,11,0,Johnson,participant,"I mean, these are beliefs right, but it's not harmful in any ways on others."
398,79,12,0,Johnson,participant,But it's just something that probably different family respects.
399,79,13,0,Johnson,participant,"I mean, that's just that's just that."
400,79,14,0,Johnson,participant,But I mean for the topic.
401,79,15,0,Johnson,participant,"It's I mean, it's just a bit narrow, in my opinion, and a bit hard to expand to other topics."
402,79,16,0,Johnson,participant,Yeah.
403,80,0,0,CiCi,participant,"People always. Some people don't believe superstitions, but they respect it."
404,80,1,0,CiCi,participant,"Everyone respected our thinking, especially in China."
405,81,0,0,Johnson,participant,"Oh, well, I would say, like Asian in general, I mean because every culture, every country, is kind of influenced from I mean China, I mean in the past."
406,81,1,0,Johnson,participant,It's kind of like that.
407,81,2,0,Johnson,participant,"So I mean, like Asian in general."
408,81,3,0,Johnson,participant,"China, Korea, Japanese, I mean, kind of originate."
409,81,4,0,Johnson,participant,"I mean, some culture is like transfer from that from those old culture and then expand it to different."
410,81,5,0,Johnson,participant,"I mean different, I mean, based on different countries, different."
411,81,6,0,Johnson,participant,"I mean people, let's say I mean Southeast Asia in general, different, I mean all from what I've heard all knows about Chinese, new Chinese calendar."
412,81,7,0,Johnson,participant,"I mean, yeah. Chinese calendar."
413,81,8,0,Johnson,participant,"I mean, that's just some influence, that's all."
414,81,9,0,Johnson,participant,Yeah.
415,82,0,0,evan,participant,"Yeah, and in East Asia, because the the the china is a host host countries for their boundaries, countries like the Korea, Japan and in some the South East Asia."
416,82,1,0,evan,participant,it relates to the transitional culture.
417,82,2,0,evan,participant,"Yeah, like you said the in the past generations, maybe."
418,82,3,0,evan,participant,"When they when they make the process of the moving, the mowing the house or clean the house they can."
419,82,4,0,evan,participant,They can to say some things based on the superstations to make the make.
420,82,5,0,evan,participant,Make them have a good fortune to their future.
421,82,6,0,evan,participant,"Yeah, it it. I think it's related to a culture."
422,82,7,0,evan,participant,So they respect it.
423,82,8,0,evan,participant,And as as a next generations maybe they can inherit some solicitations to our slaves.
424,82,9,0,evan,participant,"Yeah, so respect age."
425,82,10,0,evan,participant,"And yeah, and if we and if you want and they want, and if you are interested in the superstations, maybe you can research further, to throw some ancient books, also some more social medias."
426,82,11,0,evan,participant,"Yes. But this is the professional areas for others, people's or other professional expertise."
427,82,12,0,evan,participant,"Yeah, yeah, goat, good."
428,82,13,0,evan,participant,And other people's trial to have their to have its idea.
429,82,14,0,evan,participant,No.
430,83,0,0,Urania,participant,"No, okay, thank you for sharing."
431,84,0,0,evan,participant,"Yeah, thanks for everyone's sharing."
432,84,1,0,evan,participant,And maybe we can to end our topic and the discussion.
433,84,2,0,evan,participant,"yeah, so behind."
