,turn_index,sent_index,segment,speaker,role,text
0,0,0,0,Leyi CAO,participant,So I would like to share my example about how I perceive time moves fast.
1,0,1,0,Leyi CAO,participant,especially when I was in my physics classes.
2,0,2,0,Leyi CAO,participant,"You know, I really hate physics."
3,0,3,0,Leyi CAO,participant,"When I was in physics classes, time always seems like drag on forever."
4,0,4,0,Leyi CAO,participant,It's like every second.
5,0,5,0,Leyi CAO,participant,It's just one year.
6,0,6,0,Leyi CAO,participant,"Yeah. And you know, at that time we have a big clock handing over our classroom, and then I feel like every second I just kept glancing, kept watching the clock, wondering why the class wasn't over yet."
7,0,7,0,Leyi CAO,participant,"Yeah, something like that."
8,0,8,0,Leyi CAO,participant,"I think. in this class, when I feel very bored."
9,0,9,0,Leyi CAO,participant,"Time is moving very, very slow."
10,0,10,0,Leyi CAO,participant,Yeah.
11,1,0,0,Yelin Ma,participant,"Yeah, I think that happens like from time to time."
12,1,1,0,Yelin Ma,participant,"But for me, I like I was like when I was like at the beginning of this year."
13,1,2,0,Yelin Ma,participant,"When I was like in traveling to Beijing, and we are carrying in the universal studio."
14,1,3,0,Yelin Ma,participant,"That that queue was quite disaster like you have to wait all day long, and I remember I entered the apartment like from 10 am."
15,1,4,0,Yelin Ma,participant,"But that just like you have to queue for a long time, and you wouldn't know when Will, what is when when it's your turn to take the like the roller coaster or any other items in the apartment park."
16,1,5,0,Yelin Ma,participant,"Amusement. Park. So for me, that was like quite a torture."
17,1,6,0,Yelin Ma,participant,"there! There is some some time that I feel like time is like just flying for example, like for this semester."
18,1,7,0,Yelin Ma,participant,"I think time really flies because it's already like 11, I mean, like I I couldn't believe it."
19,1,8,0,Yelin Ma,participant,It's it's it feels like I just came here and it doesn't feel like quite a long time since I became a graduate student here.
20,1,9,0,Yelin Ma,participant,And it's especially like in July I in July.
21,1,10,0,Yelin Ma,participant,We all start this time.
22,1,11,0,Yelin Ma,participant,but it's already baby lava.
23,1,12,0,Yelin Ma,participant,"I mean, it's like a magic yeah, camera, replies."
24,2,0,0,Karin,participant,"In my opinion, I think time is a measure of human work and rest."
25,2,1,0,Karin,participant,"people say time, because."
26,2,2,0,Karin,participant,we need. We need it.
27,2,3,0,Karin,participant,"Yeah, in my life, whenever I feel nervous or unjust, such as when I take a difficult exam, and I am not sure about most of the questions."
28,2,4,0,Karin,participant,I will feel that time passes very slowly to expand a little every time I enter a semester of study.
29,2,5,0,Karin,participant,I also feel that the time in the semester is slower than during the holidays.
30,2,6,0,Karin,participant,"The reason for this feeling, I think, is that when people are nervous they tend to focus on the thing that makes them nervous rather than feeling the flow of time."
31,2,7,0,Karin,participant,The time spent thinking about solving a problem in the brain is not very long.
32,2,8,0,Karin,participant,"but a lot of brainpower is consumed in a short period of time, which will give the illusion that a long time has passed."
33,3,0,0,Emma E,participant,If me I think time is very precious.
34,3,1,0,Emma E,participant,"We can use time to exchange a lot of things, and I think life is a period is a long period of time when I feel time to slow down, when when I have nothing to do, I have no work no plans I just stay."
35,3,2,0,Emma E,participant,"I just stay at home, and it feels like it felt I just can't sleep all day, and with without thinking anything."
36,3,3,0,Emma E,participant,When I feel time sped up when is the deadline is coming?
37,3,4,0,Emma E,participant,I have to finish my project quickly.
38,3,5,0,Emma E,participant,"I have to derive results quickly and I feel that I'm sped up I think, time is sort of a very fair results for everyone, and you can use it to with, improve yourself, or make yourself 4 sign before."
39,3,6,0,Emma E,participant,"Oh, I think that's my perception."
40,4,0,0,Leyi CAO,participant,"And also like, when I was exercising."
41,4,1,0,Leyi CAO,participant,"Yeah, you know, yeah, when I was doing exercising just 5 min is really long time for me."
42,4,2,0,Leyi CAO,participant,Yeah. So it feels like when you hit something and you have to do it.
43,4,3,0,Leyi CAO,participant,"Time is very long, and when you enjoy something, time would be really moves fast, I think."
44,4,4,0,Leyi CAO,participant,"Yeah, for me."
45,5,0,0,Emma E,participant,"Exactly, but it but it would be easier for you if you listen to some music while working out."
46,6,0,0,Yelin Ma,participant,"Yeah, how is that?"
47,6,1,0,Yelin Ma,participant,Exactly the same experience when I was doing like workouts?
48,6,2,0,Yelin Ma,participant,"Yeah, for exercise, you have to find some way to to kill time to make time flies faster."
49,6,3,0,Yelin Ma,participant,"But I just recently found a really like a really devil message like, if you are doing the workout."
50,6,4,0,Yelin Ma,participant,You can also read some papers.
51,6,5,0,Yelin Ma,participant,It's like when we're doing 2 really filtering things.
52,6,6,0,Yelin Ma,participant,and it feels like you can finish the 2 things within the same time.
53,6,7,0,Yelin Ma,participant,"But the the experience is the experience is quite like a torture, but after that you can finish the 2 hard things at the same time, and that is really, I think, that is really satisfying."
54,7,0,0,Leyi CAO,participant,Shall we move on to question 2.
55,8,0,0,Emma E,participant,Yeah.
56,9,0,0,Leyi CAO,participant,"So for me. I you, because I'm really a master procrastinator."
57,9,1,0,Leyi CAO,participant,So I really I barely have some many effective time management strategies.
58,9,2,0,Leyi CAO,participant,I usually just started until the last minute.
59,9,3,0,Leyi CAO,participant,"So I also, I want to know, how can I?"
60,9,4,0,Leyi CAO,participant,How? I want to learn some effective time management methods.
61,9,5,0,Leyi CAO,participant,Yeah.
62,10,0,0,Yelin Ma,participant,"I'm I'm not sure if anybody knows anything about 16 personality type the Mdpi things like if you're the the lost, I mean, the last character is the full focus."
63,10,1,0,Yelin Ma,participant,It really shows what kind of prison you are.
64,10,2,0,Yelin Ma,participant,"And it's like, if you're the J type of prison you you're gonna show the tendency to lose everything and make a schedule for your daily life."
65,10,3,0,Yelin Ma,participant,But you're if you're the P. Prison it's more likely you'll delay the everything to the last minute.
66,10,4,0,Yelin Ma,participant,But I don't. I don't.
67,10,5,0,Yelin Ma,participant,"I don't mean like this is a bad thing, like everyone has its own temple to do everything."
68,10,6,0,Yelin Ma,participant,"But I'm just. Personally speaking, I I am that kind of G prison."
69,10,7,0,Yelin Ma,participant,So I like to make everything in the list I have to.
70,10,8,0,Yelin Ma,participant,"I mean, like I have to make a list for every day."
71,10,9,0,Yelin Ma,participant,If I don't make it.
72,10,10,0,Yelin Ma,participant,I would feel very strained right.
73,10,11,0,Yelin Ma,participant,"I don't know what to do for the day and and I think this situation even got I could say, even get worse, because I started to make a long term."
74,10,12,0,Yelin Ma,participant,"My schedule, not only for the single day, but also for maybe like couple of days or awake, and even for a month a year I But honestly, honestly, he."
75,10,13,0,Yelin Ma,participant,"I basically make the plans every day or every week, but it is also hard to follow on every step, at least on my at least on the schedule."
76,10,14,0,Yelin Ma,participant,"So I think if you want to make time like really vicious, effective it's it's not only about listing out everything you have to do."
77,10,15,0,Yelin Ma,participant,But also you have to.
78,10,16,0,Yelin Ma,participant,"The most important thing is like, you have to follow what you have list."
79,10,17,0,Yelin Ma,participant,and that is also related to some like self push.
80,10,18,0,Yelin Ma,participant,"But I still have to work on this, because I I'm I'm really not good at this."
81,10,19,0,Yelin Ma,participant,Yeah.
82,11,0,0,Emma E,participant,I think the effective time management strategy.
83,11,1,0,Emma E,participant,"I've learned from others it be the estimate time how much time it will take for a task, and try to try your best to finish within the timeline or finish it within the timeline."
84,11,2,0,Emma E,participant,I think the most.
85,11,3,0,Emma E,participant,"I think the useful tool would be like Google Calendar, the simplest, the if more effective, the most effective it is."
86,11,4,0,Emma E,participant,And I think the key to the time management is to manage the emergencies.
87,11,5,0,Emma E,participant,"When you like, you are doing your implementing of experiments within your project."
88,11,6,0,Emma E,participant,If there's always something you miss out and you have to quickly finish it within the original timeline.
89,11,7,0,Emma E,participant,"So I think, the most important things would be give you enough time to finish it, and also be prepared for the emergent unexpected emergencies."
90,12,0,0,Karin,participant,"for me. It's difficult for me to manage my time, because because I feel that many things happened suddenly and plans couldn't keep up with the changes."
91,12,1,0,Karin,participant,But during my undergraduate studies My tutor introduced the sah power metric to me.
92,12,2,0,Karin,participant,and it really helps me to figure out what to focus on fast.
93,12,3,0,Karin,participant,It breaks things. it breaks the things in my life into urgent and important.
94,12,4,0,Karin,participant,So from that time I I start.
95,12,5,0,Karin,participant,I begin to focus on everything what I need to be done right now.
96,12,6,0,Karin,participant,And what I can wait that way.
97,12,7,0,Karin,participant,I don't get buried under an important stuff.
98,12,8,0,Karin,participant,but I don't. The so it helps me make decision quicker.
99,12,9,0,Karin,participant,And and now how?
100,12,10,0,Karin,participant,No worried about time management.
101,12,11,0,Karin,participant,So I think this is a good way to manage our time.
102,12,12,0,Karin,participant,Yeah.
103,13,0,0,Leyi CAO,participant,And also it dawned on me about one app I used to manage time.
104,13,1,0,Leyi CAO,participant,Do. I don't know whether you use it before it's called it's like a tomato.
105,13,2,0,Leyi CAO,participant,Yeah. And it it requires us to.
106,13,3,0,Leyi CAO,participant,"If you work 25 min and you can have a 5 min break, and after that you can."
107,13,4,0,Leyi CAO,participant,You can then work in another 25 min.
108,13,5,0,Leyi CAO,participant,So I think this is really effective it.
109,13,6,0,Leyi CAO,participant,"It won't make me to burn out it, but it also can make me concentrated on my current work."
110,13,7,0,Leyi CAO,participant,I think it really helps.
111,13,8,0,Leyi CAO,participant,Yeah.
112,14,0,0,Yelin Ma,participant,"Yeah, I did. Obviously sorry, Emma, you can go first.st Sorry."
113,15,0,0,Emma E,participant,"Oh, yeah, I've heard that app before, and my colleague they use that in front of me, and I think it's very crucial that you are aware that you are tired and need to take a rest to make you work more efficiently."
114,15,1,0,Emma E,participant,"And I do think it, and I think it comes from a research paper."
115,15,2,0,Emma E,participant,"I don't know exactly the risk, the source of this strategy, but I think it's validating somewhere."
116,16,0,0,Yelin Ma,participant,And I just want to share that.
117,16,1,0,Yelin Ma,participant,I also. I have also used the application that really mentioned.
118,16,2,0,Yelin Ma,participant,But it's like. especially last year when I was preparing for ielts.
119,16,3,0,Yelin Ma,participant,I I will like to use that application.
120,16,4,0,Yelin Ma,participant,"And just just remind me like what I have to do for like for for a single for a single day, and I will just record everything I did, and about the length like at the end of the day if I look back to what I have done for the for the day, like I did 3 h of reading, and I did 2 h of listening, and maybe have an hour of practice of spoken English, and that will make me feel a really strong sense of achievement, because like, it's like if the things you have done was recorded or written in detail, you will feel that is some kind of like."
121,16,5,0,Yelin Ma,participant,Hmm! You can touch it.
122,17,0,0,Leyi CAO,participant,Maybe also a sense of achievements.
123,18,0,0,Yelin Ma,participant,"Yeah, yes, no sense of retainment."
124,18,1,0,Yelin Ma,participant,Yeah. I think maybe everyone has the same experience.
125,19,0,0,Leyi CAO,participant,Shall we move on to 3rd question.
126,19,1,0,Leyi CAO,participant,So I think this question.
127,19,2,0,Leyi CAO,participant,Time in shaping our memory and our sense of identity.
128,19,3,0,Leyi CAO,participant,"Oh, I think he's a very abstract question."
129,19,4,0,Leyi CAO,participant,"so it's like, when you have some bad memories."
130,19,5,0,Leyi CAO,participant,"Yeah, you will remember them very well, it will give you a very impressive memory, and at I don't know whether you have such kind of feelings, but when I experience something miserable."
131,19,6,0,Leyi CAO,participant,I will feel the time.
132,19,7,0,Leyi CAO,participant,"Yeah, you know, just like the exercise time is very lot."
133,19,8,0,Leyi CAO,participant,"More time moves very slowly and something like this, yeah."
134,20,0,0,Yelin Ma,participant,"Yeah, I agree with Lee, like in the past, like when I was in Junior or senior high school, I did something that really fails."
135,20,1,0,Yelin Ma,participant,"Like, if I like, fill an exam or something even worse, I would never at that time I just feel like I would never forget this experience, because it's so so humiliating, and I feel just very embarrassed to have such a bad experience."
136,20,2,0,Yelin Ma,participant,But just just like what you said as time flies.
137,20,3,0,Yelin Ma,participant,"This kind of feeling will like vanish, and even no longer feel, is the the kind of embarrassment."
138,20,4,0,Yelin Ma,participant,"And I think, I think not not only for memories, but also like identity."
139,20,5,0,Yelin Ma,participant,I think this is a little bit abstract.
140,20,6,0,Yelin Ma,participant,but I will try to explain like like in the in the past like.
141,20,7,0,Yelin Ma,participant,"For my 1st 18 years I was born and raised in in the family, composed of my parents and my sister my elder sister, and I never feel like like any other identity, except being the children being the younger sister of the family, and being the student in the society but after like, after coming to Australia, like after certain kind of time."
142,20,8,0,Yelin Ma,participant,I started to realize I am also single in a society like.
143,20,9,0,Yelin Ma,participant,"I'm playing some roles in society, too."
144,20,10,0,Yelin Ma,participant,but I I don't know whether I'm making any changes.
145,20,11,0,Yelin Ma,participant,But I'm I'm actually influencing some kind of environment around me.
146,20,12,0,Yelin Ma,participant,I I'm like I'm not only being the identity that in the family or being just a student.
147,20,13,0,Yelin Ma,participant,I feel more like I'm I'm immersed in this kind of society.
148,20,14,0,Yelin Ma,participant,"So it's, I think, with with time flies by."
149,20,15,0,Yelin Ma,participant,The identity just become more complex.
150,21,0,0,Emma E,participant,I think time gives us.
151,21,1,0,Emma E,participant,The experience experience with friends experience in our work.
152,21,2,0,Emma E,participant,It's it builds our ability to come.
153,21,3,0,Emma E,participant,"finish things to build our abilities in all aspects and and it strengthens the relationships between ours, myself and this world, and to earn through this experience."
154,21,4,0,Emma E,participant,"This i i 1 could know who I am what I'm capable of, and what I'm after in my life."
155,21,5,0,Emma E,participant,I think it's really important.
156,21,6,0,Emma E,participant,because without time you you can.
157,21,7,0,Emma E,participant,"You can experience nothing in this world, and you have no connections to others."
158,21,8,0,Emma E,participant,And yeah.
159,22,0,0,Karin,participant,And in my opinion.
160,22,1,0,Karin,participant,a time really plays a big role to build up our memories from other themes we go through.
161,22,2,0,Karin,participant,and those memories shape how we see ourselves and who we think we are.
162,22,3,0,Karin,participant,"For example, time can shape our identity."
163,22,4,0,Karin,participant,And and this example could not be.
164,22,5,0,Karin,participant,and exactly. But that's hmm.
165,22,6,0,Karin,participant,"My current homestay hostess, hostess, used to be Chinese."
166,22,7,0,Karin,participant,"although she has become an Australian citizen, she still identifies as Chinese, because she grew up in China for more than a a decade after she was born."
167,22,8,0,Karin,participant,So I think this is example.
168,22,9,0,Karin,participant,But I'm not sure.
169,23,0,0,Leyi CAO,participant,I think time can in time can shape our sense of identity.
170,23,1,0,Leyi CAO,participant,"But it's because, as time goes by our perspective, past experience become more mature, we become more mature, mature, and we will, we can, we will reflect on our past experiences and our decisions."
171,23,2,0,Leyi CAO,participant,"and then we learn from it, and we learn from oh."
172,23,3,0,Leyi CAO,participant,you know. So that's learn from new circumstances and new ideas.
173,23,4,0,Leyi CAO,participant,"That's why time can change our or shape, our sense of identity."
174,23,5,0,Leyi CAO,participant,I feel.
175,24,0,0,Yelin Ma,participant,And shall we move on to the worst basket.
176,25,0,0,Emma E,participant,Yeah.
177,26,0,0,Yelin Ma,participant,"Okay, so like technology."
178,26,1,0,Yelin Ma,participant,that is an interesting topic.
179,26,2,0,Yelin Ma,participant,"Like. I think, currently, everyone is surrounded by all kinds of high tech, high tech things like you're using a mobile phone that is quite smart things that help us like manage time."
180,26,3,0,Yelin Ma,participant,Because just as I I came to attend this meeting.
181,26,4,0,Yelin Ma,participant,"I just organized a consultation hour with my tutor for this evening, and I have to use the mobile phone because I have to open the calendar and add a link and add some notes to remind myself, like you have to attend the conversation this evening, and you have to attend a group discussion."
182,26,5,0,Yelin Ma,participant,Maybe later. Finish this.
183,26,6,0,Yelin Ma,participant,When I finish this Zoom Meetings.
184,26,7,0,Yelin Ma,participant,"Like with the calendar, with the especially the electronic calendar."
185,26,8,0,Yelin Ma,participant,"You don't have to write up everything, and you don't have to bring the paper calendar everywhere with you."
186,26,9,0,Yelin Ma,participant,and also sometimes the sometimes the meeting could be happen online just as our current meeting.
187,26,10,0,Yelin Ma,participant,So it's hard to make a physical note on it.
188,26,11,0,Yelin Ma,participant,"So I think, especially for this kind of spec special moments."
189,26,12,0,Yelin Ma,participant,like a a calendar in your phone is a great way to remind yourself like what you're going to do in the rest of the day.
190,27,0,0,Emma E,participant,"I also think, for calendar is very important."
191,27,1,0,Emma E,participant,It's a very important.
192,27,2,0,Emma E,participant,It's a very useful tool for helping us manage the time.
193,27,3,0,Emma E,participant,"But I sometimes I feel overwhelmed using this, because, it's all it, it's it clears it."
194,27,4,0,Emma E,participant,"It clearly shows how how much plan how, how, how you can fit in the time block in your in your day."
195,27,5,0,Emma E,participant,And it's it always reminds you that there are some blank time.
196,27,6,0,Emma E,participant,"and yeah, I feel overwhelmed using this."
197,27,7,0,Emma E,participant,but I haven't found haven't found an alternative tool to help me to manage the manage time more effectively.
198,27,8,0,Emma E,participant,"Currently, I just use the to do list to manage my time with flexible flexibility."
199,27,9,0,Emma E,participant,"And I think it this sort of a chill way to manage my time gives me release my stress, and makes makes my time management more flexible in the day."
200,27,10,0,Emma E,participant,And I think it.
201,27,11,0,Emma E,participant,But now it's a effective tool for manage management.
202,28,0,0,Karin,participant,"And oh, I think for this question, I think."
203,28,1,0,Karin,participant,And there are 2 sides to this question.
204,28,2,0,Karin,participant,"On the one side, I think technology really helps us manage, manage time better and be more efficient."
205,28,3,0,Karin,participant,"For example. our calendars and reminder I've seen our for will make us more efficient, and we don't forget to important stuff."
206,28,4,0,Karin,participant,Alright. this way. We can get more.
207,28,5,0,Karin,participant,"Get more things to do in lifetime and still have I still have more time to do things such like entertainment, which makes life more fulfilling."
208,28,6,0,Karin,participant,But there is another set to it.
209,28,7,0,Karin,participant,"and for in my, in in my opinion, I think the notifications and reminders just a few like a constant which make us create pre pressure, especially when the Vc tasks peeling up and time running out, it's easy to get pressure and feel like time is changing you."
210,28,8,0,Karin,participant,which can be really stressful.
211,28,9,0,Karin,participant,I mean. that's all.
212,28,10,0,Karin,participant,That's my opinion.
213,29,0,0,Leyi CAO,participant,"For me, I think it really depends on how we use technology for me, I really like some entertainment and software."
214,29,1,0,Leyi CAO,participant,"So you know, every time when I scrolling through, when I scroll through the Tiktok, I usually end up wasting several hours, and then the rest of my day will be really hectic."
215,29,2,0,Leyi CAO,participant,"So I feel like some software, some entertainment software really make, how make us overwhelmed like some video apps like some yeah, like some ebook caps you."
216,29,3,0,Leyi CAO,participant,It will make you waste a lot of time on it.
217,29,4,0,Leyi CAO,participant,So I think it's kind of double edged sword it can make us rushed and overwhelmed.
218,29,5,0,Leyi CAO,participant,It can also manage us to help us manage time better.
219,29,6,0,Leyi CAO,participant,Yeah.
220,30,0,0,Yelin Ma,participant,"And Lee, I have a question for you."
221,30,1,0,Yelin Ma,participant,"Yeah. like, how many hours will you spend?"
222,30,2,0,Yelin Ma,participant,scrolling? Takes up per day like on average.
223,31,0,0,Leyi CAO,participant,Maybe 2 h or more.
224,31,1,0,Leyi CAO,participant,"Yeah, because you know, when I scroll in tiktok time always move fast."
225,31,2,0,Leyi CAO,participant,Yeah.
226,32,0,0,Yelin Ma,participant,"But do you do you think this is a waste of time, or it occupies some a big part of your day?"
227,33,0,0,Leyi CAO,participant,"Oh, I think I think sometimes it's a waste of time, because I was doing something millions, but sometimes scrolling through."
228,33,1,0,Leyi CAO,participant,Tiktok helped me unwind and help me learn much about the world.
229,33,2,0,Leyi CAO,participant,"Yeah, I think it makes sense."
230,34,0,0,Yelin Ma,participant,"Hmm, yeah. like, double s. and I think maybe we shall move on to the 5th question on the last one."
231,34,1,0,Yelin Ma,participant,The 5th question. do you feel more or less urgency about how we use your time?
232,34,2,0,Yelin Ma,participant,I think for me it's becoming more urgent because I've got more things to do compared with the past.
233,34,3,0,Yelin Ma,participant,like this is already the 3rd semester in my in my postcard aids learning.
234,34,4,0,Yelin Ma,participant,"So I've got a lot of things to do because you have to face finding your work or finding a job, the job hunting things, and you have to balance your this kind of thing with your study."
235,34,5,0,Yelin Ma,participant,"And so it really it really depends on the situation, I think, because, like everyone has different pursuits, like, if you are going to continue a Phd study."
236,34,6,0,Yelin Ma,participant,Maybe you'll have to spend more time on our research.
237,34,7,0,Yelin Ma,participant,"like thinking about how to how to get a high average score, and how to publish more papers."
238,34,8,0,Yelin Ma,participant,"But if you are the kind of person like you have to find a really perfect job after graduation, like some of my friends like were from Japan."
239,34,9,0,Yelin Ma,participant,"Because I heard, she said, in Japan you have to."
240,34,10,0,Yelin Ma,participant,"You have to start the golf company quite early, like, maybe like one year from graduation."
241,34,11,0,Yelin Ma,participant,"I mean, like, if you're that kind of person, you really have to spend more time on job hunting things."
242,34,12,0,Yelin Ma,participant,"You have to search more information about what companies are hiring and what the qualities of the company, and what sections they have, and what departments there."
243,34,13,0,Yelin Ma,participant,What? What departments are hiring?
244,34,14,0,Yelin Ma,participant,"Right? Like individuals, have different purses."
245,34,15,0,Yelin Ma,participant,So so but I feel like for most of the people they do feel time is more urgent because you've got quite a lot of quite a lot of things to do compared with when you're young.
246,34,16,0,Yelin Ma,participant,"I mean, when you're young kindergarten or junior, high or senior high."
247,34,17,0,Yelin Ma,participant,because in that time you only have to study.
248,34,18,0,Yelin Ma,participant,But now you have to balance like several aspects of your life.
249,34,19,0,Yelin Ma,participant,"So I think that is quite hard, and also requires requires more like time management strategies."
250,35,0,0,Emma E,participant,"I I feel more and more I I feel more urgency than before, I think, because I have."
251,35,1,0,Emma E,participant,I have more tasks that than before than the past cost.
252,35,2,0,Emma E,participant,"I have to finish, and I don't think I have much time to given me to wrap up this tasks, and that's all my feeling about the time for now."
253,35,3,0,Emma E,participant,But I I wish I could have a break break after this overwhelmed period to relieve myself.
254,35,4,0,Emma E,participant,I think that's that's on my percent.
255,35,5,0,Emma E,participant,thinking about the Hi.
256,36,0,0,Karin,participant,Before I studied abroad in Australia.
257,36,1,0,Karin,participant,but everything feels past most.
258,36,2,0,Karin,participant,"All students vary about their time, their grades."
259,36,3,0,Karin,participant,and whether their rank will be surpassed by others.
260,36,4,0,Karin,participant,and I always felt like I had to keep keep up.
261,36,5,0,Karin,participant,"So if I took time to relax, I'd feel like I was wasting time or feeling behind on something important."
262,36,6,0,Karin,participant,"It was like, if I slowed down I will miss out for daily progress, and that makes things pretty stressful."
263,36,7,0,Karin,participant,"But now that I'm in Australia, life just feels slower and more relaxed."
264,36,8,0,Karin,participant,I don't feel guilty if I take some time to chill.
265,36,9,0,Karin,participant,because I know it's not going to mess up my plans or hold me back.
266,36,10,0,Karin,participant,So in Australia Australia really changed me changed.
267,36,11,0,Karin,participant,How I see time!
268,36,12,0,Karin,participant,I've learned it. It's okay to slow down and taking breaks isn't a bad thing.
269,36,13,0,Karin,participant,Yeah.
270,37,0,0,Leyi CAO,participant,I think for me time is more.
271,37,1,0,Leyi CAO,participant,I I become more sensitive about time.
272,37,2,0,Leyi CAO,participant,"Because when I was young, when I was a little girl."
273,37,3,0,Leyi CAO,participant,The only thing I can do is to play.
274,37,4,0,Leyi CAO,participant,"you know, play with your toys, play with your doors, and something, or, yeah, you know, just like I like and didn't didn't have as many tasks as I do now, because, you know, we have a lot of task is going to be to do soon."
275,37,5,0,Leyi CAO,participant,"Yeah. So time now, time is really urgent."
276,37,6,0,Leyi CAO,participant,"Yeah. And, by the way, because we have a lot of assignments is due soon."
277,37,7,0,Leyi CAO,participant,Oh. what kind of strategies are you going to do to manage the this?
278,37,8,0,Leyi CAO,participant,Commend your work to mend your homework.
279,38,0,0,Yelin Ma,participant,"I think just as I mentioned, like relating back to the Mdpi."
280,38,1,0,Yelin Ma,participant,"Things I have mentioned like, I'm the kind of G prison, and I have to make everything detailed way before I started doing them."
281,38,2,0,Yelin Ma,participant,"Like to be honest, I have 4 4 courses for this semester, and each of them has a final paper around 3,000 words, or even more like, and their and their dues are quite close."
282,38,3,0,Yelin Ma,participant,"I mean, like 28th of this month I have 2 dues, and on the 1st of November I have one, and on the 4th of November I have the last one."
283,38,4,0,Yelin Ma,participant,"So it's like the the due dates are quite tense, and I think it's really hard to manage so many kinds of assignments."
284,38,5,0,Yelin Ma,participant,I within a week or 2 weeks.
285,38,6,0,Yelin Ma,participant,So I have to.
286,38,7,0,Yelin Ma,participant,"I really have to start earlier, like you have to like."
287,38,8,0,Yelin Ma,participant,I have to for for me.
288,38,9,0,Yelin Ma,participant,"I have to find a good topic for each of the assignment, and that is the most important thing for me."
289,38,10,0,Yelin Ma,participant,So I started making the plans of what I have to finish for each week like for this week.
290,38,11,0,Yelin Ma,participant,This is the week 11 I have to finish.
291,38,12,0,Yelin Ma,participant,"I have to find out what topics I'm I'm gonna write for each of the assignments, and for next week I have to maybe finish one of the literature review."
292,38,13,0,Yelin Ma,participant,"and maybe I have to finish the data collection for one of the other assignments and for the other 2 assignments I have to finish like find some relevant literature, and maybe just listed the outline, because the last last assignment is quite is still quite far compared with the other 3."
293,38,14,0,Yelin Ma,participant,And by the end of like 13.
294,38,15,0,Yelin Ma,participant,That's 4th way. It's quite close to the 1st to do so I have to finish.
295,38,16,0,Yelin Ma,participant,"I I have to like, I'm emailing."
296,38,17,0,Yelin Ma,participant,"I have to at least to the the most urgent things, that is, that 2 assignments and I have to finish all of them within wake 13, and maybe complete, all of them in wake 14 like I have to list what I have to do for every week."
297,38,18,0,Yelin Ma,participant,"and I think this is really helpful, because, you know, you're on the right track."
298,38,19,0,Yelin Ma,participant,And you're you're snozing right?
299,38,20,0,Yelin Ma,participant,"Progressing smoothly because you, because by following this kind of schedule you will know how many things you have done and how many things you haven't and how many efforts you still have to pay."
300,38,21,0,Yelin Ma,participant,"Yeah, I think this one is really helpful."
301,39,0,0,Leyi CAO,participant,I think for me.
302,39,1,0,Leyi CAO,participant,Because I'm a total procrastinator.
303,39,2,0,Leyi CAO,participant,So I usually started until the last minute.
304,39,3,0,Leyi CAO,participant,I think he's because I always play until I until I'm I'm tired then that I well started doing my homework.
305,39,4,0,Leyi CAO,participant,"I know it's bad, but because yeah."
306,39,5,0,Leyi CAO,participant,I don't have such kind of impetus to force me to do something earlier.
307,39,6,0,Leyi CAO,participant,"Yeah. But when the time when the assignments is going in due, I have such kind of urgency."
308,39,7,0,Leyi CAO,participant,"Yeah. So I know I have to do it very quickly, because the assignments is due quickly."
309,39,8,0,Leyi CAO,participant,Yeah.
310,40,0,0,Yelin Ma,participant,"But actually, I think sometimes maybe you don't have to push yourself too hard, because every person has different time for finishing one thing just just like lee."
311,40,1,0,Yelin Ma,participant,"I know you're the kind of key person, because you always like leave everything to the last minute."
312,40,2,0,Yelin Ma,participant,But it doesn't mean you will get a bad result.
313,40,3,0,Yelin Ma,participant,"I I mean, like, I think you have yeah."
314,40,4,0,Yelin Ma,participant,"Until now you have done a great job in most of your courses, so I don't think like delaying."
315,40,5,0,Yelin Ma,participant,Everything to the last minute will lead to a bad result.
316,40,6,0,Yelin Ma,participant,And so you don't have to push yourself too hard every minute.
